Age,Gender,Income,Student,GovtSchoolStudent,Farmer,Widow,Disability,WorkingWoman,SC,ST,LandOwner,Pregnant,TNResident,NoPermanentHouse,BPL,PrimaryEarnerDeceased,GirlChild,EnrolledTraining,scheme_Pudhumai_Penn,scheme_Kalaignar_Magalir_Urimai_Thittam,scheme_Tamil_Pudhalvan_Scheme,scheme_CM_Breakfast_Scheme,scheme_Old_Age_Pension,scheme_Widow_Pension,scheme_Disability_Pension,scheme_CM_Comprehensive_Health_Insurance,scheme_PM-KISAN,scheme_PM_Awas_Yojana_PMAY,scheme_PM_Ujjwala_Yojana,scheme_Ayushman_Bharat_PM-JAY,scheme_PM_Matru_Vandana_Yojana,scheme_National_Family_Benefit_Scheme,scheme_SC_Scholarship,scheme_ST_Scholarship,scheme_Agricultural_Input_Subsidy,scheme_Dr._Muthulakshmi_Reddy_Maternity_Benefit,scheme_CM_Girl_Child_Protection_Scheme,scheme_Naan_Mudhalvan
14,Female,227386,Yes,Yes,No,No,No,Yes,No,No,Yes,No,No,No,Yes,No,Yes,No,0,0,0,0,0,0,0,0,0,0,0,1,0,0,0,0,0,0,0,0
21,Female,232548,Yes,No,No,Yes,Yes,No,Yes,No,Yes,Yes,Yes,No,Yes,No,No,No,1,1,0,0,0,0,0,1,0,0,1,1,1,0,1,0,0,1,0,0
41,Female,452655,No,No,No,No,No,No,Yes,Yes,Yes,No,Yes,No,Yes,Yes,No,Yes,0,0,0,0,0,0,0,0,0,0,1,0,0,0,0,0,0,0,0,0
24,Male,16265,Yes,No,No,No,No,No,Yes,Yes,Yes,No,Yes,No,No,No,No,No,0,0,0,0,0,0,0,1,0,0,0,0,0,0,1,1,0,0,0,0
5,Male,138538,Yes,No,No,No,Yes,No,No,Yes,Yes,No,Yes,Yes,No,No,No,Yes,0,0,0,0,0,0,0,1,0,0,0,0,0,0,0,1,0,0,0,0
38,Female,214999,No,No,No,No,Yes,Yes,No,Yes,Yes,Yes,Yes,No,Yes,Yes,No,No,0,1,0,0,0,0,0,1,0,0,1,1,1,0,0,0,0,1,0,0
61,Male,198415,No,No,Yes,No,No,No,No,No,No,No,Yes,Yes,No,No,No,No,0,0,0,0,0,0,0,1,0,1,0,0,0,0,0,0,0,0,0,0
73,Female,63691,No,No,Yes,No,Yes,Yes,Yes,Yes,Yes,No,No,No,No,No,No,Yes,0,0,0,0,0,0,0,0,1,0,0,0,0,0,0,0,0,0,0,0
44,Male,205398,No,No,No,No,Yes,No,No,No,No,No,Yes,Yes,No,No,No,No,0,0,0,0,0,0,0,1,0,1,0,0,0,0,0,0,0,0,0,0
22,Female,25144,Yes,Yes,Yes,No,Yes,Yes,No,Yes,Yes,No,Yes,No,No,No,No,No,1,1,0,0,0,0,1,1,1,0,0,0,0,0,0,1,1,0,0,0
22,Female,372077,Yes,Yes,No,No,Yes,Yes,No,Yes,Yes,Yes,Yes,No,No,Yes,No,Yes,0,0,0,0,0,0,0,1,0,0,0,0,1,0,0,1,0,1,0,1
15,Female,126608,No,No,No,No,No,No,No,No,No,Yes,Yes,Yes,No,No,Yes,Yes,0,0,0,0,0,0,0,1,0,0,0,0,0,0,0,0,0,0,0,0
78,Male,172132,No,No,Yes,No,No,No,No,Yes,No,No,No,No,Yes,Yes,No,Yes,0,0,0,0,0,0,0,0,0,0,0,1,0,0,0,0,0,0,0,0
73,Male,464203,No,No,Yes,No,Yes,No,No,No,No,No,No,No,No,Yes,No,No,0,0,0,0,0,0,0,0,0,0,0,0,0,0,0,0,0,0,0,0
52,Female,43042,No,No,Yes,No,No,Yes,No,Yes,Yes,No,Yes,Yes,No,Yes,No,No,0,1,0,0,0,0,0,1,1,1,0,0,0,1,0,0,1,0,0,0
67,Male,67116,No,No,No,No,Yes,No,Yes,Yes,Yes,No,No,Yes,Yes,No,No,No,0,0,0,0,0,0,0,0,0,1,0,1,0,0,0,0,0,0,0,0
34,Male,495040,No,No,Yes,No,Yes,No,No,Yes,No,No,Yes,No,No,No,No,Yes,0,0,0,0,0,0,0,0,0,0,0,0,0,0,0,0,0,0,0,0
34,Male,205179,No,No,Yes,No,No,No,No,Yes,No,No,No,No,Yes,Yes,No,Yes,0,0,0,0,0,0,0,0,0,0,0,1,0,0,0,0,0,0,0,0
51,Male,21516,No,No,Yes,No,Yes,No,No,Yes,No,No,No,No,No,No,No,Yes,0,0,0,0,0,0,0,0,0,0,0,0,0,0,0,0,0,0,0,0
33,Female,111184,No,No,Yes,Yes,Yes,No,Yes,No,Yes,No,No,Yes,No,Yes,No,Yes,0,0,0,0,0,0,0,0,1,1,0,0,0,0,0,0,0,0,0,0
57,Male,147734,No,No,No,No,No,No,Yes,No,No,No,Yes,Yes,Yes,No,No,No,0,0,0,0,0,0,0,1,0,1,0,1,0,0,0,0,0,0,0,0
52,Female,53435,No,No,Yes,Yes,Yes,Yes,No,Yes,Yes,No,Yes,No,No,No,No,Yes,0,1,0,0,0,1,1,1,1,0,0,0,0,0,0,0,1,0,0,0
61,Male,48940,No,No,No,No,Yes,No,No,No,No,No,Yes,Yes,No,No,No,No,0,0,0,0,1,0,1,1,0,1,0,0,0,0,0,0,0,0,0,0
71,Female,288021,No,No,No,Yes,Yes,Yes,No,Yes,No,No,No,No,No,No,No,No,0,0,0,0,0,0,0,0,0,0,0,0,0,0,0,0,0,0,0,0
72,Female,132444,No,No,Yes,No,Yes,No,Yes,No,Yes,No,No,No,No,Yes,No,No,0,0,0,0,0,0,0,0,1,0,0,0,0,0,0,0,0,0,0,0
3,Male,414560,Yes,Yes,Yes,No,No,No,Yes,Yes,Yes,No,No,Yes,No,Yes,No,No,0,0,0,0,0,0,0,0,0,0,0,0,0,0,0,0,0,0,0,0
3,Female,328903,No,No,Yes,No,Yes,Yes,No,No,No,No,No,No,Yes,No,Yes,Yes,0,0,0,0,0,0,0,0,0,0,0,0,0,0,0,0,0,0,0,0
26,Female,235920,No,No,Yes,Yes,Yes,No,No,No,No,No,No,Yes,Yes,Yes,No,No,0,0,0,0,0,0,0,0,0,1,1,1,0,0,0,0,0,0,0,0
11,Female,402843,Yes,No,Yes,No,No,No,Yes,No,Yes,No,Yes,Yes,Yes,Yes,Yes,No,0,0,0,0,0,0,0,0,0,0,0,0,0,0,1,0,0,0,0,0
23,Female,180754,Yes,No,Yes,Yes,Yes,Yes,Yes,Yes,Yes,No,No,Yes,No,Yes,No,No,0,0,0,0,0,0,0,0,1,1,0,0,0,0,1,1,0,0,0,0
33,Female,438689,No,No,No,No,Yes,Yes,Yes,No,No,Yes,Yes,Yes,No,Yes,No,Yes,0,0,0,0,0,0,0,0,0,0,0,0,1,0,0,0,0,1,0,0
56,Female,335688,No,No,No,Yes,Yes,No,Yes,No,No,No,Yes,Yes,No,No,No,No,0,0,0,0,0,0,0,1,0,0,0,0,0,0,0,0,0,0,0,0
76,Female,274458,No,No,No,No,No,No,Yes,Yes,No,No,No,Yes,No,No,No,Yes,0,0,0,0,0,0,0,0,0,1,0,0,0,0,0,0,0,0,0,0
81,Male,344615,No,No,Yes,No,Yes,No,Yes,Yes,Yes,No,Yes,Yes,No,No,No,No,0,0,0,0,0,0,0,1,1,0,0,0,0,0,0,0,1,0,0,0
36,Female,118819,No,No,No,Yes,No,Yes,No,Yes,No,No,No,No,No,Yes,No,Yes,0,0,0,0,0,0,0,0,0,0,0,0,0,0,0,0,0,0,0,0
20,Male,337138,No,No,No,No,Yes,No,Yes,Yes,Yes,No,Yes,Yes,No,No,No,Yes,0,0,0,0,0,0,0,1,0,0,0,0,0,0,0,0,0,0,0,1
83,Male,358060,No,No,No,No,Yes,No,No,Yes,Yes,No,Yes,No,No,No,No,No,0,0,0,0,0,0,0,1,0,0,0,0,0,0,0,0,0,0,0,0
36,Female,240730,No,No,No,No,No,Yes,No,Yes,No,Yes,Yes,No,Yes,Yes,No,Yes,0,1,0,0,0,0,0,1,0,0,1,1,1,0,0,0,0,1,0,0
74,Male,464861,No,No,Yes,No,Yes,No,Yes,Yes,No,No,No,Yes,Yes,No,No,Yes,0,0,0,0,0,0,0,0,0,0,0,0,0,0,0,0,0,0,0,0
42,Male,175819,No,No,Yes,No,No,No,No,No,Yes,No,No,Yes,Yes,No,No,No,0,0,0,0,0,0,0,0,1,1,0,1,0,0,0,0,0,0,0,0
27,Male,27384,No,No,Yes,No,No,No,Yes,No,Yes,No,No,Yes,Yes,Yes,No,No,0,0,0,0,0,0,0,0,1,1,0,1,0,1,0,0,0,0,0,0
62,Female,11532,No,No,Yes,No,No,No,Yes,No,Yes,No,No,No,Yes,No,No,Yes,0,0,0,0,0,0,0,0,1,0,1,1,0,0,0,0,0,0,0,0
80,Male,422541,No,No,No,No,Yes,No,Yes,No,No,No,No,Yes,No,Yes,No,No,0,0,0,0,0,0,0,0,0,0,0,0,0,0,0,0,0,0,0,0
79,Male,76656,No,No,No,No,Yes,No,No,Yes,No,No,Yes,No,Yes,No,No,No,0,0,0,0,0,0,0,1,0,0,0,1,0,0,0,0,0,0,0,0
85,Female,132778,No,No,Yes,No,No,No,Yes,Yes,Yes,No,No,No,No,No,No,No,0,0,0,0,0,0,0,0,1,0,0,0,0,0,0,0,0,0,0,0
5,Female,220152,No,No,No,No,No,No,Yes,No,Yes,No,No,Yes,No,No,Yes,No,0,0,0,0,0,0,0,0,0,0,0,0,0,0,0,0,0,0,0,0
32,Female,478127,No,No,No,Yes,No,No,Yes,No,Yes,No,No,Yes,Yes,Yes,No,Yes,0,0,0,0,0,0,0,0,0,0,1,0,0,0,0,0,0,0,0,0
27,Female,108434,No,No,Yes,Yes,No,No,Yes,No,No,Yes,No,No,No,No,No,No,0,0,0,0,0,0,0,0,0,0,0,0,1,0,0,0,0,0,0,0
84,Male,430839,No,No,No,No,No,No,Yes,No,No,No,No,Yes,No,Yes,No,No,0,0,0,0,0,0,0,0,0,0,0,0,0,0,0,0,0,0,0,0
41,Male,136264,No,No,No,No,Yes,No,No,No,No,No,Yes,Yes,Yes,Yes,No,Yes,0,0,0,0,0,0,0,1,0,1,0,1,0,0,0,0,0,0,0,0
37,Male,121227,No,No,Yes,No,No,No,Yes,No,No,No,No,No,Yes,No,No,No,0,0,0,0,0,0,0,0,0,0,0,1,0,0,0,0,0,0,0,0
54,Male,86562,No,No,No,No,Yes,No,No,No,No,No,Yes,No,Yes,No,No,Yes,0,0,0,0,0,0,0,1,0,0,0,1,0,0,0,0,0,0,0,0
26,Male,327405,No,No,Yes,No,Yes,No,Yes,No,No,No,No,Yes,No,No,No,Yes,0,0,0,0,0,0,0,0,0,0,0,0,0,0,0,0,0,0,0,0
70,Male,410229,No,No,Yes,No,No,No,Yes,No,Yes,No,Yes,No,Yes,No,No,Yes,0,0,0,0,0,0,0,0,1,0,0,0,0,0,0,0,1,0,0,0
58,Female,319690,No,No,No,No,Yes,Yes,Yes,Yes,Yes,No,Yes,No,No,No,No,Yes,0,0,0,0,0,0,0,1,0,0,0,0,0,0,0,0,0,0,0,0
47,Male,176448,No,No,No,No,Yes,No,Yes,No,No,No,Yes,No,Yes,Yes,No,Yes,0,0,0,0,0,0,0,1,0,0,0,1,0,0,0,0,0,0,0,0
55,Female,337945,No,No,Yes,Yes,No,Yes,No,No,No,No,No,Yes,Yes,No,No,No,0,0,0,0,0,0,0,0,0,0,1,0,0,0,0,0,0,0,0,0
75,Male,471506,No,No,Yes,No,Yes,No,Yes,No,Yes,No,Yes,No,Yes,Yes,No,No,0,0,0,0,0,0,0,0,1,0,0,0,0,0,0,0,1,0,0,0
1,Female,249857,No,No,Yes,No,No,Yes,No,Yes,Yes,No,Yes,Yes,Yes,No,Yes,Yes,0,0,0,0,0,0,0,1,0,0,0,1,0,0,0,0,0,0,0,0
4,Male,58536,Yes,Yes,Yes,No,No,No,Yes,No,Yes,No,Yes,Yes,Yes,No,No,Yes,0,0,0,0,0,0,0,1,0,0,0,1,0,0,0,0,0,0,0,0
52,Male,331800,No,No,No,No,Yes,No,No,Yes,Yes,No,No,No,No,No,No,No,0,0,0,0,0,0,0,0,0,0,0,0,0,0,0,0,0,0,0,0
36,Male,453714,No,No,No,No,No,No,No,No,No,No,Yes,No,Yes,Yes,No,No,0,0,0,0,0,0,0,0,0,0,0,0,0,0,0,0,0,0,0,0
54,Male,340101,No,No,No,No,Yes,No,Yes,Yes,Yes,No,Yes,Yes,Yes,No,No,Yes,0,0,0,0,0,0,0,1,0,0,0,0,0,0,0,0,0,0,0,0
24,Female,223691,Yes,No,No,No,No,No,Yes,No,No,Yes,No,No,No,Yes,No,Yes,0,0,0,0,0,0,0,0,0,0,0,0,1,0,1,0,0,0,0,0
38,Male,163000,No,No,No,No,No,No,Yes,Yes,Yes,No,Yes,No,No,Yes,No,Yes,0,0,0,0,0,0,0,1,0,0,0,0,0,0,0,0,0,0,0,0
19,Female,374457,No,No,No,No,No,Yes,Yes,No,No,No,Yes,Yes,No,Yes,No,Yes,0,0,0,0,0,0,0,1,0,0,0,0,0,0,0,0,0,0,0,1
64,Female,395245,No,No,No,No,No,Yes,No,No,No,No,Yes,Yes,No,No,No,Yes,0,0,0,0,0,0,0,1,0,0,0,0,0,0,0,0,0,0,0,0
7,Male,106623,Yes,No,No,No,No,No,Yes,Yes,No,No,No,Yes,Yes,Yes,No,Yes,0,0,0,0,0,0,0,0,0,0,0,1,0,0,1,1,0,0,0,0
35,Female,220504,No,No,Yes,Yes,Yes,No,Yes,Yes,No,Yes,No,Yes,No,No,No,Yes,0,0,0,0,0,0,0,0,0,1,0,0,1,0,0,0,0,0,0,0
66,Female,446827,No,No,No,No,No,Yes,No,Yes,No,No,Yes,No,Yes,Yes,No,Yes,0,0,0,0,0,0,0,0,0,0,1,0,0,0,0,0,0,0,0,0
25,Female,73458,Yes,No,Yes,Yes,Yes,Yes,No,No,No,No,Yes,Yes,Yes,Yes,No,No,1,1,0,0,0,1,1,1,0,1,1,1,0,1,0,0,0,0,0,0
3,Female,21665,Yes,No,No,No,Yes,No,Yes,Yes,No,No,Yes,No,Yes,No,Yes,No,0,0,0,0,0,0,0,1,0,0,0,1,0,0,0,0,0,0,1,0
8,Male,36937,No,No,Yes,No,No,No,Yes,No,Yes,No,Yes,Yes,Yes,Yes,No,Yes,0,0,0,0,0,0,0,1,0,0,0,1,0,0,0,0,0,0,0,0
23,Female,120662,No,No,Yes,Yes,No,No,No,Yes,Yes,No,No,Yes,Yes,No,No,Yes,0,0,0,0,0,0,0,0,1,1,1,1,0,0,0,0,0,0,0,0
65,Female,171320,No,No,No,Yes,Yes,Yes,Yes,Yes,No,No,No,No,No,Yes,No,No,0,0,0,0,0,0,0,0,0,0,0,0,0,0,0,0,0,0,0,0
43,Female,193350,No,No,No,Yes,No,Yes,No,No,Yes,Yes,Yes,No,Yes,No,No,Yes,0,1,0,0,0,0,0,1,0,0,1,1,1,0,0,0,0,1,0,0
85,Female,57178,No,No,Yes,No,Yes,Yes,Yes,Yes,Yes,No,No,Yes,Yes,Yes,No,No,0,0,0,0,0,0,0,0,1,1,1,1,0,1,0,0,0,0,0,0
28,Male,54599,No,No,Yes,No,Yes,No,No,No,Yes,No,No,Yes,Yes,No,No,Yes,0,0,0,0,0,0,0,0,1,1,0,1,0,0,0,0,0,0,0,0
74,Male,437646,No,No,Yes,No,No,No,Yes,Yes,Yes,No,Yes,No,No,No,No,No,0,0,0,0,0,0,0,0,1,0,0,0,0,0,0,0,1,0,0,0
22,Female,405778,No,No,No,Yes,No,Yes,Yes,Yes,No,Yes,Yes,Yes,No,No,No,No,0,0,0,0,0,0,0,0,0,0,0,0,1,0,0,0,0,1,0,0
74,Female,299278,No,No,No,Yes,No,No,No,No,No,No,Yes,No,No,No,No,No,0,0,0,0,0,0,0,1,0,0,0,0,0,0,0,0,0,0,0,0
25,Female,403152,Yes,Yes,Yes,No,Yes,No,Yes,Yes,Yes,No,Yes,Yes,No,No,No,Yes,0,0,0,0,0,0,0,0,1,0,0,0,0,0,1,1,1,0,0,1
43,Male,105217,No,No,No,No,No,No,No,Yes,No,No,Yes,Yes,Yes,Yes,No,Yes,0,0,0,0,0,0,0,1,0,1,0,1,0,0,0,0,0,0,0,0
41,Male,178946,No,No,No,No,No,No,Yes,No,Yes,No,No,Yes,No,Yes,No,No,0,0,0,0,0,0,0,0,0,1,0,0,0,0,0,0,0,0,0,0
78,Male,420473,No,No,Yes,No,No,No,Yes,Yes,Yes,No,No,Yes,No,Yes,No,Yes,0,0,0,0,0,0,0,0,1,0,0,0,0,0,0,0,0,0,0,0
40,Female,35475,No,No,Yes,Yes,No,Yes,Yes,No,Yes,Yes,No,Yes,No,Yes,No,No,0,0,0,0,0,0,0,0,1,1,0,0,1,1,0,0,0,0,0,0
1,Female,43489,Yes,Yes,No,No,No,No,No,No,No,No,No,No,Yes,No,Yes,Yes,0,0,0,0,0,0,0,0,0,0,0,1,0,0,0,0,0,0,0,0
9,Female,335230,Yes,No,Yes,No,Yes,Yes,No,Yes,No,No,No,Yes,No,No,Yes,Yes,0,0,0,0,0,0,0,0,0,0,0,0,0,0,0,1,0,0,0,0
77,Male,130169,No,No,No,No,No,No,No,No,Yes,No,Yes,Yes,No,Yes,No,No,0,0,0,0,0,0,0,1,0,1,0,0,0,0,0,0,0,0,0,0
2,Male,442168,Yes,Yes,No,No,Yes,No,Yes,No,No,No,Yes,Yes,No,No,No,No,0,0,0,0,0,0,0,0,0,0,0,0,0,0,0,0,0,0,0,0
62,Male,355936,No,No,Yes,No,Yes,No,No,No,No,No,Yes,No,No,No,No,No,0,0,0,0,0,0,0,1,0,0,0,0,0,0,0,0,0,0,0,0
47,Male,198156,No,No,Yes,No,Yes,No,No,No,No,No,No,No,Yes,Yes,No,No,0,0,0,0,0,0,0,0,0,0,0,1,0,0,0,0,0,0,0,0
58,Male,425895,No,No,Yes,No,Yes,No,Yes,No,No,No,Yes,Yes,No,Yes,No,No,0,0,0,0,0,0,0,0,0,0,0,0,0,0,0,0,0,0,0,0
49,Female,213407,No,No,Yes,Yes,No,Yes,Yes,No,No,No,No,Yes,No,No,No,Yes,0,0,0,0,0,0,0,0,0,1,0,0,0,0,0,0,0,0,0,0
49,Female,389973,No,No,Yes,No,Yes,Yes,Yes,No,Yes,No,No,Yes,Yes,No,No,Yes,0,0,0,0,0,0,0,0,1,0,1,0,0,0,0,0,0,0,0,0
8,Female,348676,Yes,No,Yes,No,Yes,Yes,No,Yes,Yes,No,No,No,No,No,Yes,Yes,0,0,0,0,0,0,0,0,0,0,0,0,0,0,0,1,0,0,0,0
43,Female,399672,No,No,Yes,Yes,No,No,Yes,No,Yes,Yes,Yes,Yes,No,No,No,Yes,0,0,0,0,0,0,0,1,1,0,0,0,1,0,0,0,1,1,0,0
62,Female,448794,No,No,Yes,No,No,No,Yes,Yes,No,No,Yes,No,Yes,Yes,No,No,0,0,0,0,0,0,0,0,0,0,1,0,0,0,0,0,0,0,0,0
43,Male,75771,No,No,Yes,No,No,No,No,Yes,Yes,No,No,Yes,Yes,Yes,No,Yes,0,0,0,0,0,0,0,0,1,1,0,1,0,0,0,0,0,0,0,0
65,Female,16827,No,No,No,No,Yes,Yes,Yes,Yes,No,No,Yes,No,Yes,Yes,No,No,0,1,0,0,1,0,1,1,0,0,1,1,0,1,0,0,0,0,0,0
13,Male,315338,No,No,Yes,No,No,No,Yes,No,Yes,No,Yes,No,No,Yes,No,No,0,0,0,0,0,0,0,1,0,0,0,0,0,0,0,0,0,0,0,0
4,Female,402633,Yes,No,Yes,No,Yes,Yes,No,Yes,Yes,No,No,Yes,Yes,No,Yes,No,0,0,0,0,0,0,0,0,0,0,0,0,0,0,0,0,0,0,0,0
72,Female,317503,No,No,Yes,No,Yes,No,No,No,Yes,No,Yes,No,No,Yes,No,Yes,0,0,0,0,0,0,0,1,1,0,0,0,0,0,0,0,1,0,0,0
37,Male,15242,No,No,No,No,No,No,No,Yes,No,No,No,No,No,No,No,No,0,0,0,0,0,0,0,0,0,0,0,0,0,0,0,0,0,0,0,0
41,Male,190282,No,No,No,No,Yes,No,No,No,No,No,No,Yes,Yes,Yes,No,Yes,0,0,0,0,0,0,0,0,0,1,0,1,0,0,0,0,0,0,0,0
11,Female,375712,No,No,Yes,No,No,No,No,No,No,No,No,Yes,No,Yes,Yes,No,0,0,0,0,0,0,0,0,0,0,0,0,0,0,0,0,0,0,0,0
1,Male,474219,Yes,No,Yes,No,Yes,No,Yes,No,Yes,No,Yes,No,No,Yes,No,No,0,0,0,0,0,0,0,0,0,0,0,0,0,0,0,0,0,0,0,0
15,Female,142195,No,No,No,No,Yes,Yes,Yes,No,Yes,No,Yes,Yes,No,Yes,Yes,Yes,0,0,0,0,0,0,0,1,0,0,0,0,0,0,0,0,0,0,0,0
38,Female,83049,No,No,No,No,No,Yes,Yes,No,Yes,Yes,No,No,No,No,No,No,0,0,0,0,0,0,0,0,0,0,0,0,1,0,0,0,0,0,0,0
32,Male,452320,No,No,Yes,No,Yes,No,Yes,No,Yes,No,No,No,Yes,No,No,No,0,0,0,0,0,0,0,0,1,0,0,0,0,0,0,0,0,0,0,0
54,Female,11344,No,No,No,No,Yes,No,Yes,Yes,No,No,Yes,Yes,Yes,No,No,No,0,1,0,0,0,0,1,1,0,1,1,1,0,0,0,0,0,0,0,0
58,Male,302773,No,No,Yes,No,No,No,No,Yes,Yes,No,Yes,No,Yes,No,No,Yes,0,0,0,0,0,0,0,1,1,0,0,0,0,0,0,0,1,0,0,0
13,Male,115703,Yes,Yes,No,No,Yes,No,No,No,No,No,No,Yes,No,No,No,No,0,0,0,0,0,0,0,0,0,0,0,0,0,0,0,0,0,0,0,0
11,Male,77370,Yes,No,Yes,No,No,No,No,No,No,No,Yes,No,No,Yes,No,Yes,0,0,0,0,0,0,0,1,0,0,0,0,0,0,0,0,0,0,0,0
51,Male,39537,No,No,No,No,Yes,No,No,Yes,Yes,No,No,No,No,No,No,No,0,0,0,0,0,0,0,0,0,0,0,0,0,0,0,0,0,0,0,0
69,Female,201189,No,No,Yes,Yes,Yes,No,Yes,Yes,No,No,No,Yes,No,Yes,No,No,0,0,0,0,0,0,0,0,0,1,0,0,0,0,0,0,0,0,0,0
23,Female,24827,Yes,No,No,No,No,Yes,Yes,No,Yes,No,Yes,Yes,Yes,Yes,No,Yes,1,1,0,0,0,0,0,1,0,1,1,1,0,1,1,0,0,0,0,1
75,Male,172060,No,No,No,No,Yes,No,Yes,No,Yes,No,No,No,No,No,No,Yes,0,0,0,0,0,0,0,0,0,0,0,0,0,0,0,0,0,0,0,0
40,Male,370485,No,No,Yes,No,No,No,Yes,Yes,Yes,No,Yes,Yes,Yes,No,No,Yes,0,0,0,0,0,0,0,1,1,0,0,0,0,0,0,0,1,0,0,0
3,Male,445131,No,No,No,No,Yes,No,Yes,Yes,Yes,No,No,No,Yes,No,No,Yes,0,0,0,0,0,0,0,0,0,0,0,0,0,0,0,0,0,0,0,0
69,Female,117937,No,No,No,Yes,No,No,Yes,No,No,No,Yes,Yes,Yes,Yes,No,No,0,1,0,0,0,0,0,1,0,1,1,1,0,0,0,0,0,0,0,0
72,Female,221553,No,No,No,No,No,No,No,Yes,Yes,No,Yes,Yes,Yes,Yes,No,Yes,0,1,0,0,0,0,0,1,0,1,1,1,0,0,0,0,0,0,0,0
5,Female,181450,No,No,Yes,No,No,Yes,Yes,No,No,No,Yes,No,Yes,No,Yes,Yes,0,0,0,0,0,0,0,1,0,0,0,1,0,0,0,0,0,0,0,0
46,Female,100455,No,No,No,Yes,No,No,Yes,Yes,No,No,Yes,No,Yes,No,No,No,0,1,0,0,0,0,0,1,0,0,1,1,0,0,0,0,0,0,0,0
78,Male,87955,No,No,Yes,No,No,No,No,No,Yes,No,Yes,No,No,No,No,Yes,0,0,0,0,0,0,0,1,1,0,0,0,0,0,0,0,1,0,0,0
54,Male,160659,No,No,No,No,Yes,No,Yes,No,Yes,No,No,No,No,Yes,No,Yes,0,0,0,0,0,0,0,0,0,0,0,0,0,0,0,0,0,0,0,0
85,Female,181242,No,No,Yes,No,No,No,No,No,No,No,Yes,Yes,No,No,No,Yes,0,1,0,0,0,0,0,1,0,1,0,0,0,0,0,0,0,0,0,0
9,Male,117483,Yes,Yes,No,No,No,No,No,Yes,Yes,No,Yes,No,No,No,No,Yes,0,0,0,1,0,0,0,1,0,0,0,0,0,0,0,1,0,0,0,0
40,Female,283880,No,No,Yes,No,Yes,Yes,Yes,No,Yes,Yes,Yes,No,Yes,No,No,No,0,0,0,0,0,0,0,1,1,0,1,0,1,0,0,0,1,1,0,0
29,Male,436631,No,No,Yes,No,Yes,No,Yes,No,Yes,No,Yes,No,No,Yes,No,No,0,0,0,0,0,0,0,0,1,0,0,0,0,0,0,0,1,0,0,0
58,Female,47830,No,No,Yes,No,Yes,Yes,Yes,No,Yes,No,Yes,No,No,No,No,Yes,0,1,0,0,0,0,1,1,1,0,0,0,0,0,0,0,1,0,0,0
39,Male,437134,No,No,Yes,No,No,No,No,No,No,No,No,No,Yes,Yes,No,No,0,0,0,0,0,0,0,0,0,0,0,0,0,0,0,0,0,0,0,0
11,Female,413732,Yes,No,No,No,No,No,No,No,No,No,Yes,No,No,No,Yes,Yes,0,0,0,0,0,0,0,0,0,0,0,0,0,0,0,0,0,0,0,0
53,Female,74923,No,No,Yes,Yes,Yes,No,No,No,No,No,No,No,No,Yes,No,No,0,0,0,0,0,0,0,0,0,0,0,0,0,1,0,0,0,0,0,0
50,Female,424391,No,No,Yes,Yes,No,No,No,No,Yes,No,No,No,No,No,No,Yes,0,0,0,0,0,0,0,0,1,0,0,0,0,0,0,0,0,0,0,0
32,Female,34828,No,No,Yes,Yes,Yes,No,No,Yes,No,No,Yes,No,No,No,No,Yes,0,1,0,0,0,1,1,1,0,0,0,0,0,0,0,0,0,0,0,0
49,Female,253305,No,No,Yes,Yes,No,No,Yes,No,Yes,No,No,Yes,No,Yes,No,No,0,0,0,0,0,0,0,0,1,1,0,0,0,0,0,0,0,0,0,0
81,Female,261010,No,No,Yes,No,Yes,Yes,Yes,No,No,No,Yes,No,Yes,No,No,Yes,0,0,0,0,0,0,0,1,0,0,1,0,0,0,0,0,0,0,0,0
22,Female,339064,No,No,No,Yes,Yes,Yes,Yes,Yes,No,No,No,No,Yes,Yes,No,Yes,0,0,0,0,0,0,0,0,0,0,1,0,0,0,0,0,0,0,0,0
37,Male,29914,No,No,No,No,No,No,No,Yes,No,No,No,No,No,Yes,No,Yes,0,0,0,0,0,0,0,0,0,0,0,0,0,1,0,0,0,0,0,0
48,Male,23085,No,No,Yes,No,No,No,No,Yes,Yes,No,No,No,Yes,Yes,No,No,0,0,0,0,0,0,0,0,1,0,0,1,0,1,0,0,0,0,0,0
69,Male,322383,No,No,Yes,No,Yes,No,No,Yes,Yes,No,No,Yes,Yes,Yes,No,No,0,0,0,0,0,0,0,0,1,0,0,0,0,0,0,0,0,0,0,0
43,Male,447183,No,No,No,No,No,No,Yes,Yes,Yes,No,No,Yes,Yes,Yes,No,Yes,0,0,0,0,0,0,0,0,0,0,0,0,0,0,0,0,0,0,0,0
77,Female,121970,No,No,No,Yes,Yes,No,No,No,Yes,No,Yes,No,Yes,Yes,No,Yes,0,1,0,0,0,0,0,1,0,0,1,1,0,0,0,0,0,0,0,0
26,Male,53387,No,No,No,No,Yes,No,Yes,No,No,No,Yes,Yes,No,No,No,Yes,0,0,0,0,0,0,1,1,0,1,0,0,0,0,0,0,0,0,0,1
40,Male,72656,No,No,Yes,No,No,No,Yes,No,Yes,No,Yes,Yes,Yes,Yes,No,Yes,0,0,0,0,0,0,0,1,1,1,0,1,0,1,0,0,1,0,0,0
8,Male,417734,No,No,Yes,No,No,No,Yes,No,Yes,No,No,No,No,No,No,No,0,0,0,0,0,0,0,0,0,0,0,0,0,0,0,0,0,0,0,0
70,Male,487767,No,No,No,No,No,No,Yes,Yes,Yes,No,No,No,No,Yes,No,Yes,0,0,0,0,0,0,0,0,0,0,0,0,0,0,0,0,0,0,0,0
45,Female,418855,No,No,No,Yes,Yes,No,Yes,Yes,No,No,No,Yes,Yes,No,No,Yes,0,0,0,0,0,0,0,0,0,0,1,0,0,0,0,0,0,0,0,0
19,Female,439555,No,No,No,No,No,Yes,No,No,No,No,Yes,No,Yes,Yes,No,Yes,0,0,0,0,0,0,0,0,0,0,1,0,0,0,0,0,0,0,0,1
14,Male,364644,Yes,No,Yes,No,No,No,No,No,No,No,Yes,Yes,No,Yes,No,No,0,0,0,0,0,0,0,1,0,0,0,0,0,0,0,0,0,0,0,0
9,Female,441263,Yes,No,Yes,No,Yes,No,No,Yes,Yes,No,No,Yes,No,No,Yes,Yes,0,0,0,0,0,0,0,0,0,0,0,0,0,0,0,1,0,0,0,0
28,Male,122887,No,No,Yes,No,Yes,No,Yes,Yes,Yes,No,Yes,No,Yes,Yes,No,Yes,0,0,0,0,0,0,0,1,1,0,0,1,0,0,0,0,1,0,0,1
23,Male,356652,Yes,No,Yes,No,No,No,Yes,No,No,No,Yes,No,No,Yes,No,Yes,0,0,0,0,0,0,0,1,0,0,0,0,0,0,1,0,0,0,0,1
50,Female,485769,No,No,No,No,No,No,No,No,No,No,Yes,Yes,No,Yes,No,No,0,0,0,0,0,0,0,0,0,0,0,0,0,0,0,0,0,0,0,0
50,Female,173089,No,No,Yes,No,No,No,No,No,Yes,No,Yes,Yes,Yes,Yes,No,Yes,0,1,0,0,0,0,0,1,1,1,1,1,0,0,0,0,1,0,0,0
66,Male,95569,No,No,No,No,No,No,Yes,Yes,No,No,No,No,Yes,No,No,No,0,0,0,0,0,0,0,0,0,0,0,1,0,0,0,0,0,0,0,0
82,Female,59543,No,No,No,No,No,Yes,Yes,Yes,Yes,No,No,No,No,No,No,Yes,0,0,0,0,0,0,0,0,0,0,0,0,0,0,0,0,0,0,0,0
77,Male,461021,No,No,Yes,No,Yes,No,No,No,Yes,No,Yes,No,Yes,No,No,No,0,0,0,0,0,0,0,0,1,0,0,0,0,0,0,0,1,0,0,0
30,Female,153582,No,No,Yes,No,No,Yes,Yes,Yes,No,No,No,Yes,Yes,No,No,Yes,0,0,0,0,0,0,0,0,0,1,1,1,0,0,0,0,0,0,0,0
67,Male,103265,No,No,No,No,Yes,No,No,No,Yes,No,No,No,No,Yes,No,Yes,0,0,0,0,0,0,0,0,0,0,0,0,0,0,0,0,0,0,0,0
84,Male,37302,No,No,Yes,No,Yes,No,No,No,No,No,Yes,Yes,Yes,No,No,No,0,0,0,0,1,0,1,1,0,1,0,1,0,0,0,0,0,0,0,0
4,Female,291228,No,No,Yes,No,No,No,No,No,No,No,No,Yes,No,No,Yes,Yes,0,0,0,0,0,0,0,0,0,0,0,0,0,0,0,0,0,0,0,0
9,Female,407851,Yes,No,Yes,No,Yes,Yes,Yes,No,No,No,Yes,Yes,No,No,Yes,No,0,0,0,0,0,0,0,0,0,0,0,0,0,0,1,0,0,0,0,0
16,Female,256003,Yes,No,No,No,No,Yes,Yes,No,No,No,Yes,No,Yes,Yes,Yes,No,0,0,0,0,0,0,0,1,0,0,0,0,0,0,1,0,0,0,0,0
16,Male,72526,Yes,Yes,Yes,No,Yes,No,No,Yes,Yes,No,No,No,Yes,Yes,No,Yes,0,0,0,0,0,0,0,0,0,0,0,1,0,0,0,1,0,0,0,0
45,Female,12729,No,No,No,Yes,Yes,Yes,No,Yes,Yes,Yes,Yes,No,Yes,No,No,Yes,0,1,0,0,0,1,1,1,0,0,1,1,1,0,0,0,0,1,0,0
20,Male,374033,Yes,No,Yes,No,No,No,Yes,Yes,No,No,Yes,Yes,Yes,No,No,No,0,0,0,0,0,0,0,1,0,0,0,0,0,0,1,1,0,0,0,0
22,Male,160060,Yes,Yes,No,No,No,No,No,No,Yes,No,No,No,Yes,Yes,No,No,0,0,0,0,0,0,0,0,0,0,0,1,0,0,0,0,0,0,0,0
21,Female,407527,No,No,No,No,Yes,No,No,No,Yes,No,Yes,Yes,Yes,Yes,No,No,0,0,0,0,0,0,0,0,0,0,1,0,0,0,0,0,0,0,0,0
60,Female,49284,No,No,No,No,No,Yes,Yes,Yes,Yes,No,No,No,No,No,No,Yes,0,0,0,0,0,0,0,0,0,0,0,0,0,0,0,0,0,0,0,0
4,Female,163417,No,No,No,No,Yes,No,Yes,Yes,No,No,Yes,Yes,Yes,No,Yes,Yes,0,0,0,0,0,0,0,1,0,0,0,1,0,0,0,0,0,0,0,0
49,Female,489117,No,No,Yes,Yes,Yes,No,Yes,No,Yes,No,Yes,Yes,No,Yes,No,No,0,0,0,0,0,0,0,0,1,0,0,0,0,0,0,0,1,0,0,0
27,Male,333879,No,No,Yes,No,No,No,Yes,No,No,No,Yes,No,No,No,No,No,0,0,0,0,0,0,0,1,0,0,0,0,0,0,0,0,0,0,0,0
84,Female,143428,No,No,Yes,Yes,Yes,No,No,No,Yes,No,Yes,Yes,No,Yes,No,No,0,1,0,0,0,0,0,1,1,1,0,0,0,0,0,0,1,0,0,0
80,Male,47230,No,No,Yes,No,No,No,Yes,No,Yes,No,No,Yes,No,No,No,Yes,0,0,0,0,0,0,0,0,1,1,0,0,0,0,0,0,0,0,0,0
77,Male,42101,No,No,No,No,Yes,No,Yes,Yes,No,No,No,Yes,Yes,Yes,No,Yes,0,0,0,0,0,0,0,0,0,1,0,1,0,1,0,0,0,0,0,0
5,Female,245489,No,No,Yes,No,Yes,Yes,No,Yes,No,No,Yes,No,Yes,Yes,Yes,Yes,0,0,0,0,0,0,0,1,0,0,0,1,0,0,0,0,0,0,0,0
75,Male,76854,No,No,No,No,No,No,Yes,Yes,Yes,No,Yes,No,No,No,No,No,0,0,0,0,0,0,0,1,0,0,0,0,0,0,0,0,0,0,0,0
9,Female,341265,No,No,Yes,No,Yes,Yes,Yes,No,No,No,Yes,Yes,No,Yes,Yes,No,0,0,0,0,0,0,0,1,0,0,0,0,0,0,0,0,0,0,0,0
47,Male,82097,No,No,Yes,No,Yes,No,Yes,No,No,No,Yes,Yes,No,No,No,No,0,0,0,0,0,0,0,1,0,1,0,0,0,0,0,0,0,0,0,0
80,Male,239446,No,No,No,No,Yes,No,Yes,No,Yes,No,Yes,Yes,Yes,Yes,No,Yes,0,0,0,0,0,0,0,1,0,1,0,1,0,0,0,0,0,0,0,0
70,Female,486510,No,No,No,Yes,No,No,No,Yes,No,No,No,No,No,No,No,Yes,0,0,0,0,0,0,0,0,0,0,0,0,0,0,0,0,0,0,0,0
57,Male,213768,No,No,No,No,No,No,No,No,No,No,No,Yes,No,Yes,No,No,0,0,0,0,0,0,0,0,0,1,0,0,0,0,0,0,0,0,0,0
17,Female,318289,Yes,Yes,No,No,No,No,Yes,Yes,Yes,Yes,No,No,Yes,Yes,Yes,Yes,0,0,0,0,0,0,0,0,0,0,0,0,0,0,1,1,0,0,0,0
7,Male,333011,No,No,Yes,No,Yes,No,Yes,Yes,No,No,Yes,Yes,No,Yes,No,No,0,0,0,0,0,0,0,1,0,0,0,0,0,0,0,0,0,0,0,0
75,Female,293172,No,No,Yes,No,No,Yes,Yes,No,Yes,No,Yes,No,Yes,Yes,No,Yes,0,0,0,0,0,0,0,1,1,0,1,0,0,0,0,0,1,0,0,0
36,Male,147322,No,No,No,No,Yes,No,No,Yes,No,No,No,Yes,No,Yes,No,Yes,0,0,0,0,0,0,0,0,0,1,0,0,0,0,0,0,0,0,0,0
62,Male,214549,No,No,Yes,No,No,No,Yes,Yes,No,No,Yes,Yes,No,Yes,No,Yes,0,0,0,0,0,0,0,1,0,1,0,0,0,0,0,0,0,0,0,0
26,Female,454673,No,No,Yes,Yes,No,No,Yes,Yes,Yes,Yes,Yes,Yes,Yes,No,No,Yes,0,0,0,0,0,0,0,0,1,0,1,0,1,0,0,0,1,1,0,1
59,Female,296135,No,No,No,Yes,No,Yes,No,Yes,No,No,Yes,Yes,Yes,Yes,No,Yes,0,0,0,0,0,0,0,1,0,1,1,0,0,0,0,0,0,0,0,0
20,Male,151078,Yes,Yes,No,No,Yes,No,No,No,Yes,No,Yes,Yes,No,Yes,No,Yes,0,0,1,0,0,0,0,1,0,1,0,0,0,0,0,0,0,0,0,1
72,Male,484060,No,No,Yes,No,Yes,No,No,No,Yes,No,No,No,No,No,No,Yes,0,0,0,0,0,0,0,0,1,0,0,0,0,0,0,0,0,0,0,0
12,Male,279606,No,No,No,No,No,No,Yes,No,Yes,No,No,No,No,Yes,No,No,0,0,0,0,0,0,0,0,0,0,0,0,0,0,0,0,0,0,0,0
63,Female,144947,No,No,Yes,No,No,No,Yes,No,No,No,Yes,Yes,No,Yes,No,Yes,0,1,0,0,0,0,0,1,0,1,0,0,0,0,0,0,0,0,0,0
63,Male,315807,No,No,Yes,No,Yes,No,No,No,Yes,No,No,Yes,No,No,No,Yes,0,0,0,0,0,0,0,0,1,0,0,0,0,0,0,0,0,0,0,0
15,Male,215357,Yes,No,Yes,No,No,No,Yes,Yes,No,No,No,No,No,No,No,Yes,0,0,0,0,0,0,0,0,0,0,0,0,0,0,1,1,0,0,0,0
23,Female,84597,Yes,No,Yes,Yes,Yes,No,Yes,No,Yes,No,Yes,Yes,No,Yes,No,Yes,1,1,0,0,0,0,0,1,1,1,0,0,0,0,1,0,1,0,0,1
62,Female,88258,No,No,Yes,Yes,No,Yes,No,Yes,Yes,No,Yes,No,No,Yes,No,Yes,0,1,0,0,0,0,0,1,1,0,0,0,0,0,0,0,1,0,0,0
29,Male,163401,No,No,No,No,No,No,No,No,Yes,No,Yes,Yes,Yes,Yes,No,Yes,0,0,0,0,0,0,0,1,0,1,0,1,0,0,0,0,0,0,0,1
52,Male,128323,No,No,No,No,No,No,Yes,Yes,Yes,No,Yes,No,Yes,No,No,Yes,0,0,0,0,0,0,0,1,0,0,0,1,0,0,0,0,0,0,0,0
85,Female,336638,No,No,Yes,Yes,Yes,Yes,Yes,Yes,No,No,Yes,No,No,No,No,Yes,0,0,0,0,0,0,0,1,0,0,0,0,0,0,0,0,0,0,0,0
61,Male,354590,No,No,Yes,No,Yes,No,No,Yes,No,No,Yes,No,Yes,Yes,No,Yes,0,0,0,0,0,0,0,1,0,0,0,0,0,0,0,0,0,0,0,0
26,Female,149165,No,No,No,Yes,Yes,Yes,Yes,Yes,No,Yes,No,Yes,Yes,Yes,No,No,0,0,0,0,0,0,0,0,0,1,1,1,1,0,0,0,0,0,0,0
44,Female,491524,No,No,Yes,Yes,No,Yes,Yes,Yes,No,No,Yes,Yes,No,Yes,No,No,0,0,0,0,0,0,0,0,0,0,0,0,0,0,0,0,0,0,0,0
24,Male,419250,Yes,No,Yes,No,No,No,Yes,No,Yes,No,Yes,Yes,No,Yes,No,No,0,0,0,0,0,0,0,0,1,0,0,0,0,0,1,0,1,0,0,0
28,Male,285600,No,No,No,No,No,No,No,No,No,No,No,Yes,No,No,No,Yes,0,0,0,0,0,0,0,0,0,1,0,0,0,0,0,0,0,0,0,0
5,Female,276244,Yes,No,No,No,Yes,No,Yes,No,No,No,No,Yes,No,Yes,Yes,No,0,0,0,0,0,0,0,0,0,0,0,0,0,0,1,0,0,0,0,0
76,Male,372011,No,No,No,No,No,No,Yes,No,Yes,No,Yes,Yes,Yes,Yes,No,No,0,0,0,0,0,0,0,1,0,0,0,0,0,0,0,0,0,0,0,0
50,Male,148644,No,No,Yes,No,No,No,No,Yes,Yes,No,Yes,Yes,No,No,No,No,0,0,0,0,0,0,0,1,1,1,0,0,0,0,0,0,1,0,0,0
6,Female,425435,Yes,No,No,No,No,No,Yes,No,No,No,Yes,No,Yes,No,Yes,No,0,0,0,0,0,0,0,0,0,0,0,0,0,0,1,0,0,0,0,0
33,Female,381308,No,No,Yes,Yes,No,Yes,Yes,No,Yes,No,Yes,No,No,No,No,Yes,0,0,0,0,0,0,0,1,1,0,0,0,0,0,0,0,1,0,0,0
82,Female,390480,No,No,No,Yes,No,No,No,Yes,No,No,No,No,No,No,No,No,0,0,0,0,0,0,0,0,0,0,0,0,0,0,0,0,0,0,0,0
17,Male,425304,No,No,No,No,No,No,Yes,Yes,No,No,Yes,Yes,No,No,No,No,0,0,0,0,0,0,0,0,0,0,0,0,0,0,0,0,0,0,0,0
52,Male,95820,No,No,Yes,No,Yes,No,No,No,No,No,Yes,Yes,No,No,No,No,0,0,0,0,0,0,0,1,0,1,0,0,0,0,0,0,0,0,0,0
29,Male,74816,No,No,No,No,No,No,No,No,Yes,No,Yes,Yes,Yes,Yes,No,No,0,0,0,0,0,0,0,1,0,1,0,1,0,1,0,0,0,0,0,0
36,Male,242156,No,No,No,No,No,No,No,No,Yes,No,No,No,Yes,Yes,No,No,0,0,0,0,0,0,0,0,0,0,0,1,0,0,0,0,0,0,0,0
10,Male,278756,No,No,Yes,No,No,No,Yes,No,Yes,No,Yes,No,Yes,Yes,No,No,0,0,0,0,0,0,0,1,0,0,0,0,0,0,0,0,0,0,0,0
70,Male,282262,No,No,Yes,No,No,No,Yes,No,Yes,No,Yes,No,Yes,Yes,No,Yes,0,0,0,0,0,0,0,1,1,0,0,0,0,0,0,0,1,0,0,0
34,Female,304155,No,No,Yes,Yes,Yes,Yes,Yes,No,No,Yes,Yes,Yes,No,Yes,No,No,0,0,0,0,0,0,0,1,0,0,0,0,1,0,0,0,0,1,0,0
80,Female,294538,No,No,Yes,No,Yes,Yes,Yes,Yes,No,No,No,No,Yes,No,No,No,0,0,0,0,0,0,0,0,0,0,1,0,0,0,0,0,0,0,0,0
45,Male,285258,No,No,Yes,No,Yes,No,Yes,No,Yes,No,Yes,No,Yes,Yes,No,No,0,0,0,0,0,0,0,1,1,0,0,0,0,0,0,0,1,0,0,0
56,Female,192816,No,No,Yes,No,No,No,Yes,No,Yes,No,Yes,Yes,Yes,Yes,No,No,0,1,0,0,0,0,0,1,1,1,1,1,0,0,0,0,1,0,0,0
64,Male,320829,No,No,Yes,No,No,No,No,Yes,Yes,No,No,Yes,No,No,No,No,0,0,0,0,0,0,0,0,1,0,0,0,0,0,0,0,0,0,0,0
39,Female,143596,No,No,Yes,No,Yes,No,Yes,No,No,No,Yes,No,Yes,No,No,No,0,1,0,0,0,0,0,1,0,0,1,1,0,0,0,0,0,0,0,0
30,Female,246846,No,No,Yes,No,Yes,No,Yes,No,No,Yes,No,Yes,Yes,No,No,No,0,0,0,0,0,0,0,0,0,1,1,1,1,0,0,0,0,0,0,0
10,Female,469249,No,No,No,No,Yes,Yes,No,No,No,No,Yes,No,No,No,Yes,No,0,0,0,0,0,0,0,0,0,0,0,0,0,0,0,0,0,0,0,0
34,Male,316367,No,No,Yes,No,No,No,Yes,Yes,No,No,No,Yes,Yes,Yes,No,No,0,0,0,0,0,0,0,0,0,0,0,0,0,0,0,0,0,0,0,0
82,Female,218957,No,No,No,No,Yes,No,Yes,Yes,Yes,No,Yes,Yes,No,Yes,No,Yes,0,1,0,0,0,0,0,1,0,1,0,0,0,0,0,0,0,0,0,0
64,Female,288128,No,No,Yes,No,No,No,Yes,No,No,No,No,No,Yes,No,No,Yes,0,0,0,0,0,0,0,0,0,0,1,0,0,0,0,0,0,0,0,0
12,Female,48658,Yes,No,Yes,No,No,Yes,Yes,No,No,No,Yes,No,No,Yes,Yes,Yes,0,0,0,0,0,0,0,1,0,0,0,0,0,0,1,0,0,0,1,0
71,Male,84895,No,No,Yes,No,Yes,No,No,No,Yes,No,No,Yes,No,Yes,No,Yes,0,0,0,0,0,0,0,0,1,1,0,0,0,0,0,0,0,0,0,0
35,Male,164845,No,No,Yes,No,No,No,No,Yes,No,No,Yes,No,No,Yes,No,Yes,0,0,0,0,0,0,0,1,0,0,0,0,0,0,0,0,0,0,0,0
70,Female,340886,No,No,No,Yes,No,No,Yes,Yes,Yes,No,No,Yes,Yes,Yes,No,Yes,0,0,0,0,0,0,0,0,0,0,1,0,0,0,0,0,0,0,0,0
74,Male,77393,No,No,No,No,No,No,Yes,Yes,Yes,No,No,No,No,No,No,No,0,0,0,0,0,0,0,0,0,0,0,0,0,0,0,0,0,0,0,0
33,Male,166927,No,No,Yes,No,Yes,No,Yes,Yes,No,No,No,Yes,No,No,No,No,0,0,0,0,0,0,0,0,0,1,0,0,0,0,0,0,0,0,0,0
30,Female,154978,No,No,No,No,Yes,Yes,No,No,No,Yes,Yes,Yes,Yes,Yes,No,Yes,0,1,0,0,0,0,0,1,0,1,1,1,1,0,0,0,0,1,0,1
26,Female,278706,No,No,No,Yes,Yes,No,No,No,No,Yes,No,No,No,Yes,No,Yes,0,0,0,0,0,0,0,0,0,0,0,0,1,0,0,0,0,0,0,0
46,Female,394806,No,No,No,No,Yes,Yes,Yes,Yes,No,No,No,No,Yes,No,No,Yes,0,0,0,0,0,0,0,0,0,0,1,0,0,0,0,0,0,0,0,0
61,Male,111831,No,No,Yes,No,Yes,No,No,No,Yes,No,Yes,No,Yes,Yes,No,No,0,0,0,0,0,0,0,1,1,0,0,1,0,0,0,0,1,0,0,0
2,Male,224444,Yes,Yes,No,No,No,No,No,No,Yes,No,Yes,No,Yes,Yes,No,No,0,0,0,0,0,0,0,1,0,0,0,1,0,0,0,0,0,0,0,0
12,Male,229398,No,No,No,No,Yes,No,No,Yes,No,No,No,Yes,Yes,Yes,No,Yes,0,0,0,0,0,0,0,0,0,0,0,1,0,0,0,0,0,0,0,0
59,Female,91261,No,No,No,Yes,Yes,No,No,Yes,No,No,No,No,Yes,Yes,No,Yes,0,0,0,0,0,0,0,0,0,0,1,1,0,0,0,0,0,0,0,0
14,Female,230397,Yes,Yes,Yes,No,Yes,No,No,Yes,Yes,No,Yes,No,No,No,Yes,No,0,0,0,1,0,0,0,1,0,0,0,0,0,0,0,1,0,0,0,0
20,Male,211599,Yes,No,Yes,No,No,No,No,No,No,No,No,No,Yes,Yes,No,Yes,0,0,0,0,0,0,0,0,0,0,0,1,0,0,0,0,0,0,0,0
35,Female,51714,No,No,No,Yes,Yes,Yes,No,No,Yes,No,No,No,Yes,No,No,Yes,0,0,0,0,0,0,0,0,0,0,1,1,0,0,0,0,0,0,0,0
21,Female,276890,No,No,No,No,No,Yes,Yes,No,No,No,Yes,Yes,Yes,No,No,No,0,0,0,0,0,0,0,1,0,1,1,0,0,0,0,0,0,0,0,0
64,Female,315593,No,No,Yes,No,Yes,Yes,Yes,No,Yes,No,No,Yes,Yes,No,No,No,0,0,0,0,0,0,0,0,1,0,1,0,0,0,0,0,0,0,0,0
5,Male,130256,No,No,No,No,No,No,Yes,No,No,No,No,No,Yes,Yes,No,Yes,0,0,0,0,0,0,0,0,0,0,0,1,0,0,0,0,0,0,0,0
8,Female,382094,Yes,No,No,No,Yes,Yes,No,Yes,Yes,No,Yes,No,Yes,Yes,Yes,Yes,0,0,0,0,0,0,0,1,0,0,0,0,0,0,0,1,0,0,0,0
36,Male,168460,No,No,Yes,No,Yes,No,Yes,No,Yes,No,Yes,No,No,Yes,No,No,0,0,0,0,0,0,0,1,1,0,0,0,0,0,0,0,1,0,0,0
79,Female,195629,No,No,Yes,Yes,Yes,Yes,No,Yes,Yes,No,Yes,Yes,No,No,No,Yes,0,1,0,0,0,0,0,1,1,1,0,0,0,0,0,0,1,0,0,0
56,Female,377688,No,No,No,Yes,Yes,Yes,Yes,Yes,No,No,No,Yes,Yes,No,No,No,0,0,0,0,0,0,0,0,0,0,1,0,0,0,0,0,0,0,0,0
52,Male,137434,No,No,No,No,No,No,Yes,Yes,Yes,No,Yes,Yes,Yes,Yes,No,Yes,0,0,0,0,0,0,0,1,0,1,0,1,0,0,0,0,0,0,0,0
2,Female,85341,No,No,No,No,No,Yes,No,Yes,No,No,No,No,No,Yes,Yes,Yes,0,0,0,0,0,0,0,0,0,0,0,0,0,0,0,0,0,0,0,0
3,Female,324454,No,No,Yes,No,No,No,Yes,No,Yes,No,Yes,No,No,Yes,Yes,No,0,0,0,0,0,0,0,1,0,0,0,0,0,0,0,0,0,0,0,0
67,Female,319511,No,No,Yes,No,Yes,Yes,Yes,No,Yes,No,No,No,Yes,Yes,No,No,0,0,0,0,0,0,0,0,1,0,1,0,0,0,0,0,0,0,0,0
53,Female,338177,No,No,No,No,No,No,Yes,No,No,No,No,No,No,Yes,No,Yes,0,0,0,0,0,0,0,0,0,0,0,0,0,0,0,0,0,0,0,0
80,Female,218882,No,No,Yes,No,No,Yes,Yes,Yes,No,No,No,No,Yes,No,No,Yes,0,0,0,0,0,0,0,0,0,0,1,1,0,0,0,0,0,0,0,0
6,Female,276344,Yes,Yes,No,No,No,No,No,No,Yes,No,No,Yes,Yes,No,Yes,No,0,0,0,0,0,0,0,0,0,0,0,0,0,0,0,0,0,0,0,0
79,Male,107622,No,No,No,No,Yes,No,No,No,Yes,No,Yes,Yes,No,Yes,No,Yes,0,0,0,0,0,0,0,1,0,1,0,0,0,0,0,0,0,0,0,0
23,Male,473138,Yes,Yes,No,No,Yes,No,No,No,Yes,No,Yes,No,No,No,No,No,0,0,1,0,0,0,0,0,0,0,0,0,0,0,0,0,0,0,0,0
38,Male,465635,No,No,Yes,No,No,No,No,No,No,No,Yes,Yes,No,Yes,No,Yes,0,0,0,0,0,0,0,0,0,0,0,0,0,0,0,0,0,0,0,0
23,Male,155727,No,No,No,No,No,No,Yes,No,No,No,Yes,Yes,No,No,No,No,0,0,0,0,0,0,0,1,0,1,0,0,0,0,0,0,0,0,0,0
28,Female,491210,No,No,No,No,Yes,Yes,No,No,Yes,Yes,No,No,No,No,No,No,0,0,0,0,0,0,0,0,0,0,0,0,1,0,0,0,0,0,0,0
20,Male,394149,No,No,Yes,No,Yes,No,No,Yes,No,No,No,Yes,No,Yes,No,Yes,0,0,0,0,0,0,0,0,0,0,0,0,0,0,0,0,0,0,0,0
22,Male,95508,Yes,No,Yes,No,No,No,No,No,Yes,No,No,No,No,Yes,No,No,0,0,0,0,0,0,0,0,1,0,0,0,0,0,0,0,0,0,0,0
22,Female,231489,Yes,No,No,No,No,No,No,Yes,No,No,No,Yes,Yes,No,No,No,0,0,0,0,0,0,0,0,0,1,1,1,0,0,0,1,0,0,0,0
62,Male,154868,No,No,Yes,No,No,No,No,Yes,Yes,No,No,No,Yes,No,No,No,0,0,0,0,0,0,0,0,1,0,0,1,0,0,0,0,0,0,0,0
41,Female,206621,No,No,Yes,Yes,Yes,Yes,No,Yes,No,No,No,No,Yes,Yes,No,Yes,0,0,0,0,0,0,0,0,0,0,1,1,0,0,0,0,0,0,0,0
55,Male,245636,No,No,Yes,No,Yes,No,Yes,No,No,No,Yes,No,No,No,No,Yes,0,0,0,0,0,0,0,1,0,0,0,0,0,0,0,0,0,0,0,0
2,Female,249521,No,No,No,No,Yes,No,No,No,No,No,No,No,Yes,No,Yes,No,0,0,0,0,0,0,0,0,0,0,0,1,0,0,0,0,0,0,0,0
56,Female,205580,No,No,Yes,No,Yes,Yes,Yes,No,No,No,No,No,Yes,No,No,Yes,0,0,0,0,0,0,0,0,0,0,1,1,0,0,0,0,0,0,0,0
47,Female,181533,No,No,Yes,Yes,No,No,No,No,Yes,No,Yes,No,No,No,No,No,0,1,0,0,0,0,0,1,1,0,0,0,0,0,0,0,1,0,0,0
56,Female,196127,No,No,No,Yes,Yes,Yes,Yes,Yes,No,No,Yes,Yes,No,No,No,Yes,0,1,0,0,0,0,0,1,0,1,0,0,0,0,0,0,0,0,0,0
58,Female,166356,No,No,Yes,No,No,Yes,No,Yes,Yes,No,Yes,Yes,No,Yes,No,Yes,0,1,0,0,0,0,0,1,1,1,0,0,0,0,0,0,1,0,0,0
84,Male,100367,No,No,No,No,Yes,No,No,No,Yes,No,Yes,No,No,No,No,Yes,0,0,0,0,0,0,0,1,0,0,0,0,0,0,0,0,0,0,0,0
38,Male,293133,No,No,No,No,No,No,Yes,Yes,No,No,Yes,Yes,No,No,No,No,0,0,0,0,0,0,0,1,0,1,0,0,0,0,0,0,0,0,0,0
74,Female,29869,No,No,Yes,Yes,No,Yes,Yes,No,No,No,Yes,No,No,Yes,No,Yes,0,1,0,0,1,1,0,1,0,0,0,0,0,1,0,0,0,0,0,0
68,Female,78069,No,No,Yes,No,Yes,No,Yes,Yes,Yes,No,Yes,No,Yes,Yes,No,Yes,0,1,0,0,0,0,0,1,1,0,1,1,0,0,0,0,1,0,0,0
72,Female,160339,No,No,Yes,Yes,Yes,No,Yes,No,No,No,Yes,No,Yes,Yes,No,Yes,0,1,0,0,0,0,0,1,0,0,1,1,0,0,0,0,0,0,0,0
16,Male,468476,No,No,No,No,No,No,No,No,Yes,No,No,Yes,Yes,Yes,No,Yes,0,0,0,0,0,0,0,0,0,0,0,0,0,0,0,0,0,0,0,0
4,Male,473114,No,No,Yes,No,No,No,No,No,Yes,No,Yes,No,Yes,No,No,Yes,0,0,0,0,0,0,0,0,0,0,0,0,0,0,0,0,0,0,0,0
3,Male,222445,No,No,Yes,No,No,No,No,No,No,No,Yes,Yes,No,Yes,No,No,0,0,0,0,0,0,0,1,0,0,0,0,0,0,0,0,0,0,0,0
17,Male,318409,Yes,Yes,Yes,No,Yes,No,Yes,Yes,No,No,No,Yes,Yes,Yes,No,No,0,0,0,0,0,0,0,0,0,0,0,0,0,0,1,1,0,0,0,0
79,Female,360423,No,No,Yes,No,Yes,Yes,Yes,No,No,No,Yes,Yes,No,Yes,No,No,0,0,0,0,0,0,0,1,0,0,0,0,0,0,0,0,0,0,0,0
36,Male,279984,No,No,Yes,No,Yes,No,Yes,Yes,No,No,Yes,Yes,Yes,Yes,No,Yes,0,0,0,0,0,0,0,1,0,1,0,0,0,0,0,0,0,0,0,0
70,Male,78237,No,No,Yes,No,No,No,No,Yes,No,No,No,No,Yes,Yes,No,Yes,0,0,0,0,0,0,0,0,0,0,0,1,0,0,0,0,0,0,0,0
64,Male,163599,No,No,Yes,No,Yes,No,No,Yes,Yes,No,Yes,No,No,Yes,No,No,0,0,0,0,0,0,0,1,1,0,0,0,0,0,0,0,1,0,0,0
27,Male,291121,No,No,No,No,Yes,No,Yes,No,Yes,No,No,No,Yes,No,No,No,0,0,0,0,0,0,0,0,0,0,0,0,0,0,0,0,0,0,0,0
5,Female,307438,Yes,No,No,No,No,No,Yes,Yes,No,No,No,Yes,Yes,Yes,Yes,Yes,0,0,0,0,0,0,0,0,0,0,0,0,0,0,1,1,0,0,0,0
34,Female,229130,No,No,No,No,No,Yes,Yes,Yes,No,Yes,Yes,No,No,Yes,No,No,0,1,0,0,0,0,0,1,0,0,0,0,1,0,0,0,0,1,0,0
54,Female,122690,No,No,No,Yes,No,Yes,Yes,Yes,Yes,No,Yes,No,No,No,No,No,0,1,0,0,0,0,0,1,0,0,0,0,0,0,0,0,0,0,0,0
26,Female,385640,No,No,Yes,Yes,No,No,No,No,Yes,No,No,Yes,No,No,No,Yes,0,0,0,0,0,0,0,0,1,0,0,0,0,0,0,0,0,0,0,0
23,Female,283065,No,No,No,Yes,Yes,No,Yes,Yes,No,No,Yes,No,No,No,No,Yes,0,0,0,0,0,0,0,1,0,0,0,0,0,0,0,0,0,0,0,1
61,Female,400709,No,No,Yes,Yes,No,Yes,Yes,Yes,Yes,No,No,Yes,No,Yes,No,Yes,0,0,0,0,0,0,0,0,1,0,0,0,0,0,0,0,0,0,0,0
63,Female,92816,No,No,No,Yes,No,Yes,No,Yes,Yes,No,Yes,No,Yes,No,No,No,0,1,0,0,0,0,0,1,0,0,1,1,0,0,0,0,0,0,0,0
66,Female,362420,No,No,Yes,No,No,No,No,No,No,No,No,No,No,Yes,No,No,0,0,0,0,0,0,0,0,0,0,0,0,0,0,0,0,0,0,0,0
24,Female,284719,No,No,Yes,Yes,No,No,Yes,Yes,No,No,No,No,Yes,Yes,No,No,0,0,0,0,0,0,0,0,0,0,1,0,0,0,0,0,0,0,0,0
2,Female,342535,Yes,Yes,No,No,Yes,Yes,Yes,Yes,No,No,No,Yes,Yes,No,Yes,No,0,0,0,0,0,0,0,0,0,0,0,0,0,0,0,0,0,0,0,0
42,Female,322774,No,No,Yes,Yes,Yes,No,Yes,No,Yes,No,No,No,No,Yes,No,No,0,0,0,0,0,0,0,0,1,0,0,0,0,0,0,0,0,0,0,0
79,Male,437523,No,No,Yes,No,Yes,No,Yes,No,No,No,No,Yes,No,No,No,No,0,0,0,0,0,0,0,0,0,0,0,0,0,0,0,0,0,0,0,0
34,Male,253604,No,No,No,No,No,No,No,Yes,No,No,Yes,No,Yes,No,No,No,0,0,0,0,0,0,0,1,0,0,0,0,0,0,0,0,0,0,0,0
25,Female,302739,Yes,No,Yes,No,Yes,No,Yes,Yes,No,No,No,No,No,Yes,No,No,0,0,0,0,0,0,0,0,0,0,0,0,0,0,1,1,0,0,0,0
9,Male,173122,No,No,Yes,No,Yes,No,Yes,Yes,Yes,No,No,No,Yes,No,No,Yes,0,0,0,0,0,0,0,0,0,0,0,1,0,0,0,0,0,0,0,0
22,Male,308006,Yes,Yes,Yes,No,Yes,No,No,No,Yes,No,Yes,No,No,Yes,No,Yes,0,0,1,0,0,0,0,1,1,0,0,0,0,0,0,0,1,0,0,1
78,Female,270517,No,No,Yes,No,No,No,Yes,Yes,No,No,Yes,No,Yes,Yes,No,Yes,0,0,0,0,0,0,0,1,0,0,1,0,0,0,0,0,0,0,0,0
23,Male,465239,Yes,No,Yes,No,No,No,Yes,Yes,No,No,Yes,No,Yes,Yes,No,Yes,0,0,0,0,0,0,0,0,0,0,0,0,0,0,1,1,0,0,0,1
28,Male,210044,No,No,Yes,No,No,No,Yes,Yes,No,No,Yes,Yes,Yes,Yes,No,Yes,0,0,0,0,0,0,0,1,0,1,0,1,0,0,0,0,0,0,0,1
44,Male,320492,No,No,No,No,Yes,No,No,No,No,No,Yes,No,No,Yes,No,No,0,0,0,0,0,0,0,1,0,0,0,0,0,0,0,0,0,0,0,0
1,Female,357571,Yes,Yes,No,No,No,No,No,No,Yes,No,No,Yes,Yes,No,Yes,No,0,0,0,0,0,0,0,0,0,0,0,0,0,0,0,0,0,0,0,0
11,Female,288789,Yes,Yes,No,No,Yes,Yes,Yes,Yes,No,No,Yes,Yes,No,Yes,Yes,Yes,0,0,0,1,0,0,0,1,0,0,0,0,0,0,1,1,0,0,0,0
3,Female,329000,No,No,No,No,Yes,Yes,No,No,No,No,Yes,No,No,Yes,Yes,No,0,0,0,0,0,0,0,1,0,0,0,0,0,0,0,0,0,0,0,0
57,Male,148194,No,No,No,No,No,No,Yes,No,Yes,No,No,No,No,Yes,No,Yes,0,0,0,0,0,0,0,0,0,0,0,0,0,0,0,0,0,0,0,0
65,Female,169819,No,No,No,No,Yes,Yes,Yes,Yes,No,No,No,No,Yes,Yes,No,No,0,0,0,0,0,0,0,0,0,0,1,1,0,0,0,0,0,0,0,0
2,Male,297767,No,No,Yes,No,No,No,No,Yes,Yes,No,Yes,No,No,Yes,No,Yes,0,0,0,0,0,0,0,1,0,0,0,0,0,0,0,0,0,0,0,0
75,Male,244492,No,No,Yes,No,Yes,No,No,No,No,No,Yes,No,No,No,No,Yes,0,0,0,0,0,0,0,1,0,0,0,0,0,0,0,0,0,0,0,0
66,Male,218316,No,No,Yes,No,Yes,No,No,No,No,No,Yes,No,No,No,No,Yes,0,0,0,0,0,0,0,1,0,0,0,0,0,0,0,0,0,0,0,0
29,Male,186513,No,No,Yes,No,No,No,Yes,No,Yes,No,Yes,No,Yes,Yes,No,No,0,0,0,0,0,0,0,1,1,0,0,1,0,0,0,0,1,0,0,0
58,Male,369573,No,No,Yes,No,Yes,No,Yes,Yes,Yes,No,Yes,Yes,No,Yes,No,Yes,0,0,0,0,0,0,0,1,1,0,0,0,0,0,0,0,1,0,0,0
29,Female,115638,No,No,Yes,Yes,Yes,No,No,Yes,Yes,Yes,Yes,Yes,Yes,Yes,No,Yes,0,1,0,0,0,0,0,1,1,1,1,1,1,0,0,0,1,1,0,1
49,Male,463101,No,No,Yes,No,No,No,Yes,Yes,Yes,No,Yes,Yes,No,Yes,No,Yes,0,0,0,0,0,0,0,0,1,0,0,0,0,0,0,0,1,0,0,0
58,Male,434700,No,No,Yes,No,No,No,No,No,No,No,Yes,No,Yes,No,No,Yes,0,0,0,0,0,0,0,0,0,0,0,0,0,0,0,0,0,0,0,0
67,Female,29004,No,No,Yes,Yes,No,No,No,No,No,No,No,No,Yes,Yes,No,Yes,0,0,0,0,0,0,0,0,0,0,1,1,0,1,0,0,0,0,0,0
78,Male,235941,No,No,No,No,Yes,No,No,Yes,Yes,No,No,Yes,Yes,Yes,No,No,0,0,0,0,0,0,0,0,0,1,0,1,0,0,0,0,0,0,0,0
3,Male,422575,Yes,No,Yes,No,No,No,Yes,Yes,No,No,No,Yes,No,Yes,No,No,0,0,0,0,0,0,0,0,0,0,0,0,0,0,0,0,0,0,0,0
46,Female,261105,No,No,No,No,No,No,Yes,Yes,Yes,No,Yes,Yes,Yes,Yes,No,No,0,0,0,0,0,0,0,1,0,1,1,0,0,0,0,0,0,0,0,0
46,Female,461137,No,No,No,Yes,No,No,Yes,Yes,Yes,No,No,No,Yes,No,No,Yes,0,0,0,0,0,0,0,0,0,0,1,0,0,0,0,0,0,0,0,0
6,Male,456205,Yes,Yes,No,No,No,No,Yes,No,No,No,No,Yes,No,Yes,No,Yes,0,0,0,0,0,0,0,0,0,0,0,0,0,0,1,0,0,0,0,0
66,Female,294386,No,No,No,Yes,Yes,Yes,Yes,No,No,No,Yes,No,No,No,No,Yes,0,0,0,0,0,0,0,1,0,0,0,0,0,0,0,0,0,0,0,0
74,Female,150040,No,No,No,No,No,Yes,No,Yes,No,No,No,No,Yes,Yes,No,Yes,0,0,0,0,0,0,0,0,0,0,1,1,0,0,0,0,0,0,0,0
81,Female,395725,No,No,No,No,Yes,Yes,No,Yes,No,No,No,No,Yes,Yes,No,No,0,0,0,0,0,0,0,0,0,0,1,0,0,0,0,0,0,0,0,0
18,Female,295069,No,No,Yes,Yes,No,No,No,No,No,Yes,No,Yes,No,Yes,No,Yes,0,0,0,0,0,0,0,0,0,1,0,0,1,0,0,0,0,0,0,0
76,Female,386932,No,No,Yes,Yes,Yes,No,No,No,No,No,Yes,No,Yes,Yes,No,Yes,0,0,0,0,0,0,0,1,0,0,1,0,0,0,0,0,0,0,0,0
72,Male,109831,No,No,No,No,Yes,No,Yes,Yes,No,No,No,Yes,No,No,No,Yes,0,0,0,0,0,0,0,0,0,1,0,0,0,0,0,0,0,0,0,0
76,Female,190376,No,No,Yes,Yes,Yes,Yes,Yes,Yes,No,No,No,Yes,No,Yes,No,No,0,0,0,0,0,0,0,0,0,1,0,0,0,0,0,0,0,0,0,0
76,Male,163756,No,No,No,No,Yes,No,No,Yes,No,No,No,Yes,Yes,No,No,No,0,0,0,0,0,0,0,0,0,1,0,1,0,0,0,0,0,0,0,0
2,Female,33955,No,No,No,No,No,No,No,Yes,No,No,Yes,No,No,Yes,Yes,Yes,0,0,0,0,0,0,0,1,0,0,0,0,0,0,0,0,0,0,1,0
77,Female,262880,No,No,Yes,Yes,No,Yes,No,Yes,No,No,No,No,No,Yes,No,No,0,0,0,0,0,0,0,0,0,0,0,0,0,0,0,0,0,0,0,0
39,Male,162137,No,No,Yes,No,Yes,No,Yes,Yes,Yes,No,No,No,Yes,Yes,No,Yes,0,0,0,0,0,0,0,0,1,0,0,1,0,0,0,0,0,0,0,0
21,Male,322285,Yes,Yes,Yes,No,Yes,No,No,Yes,Yes,No,Yes,No,Yes,Yes,No,No,0,0,1,0,0,0,0,1,1,0,0,0,0,0,0,1,1,0,0,0
26,Male,259592,No,No,No,No,No,No,Yes,No,Yes,No,No,Yes,No,No,No,Yes,0,0,0,0,0,0,0,0,0,1,0,0,0,0,0,0,0,0,0,0
62,Female,376573,No,No,Yes,No,No,No,No,No,No,No,No,Yes,Yes,Yes,No,No,0,0,0,0,0,0,0,0,0,0,1,0,0,0,0,0,0,0,0,0
10,Male,67252,Yes,No,Yes,No,No,No,No,No,No,No,Yes,Yes,Yes,Yes,No,No,0,0,0,0,0,0,0,1,0,0,0,1,0,0,0,0,0,0,0,0
33,Female,367299,No,No,Yes,Yes,Yes,No,No,No,No,Yes,No,No,No,No,No,No,0,0,0,0,0,0,0,0,0,0,0,0,1,0,0,0,0,0,0,0
78,Male,323903,No,No,Yes,No,No,No,Yes,No,Yes,No,No,Yes,No,Yes,No,No,0,0,0,0,0,0,0,0,1,0,0,0,0,0,0,0,0,0,0,0
51,Female,239676,No,No,Yes,Yes,Yes,Yes,Yes,Yes,No,No,Yes,No,Yes,Yes,No,No,0,1,0,0,0,0,0,1,0,0,1,1,0,0,0,0,0,0,0,0
71,Female,334977,No,No,No,Yes,No,Yes,Yes,Yes,Yes,No,No,Yes,No,Yes,No,Yes,0,0,0,0,0,0,0,0,0,0,0,0,0,0,0,0,0,0,0,0
30,Female,371608,No,No,Yes,Yes,Yes,No,No,Yes,No,No,Yes,No,Yes,Yes,No,Yes,0,0,0,0,0,0,0,1,0,0,1,0,0,0,0,0,0,0,0,1
26,Female,459013,No,No,Yes,No,Yes,No,No,No,No,No,No,No,Yes,No,No,No,0,0,0,0,0,0,0,0,0,0,1,0,0,0,0,0,0,0,0,0
26,Male,199560,No,No,Yes,No,No,No,No,Yes,Yes,No,Yes,No,Yes,Yes,No,No,0,0,0,0,0,0,0,1,1,0,0,1,0,0,0,0,1,0,0,0
7,Female,222520,No,No,Yes,No,No,Yes,No,No,No,No,No,No,Yes,Yes,Yes,Yes,0,0,0,0,0,0,0,0,0,0,0,1,0,0,0,0,0,0,0,0
31,Female,398229,No,No,No,No,Yes,No,No,No,Yes,Yes,Yes,No,No,Yes,No,Yes,0,0,0,0,0,0,0,1,0,0,0,0,1,0,0,0,0,1,0,0
68,Female,415529,No,No,No,Yes,No,Yes,No,No,Yes,No,Yes,Yes,No,Yes,No,Yes,0,0,0,0,0,0,0,0,0,0,0,0,0,0,0,0,0,0,0,0
10,Female,19538,No,No,Yes,No,No,Yes,No,Yes,Yes,No,Yes,Yes,No,Yes,Yes,No,0,0,0,0,0,0,0,1,0,0,0,0,0,0,0,0,0,0,1,0
45,Male,483570,No,No,Yes,No,No,No,No,Yes,Yes,No,No,No,No,Yes,No,Yes,0,0,0,0,0,0,0,0,1,0,0,0,0,0,0,0,0,0,0,0
12,Male,479458,No,No,Yes,No,Yes,No,No,No,Yes,No,No,Yes,Yes,No,No,No,0,0,0,0,0,0,0,0,0,0,0,0,0,0,0,0,0,0,0,0
85,Female,487812,No,No,No,Yes,No,No,Yes,Yes,Yes,No,Yes,No,Yes,No,No,Yes,0,0,0,0,0,0,0,0,0,0,1,0,0,0,0,0,0,0,0,0
53,Female,424245,No,No,No,Yes,Yes,Yes,Yes,Yes,Yes,No,Yes,No,No,Yes,No,Yes,0,0,0,0,0,0,0,0,0,0,0,0,0,0,0,0,0,0,0,0
62,Male,200017,No,No,No,No,Yes,No,Yes,Yes,Yes,No,No,No,No,No,No,No,0,0,0,0,0,0,0,0,0,0,0,0,0,0,0,0,0,0,0,0
30,Female,343647,No,No,Yes,Yes,Yes,No,Yes,Yes,No,Yes,No,No,Yes,No,No,Yes,0,0,0,0,0,0,0,0,0,0,1,0,1,0,0,0,0,0,0,0
9,Male,252559,No,No,Yes,No,No,No,No,No,Yes,No,Yes,Yes,Yes,No,No,Yes,0,0,0,0,0,0,0,1,0,0,0,0,0,0,0,0,0,0,0,0
28,Female,255359,No,No,No,Yes,No,No,No,No,No,Yes,Yes,Yes,No,Yes,No,Yes,0,0,0,0,0,0,0,1,0,1,0,0,1,0,0,0,0,1,0,1
30,Male,131076,No,No,No,No,Yes,No,No,Yes,Yes,No,No,Yes,No,No,No,Yes,0,0,0,0,0,0,0,0,0,1,0,0,0,0,0,0,0,0,0,0
3,Female,296256,Yes,No,No,No,Yes,Yes,Yes,No,No,No,Yes,Yes,No,No,Yes,Yes,0,0,0,0,0,0,0,1,0,0,0,0,0,0,0,0,0,0,0,0
67,Male,496433,No,No,No,No,No,No,No,No,Yes,No,No,Yes,Yes,Yes,No,No,0,0,0,0,0,0,0,0,0,0,0,0,0,0,0,0,0,0,0,0
74,Female,155042,No,No,No,No,No,No,No,Yes,No,No,Yes,No,Yes,Yes,No,No,0,1,0,0,0,0,0,1,0,0,1,1,0,0,0,0,0,0,0,0
59,Male,355951,No,No,Yes,No,Yes,No,No,Yes,No,No,Yes,No,No,Yes,No,Yes,0,0,0,0,0,0,0,1,0,0,0,0,0,0,0,0,0,0,0,0
57,Female,489778,No,No,No,Yes,Yes,Yes,No,Yes,No,No,No,Yes,Yes,No,No,Yes,0,0,0,0,0,0,0,0,0,0,1,0,0,0,0,0,0,0,0,0
77,Female,185996,No,No,Yes,No,Yes,No,Yes,Yes,Yes,No,Yes,Yes,No,Yes,No,No,0,1,0,0,0,0,0,1,1,1,0,0,0,0,0,0,1,0,0,0
40,Male,414657,No,No,Yes,No,No,No,Yes,Yes,No,No,No,Yes,Yes,No,No,Yes,0,0,0,0,0,0,0,0,0,0,0,0,0,0,0,0,0,0,0,0
27,Male,311337,No,No,Yes,No,No,No,Yes,Yes,No,No,Yes,No,Yes,No,No,No,0,0,0,0,0,0,0,1,0,0,0,0,0,0,0,0,0,0,0,0
82,Male,136829,No,No,No,No,Yes,No,No,No,Yes,No,No,Yes,No,Yes,No,Yes,0,0,0,0,0,0,0,0,0,1,0,0,0,0,0,0,0,0,0,0
18,Female,243831,Yes,Yes,No,Yes,Yes,No,Yes,Yes,No,Yes,No,No,Yes,Yes,No,Yes,0,0,0,0,0,0,0,0,0,0,1,1,1,0,1,1,0,0,0,0
43,Female,287500,No,No,Yes,No,No,No,Yes,Yes,Yes,Yes,Yes,Yes,Yes,Yes,No,No,0,0,0,0,0,0,0,1,1,1,1,0,1,0,0,0,1,1,0,0
40,Female,208454,No,No,Yes,No,No,Yes,No,No,Yes,Yes,Yes,No,No,No,No,Yes,0,1,0,0,0,0,0,1,1,0,0,0,1,0,0,0,1,1,0,0
9,Male,164469,Yes,Yes,No,No,Yes,No,Yes,Yes,No,No,Yes,Yes,Yes,Yes,No,Yes,0,0,0,1,0,0,0,1,0,0,0,1,0,0,1,1,0,0,0,0
77,Female,148787,No,No,Yes,No,Yes,Yes,Yes,Yes,Yes,No,Yes,Yes,Yes,No,No,Yes,0,1,0,0,0,0,0,1,1,1,1,1,0,0,0,0,1,0,0,0
46,Female,176091,No,No,No,No,Yes,No,No,Yes,Yes,No,Yes,Yes,Yes,Yes,No,No,0,1,0,0,0,0,0,1,0,1,1,1,0,0,0,0,0,0,0,0
38,Male,423532,No,No,Yes,No,No,No,No,Yes,No,No,No,Yes,Yes,Yes,No,Yes,0,0,0,0,0,0,0,0,0,0,0,0,0,0,0,0,0,0,0,0
71,Male,10414,No,No,No,No,Yes,No,Yes,Yes,Yes,No,Yes,No,Yes,Yes,No,No,0,0,0,0,1,0,1,1,0,0,0,1,0,1,0,0,0,0,0,0
47,Male,313377,No,No,Yes,No,Yes,No,Yes,Yes,No,No,No,No,No,Yes,No,No,0,0,0,0,0,0,0,0,0,0,0,0,0,0,0,0,0,0,0,0
58,Male,390498,No,No,Yes,No,No,No,No,Yes,No,No,Yes,No,No,Yes,No,Yes,0,0,0,0,0,0,0,1,0,0,0,0,0,0,0,0,0,0,0,0
2,Male,171032,Yes,No,No,No,No,No,Yes,No,No,No,No,Yes,No,Yes,No,No,0,0,0,0,0,0,0,0,0,0,0,0,0,0,0,0,0,0,0,0
24,Male,387853,No,No,No,No,No,No,Yes,No,No,No,Yes,No,Yes,No,No,Yes,0,0,0,0,0,0,0,1,0,0,0,0,0,0,0,0,0,0,0,1
57,Female,65274,No,No,No,No,Yes,Yes,No,Yes,Yes,No,Yes,No,No,No,No,Yes,0,1,0,0,0,0,1,1,0,0,0,0,0,0,0,0,0,0,0,0
64,Female,263302,No,No,No,No,Yes,No,No,No,Yes,No,Yes,Yes,No,Yes,No,Yes,0,0,0,0,0,0,0,1,0,1,0,0,0,0,0,0,0,0,0,0
71,Female,251936,No,No,No,Yes,Yes,No,Yes,No,Yes,No,No,Yes,No,Yes,No,No,0,0,0,0,0,0,0,0,0,1,0,0,0,0,0,0,0,0,0,0
21,Male,426402,No,No,No,No,Yes,No,Yes,No,No,No,No,Yes,Yes,Yes,No,Yes,0,0,0,0,0,0,0,0,0,0,0,0,0,0,0,0,0,0,0,0
31,Female,442825,No,No,No,Yes,No,No,No,No,Yes,No,Yes,Yes,Yes,No,No,Yes,0,0,0,0,0,0,0,0,0,0,1,0,0,0,0,0,0,0,0,0
29,Male,106412,No,No,No,No,Yes,No,No,Yes,No,No,Yes,Yes,No,No,No,No,0,0,0,0,0,0,0,1,0,1,0,0,0,0,0,0,0,0,0,0
66,Male,35994,No,No,No,No,Yes,No,No,Yes,No,No,No,No,Yes,Yes,No,Yes,0,0,0,0,0,0,0,0,0,0,0,1,0,1,0,0,0,0,0,0
35,Female,74669,No,No,No,Yes,No,Yes,No,Yes,Yes,No,Yes,Yes,No,No,No,No,0,1,0,0,0,1,0,1,0,1,0,0,0,0,0,0,0,0,0,0
64,Male,138049,No,No,Yes,No,No,No,No,Yes,No,No,Yes,No,Yes,Yes,No,No,0,0,0,0,0,0,0,1,0,0,0,1,0,0,0,0,0,0,0,0
36,Female,424844,No,No,Yes,No,No,No,Yes,Yes,Yes,Yes,Yes,No,Yes,No,No,Yes,0,0,0,0,0,0,0,0,1,0,1,0,1,0,0,0,1,1,0,0
14,Male,483606,No,No,Yes,No,Yes,No,No,No,No,No,No,No,No,Yes,No,No,0,0,0,0,0,0,0,0,0,0,0,0,0,0,0,0,0,0,0,0
40,Male,248074,No,No,Yes,No,Yes,No,Yes,Yes,Yes,No,No,Yes,No,No,No,No,0,0,0,0,0,0,0,0,1,1,0,0,0,0,0,0,0,0,0,0
29,Female,316520,No,No,No,No,No,No,No,Yes,Yes,No,Yes,No,No,Yes,No,Yes,0,0,0,0,0,0,0,1,0,0,0,0,0,0,0,0,0,0,0,1
35,Male,314399,No,No,Yes,No,No,No,No,Yes,No,No,Yes,No,Yes,Yes,No,Yes,0,0,0,0,0,0,0,1,0,0,0,0,0,0,0,0,0,0,0,0
72,Female,318541,No,No,Yes,No,No,Yes,Yes,Yes,Yes,No,Yes,No,No,No,No,Yes,0,0,0,0,0,0,0,1,1,0,0,0,0,0,0,0,1,0,0,0
76,Male,194213,No,No,No,No,Yes,No,No,Yes,No,No,Yes,No,No,No,No,No,0,0,0,0,0,0,0,1,0,0,0,0,0,0,0,0,0,0,0,0
3,Male,19537,No,No,Yes,No,No,No,Yes,Yes,No,No,No,Yes,No,No,No,Yes,0,0,0,0,0,0,0,0,0,0,0,0,0,0,0,0,0,0,0,0
17,Male,75950,Yes,Yes,No,No,No,No,No,Yes,Yes,No,Yes,No,No,No,No,No,0,0,0,0,0,0,0,1,0,0,0,0,0,0,0,1,0,0,0,0
15,Male,410890,No,No,No,No,No,No,No,Yes,Yes,No,No,Yes,Yes,Yes,No,No,0,0,0,0,0,0,0,0,0,0,0,0,0,0,0,0,0,0,0,0
73,Male,129838,No,No,No,No,No,No,No,Yes,No,No,Yes,No,Yes,Yes,No,No,0,0,0,0,0,0,0,1,0,0,0,1,0,0,0,0,0,0,0,0
66,Female,274422,No,No,Yes,No,No,Yes,No,Yes,No,No,No,Yes,No,No,No,Yes,0,0,0,0,0,0,0,0,0,1,0,0,0,0,0,0,0,0,0,0
19,Male,354937,No,No,No,No,No,No,No,Yes,Yes,No,Yes,Yes,No,Yes,No,Yes,0,0,0,0,0,0,0,1,0,0,0,0,0,0,0,0,0,0,0,1
43,Male,450402,No,No,Yes,No,Yes,No,Yes,Yes,Yes,No,No,Yes,Yes,No,No,Yes,0,0,0,0,0,0,0,0,1,0,0,0,0,0,0,0,0,0,0,0
79,Male,208490,No,No,No,No,No,No,Yes,Yes,No,No,Yes,Yes,No,No,No,No,0,0,0,0,0,0,0,1,0,1,0,0,0,0,0,0,0,0,0,0
4,Male,13419,Yes,Yes,No,No,No,No,Yes,No,Yes,No,Yes,Yes,Yes,Yes,No,No,0,0,0,0,0,0,0,1,0,0,0,1,0,0,0,0,0,0,0,0
7,Female,422437,No,No,No,No,No,No,Yes,Yes,Yes,No,No,No,Yes,Yes,Yes,No,0,0,0,0,0,0,0,0,0,0,0,0,0,0,0,0,0,0,0,0
2,Male,295338,No,No,No,No,Yes,No,No,No,Yes,No,Yes,Yes,Yes,No,No,Yes,0,0,0,0,0,0,0,1,0,0,0,0,0,0,0,0,0,0,0,0
71,Male,55193,No,No,No,No,Yes,No,Yes,No,No,No,No,Yes,No,Yes,No,Yes,0,0,0,0,0,0,0,0,0,1,0,0,0,1,0,0,0,0,0,0
48,Female,352699,No,No,No,No,Yes,No,No,Yes,No,No,No,Yes,Yes,No,No,Yes,0,0,0,0,0,0,0,0,0,0,1,0,0,0,0,0,0,0,0,0
3,Female,195140,Yes,Yes,No,No,Yes,No,Yes,Yes,No,No,No,Yes,Yes,No,Yes,Yes,0,0,0,0,0,0,0,0,0,0,0,1,0,0,0,0,0,0,0,0
12,Female,131786,Yes,No,Yes,No,Yes,No,Yes,Yes,No,No,Yes,No,No,No,Yes,Yes,0,0,0,0,0,0,0,1,0,0,0,0,0,0,1,1,0,0,0,0
16,Female,201221,Yes,Yes,No,No,No,No,Yes,No,Yes,Yes,Yes,Yes,No,No,Yes,Yes,0,0,0,0,0,0,0,1,0,0,0,0,0,0,1,0,0,0,0,0
20,Female,151690,No,No,No,Yes,No,No,No,Yes,No,Yes,Yes,Yes,No,Yes,No,Yes,0,0,0,0,0,0,0,1,0,1,0,0,1,0,0,0,0,1,0,1
50,Male,347419,No,No,Yes,No,Yes,No,No,Yes,Yes,No,Yes,Yes,Yes,No,No,Yes,0,0,0,0,0,0,0,1,1,0,0,0,0,0,0,0,1,0,0,0
13,Female,257813,No,No,No,No,Yes,No,No,No,Yes,No,Yes,No,Yes,No,Yes,Yes,0,0,0,0,0,0,0,1,0,0,0,0,0,0,0,0,0,0,0,0
16,Male,459892,No,No,Yes,No,Yes,No,No,Yes,Yes,No,No,No,Yes,Yes,No,No,0,0,0,0,0,0,0,0,0,0,0,0,0,0,0,0,0,0,0,0
66,Female,292757,No,No,No,No,No,Yes,Yes,No,No,No,Yes,Yes,Yes,Yes,No,No,0,0,0,0,0,0,0,1,0,1,1,0,0,0,0,0,0,0,0,0
54,Male,150848,No,No,No,No,No,No,Yes,Yes,No,No,No,Yes,No,Yes,No,No,0,0,0,0,0,0,0,0,0,1,0,0,0,0,0,0,0,0,0,0
24,Male,427112,No,No,No,No,No,No,No,No,Yes,No,Yes,Yes,No,Yes,No,Yes,0,0,0,0,0,0,0,0,0,0,0,0,0,0,0,0,0,0,0,1
31,Female,266376,No,No,No,No,No,Yes,Yes,Yes,No,Yes,No,No,No,Yes,No,No,0,0,0,0,0,0,0,0,0,0,0,0,1,0,0,0,0,0,0,0
47,Female,220493,No,No,Yes,Yes,Yes,No,No,No,Yes,No,Yes,Yes,Yes,No,No,No,0,1,0,0,0,0,0,1,1,1,1,1,0,0,0,0,1,0,0,0
27,Male,279157,No,No,No,No,No,No,Yes,No,Yes,No,Yes,No,Yes,No,No,No,0,0,0,0,0,0,0,1,0,0,0,0,0,0,0,0,0,0,0,0
2,Male,281090,Yes,Yes,No,No,No,No,No,Yes,Yes,No,No,No,Yes,No,No,No,0,0,0,0,0,0,0,0,0,0,0,0,0,0,0,0,0,0,0,0
48,Male,311577,No,No,No,No,Yes,No,No,No,Yes,No,No,No,Yes,No,No,Yes,0,0,0,0,0,0,0,0,0,0,0,0,0,0,0,0,0,0,0,0
79,Male,332706,No,No,No,No,Yes,No,No,Yes,No,No,Yes,Yes,No,No,No,Yes,0,0,0,0,0,0,0,1,0,0,0,0,0,0,0,0,0,0,0,0
39,Female,152210,No,No,Yes,Yes,No,No,No,No,Yes,No,No,No,Yes,No,No,No,0,0,0,0,0,0,0,0,1,0,1,1,0,0,0,0,0,0,0,0
69,Male,212747,No,No,Yes,No,No,No,No,No,Yes,No,No,Yes,Yes,No,No,Yes,0,0,0,0,0,0,0,0,1,1,0,1,0,0,0,0,0,0,0,0
42,Female,187907,No,No,No,Yes,No,No,Yes,Yes,Yes,No,Yes,Yes,No,Yes,No,Yes,0,1,0,0,0,0,0,1,0,1,0,0,0,0,0,0,0,0,0,0
16,Female,167569,No,No,No,No,Yes,No,No,Yes,No,Yes,Yes,Yes,Yes,No,Yes,Yes,0,0,0,0,0,0,0,1,0,0,0,1,0,0,0,0,0,0,0,0
60,Female,59671,No,No,Yes,No,Yes,Yes,No,No,Yes,No,No,Yes,No,No,No,Yes,0,0,0,0,0,0,0,0,1,1,0,0,0,0,0,0,0,0,0,0
46,Male,398476,No,No,No,No,Yes,No,No,No,Yes,No,No,Yes,Yes,No,No,No,0,0,0,0,0,0,0,0,0,0,0,0,0,0,0,0,0,0,0,0
29,Male,305933,No,No,Yes,No,Yes,No,No,Yes,No,No,Yes,Yes,Yes,Yes,No,No,0,0,0,0,0,0,0,1,0,0,0,0,0,0,0,0,0,0,0,0
26,Female,444675,No,No,Yes,No,Yes,Yes,Yes,Yes,Yes,No,Yes,Yes,No,Yes,No,Yes,0,0,0,0,0,0,0,0,1,0,0,0,0,0,0,0,1,0,0,1
83,Male,360409,No,No,Yes,No,Yes,No,Yes,No,Yes,No,No,No,No,No,No,Yes,0,0,0,0,0,0,0,0,1,0,0,0,0,0,0,0,0,0,0,0
28,Male,355172,No,No,No,No,No,No,Yes,Yes,Yes,No,Yes,No,Yes,Yes,No,No,0,0,0,0,0,0,0,1,0,0,0,0,0,0,0,0,0,0,0,0
34,Male,332853,No,No,No,No,Yes,No,No,No,Yes,No,Yes,No,No,No,No,Yes,0,0,0,0,0,0,0,1,0,0,0,0,0,0,0,0,0,0,0,0
65,Female,466098,No,No,No,No,Yes,No,Yes,No,Yes,No,Yes,Yes,Yes,Yes,No,No,0,0,0,0,0,0,0,0,0,0,1,0,0,0,0,0,0,0,0,0
38,Male,186598,No,No,No,No,No,No,Yes,Yes,No,No,Yes,No,Yes,Yes,No,No,0,0,0,0,0,0,0,1,0,0,0,1,0,0,0,0,0,0,0,0
8,Female,476625,No,No,No,No,No,Yes,No,Yes,Yes,No,No,Yes,Yes,Yes,Yes,No,0,0,0,0,0,0,0,0,0,0,0,0,0,0,0,0,0,0,0,0
11,Female,402745,Yes,Yes,No,No,Yes,No,No,No,No,No,No,No,No,Yes,Yes,Yes,0,0,0,0,0,0,0,0,0,0,0,0,0,0,0,0,0,0,0,0
7,Male,41965,No,No,No,No,No,No,No,Yes,Yes,No,No,Yes,No,Yes,No,No,0,0,0,0,0,0,0,0,0,0,0,0,0,0,0,0,0,0,0,0
67,Female,16633,No,No,Yes,No,Yes,No,No,No,No,No,Yes,Yes,Yes,Yes,No,No,0,1,0,0,1,0,1,1,0,1,1,1,0,1,0,0,0,0,0,0
5,Female,158241,Yes,No,Yes,No,No,Yes,No,No,No,No,No,Yes,No,No,Yes,Yes,0,0,0,0,0,0,0,0,0,0,0,0,0,0,0,0,0,0,0,0
9,Male,97120,No,No,No,No,Yes,No,No,No,Yes,No,No,Yes,Yes,Yes,No,No,0,0,0,0,0,0,0,0,0,0,0,1,0,0,0,0,0,0,0,0
49,Female,325600,No,No,No,Yes,No,Yes,Yes,No,Yes,No,No,Yes,Yes,Yes,No,No,0,0,0,0,0,0,0,0,0,0,1,0,0,0,0,0,0,0,0,0
46,Male,239560,No,No,Yes,No,Yes,No,Yes,Yes,No,No,No,Yes,Yes,Yes,No,No,0,0,0,0,0,0,0,0,0,1,0,1,0,0,0,0,0,0,0,0
35,Female,79423,No,No,Yes,No,No,No,Yes,Yes,No,Yes,No,No,No,Yes,No,Yes,0,0,0,0,0,0,0,0,0,0,0,0,1,0,0,0,0,0,0,0
84,Male,34377,No,No,Yes,No,Yes,No,Yes,No,No,No,No,Yes,Yes,Yes,No,No,0,0,0,0,0,0,0,0,0,1,0,1,0,1,0,0,0,0,0,0
75,Male,172463,No,No,No,No,Yes,No,Yes,Yes,No,No,Yes,Yes,Yes,No,No,Yes,0,0,0,0,0,0,0,1,0,1,0,1,0,0,0,0,0,0,0,0
5,Male,356720,Yes,Yes,Yes,No,Yes,No,No,Yes,Yes,No,Yes,Yes,No,No,No,Yes,0,0,0,1,0,0,0,1,0,0,0,0,0,0,0,1,0,0,0,0
19,Female,141057,Yes,Yes,Yes,No,No,No,No,Yes,No,Yes,Yes,No,No,No,No,Yes,1,0,0,0,0,0,0,1,0,0,0,0,1,0,0,1,0,1,0,1
18,Male,231407,Yes,No,Yes,No,Yes,No,No,Yes,No,No,Yes,No,No,No,No,No,0,0,0,0,0,0,0,1,0,0,0,0,0,0,0,1,0,0,0,0
14,Male,443966,No,No,No,No,No,No,Yes,No,Yes,No,No,No,No,Yes,No,No,0,0,0,0,0,0,0,0,0,0,0,0,0,0,0,0,0,0,0,0
24,Female,66229,Yes,No,No,No,Yes,Yes,No,Yes,No,No,Yes,Yes,Yes,Yes,No,Yes,1,1,0,0,0,0,1,1,0,1,1,1,0,1,0,1,0,0,0,1
85,Male,261736,No,No,Yes,No,No,No,No,Yes,No,No,No,No,Yes,No,No,Yes,0,0,0,0,0,0,0,0,0,0,0,0,0,0,0,0,0,0,0,0
79,Male,397574,No,No,Yes,No,Yes,No,No,Yes,Yes,No,No,Yes,Yes,No,No,No,0,0,0,0,0,0,0,0,1,0,0,0,0,0,0,0,0,0,0,0
64,Male,462525,No,No,No,No,No,No,No,No,No,No,No,No,Yes,No,No,No,0,0,0,0,0,0,0,0,0,0,0,0,0,0,0,0,0,0,0,0
46,Male,28051,No,No,Yes,No,Yes,No,No,No,Yes,No,Yes,No,No,Yes,No,Yes,0,0,0,0,0,0,1,1,1,0,0,0,0,1,0,0,1,0,0,0
60,Female,179668,No,No,No,No,No,No,No,No,No,No,Yes,No,Yes,No,No,Yes,0,1,0,0,0,0,0,1,0,0,1,1,0,0,0,0,0,0,0,0
50,Male,335643,No,No,No,No,No,No,No,Yes,No,No,Yes,Yes,Yes,Yes,No,No,0,0,0,0,0,0,0,1,0,0,0,0,0,0,0,0,0,0,0,0
49,Male,438099,No,No,Yes,No,No,No,Yes,Yes,No,No,Yes,No,No,No,No,Yes,0,0,0,0,0,0,0,0,0,0,0,0,0,0,0,0,0,0,0,0
58,Female,451735,No,No,No,Yes,No,Yes,No,Yes,No,No,Yes,No,Yes,Yes,No,Yes,0,0,0,0,0,0,0,0,0,0,1,0,0,0,0,0,0,0,0,0
27,Female,458189,No,No,No,No,No,Yes,Yes,Yes,No,No,Yes,No,Yes,No,No,No,0,0,0,0,0,0,0,0,0,0,1,0,0,0,0,0,0,0,0,0
38,Female,469529,No,No,Yes,No,Yes,No,Yes,Yes,No,Yes,No,Yes,Yes,No,No,Yes,0,0,0,0,0,0,0,0,0,0,1,0,1,0,0,0,0,0,0,0
28,Female,280092,No,No,Yes,Yes,No,No,Yes,No,No,Yes,Yes,Yes,No,No,No,Yes,0,0,0,0,0,0,0,1,0,1,0,0,1,0,0,0,0,1,0,1
24,Male,358937,No,No,Yes,No,No,No,Yes,Yes,No,No,Yes,No,Yes,No,No,No,0,0,0,0,0,0,0,1,0,0,0,0,0,0,0,0,0,0,0,0
73,Male,298610,No,No,No,No,No,No,Yes,No,Yes,No,No,Yes,Yes,No,No,No,0,0,0,0,0,0,0,0,0,1,0,0,0,0,0,0,0,0,0,0
60,Male,456445,No,No,Yes,No,Yes,No,Yes,Yes,Yes,No,Yes,Yes,Yes,No,No,No,0,0,0,0,0,0,0,0,1,0,0,0,0,0,0,0,1,0,0,0
39,Male,384747,No,No,Yes,No,Yes,No,Yes,Yes,Yes,No,No,Yes,No,No,No,Yes,0,0,0,0,0,0,0,0,1,0,0,0,0,0,0,0,0,0,0,0
23,Male,451329,No,No,No,No,Yes,No,Yes,No,Yes,No,No,Yes,Yes,No,No,Yes,0,0,0,0,0,0,0,0,0,0,0,0,0,0,0,0,0,0,0,0
21,Female,274578,Yes,Yes,Yes,Yes,No,No,Yes,Yes,Yes,Yes,No,Yes,Yes,No,No,Yes,0,0,0,0,0,0,0,0,1,1,1,0,1,0,1,1,0,0,0,0
63,Female,496920,No,No,No,Yes,Yes,No,No,No,Yes,No,No,No,Yes,Yes,No,No,0,0,0,0,0,0,0,0,0,0,1,0,0,0,0,0,0,0,0,0
15,Male,121976,Yes,Yes,Yes,No,No,No,No,No,No,No,Yes,No,No,No,No,No,0,0,0,1,0,0,0,1,0,0,0,0,0,0,0,0,0,0,0,0
82,Male,159808,No,No,No,No,Yes,No,Yes,No,No,No,Yes,No,Yes,No,No,No,0,0,0,0,0,0,0,1,0,0,0,1,0,0,0,0,0,0,0,0
68,Female,140633,No,No,No,Yes,Yes,No,No,Yes,Yes,No,No,Yes,Yes,No,No,No,0,0,0,0,0,0,0,0,0,1,1,1,0,0,0,0,0,0,0,0
14,Female,245815,No,No,Yes,No,No,No,No,Yes,No,No,Yes,Yes,Yes,No,Yes,Yes,0,0,0,0,0,0,0,1,0,0,0,1,0,0,0,0,0,0,0,0
71,Female,83605,No,No,No,No,Yes,No,No,No,Yes,No,No,No,No,No,No,Yes,0,0,0,0,0,0,0,0,0,0,0,0,0,0,0,0,0,0,0,0
38,Female,474178,No,No,No,Yes,No,Yes,Yes,Yes,Yes,No,Yes,No,No,Yes,No,No,0,0,0,0,0,0,0,0,0,0,0,0,0,0,0,0,0,0,0,0
61,Female,386440,No,No,Yes,No,Yes,Yes,Yes,No,No,No,No,Yes,No,Yes,No,Yes,0,0,0,0,0,0,0,0,0,0,0,0,0,0,0,0,0,0,0,0
4,Female,209850,No,No,Yes,No,Yes,No,Yes,Yes,Yes,No,Yes,Yes,Yes,No,Yes,No,0,0,0,0,0,0,0,1,0,0,0,1,0,0,0,0,0,0,0,0
30,Female,105884,No,No,No,Yes,No,No,Yes,Yes,Yes,Yes,Yes,No,Yes,Yes,No,Yes,0,1,0,0,0,0,0,1,0,0,1,1,1,0,0,0,0,1,0,1
56,Female,151929,No,No,No,No,Yes,Yes,Yes,Yes,No,No,No,No,No,No,No,No,0,0,0,0,0,0,0,0,0,0,0,0,0,0,0,0,0,0,0,0
4,Male,466878,No,No,No,No,Yes,No,No,No,No,No,No,No,No,No,No,No,0,0,0,0,0,0,0,0,0,0,0,0,0,0,0,0,0,0,0,0
31,Female,148028,No,No,Yes,No,No,Yes,No,Yes,No,Yes,No,No,Yes,No,No,Yes,0,0,0,0,0,0,0,0,0,0,1,1,1,0,0,0,0,0,0,0
56,Male,365604,No,No,Yes,No,Yes,No,No,No,Yes,No,No,No,No,No,No,Yes,0,0,0,0,0,0,0,0,1,0,0,0,0,0,0,0,0,0,0,0
41,Male,462526,No,No,No,No,No,No,Yes,Yes,Yes,No,No,No,No,No,No,No,0,0,0,0,0,0,0,0,0,0,0,0,0,0,0,0,0,0,0,0
51,Male,83751,No,No,Yes,No,Yes,No,No,No,No,No,No,No,No,No,No,Yes,0,0,0,0,0,0,0,0,0,0,0,0,0,0,0,0,0,0,0,0
64,Female,135731,No,No,No,Yes,Yes,No,No,Yes,Yes,No,Yes,No,No,No,No,No,0,1,0,0,0,0,0,1,0,0,0,0,0,0,0,0,0,0,0,0
57,Male,194290,No,No,No,No,No,No,No,No,Yes,No,No,No,Yes,Yes,No,No,0,0,0,0,0,0,0,0,0,0,0,1,0,0,0,0,0,0,0,0
25,Female,384564,Yes,Yes,No,No,No,No,No,Yes,Yes,Yes,Yes,No,Yes,No,No,No,0,0,0,0,0,0,0,1,0,0,1,0,1,0,0,1,0,1,0,0
31,Male,430732,No,No,No,No,No,No,No,Yes,Yes,No,No,No,No,Yes,No,No,0,0,0,0,0,0,0,0,0,0,0,0,0,0,0,0,0,0,0,0
80,Male,60800,No,No,Yes,No,Yes,No,No,No,Yes,No,No,Yes,No,Yes,No,Yes,0,0,0,0,0,0,0,0,1,1,0,0,0,1,0,0,0,0,0,0
77,Female,187696,No,No,Yes,No,Yes,No,Yes,Yes,Yes,No,No,Yes,No,Yes,No,Yes,0,0,0,0,0,0,0,0,1,1,0,0,0,0,0,0,0,0,0,0
45,Female,123844,No,No,No,No,No,No,No,Yes,Yes,No,Yes,No,No,No,No,No,0,1,0,0,0,0,0,1,0,0,0,0,0,0,0,0,0,0,0,0
17,Male,45308,Yes,No,No,No,Yes,No,No,Yes,No,No,No,Yes,No,No,No,Yes,0,0,0,0,0,0,0,0,0,0,0,0,0,0,0,1,0,0,0,0
1,Female,486947,Yes,No,No,No,No,No,No,Yes,No,No,Yes,No,No,Yes,Yes,Yes,0,0,0,0,0,0,0,0,0,0,0,0,0,0,0,0,0,0,0,0
1,Female,408868,Yes,No,No,No,Yes,Yes,No,No,Yes,No,Yes,Yes,No,Yes,Yes,No,0,0,0,0,0,0,0,0,0,0,0,0,0,0,0,0,0,0,0,0
82,Female,171495,No,No,No,No,No,No,No,No,Yes,No,Yes,Yes,Yes,No,No,Yes,0,1,0,0,0,0,0,1,0,1,1,1,0,0,0,0,0,0,0,0
16,Female,375033,Yes,Yes,No,No,Yes,Yes,Yes,No,Yes,No,No,No,No,Yes,Yes,Yes,0,0,0,0,0,0,0,0,0,0,0,0,0,0,1,0,0,0,0,0
12,Female,349263,Yes,Yes,No,No,Yes,No,No,No,No,No,Yes,Yes,No,No,Yes,Yes,0,0,0,1,0,0,0,1,0,0,0,0,0,0,0,0,0,0,0,0
61,Male,294131,No,No,Yes,No,No,No,Yes,No,No,No,No,Yes,Yes,No,No,No,0,0,0,0,0,0,0,0,0,1,0,0,0,0,0,0,0,0,0,0
37,Female,435779,No,No,Yes,Yes,Yes,No,No,Yes,Yes,Yes,Yes,No,Yes,Yes,No,No,0,0,0,0,0,0,0,0,1,0,1,0,1,0,0,0,1,1,0,0
49,Male,76738,No,No,No,No,Yes,No,Yes,Yes,No,No,Yes,Yes,Yes,No,No,Yes,0,0,0,0,0,0,0,1,0,1,0,1,0,0,0,0,0,0,0,0
3,Female,192294,Yes,Yes,No,No,Yes,No,No,Yes,No,No,Yes,No,No,No,Yes,No,0,0,0,0,0,0,0,1,0,0,0,0,0,0,0,0,0,0,0,0
44,Male,137114,No,No,Yes,No,Yes,No,Yes,Yes,No,No,No,No,No,No,No,No,0,0,0,0,0,0,0,0,0,0,0,0,0,0,0,0,0,0,0,0
78,Female,171629,No,No,Yes,No,Yes,No,Yes,Yes,No,No,Yes,No,Yes,Yes,No,Yes,0,1,0,0,0,0,0,1,0,0,1,1,0,0,0,0,0,0,0,0
63,Male,121128,No,No,No,No,No,No,Yes,Yes,No,No,Yes,No,No,No,No,No,0,0,0,0,0,0,0,1,0,0,0,0,0,0,0,0,0,0,0,0
6,Female,63740,No,No,No,No,Yes,Yes,No,Yes,No,No,No,Yes,No,No,Yes,No,0,0,0,0,0,0,0,0,0,0,0,0,0,0,0,0,0,0,0,0
27,Male,447982,No,No,Yes,No,No,No,No,Yes,Yes,No,Yes,No,Yes,Yes,No,Yes,0,0,0,0,0,0,0,0,1,0,0,0,0,0,0,0,1,0,0,1
22,Male,187871,Yes,No,No,No,No,No,No,Yes,No,No,Yes,No,No,No,No,No,0,0,0,0,0,0,0,1,0,0,0,0,0,0,0,1,0,0,0,0
51,Male,427039,No,No,No,No,Yes,No,No,Yes,No,No,No,No,No,Yes,No,Yes,0,0,0,0,0,0,0,0,0,0,0,0,0,0,0,0,0,0,0,0
5,Male,84222,No,No,Yes,No,No,No,No,Yes,No,No,Yes,No,Yes,No,No,No,0,0,0,0,0,0,0,1,0,0,0,1,0,0,0,0,0,0,0,0
64,Male,150100,No,No,Yes,No,No,No,Yes,No,Yes,No,Yes,Yes,No,No,No,Yes,0,0,0,0,0,0,0,1,1,1,0,0,0,0,0,0,1,0,0,0
64,Female,191539,No,No,Yes,No,No,Yes,No,Yes,No,No,No,No,Yes,Yes,No,Yes,0,0,0,0,0,0,0,0,0,0,1,1,0,0,0,0,0,0,0,0
29,Female,499758,No,No,No,Yes,Yes,Yes,No,No,Yes,No,Yes,No,Yes,No,No,No,0,0,0,0,0,0,0,0,0,0,1,0,0,0,0,0,0,0,0,0
43,Female,267106,No,No,No,No,Yes,Yes,No,No,Yes,No,Yes,No,No,No,No,Yes,0,0,0,0,0,0,0,1,0,0,0,0,0,0,0,0,0,0,0,0
26,Female,210080,No,No,No,No,No,Yes,Yes,Yes,Yes,No,No,Yes,Yes,Yes,No,Yes,0,0,0,0,0,0,0,0,0,1,1,1,0,0,0,0,0,0,0,0
37,Female,177074,No,No,Yes,Yes,Yes,No,Yes,No,No,Yes,Yes,No,Yes,No,No,Yes,0,1,0,0,0,0,0,1,0,0,1,1,1,0,0,0,0,1,0,0
18,Male,277192,No,No,No,No,No,No,Yes,No,Yes,No,No,Yes,No,Yes,No,No,0,0,0,0,0,0,0,0,0,1,0,0,0,0,0,0,0,0,0,0
55,Female,91009,No,No,Yes,Yes,Yes,No,No,Yes,Yes,No,No,Yes,Yes,No,No,Yes,0,0,0,0,0,0,0,0,1,1,1,1,0,0,0,0,0,0,0,0
63,Male,247098,No,No,No,No,No,No,No,Yes,No,No,No,No,Yes,Yes,No,No,0,0,0,0,0,0,0,0,0,0,0,1,0,0,0,0,0,0,0,0
57,Male,423124,No,No,No,No,No,No,No,Yes,Yes,No,No,Yes,Yes,Yes,No,Yes,0,0,0,0,0,0,0,0,0,0,0,0,0,0,0,0,0,0,0,0
20,Female,394692,No,No,Yes,Yes,No,Yes,No,Yes,Yes,Yes,No,No,Yes,No,No,Yes,0,0,0,0,0,0,0,0,1,0,1,0,1,0,0,0,0,0,0,0
84,Female,324188,No,No,No,Yes,Yes,No,Yes,No,No,No,No,No,No,No,No,No,0,0,0,0,0,0,0,0,0,0,0,0,0,0,0,0,0,0,0,0
15,Female,275300,No,No,Yes,No,Yes,Yes,No,No,No,Yes,Yes,No,Yes,No,Yes,No,0,0,0,0,0,0,0,1,0,0,0,0,0,0,0,0,0,0,0,0
58,Male,165101,No,No,No,No,No,No,No,No,Yes,No,No,Yes,No,No,No,No,0,0,0,0,0,0,0,0,0,1,0,0,0,0,0,0,0,0,0,0
3,Female,282804,Yes,No,No,No,Yes,Yes,No,No,Yes,No,Yes,No,No,Yes,Yes,No,0,0,0,0,0,0,0,1,0,0,0,0,0,0,0,0,0,0,0,0
28,Male,295047,No,No,No,No,Yes,No,No,Yes,Yes,No,No,No,Yes,Yes,No,No,0,0,0,0,0,0,0,0,0,0,0,0,0,0,0,0,0,0,0,0
64,Male,54410,No,No,No,No,No,No,Yes,Yes,Yes,No,Yes,Yes,Yes,No,No,No,0,0,0,0,1,0,0,1,0,1,0,1,0,0,0,0,0,0,0,0
3,Female,331748,Yes,Yes,No,No,Yes,No,No,No,No,No,No,Yes,Yes,Yes,Yes,Yes,0,0,0,0,0,0,0,0,0,0,0,0,0,0,0,0,0,0,0,0
65,Female,153403,No,No,No,No,No,Yes,No,No,Yes,No,Yes,Yes,No,No,No,Yes,0,1,0,0,0,0,0,1,0,1,0,0,0,0,0,0,0,0,0,0
30,Female,407688,No,No,Yes,Yes,No,No,Yes,Yes,Yes,Yes,Yes,Yes,Yes,Yes,No,Yes,0,0,0,0,0,0,0,0,1,0,1,0,1,0,0,0,1,1,0,1
56,Female,265763,No,No,Yes,No,No,No,No,No,Yes,No,Yes,No,Yes,Yes,No,Yes,0,0,0,0,0,0,0,1,1,0,1,0,0,0,0,0,1,0,0,0
34,Female,261570,No,No,No,Yes,No,No,No,Yes,No,Yes,No,No,Yes,No,No,Yes,0,0,0,0,0,0,0,0,0,0,1,0,1,0,0,0,0,0,0,0
65,Female,342678,No,No,No,Yes,No,Yes,No,No,Yes,No,Yes,No,Yes,Yes,No,No,0,0,0,0,0,0,0,1,0,0,1,0,0,0,0,0,0,0,0,0
77,Male,175625,No,No,No,No,No,No,No,Yes,No,No,Yes,No,No,No,No,No,0,0,0,0,0,0,0,1,0,0,0,0,0,0,0,0,0,0,0,0
64,Male,326317,No,No,Yes,No,Yes,No,No,Yes,No,No,No,No,No,No,No,Yes,0,0,0,0,0,0,0,0,0,0,0,0,0,0,0,0,0,0,0,0
69,Female,479068,No,No,No,Yes,No,Yes,Yes,Yes,Yes,No,No,No,No,Yes,No,No,0,0,0,0,0,0,0,0,0,0,0,0,0,0,0,0,0,0,0,0
12,Female,183747,Yes,No,No,No,Yes,No,No,No,Yes,No,Yes,No,No,Yes,Yes,No,0,0,0,0,0,0,0,1,0,0,0,0,0,0,0,0,0,0,0,0
79,Male,454009,No,No,No,No,No,No,No,Yes,No,No,No,No,Yes,Yes,No,No,0,0,0,0,0,0,0,0,0,0,0,0,0,0,0,0,0,0,0,0
6,Male,359871,Yes,Yes,Yes,No,No,No,Yes,Yes,No,No,Yes,Yes,Yes,No,No,Yes,0,0,0,1,0,0,0,1,0,0,0,0,0,0,1,1,0,0,0,0
25,Female,317930,No,No,Yes,Yes,Yes,Yes,No,Yes,Yes,No,Yes,No,Yes,No,No,No,0,0,0,0,0,0,0,1,1,0,1,0,0,0,0,0,1,0,0,0
41,Male,110135,No,No,Yes,No,Yes,No,No,Yes,Yes,No,No,No,No,No,No,Yes,0,0,0,0,0,0,0,0,1,0,0,0,0,0,0,0,0,0,0,0
7,Female,200552,Yes,No,No,No,Yes,Yes,Yes,Yes,Yes,No,No,Yes,Yes,No,Yes,No,0,0,0,0,0,0,0,0,0,0,0,1,0,0,1,1,0,0,0,0
85,Male,428886,No,No,Yes,No,Yes,No,No,Yes,No,No,No,Yes,Yes,No,No,Yes,0,0,0,0,0,0,0,0,0,0,0,0,0,0,0,0,0,0,0,0
70,Female,272284,No,No,Yes,No,No,No,Yes,No,Yes,No,No,Yes,No,No,No,Yes,0,0,0,0,0,0,0,0,1,1,0,0,0,0,0,0,0,0,0,0
42,Male,329622,No,No,Yes,No,Yes,No,No,Yes,Yes,No,Yes,Yes,No,Yes,No,No,0,0,0,0,0,0,0,1,1,0,0,0,0,0,0,0,1,0,0,0
79,Male,467325,No,No,Yes,No,Yes,No,No,No,No,No,Yes,No,Yes,No,No,No,0,0,0,0,0,0,0,0,0,0,0,0,0,0,0,0,0,0,0,0
37,Female,324550,No,No,Yes,No,No,No,No,Yes,No,No,No,No,Yes,Yes,No,Yes,0,0,0,0,0,0,0,0,0,0,1,0,0,0,0,0,0,0,0,0
84,Female,422454,No,No,Yes,No,Yes,No,No,No,Yes,No,No,No,No,Yes,No,Yes,0,0,0,0,0,0,0,0,1,0,0,0,0,0,0,0,0,0,0,0
39,Male,114219,No,No,No,No,Yes,No,Yes,Yes,Yes,No,No,Yes,Yes,No,No,No,0,0,0,0,0,0,0,0,0,1,0,1,0,0,0,0,0,0,0,0
33,Female,260100,No,No,No,Yes,Yes,Yes,No,No,Yes,No,No,No,No,Yes,No,No,0,0,0,0,0,0,0,0,0,0,0,0,0,0,0,0,0,0,0,0
14,Male,176322,No,No,Yes,No,Yes,No,No,Yes,Yes,No,Yes,No,Yes,No,No,Yes,0,0,0,0,0,0,0,1,0,0,0,1,0,0,0,0,0,0,0,0
12,Male,25621,No,No,No,No,Yes,No,Yes,Yes,No,No,Yes,Yes,Yes,Yes,No,Yes,0,0,0,0,0,0,0,1,0,0,0,1,0,0,0,0,0,0,0,0
72,Female,121109,No,No,No,Yes,Yes,Yes,Yes,No,No,No,Yes,Yes,Yes,No,No,Yes,0,1,0,0,0,0,0,1,0,1,1,1,0,0,0,0,0,0,0,0
42,Female,308138,No,No,No,Yes,Yes,Yes,No,Yes,Yes,Yes,No,Yes,Yes,No,No,No,0,0,0,0,0,0,0,0,0,0,1,0,1,0,0,0,0,0,0,0
22,Female,339385,No,No,No,No,No,Yes,Yes,No,Yes,No,No,Yes,No,No,No,Yes,0,0,0,0,0,0,0,0,0,0,0,0,0,0,0,0,0,0,0,0
45,Female,305740,No,No,Yes,Yes,Yes,No,No,Yes,Yes,No,Yes,Yes,No,Yes,No,No,0,0,0,0,0,0,0,1,1,0,0,0,0,0,0,0,1,0,0,0
67,Female,125567,No,No,No,No,Yes,Yes,Yes,No,Yes,No,No,No,No,No,No,Yes,0,0,0,0,0,0,0,0,0,0,0,0,0,0,0,0,0,0,0,0
72,Male,308019,No,No,Yes,No,No,No,No,No,No,No,Yes,No,No,Yes,No,No,0,0,0,0,0,0,0,1,0,0,0,0,0,0,0,0,0,0,0,0
10,Male,93753,No,No,No,No,Yes,No,No,Yes,No,No,No,No,Yes,Yes,No,Yes,0,0,0,0,0,0,0,0,0,0,0,1,0,0,0,0,0,0,0,0
41,Male,244685,No,No,Yes,No,Yes,No,Yes,Yes,No,No,Yes,Yes,Yes,No,No,Yes,0,0,0,0,0,0,0,1,0,1,0,1,0,0,0,0,0,0,0,0
85,Female,365879,No,No,No,No,Yes,No,No,No,Yes,No,No,Yes,No,No,No,Yes,0,0,0,0,0,0,0,0,0,0,0,0,0,0,0,0,0,0,0,0
32,Female,142715,No,No,No,Yes,Yes,Yes,Yes,Yes,Yes,No,No,Yes,Yes,Yes,No,Yes,0,0,0,0,0,0,0,0,0,1,1,1,0,0,0,0,0,0,0,0
65,Male,247496,No,No,Yes,No,No,No,Yes,No,Yes,No,No,No,No,Yes,No,No,0,0,0,0,0,0,0,0,1,0,0,0,0,0,0,0,0,0,0,0
62,Female,81287,No,No,Yes,No,Yes,Yes,Yes,Yes,No,No,Yes,Yes,Yes,Yes,No,Yes,0,1,0,0,0,0,0,1,0,1,1,1,0,0,0,0,0,0,0,0
10,Female,23617,Yes,No,No,No,Yes,Yes,Yes,No,Yes,No,No,No,No,Yes,Yes,No,0,0,0,0,0,0,0,0,0,0,0,0,0,0,1,0,0,0,0,0
67,Male,304029,No,No,No,No,No,No,Yes,No,No,No,Yes,No,Yes,Yes,No,No,0,0,0,0,0,0,0,1,0,0,0,0,0,0,0,0,0,0,0,0
44,Female,211710,No,No,No,No,No,No,Yes,Yes,Yes,Yes,Yes,No,Yes,Yes,No,Yes,0,1,0,0,0,0,0,1,0,0,1,1,1,0,0,0,0,1,0,0
70,Female,17306,No,No,Yes,Yes,No,No,No,No,No,No,Yes,No,Yes,No,No,Yes,0,1,0,0,1,1,0,1,0,0,1,1,0,0,0,0,0,0,0,0
20,Male,432658,Yes,Yes,Yes,No,Yes,No,No,Yes,No,No,Yes,No,Yes,No,No,No,0,0,1,0,0,0,0,0,0,0,0,0,0,0,0,1,0,0,0,0
5,Female,113738,Yes,Yes,No,No,No,Yes,No,Yes,Yes,No,Yes,No,No,Yes,Yes,Yes,0,0,0,1,0,0,0,1,0,0,0,0,0,0,0,1,0,0,0,0
34,Male,163832,No,No,No,No,No,No,No,Yes,No,No,Yes,Yes,Yes,Yes,No,Yes,0,0,0,0,0,0,0,1,0,1,0,1,0,0,0,0,0,0,0,0
29,Female,100672,No,No,Yes,No,No,Yes,Yes,No,No,Yes,No,No,No,No,No,No,0,0,0,0,0,0,0,0,0,0,0,0,1,0,0,0,0,0,0,0
33,Female,310600,No,No,No,Yes,No,Yes,No,No,Yes,Yes,Yes,No,Yes,No,No,No,0,0,0,0,0,0,0,1,0,0,1,0,1,0,0,0,0,1,0,0
14,Female,419996,No,No,No,No,No,No,No,No,No,No,No,No,Yes,Yes,Yes,Yes,0,0,0,0,0,0,0,0,0,0,0,0,0,0,0,0,0,0,0,0
47,Male,86273,No,No,Yes,No,Yes,No,Yes,Yes,No,No,No,Yes,Yes,Yes,No,Yes,0,0,0,0,0,0,0,0,0,1,0,1,0,0,0,0,0,0,0,0
69,Male,227792,No,No,Yes,No,No,No,No,No,Yes,No,Yes,No,Yes,No,No,No,0,0,0,0,0,0,0,1,1,0,0,1,0,0,0,0,1,0,0,0
10,Male,463551,No,No,Yes,No,No,No,No,No,Yes,No,No,No,Yes,Yes,No,No,0,0,0,0,0,0,0,0,0,0,0,0,0,0,0,0,0,0,0,0
8,Female,495828,Yes,No,No,No,Yes,No,No,No,Yes,No,Yes,Yes,No,Yes,Yes,Yes,0,0,0,0,0,0,0,0,0,0,0,0,0,0,0,0,0,0,0,0
33,Female,106680,No,No,Yes,No,No,Yes,No,No,No,Yes,Yes,No,No,Yes,No,Yes,0,1,0,0,0,0,0,1,0,0,0,0,1,0,0,0,0,1,0,0
18,Male,139877,No,No,Yes,No,Yes,No,No,No,No,No,Yes,No,Yes,Yes,No,No,0,0,0,0,0,0,0,1,0,0,0,1,0,0,0,0,0,0,0,0
57,Female,79707,No,No,No,No,Yes,No,No,No,Yes,No,Yes,No,Yes,Yes,No,No,0,1,0,0,0,0,0,1,0,0,1,1,0,0,0,0,0,0,0,0
71,Female,418863,No,No,Yes,No,No,Yes,No,Yes,Yes,No,Yes,Yes,Yes,Yes,No,No,0,0,0,0,0,0,0,0,1,0,1,0,0,0,0,0,1,0,0,0
45,Male,220250,No,No,No,No,No,No,Yes,No,Yes,No,No,No,No,No,No,No,0,0,0,0,0,0,0,0,0,0,0,0,0,0,0,0,0,0,0,0
84,Male,75722,No,No,Yes,No,No,No,Yes,Yes,No,No,No,No,No,No,No,Yes,0,0,0,0,0,0,0,0,0,0,0,0,0,0,0,0,0,0,0,0
38,Female,215869,No,No,Yes,No,No,Yes,Yes,Yes,No,Yes,No,No,No,Yes,No,No,0,0,0,0,0,0,0,0,0,0,0,0,1,0,0,0,0,0,0,0
44,Female,129254,No,No,Yes,No,Yes,Yes,No,Yes,No,No,No,No,Yes,Yes,No,No,0,0,0,0,0,0,0,0,0,0,1,1,0,0,0,0,0,0,0,0
13,Female,431285,No,No,No,No,Yes,No,No,No,No,No,Yes,No,Yes,No,Yes,Yes,0,0,0,0,0,0,0,0,0,0,0,0,0,0,0,0,0,0,0,0
37,Female,198231,No,No,No,Yes,No,Yes,Yes,Yes,No,Yes,No,No,No,Yes,No,No,0,0,0,0,0,0,0,0,0,0,0,0,1,0,0,0,0,0,0,0
21,Female,290050,Yes,Yes,No,Yes,Yes,No,Yes,Yes,No,Yes,No,No,No,Yes,No,Yes,0,0,0,0,0,0,0,0,0,0,0,0,1,0,1,1,0,0,0,0
2,Female,374586,No,No,Yes,No,Yes,Yes,No,Yes,Yes,No,Yes,Yes,No,No,Yes,Yes,0,0,0,0,0,0,0,1,0,0,0,0,0,0,0,0,0,0,0,0
33,Male,395579,No,No,No,No,No,No,Yes,No,Yes,No,No,No,Yes,No,No,Yes,0,0,0,0,0,0,0,0,0,0,0,0,0,0,0,0,0,0,0,0
66,Female,470553,No,No,Yes,Yes,Yes,No,No,Yes,Yes,No,Yes,Yes,Yes,Yes,No,No,0,0,0,0,0,0,0,0,1,0,1,0,0,0,0,0,1,0,0,0
17,Male,349201,Yes,Yes,No,No,Yes,No,No,No,Yes,No,Yes,Yes,Yes,No,No,Yes,0,0,0,0,0,0,0,1,0,0,0,0,0,0,0,0,0,0,0,1
36,Male,438119,No,No,No,No,Yes,No,No,Yes,No,No,Yes,Yes,Yes,Yes,No,Yes,0,0,0,0,0,0,0,0,0,0,0,0,0,0,0,0,0,0,0,0
14,Male,275245,No,No,Yes,No,No,No,Yes,No,No,No,No,No,Yes,Yes,No,Yes,0,0,0,0,0,0,0,0,0,0,0,0,0,0,0,0,0,0,0,0
19,Male,184834,No,No,No,No,No,No,No,Yes,No,No,Yes,Yes,No,No,No,No,0,0,0,0,0,0,0,1,0,1,0,0,0,0,0,0,0,0,0,0
56,Male,122781,No,No,Yes,No,Yes,No,Yes,Yes,No,No,Yes,Yes,No,Yes,No,Yes,0,0,0,0,0,0,0,1,0,1,0,0,0,0,0,0,0,0,0,0
69,Female,263377,No,No,Yes,Yes,No,Yes,Yes,Yes,No,No,No,Yes,No,No,No,Yes,0,0,0,0,0,0,0,0,0,1,0,0,0,0,0,0,0,0,0,0
40,Female,158282,No,No,Yes,Yes,Yes,Yes,Yes,No,Yes,Yes,No,No,Yes,No,No,No,0,0,0,0,0,0,0,0,1,0,1,1,1,0,0,0,0,0,0,0
50,Male,65670,No,No,Yes,No,Yes,No,Yes,Yes,No,No,No,No,Yes,Yes,No,Yes,0,0,0,0,0,0,0,0,0,0,0,1,0,1,0,0,0,0,0,0
48,Female,252738,No,No,No,Yes,No,No,Yes,No,No,No,Yes,No,Yes,No,No,Yes,0,0,0,0,0,0,0,1,0,0,1,0,0,0,0,0,0,0,0,0
32,Female,75379,No,No,Yes,Yes,Yes,Yes,Yes,Yes,Yes,No,No,No,No,No,No,Yes,0,0,0,0,0,0,0,0,1,0,0,0,0,0,0,0,0,0,0,0
9,Male,441409,Yes,No,No,No,No,No,Yes,Yes,No,No,No,Yes,Yes,No,No,Yes,0,0,0,0,0,0,0,0,0,0,0,0,0,0,1,1,0,0,0,0
73,Female,303198,No,No,Yes,No,Yes,Yes,No,Yes,Yes,No,Yes,No,Yes,No,No,Yes,0,0,0,0,0,0,0,1,1,0,1,0,0,0,0,0,1,0,0,0
9,Male,263093,Yes,No,No,No,Yes,No,No,No,No,No,No,No,Yes,No,No,Yes,0,0,0,0,0,0,0,0,0,0,0,0,0,0,0,0,0,0,0,0
67,Female,136068,No,No,No,Yes,No,No,No,Yes,Yes,No,No,No,No,No,No,No,0,0,0,0,0,0,0,0,0,0,0,0,0,0,0,0,0,0,0,0
14,Male,150528,No,No,Yes,No,No,No,Yes,Yes,Yes,No,No,Yes,No,No,No,Yes,0,0,0,0,0,0,0,0,0,0,0,0,0,0,0,0,0,0,0,0
59,Female,405664,No,No,No,No,No,No,Yes,No,No,No,Yes,No,No,Yes,No,No,0,0,0,0,0,0,0,0,0,0,0,0,0,0,0,0,0,0,0,0
25,Female,35237,No,No,Yes,Yes,Yes,Yes,Yes,No,Yes,Yes,No,No,Yes,Yes,No,No,0,0,0,0,0,0,0,0,1,0,1,1,1,1,0,0,0,0,0,0
76,Male,111691,No,No,No,No,No,No,No,No,No,No,Yes,No,Yes,No,No,Yes,0,0,0,0,0,0,0,1,0,0,0,1,0,0,0,0,0,0,0,0
50,Male,145361,No,No,Yes,No,No,No,Yes,Yes,Yes,No,No,No,No,No,No,Yes,0,0,0,0,0,0,0,0,1,0,0,0,0,0,0,0,0,0,0,0
74,Female,484003,No,No,No,Yes,No,Yes,No,No,No,No,No,No,No,Yes,No,No,0,0,0,0,0,0,0,0,0,0,0,0,0,0,0,0,0,0,0,0
57,Female,181540,No,No,Yes,No,No,Yes,No,Yes,No,No,No,Yes,Yes,No,No,No,0,0,0,0,0,0,0,0,0,1,1,1,0,0,0,0,0,0,0,0
44,Female,143538,No,No,Yes,Yes,No,Yes,No,No,Yes,No,Yes,No,No,No,No,No,0,1,0,0,0,0,0,1,1,0,0,0,0,0,0,0,1,0,0,0
70,Female,403391,No,No,No,No,Yes,Yes,Yes,No,No,No,No,No,Yes,Yes,No,No,0,0,0,0,0,0,0,0,0,0,1,0,0,0,0,0,0,0,0,0
29,Male,482712,No,No,Yes,No,No,No,No,No,Yes,No,Yes,Yes,Yes,Yes,No,No,0,0,0,0,0,0,0,0,1,0,0,0,0,0,0,0,1,0,0,0
47,Male,419350,No,No,No,No,No,No,No,No,Yes,No,Yes,No,Yes,Yes,No,No,0,0,0,0,0,0,0,0,0,0,0,0,0,0,0,0,0,0,0,0
65,Female,352508,No,No,Yes,No,Yes,No,Yes,No,No,No,Yes,Yes,Yes,No,No,Yes,0,0,0,0,0,0,0,1,0,0,1,0,0,0,0,0,0,0,0,0
5,Male,202370,Yes,Yes,No,No,Yes,No,No,Yes,No,No,Yes,Yes,Yes,No,No,No,0,0,0,1,0,0,0,1,0,0,0,1,0,0,0,1,0,0,0,0
47,Female,371458,No,No,No,Yes,No,No,No,Yes,No,No,Yes,No,No,Yes,No,Yes,0,0,0,0,0,0,0,1,0,0,0,0,0,0,0,0,0,0,0,0
14,Female,118030,Yes,No,Yes,No,Yes,No,No,No,Yes,No,Yes,No,No,Yes,Yes,No,0,0,0,0,0,0,0,1,0,0,0,0,0,0,0,0,0,0,0,0
82,Male,204490,No,No,No,No,Yes,No,No,Yes,Yes,No,No,No,No,No,No,No,0,0,0,0,0,0,0,0,0,0,0,0,0,0,0,0,0,0,0,0
13,Male,294792,Yes,Yes,No,No,No,No,Yes,Yes,Yes,No,Yes,Yes,Yes,Yes,No,No,0,0,0,1,0,0,0,1,0,0,0,0,0,0,1,1,0,0,0,0
66,Male,57181,No,No,Yes,No,Yes,No,Yes,No,Yes,No,No,Yes,Yes,Yes,No,Yes,0,0,0,0,0,0,0,0,1,1,0,1,0,1,0,0,0,0,0,0
53,Female,75138,No,No,No,No,Yes,No,No,Yes,No,No,No,No,Yes,No,No,Yes,0,0,0,0,0,0,0,0,0,0,1,1,0,0,0,0,0,0,0,0
67,Female,168859,No,No,Yes,No,No,No,Yes,No,No,No,No,No,Yes,Yes,No,No,0,0,0,0,0,0,0,0,0,0,1,1,0,0,0,0,0,0,0,0
57,Female,233441,No,No,Yes,No,Yes,Yes,No,Yes,No,No,Yes,No,No,No,No,No,0,1,0,0,0,0,0,1,0,0,0,0,0,0,0,0,0,0,0,0
56,Female,150800,No,No,Yes,Yes,No,No,Yes,No,Yes,No,No,No,Yes,No,No,Yes,0,0,0,0,0,0,0,0,1,0,1,1,0,0,0,0,0,0,0,0
23,Male,276816,No,No,Yes,No,No,No,Yes,No,Yes,No,Yes,Yes,No,Yes,No,No,0,0,0,0,0,0,0,1,1,1,0,0,0,0,0,0,1,0,0,0
34,Male,436135,No,No,No,No,No,No,Yes,Yes,Yes,No,Yes,No,No,Yes,No,No,0,0,0,0,0,0,0,0,0,0,0,0,0,0,0,0,0,0,0,0
27,Female,252478,No,No,No,Yes,No,Yes,Yes,Yes,No,Yes,No,Yes,Yes,No,No,No,0,0,0,0,0,0,0,0,0,1,1,0,1,0,0,0,0,0,0,0
47,Male,195064,No,No,Yes,No,Yes,No,Yes,No,No,No,No,Yes,Yes,No,No,Yes,0,0,0,0,0,0,0,0,0,1,0,1,0,0,0,0,0,0,0,0
65,Female,358140,No,No,No,Yes,No,No,Yes,Yes,Yes,No,No,No,No,No,No,No,0,0,0,0,0,0,0,0,0,0,0,0,0,0,0,0,0,0,0,0
48,Female,405198,No,No,Yes,Yes,No,Yes,No,No,Yes,No,No,No,No,Yes,No,No,0,0,0,0,0,0,0,0,1,0,0,0,0,0,0,0,0,0,0,0
25,Female,52561,No,No,No,No,No,Yes,Yes,No,Yes,No,Yes,No,Yes,No,No,Yes,0,1,0,0,0,0,0,1,0,0,1,1,0,0,0,0,0,0,0,1
17,Female,386858,No,No,Yes,No,No,No,Yes,No,Yes,No,No,No,Yes,No,Yes,No,0,0,0,0,0,0,0,0,0,0,0,0,0,0,0,0,0,0,0,0
47,Female,335497,No,No,No,No,Yes,Yes,Yes,Yes,No,No,No,No,No,No,No,Yes,0,0,0,0,0,0,0,0,0,0,0,0,0,0,0,0,0,0,0,0
7,Male,274191,No,No,No,No,Yes,No,No,Yes,No,No,Yes,Yes,No,No,No,Yes,0,0,0,0,0,0,0,1,0,0,0,0,0,0,0,0,0,0,0,0
79,Female,31120,No,No,No,Yes,Yes,Yes,Yes,No,Yes,No,No,No,No,Yes,No,No,0,0,0,0,0,0,0,0,0,0,0,0,0,1,0,0,0,0,0,0
13,Female,309711,No,No,Yes,No,Yes,Yes,Yes,Yes,No,No,No,Yes,No,Yes,Yes,Yes,0,0,0,0,0,0,0,0,0,0,0,0,0,0,0,0,0,0,0,0
85,Male,495366,No,No,No,No,Yes,No,No,No,No,No,Yes,No,No,No,No,No,0,0,0,0,0,0,0,0,0,0,0,0,0,0,0,0,0,0,0,0
73,Male,244031,No,No,No,No,No,No,Yes,No,Yes,No,Yes,Yes,No,Yes,No,No,0,0,0,0,0,0,0,1,0,1,0,0,0,0,0,0,0,0,0,0
73,Female,166994,No,No,No,No,No,No,No,No,Yes,No,Yes,No,No,Yes,No,No,0,1,0,0,0,0,0,1,0,0,0,0,0,0,0,0,0,0,0,0
85,Female,376287,No,No,No,No,Yes,No,Yes,No,Yes,No,No,Yes,No,Yes,No,Yes,0,0,0,0,0,0,0,0,0,0,0,0,0,0,0,0,0,0,0,0
48,Female,10360,No,No,Yes,Yes,No,Yes,No,No,Yes,No,No,Yes,Yes,No,No,Yes,0,0,0,0,0,0,0,0,1,1,1,1,0,0,0,0,0,0,0,0
55,Male,339404,No,No,Yes,No,No,No,No,No,Yes,No,Yes,Yes,No,Yes,No,Yes,0,0,0,0,0,0,0,1,1,0,0,0,0,0,0,0,1,0,0,0
44,Female,201177,No,No,Yes,Yes,Yes,Yes,Yes,Yes,Yes,Yes,Yes,No,Yes,No,No,Yes,0,1,0,0,0,0,0,1,1,0,1,1,1,0,0,0,1,1,0,0
23,Male,387608,Yes,Yes,No,No,Yes,No,Yes,No,Yes,No,Yes,No,Yes,Yes,No,Yes,0,0,1,0,0,0,0,1,0,0,0,0,0,0,1,0,0,0,0,1
31,Male,273990,No,No,Yes,No,Yes,No,No,No,Yes,No,Yes,Yes,Yes,Yes,No,No,0,0,0,0,0,0,0,1,1,1,0,0,0,0,0,0,1,0,0,0
79,Male,394750,No,No,Yes,No,No,No,No,Yes,No,No,Yes,Yes,Yes,No,No,Yes,0,0,0,0,0,0,0,1,0,0,0,0,0,0,0,0,0,0,0,0
20,Female,178042,No,No,No,No,Yes,No,No,No,Yes,No,No,No,Yes,No,No,Yes,0,0,0,0,0,0,0,0,0,0,1,1,0,0,0,0,0,0,0,0
4,Male,378606,Yes,No,Yes,No,No,No,Yes,No,Yes,No,Yes,No,Yes,No,No,Yes,0,0,0,0,0,0,0,1,0,0,0,0,0,0,0,0,0,0,0,0
78,Male,430207,No,No,No,No,Yes,No,Yes,No,Yes,No,No,No,Yes,Yes,No,Yes,0,0,0,0,0,0,0,0,0,0,0,0,0,0,0,0,0,0,0,0
1,Female,187472,Yes,No,Yes,No,Yes,Yes,No,No,No,No,No,No,No,Yes,Yes,Yes,0,0,0,0,0,0,0,0,0,0,0,0,0,0,0,0,0,0,0,0
83,Male,91384,No,No,Yes,No,Yes,No,No,Yes,Yes,No,No,No,Yes,No,No,No,0,0,0,0,0,0,0,0,1,0,0,1,0,0,0,0,0,0,0,0
49,Female,97197,No,No,Yes,Yes,Yes,Yes,Yes,Yes,Yes,No,No,Yes,No,No,No,Yes,0,0,0,0,0,0,0,0,1,1,0,0,0,0,0,0,0,0,0,0
40,Female,288307,No,No,Yes,No,Yes,Yes,No,No,No,Yes,No,Yes,Yes,Yes,No,Yes,0,0,0,0,0,0,0,0,0,1,1,0,1,0,0,0,0,0,0,0
46,Male,495997,No,No,No,No,No,No,No,No,Yes,No,Yes,Yes,Yes,No,No,Yes,0,0,0,0,0,0,0,0,0,0,0,0,0,0,0,0,0,0,0,0
83,Male,452465,No,No,Yes,No,No,No,No,No,No,No,Yes,No,Yes,No,No,No,0,0,0,0,0,0,0,0,0,0,0,0,0,0,0,0,0,0,0,0
1,Female,498202,No,No,Yes,No,Yes,No,Yes,Yes,No,No,Yes,Yes,No,Yes,Yes,No,0,0,0,0,0,0,0,0,0,0,0,0,0,0,0,0,0,0,0,0
17,Female,139198,Yes,Yes,Yes,No,No,Yes,Yes,No,Yes,Yes,No,Yes,No,Yes,Yes,Yes,0,0,0,0,0,0,0,0,0,0,0,0,0,0,1,0,0,0,0,0
41,Female,227079,No,No,Yes,Yes,Yes,Yes,No,Yes,No,Yes,Yes,No,Yes,No,No,Yes,0,1,0,0,0,0,0,1,0,0,1,1,1,0,0,0,0,1,0,0
20,Female,239450,Yes,Yes,No,Yes,No,Yes,No,No,Yes,No,No,No,Yes,No,No,Yes,0,0,0,0,0,0,0,0,0,0,1,1,0,0,0,0,0,0,0,0
17,Female,273521,No,No,Yes,No,Yes,Yes,No,No,No,Yes,Yes,Yes,Yes,Yes,Yes,No,0,0,0,0,0,0,0,1,0,0,0,0,0,0,0,0,0,0,0,0
53,Male,207219,No,No,Yes,No,Yes,No,Yes,Yes,Yes,No,Yes,Yes,Yes,No,No,No,0,0,0,0,0,0,0,1,1,1,0,1,0,0,0,0,1,0,0,0
35,Female,93555,No,No,Yes,Yes,No,No,No,Yes,Yes,Yes,No,No,Yes,Yes,No,Yes,0,0,0,0,0,0,0,0,1,0,1,1,1,0,0,0,0,0,0,0
25,Male,406201,No,No,No,No,Yes,No,Yes,Yes,No,No,No,No,No,Yes,No,No,0,0,0,0,0,0,0,0,0,0,0,0,0,0,0,0,0,0,0,0
23,Female,442545,No,No,Yes,Yes,No,No,No,No,No,Yes,No,Yes,No,No,No,No,0,0,0,0,0,0,0,0,0,0,0,0,1,0,0,0,0,0,0,0
15,Male,139254,No,No,No,No,No,No,Yes,No,No,No,Yes,No,Yes,Yes,No,No,0,0,0,0,0,0,0,1,0,0,0,1,0,0,0,0,0,0,0,0
31,Male,372858,No,No,No,No,No,No,Yes,No,Yes,No,No,No,No,Yes,No,No,0,0,0,0,0,0,0,0,0,0,0,0,0,0,0,0,0,0,0,0
56,Female,102401,No,No,No,Yes,Yes,Yes,Yes,No,No,No,No,No,No,No,No,No,0,0,0,0,0,0,0,0,0,0,0,0,0,0,0,0,0,0,0,0
52,Male,201446,No,No,Yes,No,No,No,Yes,No,No,No,No,No,No,No,No,Yes,0,0,0,0,0,0,0,0,0,0,0,0,0,0,0,0,0,0,0,0
24,Male,102434,No,No,Yes,No,Yes,No,No,Yes,Yes,No,No,Yes,No,Yes,No,Yes,0,0,0,0,0,0,0,0,1,1,0,0,0,0,0,0,0,0,0,0
62,Female,27927,No,No,No,No,No,No,Yes,Yes,Yes,No,Yes,Yes,No,No,No,Yes,0,1,0,0,1,0,0,1,0,1,0,0,0,0,0,0,0,0,0,0
52,Male,319189,No,No,No,No,Yes,No,No,Yes,No,No,No,Yes,No,No,No,No,0,0,0,0,0,0,0,0,0,0,0,0,0,0,0,0,0,0,0,0
54,Male,475685,No,No,Yes,No,Yes,No,No,Yes,No,No,No,No,Yes,No,No,Yes,0,0,0,0,0,0,0,0,0,0,0,0,0,0,0,0,0,0,0,0
2,Female,245455,No,No,No,No,Yes,No,Yes,Yes,No,No,Yes,Yes,No,Yes,Yes,No,0,0,0,0,0,0,0,1,0,0,0,0,0,0,0,0,0,0,0,0
63,Male,471294,No,No,No,No,Yes,No,No,Yes,Yes,No,Yes,Yes,Yes,No,No,No,0,0,0,0,0,0,0,0,0,0,0,0,0,0,0,0,0,0,0,0
14,Male,84280,No,No,No,No,Yes,No,No,Yes,Yes,No,No,Yes,Yes,Yes,No,No,0,0,0,0,0,0,0,0,0,0,0,1,0,0,0,0,0,0,0,0
39,Male,347145,No,No,No,No,No,No,Yes,Yes,Yes,No,Yes,Yes,Yes,Yes,No,No,0,0,0,0,0,0,0,1,0,0,0,0,0,0,0,0,0,0,0,0
50,Female,357146,No,No,Yes,No,Yes,No,No,No,Yes,No,No,No,Yes,Yes,No,No,0,0,0,0,0,0,0,0,1,0,1,0,0,0,0,0,0,0,0,0
39,Male,314918,No,No,Yes,No,Yes,No,No,No,No,No,No,Yes,Yes,No,No,No,0,0,0,0,0,0,0,0,0,0,0,0,0,0,0,0,0,0,0,0
61,Female,107557,No,No,Yes,Yes,Yes,No,No,Yes,No,No,No,Yes,Yes,No,No,No,0,0,0,0,0,0,0,0,0,1,1,1,0,0,0,0,0,0,0,0
59,Male,301727,No,No,No,No,No,No,No,Yes,Yes,No,No,No,No,Yes,No,Yes,0,0,0,0,0,0,0,0,0,0,0,0,0,0,0,0,0,0,0,0
60,Male,118939,No,No,Yes,No,Yes,No,No,Yes,No,No,No,No,No,Yes,No,No,0,0,0,0,0,0,0,0,0,0,0,0,0,0,0,0,0,0,0,0
10,Male,302782,No,No,Yes,No,Yes,No,No,Yes,No,No,No,Yes,No,No,No,Yes,0,0,0,0,0,0,0,0,0,0,0,0,0,0,0,0,0,0,0,0
3,Male,128763,Yes,No,Yes,No,Yes,No,Yes,Yes,Yes,No,No,Yes,No,No,No,Yes,0,0,0,0,0,0,0,0,0,0,0,0,0,0,0,0,0,0,0,0
75,Male,202971,No,No,Yes,No,No,No,No,No,Yes,No,Yes,No,Yes,Yes,No,No,0,0,0,0,0,0,0,1,1,0,0,1,0,0,0,0,1,0,0,0
72,Male,21271,No,No,No,No,Yes,No,Yes,Yes,Yes,No,Yes,Yes,Yes,No,No,No,0,0,0,0,1,0,1,1,0,1,0,1,0,0,0,0,0,0,0,0
19,Male,82749,No,No,Yes,No,No,No,No,No,Yes,No,Yes,No,No,No,No,No,0,0,0,0,0,0,0,1,1,0,0,0,0,0,0,0,1,0,0,0
36,Female,144084,No,No,No,Yes,Yes,No,Yes,No,Yes,No,No,No,No,No,No,Yes,0,0,0,0,0,0,0,0,0,0,0,0,0,0,0,0,0,0,0,0
61,Male,256624,No,No,Yes,No,No,No,No,Yes,Yes,No,No,No,No,No,No,Yes,0,0,0,0,0,0,0,0,1,0,0,0,0,0,0,0,0,0,0,0
17,Male,349835,No,No,No,No,Yes,No,Yes,No,Yes,No,No,No,Yes,Yes,No,Yes,0,0,0,0,0,0,0,0,0,0,0,0,0,0,0,0,0,0,0,0
83,Female,481326,No,No,Yes,No,No,Yes,Yes,No,Yes,No,Yes,Yes,No,Yes,No,No,0,0,0,0,0,0,0,0,1,0,0,0,0,0,0,0,1,0,0,0
14,Female,115499,Yes,Yes,No,No,Yes,Yes,Yes,Yes,Yes,No,No,Yes,Yes,Yes,Yes,Yes,0,0,0,0,0,0,0,0,0,0,0,1,0,0,1,1,0,0,0,0
64,Female,102810,No,No,Yes,No,Yes,Yes,No,No,Yes,No,No,Yes,No,Yes,No,No,0,0,0,0,0,0,0,0,1,1,0,0,0,0,0,0,0,0,0,0
44,Female,405353,No,No,Yes,Yes,Yes,No,Yes,No,No,No,Yes,No,Yes,No,No,No,0,0,0,0,0,0,0,0,0,0,1,0,0,0,0,0,0,0,0,0
43,Female,499808,No,No,No,No,Yes,No,No,No,No,Yes,No,No,Yes,Yes,No,Yes,0,0,0,0,0,0,0,0,0,0,1,0,1,0,0,0,0,0,0,0
61,Female,452431,No,No,Yes,Yes,Yes,Yes,No,No,Yes,No,No,Yes,No,Yes,No,Yes,0,0,0,0,0,0,0,0,1,0,0,0,0,0,0,0,0,0,0,0
17,Female,123771,No,No,Yes,No,Yes,No,Yes,No,Yes,No,Yes,Yes,Yes,No,Yes,No,0,0,0,0,0,0,0,1,0,0,0,1,0,0,0,0,0,0,0,0
34,Male,26292,No,No,No,No,Yes,No,Yes,No,Yes,No,No,Yes,No,No,No,No,0,0,0,0,0,0,0,0,0,1,0,0,0,0,0,0,0,0,0,0
76,Male,384778,No,No,No,No,Yes,No,No,No,No,No,No,No,Yes,Yes,No,No,0,0,0,0,0,0,0,0,0,0,0,0,0,0,0,0,0,0,0,0
61,Male,83421,No,No,Yes,No,No,No,Yes,Yes,No,No,No,No,No,No,No,Yes,0,0,0,0,0,0,0,0,0,0,0,0,0,0,0,0,0,0,0,0
60,Female,31967,No,No,Yes,Yes,Yes,Yes,No,No,Yes,No,Yes,No,Yes,No,No,Yes,0,1,0,0,1,1,1,1,1,0,1,1,0,0,0,0,1,0,0,0
10,Male,250388,Yes,No,Yes,No,Yes,No,No,No,No,No,No,Yes,No,No,No,Yes,0,0,0,0,0,0,0,0,0,0,0,0,0,0,0,0,0,0,0,0
68,Male,383935,No,No,No,No,No,No,Yes,No,Yes,No,Yes,No,Yes,No,No,Yes,0,0,0,0,0,0,0,1,0,0,0,0,0,0,0,0,0,0,0,0
24,Female,481131,Yes,Yes,Yes,No,Yes,Yes,No,No,No,No,No,No,Yes,No,No,Yes,0,0,0,0,0,0,0,0,0,0,1,0,0,0,0,0,0,0,0,0
84,Male,45521,No,No,No,No,Yes,No,No,No,No,No,No,Yes,Yes,No,No,Yes,0,0,0,0,0,0,0,0,0,1,0,1,0,0,0,0,0,0,0,0
43,Female,467963,No,No,Yes,No,Yes,Yes,No,Yes,Yes,Yes,No,Yes,Yes,Yes,No,No,0,0,0,0,0,0,0,0,1,0,1,0,1,0,0,0,0,0,0,0
14,Female,316956,No,No,No,No,Yes,Yes,No,Yes,No,No,No,No,No,Yes,Yes,Yes,0,0,0,0,0,0,0,0,0,0,0,0,0,0,0,0,0,0,0,0
60,Female,234342,No,No,No,No,No,Yes,Yes,Yes,Yes,No,Yes,Yes,Yes,Yes,No,Yes,0,1,0,0,0,0,0,1,0,1,1,1,0,0,0,0,0,0,0,0
29,Male,419434,No,No,Yes,No,No,No,Yes,No,Yes,No,No,Yes,No,Yes,No,Yes,0,0,0,0,0,0,0,0,1,0,0,0,0,0,0,0,0,0,0,0
50,Female,311715,No,No,Yes,No,No,Yes,Yes,Yes,No,No,No,Yes,Yes,No,No,Yes,0,0,0,0,0,0,0,0,0,0,1,0,0,0,0,0,0,0,0,0
33,Female,170478,No,No,Yes,Yes,No,Yes,No,No,No,No,No,Yes,No,Yes,No,Yes,0,0,0,0,0,0,0,0,0,1,0,0,0,0,0,0,0,0,0,0
82,Male,225455,No,No,Yes,No,Yes,No,No,No,No,No,Yes,Yes,No,No,No,No,0,0,0,0,0,0,0,1,0,1,0,0,0,0,0,0,0,0,0,0
19,Male,288405,No,No,No,No,Yes,No,No,Yes,No,No,Yes,No,No,Yes,No,Yes,0,0,0,0,0,0,0,1,0,0,0,0,0,0,0,0,0,0,0,1
16,Female,249394,Yes,Yes,No,No,No,No,Yes,No,Yes,No,Yes,No,Yes,No,Yes,No,0,0,0,0,0,0,0,1,0,0,0,1,0,0,1,0,0,0,0,0
44,Male,86255,No,No,Yes,No,Yes,No,No,No,No,No,No,Yes,Yes,No,No,Yes,0,0,0,0,0,0,0,0,0,1,0,1,0,0,0,0,0,0,0,0
52,Female,254513,No,No,Yes,No,No,Yes,No,No,Yes,No,Yes,No,No,No,No,No,0,0,0,0,0,0,0,1,1,0,0,0,0,0,0,0,1,0,0,0
15,Male,318296,No,No,Yes,No,No,No,No,No,Yes,No,No,No,No,No,No,Yes,0,0,0,0,0,0,0,0,0,0,0,0,0,0,0,0,0,0,0,0
85,Female,481236,No,No,No,Yes,No,No,Yes,No,Yes,No,Yes,No,Yes,No,No,No,0,0,0,0,0,0,0,0,0,0,1,0,0,0,0,0,0,0,0,0
23,Female,219875,Yes,No,No,No,Yes,Yes,No,No,Yes,Yes,No,Yes,No,No,No,No,0,0,0,0,0,0,0,0,0,1,0,0,1,0,0,0,0,0,0,0
25,Male,461140,No,No,Yes,No,Yes,No,No,Yes,No,No,No,Yes,No,No,No,No,0,0,0,0,0,0,0,0,0,0,0,0,0,0,0,0,0,0,0,0
77,Female,475418,No,No,Yes,Yes,Yes,No,No,Yes,Yes,No,Yes,No,No,No,No,No,0,0,0,0,0,0,0,0,1,0,0,0,0,0,0,0,1,0,0,0
85,Male,203250,No,No,Yes,No,No,No,Yes,No,Yes,No,No,No,No,Yes,No,Yes,0,0,0,0,0,0,0,0,1,0,0,0,0,0,0,0,0,0,0,0
28,Female,216021,No,No,No,No,No,Yes,Yes,Yes,Yes,No,Yes,Yes,No,Yes,No,No,0,1,0,0,0,0,0,1,0,1,0,0,0,0,0,0,0,0,0,0
81,Male,198434,No,No,No,No,Yes,No,Yes,No,Yes,No,Yes,Yes,Yes,Yes,No,Yes,0,0,0,0,0,0,0,1,0,1,0,1,0,0,0,0,0,0,0,0
3,Male,468112,No,No,No,No,Yes,No,No,No,Yes,No,No,No,Yes,Yes,No,Yes,0,0,0,0,0,0,0,0,0,0,0,0,0,0,0,0,0,0,0,0
67,Female,368754,No,No,Yes,No,No,No,No,No,Yes,No,No,Yes,Yes,Yes,No,No,0,0,0,0,0,0,0,0,1,0,1,0,0,0,0,0,0,0,0,0
15,Male,94404,Yes,Yes,No,No,Yes,No,Yes,Yes,No,No,Yes,No,Yes,No,No,No,0,0,0,1,0,0,0,1,0,0,0,1,0,0,1,1,0,0,0,0
39,Female,214946,No,No,No,Yes,No,No,No,No,Yes,Yes,No,Yes,No,No,No,No,0,0,0,0,0,0,0,0,0,1,0,0,1,0,0,0,0,0,0,0
2,Male,132278,No,No,No,No,Yes,No,Yes,Yes,No,No,Yes,Yes,No,No,No,Yes,0,0,0,0,0,0,0,1,0,0,0,0,0,0,0,0,0,0,0,0
14,Female,239978,No,No,Yes,No,Yes,Yes,Yes,No,No,No,Yes,Yes,Yes,No,Yes,Yes,0,0,0,0,0,0,0,1,0,0,0,1,0,0,0,0,0,0,0,0
22,Female,417752,Yes,Yes,No,Yes,Yes,No,Yes,Yes,Yes,No,No,Yes,Yes,No,No,Yes,0,0,0,0,0,0,0,0,0,0,1,0,0,0,1,1,0,0,0,0
4,Female,104100,No,No,No,No,No,No,Yes,Yes,No,No,No,Yes,Yes,No,Yes,No,0,0,0,0,0,0,0,0,0,0,0,1,0,0,0,0,0,0,0,0
84,Male,306429,No,No,No,No,Yes,No,Yes,No,Yes,No,Yes,Yes,Yes,No,No,Yes,0,0,0,0,0,0,0,1,0,0,0,0,0,0,0,0,0,0,0,0
23,Female,278496,No,No,No,No,No,No,No,No,No,No,No,No,No,No,No,No,0,0,0,0,0,0,0,0,0,0,0,0,0,0,0,0,0,0,0,0
76,Female,169548,No,No,Yes,No,Yes,No,No,No,No,No,Yes,Yes,Yes,No,No,Yes,0,1,0,0,0,0,0,1,0,1,1,1,0,0,0,0,0,0,0,0
33,Male,183674,No,No,Yes,No,No,No,No,Yes,No,No,No,No,Yes,Yes,No,Yes,0,0,0,0,0,0,0,0,0,0,0,1,0,0,0,0,0,0,0,0
60,Female,481198,No,No,No,Yes,Yes,Yes,Yes,No,Yes,No,No,Yes,No,No,No,No,0,0,0,0,0,0,0,0,0,0,0,0,0,0,0,0,0,0,0,0
8,Male,468144,No,No,Yes,No,No,No,No,Yes,Yes,No,No,Yes,Yes,Yes,No,No,0,0,0,0,0,0,0,0,0,0,0,0,0,0,0,0,0,0,0,0
49,Female,195929,No,No,No,Yes,Yes,Yes,Yes,Yes,No,No,No,No,Yes,Yes,No,No,0,0,0,0,0,0,0,0,0,0,1,1,0,0,0,0,0,0,0,0
70,Female,248357,No,No,No,No,No,No,Yes,No,No,No,No,No,Yes,No,No,No,0,0,0,0,0,0,0,0,0,0,1,1,0,0,0,0,0,0,0,0
53,Male,342720,No,No,No,No,No,No,Yes,Yes,No,No,No,No,No,No,No,No,0,0,0,0,0,0,0,0,0,0,0,0,0,0,0,0,0,0,0,0
28,Female,111873,No,No,No,No,No,Yes,No,No,Yes,No,No,Yes,Yes,Yes,No,Yes,0,0,0,0,0,0,0,0,0,1,1,1,0,0,0,0,0,0,0,0
16,Male,297151,No,No,Yes,No,No,No,Yes,Yes,Yes,No,Yes,No,No,Yes,No,Yes,0,0,0,0,0,0,0,1,0,0,0,0,0,0,0,0,0,0,0,0
40,Male,305893,No,No,No,No,No,No,Yes,No,Yes,No,No,Yes,No,Yes,No,No,0,0,0,0,0,0,0,0,0,0,0,0,0,0,0,0,0,0,0,0
25,Male,220378,No,No,Yes,No,Yes,No,No,No,Yes,No,Yes,No,No,No,No,Yes,0,0,0,0,0,0,0,1,1,0,0,0,0,0,0,0,1,0,0,1
61,Female,84748,No,No,No,Yes,No,No,No,Yes,Yes,No,No,Yes,No,No,No,No,0,0,0,0,0,0,0,0,0,1,0,0,0,0,0,0,0,0,0,0
40,Female,439420,No,No,No,No,No,Yes,Yes,Yes,No,No,No,Yes,No,Yes,No,Yes,0,0,0,0,0,0,0,0,0,0,0,0,0,0,0,0,0,0,0,0
49,Female,496746,No,No,Yes,Yes,No,Yes,No,Yes,Yes,No,Yes,No,Yes,Yes,No,No,0,0,0,0,0,0,0,0,1,0,1,0,0,0,0,0,1,0,0,0
57,Male,471682,No,No,No,No,No,No,No,Yes,No,No,No,Yes,No,Yes,No,No,0,0,0,0,0,0,0,0,0,0,0,0,0,0,0,0,0,0,0,0
85,Female,126263,No,No,No,Yes,Yes,Yes,No,No,Yes,No,Yes,Yes,Yes,Yes,No,Yes,0,1,0,0,0,0,0,1,0,1,1,1,0,0,0,0,0,0,0,0
21,Female,180273,Yes,No,Yes,No,No,Yes,Yes,Yes,Yes,Yes,Yes,No,No,Yes,No,Yes,1,1,0,0,0,0,0,1,1,0,0,0,1,0,1,1,1,1,0,1
78,Male,443451,No,No,No,No,Yes,No,Yes,No,No,No,No,Yes,Yes,Yes,No,Yes,0,0,0,0,0,0,0,0,0,0,0,0,0,0,0,0,0,0,0,0
46,Female,92020,No,No,No,No,Yes,No,Yes,Yes,No,No,No,No,Yes,No,No,Yes,0,0,0,0,0,0,0,0,0,0,1,1,0,0,0,0,0,0,0,0
12,Male,389914,No,No,No,No,Yes,No,No,Yes,No,No,Yes,No,No,No,No,No,0,0,0,0,0,0,0,1,0,0,0,0,0,0,0,0,0,0,0,0
19,Female,340382,Yes,Yes,No,Yes,Yes,No,Yes,No,Yes,No,No,Yes,Yes,Yes,No,No,0,0,0,0,0,0,0,0,0,0,1,0,0,0,1,0,0,0,0,0
58,Female,80299,No,No,No,Yes,No,No,No,Yes,No,No,Yes,No,Yes,Yes,No,Yes,0,1,0,0,0,0,0,1,0,0,1,1,0,0,0,0,0,0,0,0
46,Male,226616,No,No,Yes,No,No,No,No,No,Yes,No,Yes,No,No,No,No,Yes,0,0,0,0,0,0,0,1,1,0,0,0,0,0,0,0,1,0,0,0
78,Male,282004,No,No,Yes,No,No,No,Yes,No,Yes,No,Yes,No,No,No,No,No,0,0,0,0,0,0,0,1,1,0,0,0,0,0,0,0,1,0,0,0
41,Female,465421,No,No,No,Yes,Yes,No,Yes,Yes,No,Yes,No,Yes,No,Yes,No,Yes,0,0,0,0,0,0,0,0,0,0,0,0,1,0,0,0,0,0,0,0
32,Female,397046,No,No,Yes,No,No,Yes,No,No,Yes,Yes,Yes,No,Yes,No,No,Yes,0,0,0,0,0,0,0,1,1,0,1,0,1,0,0,0,1,1,0,0
32,Male,18221,No,No,No,No,No,No,No,Yes,Yes,No,Yes,Yes,No,No,No,Yes,0,0,0,0,0,0,0,1,0,1,0,0,0,0,0,0,0,0,0,0
23,Male,12969,No,No,No,No,No,No,No,No,Yes,No,Yes,Yes,No,Yes,No,No,0,0,0,0,0,0,0,1,0,1,0,0,0,1,0,0,0,0,0,0
70,Female,201525,No,No,Yes,No,No,Yes,Yes,Yes,Yes,No,No,Yes,Yes,No,No,Yes,0,0,0,0,0,0,0,0,1,1,1,1,0,0,0,0,0,0,0,0
56,Female,409283,No,No,Yes,No,Yes,No,No,Yes,No,No,Yes,No,No,No,No,Yes,0,0,0,0,0,0,0,0,0,0,0,0,0,0,0,0,0,0,0,0
77,Male,169810,No,No,Yes,No,No,No,No,No,No,No,No,No,Yes,Yes,No,Yes,0,0,0,0,0,0,0,0,0,0,0,1,0,0,0,0,0,0,0,0
13,Male,74165,No,No,Yes,No,Yes,No,Yes,No,No,No,No,Yes,No,No,No,No,0,0,0,0,0,0,0,0,0,0,0,0,0,0,0,0,0,0,0,0
8,Female,431573,No,No,Yes,No,Yes,Yes,No,Yes,No,No,Yes,Yes,No,Yes,Yes,No,0,0,0,0,0,0,0,0,0,0,0,0,0,0,0,0,0,0,0,0
41,Male,180128,No,No,No,No,Yes,No,No,No,No,No,Yes,No,No,Yes,No,Yes,0,0,0,0,0,0,0,1,0,0,0,0,0,0,0,0,0,0,0,0
75,Male,494504,No,No,Yes,No,Yes,No,Yes,No,No,No,No,No,No,No,No,Yes,0,0,0,0,0,0,0,0,0,0,0,0,0,0,0,0,0,0,0,0
72,Female,250328,No,No,No,No,Yes,Yes,Yes,Yes,Yes,No,No,No,No,No,No,No,0,0,0,0,0,0,0,0,0,0,0,0,0,0,0,0,0,0,0,0
20,Male,268524,Yes,No,No,No,Yes,No,Yes,Yes,No,No,No,No,No,Yes,No,Yes,0,0,0,0,0,0,0,0,0,0,0,0,0,0,1,1,0,0,0,0
14,Female,179338,Yes,No,No,No,Yes,Yes,Yes,No,Yes,No,No,No,Yes,Yes,Yes,Yes,0,0,0,0,0,0,0,0,0,0,0,1,0,0,1,0,0,0,0,0
35,Female,61377,No,No,Yes,No,Yes,No,No,Yes,No,No,No,Yes,No,No,No,No,0,0,0,0,0,0,0,0,0,1,0,0,0,0,0,0,0,0,0,0
77,Male,236513,No,No,Yes,No,Yes,No,No,No,Yes,No,Yes,Yes,No,No,No,Yes,0,0,0,0,0,0,0,1,1,1,0,0,0,0,0,0,1,0,0,0
26,Male,125423,No,No,No,No,No,No,No,Yes,Yes,No,Yes,No,Yes,Yes,No,No,0,0,0,0,0,0,0,1,0,0,0,1,0,0,0,0,0,0,0,0
39,Female,118310,No,No,Yes,Yes,Yes,Yes,No,Yes,Yes,Yes,No,No,No,No,No,No,0,0,0,0,0,0,0,0,1,0,0,0,1,0,0,0,0,0,0,0
13,Female,255555,No,No,Yes,No,Yes,No,No,No,Yes,No,Yes,Yes,Yes,No,Yes,No,0,0,0,0,0,0,0,1,0,0,0,0,0,0,0,0,0,0,0,0
25,Male,200810,No,No,Yes,No,Yes,No,Yes,No,No,No,No,No,Yes,No,No,No,0,0,0,0,0,0,0,0,0,0,0,1,0,0,0,0,0,0,0,0
17,Female,101241,No,No,No,No,Yes,No,Yes,Yes,No,Yes,No,Yes,Yes,Yes,Yes,No,0,0,0,0,0,0,0,0,0,0,0,1,0,0,0,0,0,0,0,0
20,Male,340775,Yes,No,No,No,Yes,No,No,No,No,No,Yes,No,No,No,No,No,0,0,0,0,0,0,0,1,0,0,0,0,0,0,0,0,0,0,0,0
6,Male,28740,Yes,No,No,No,No,No,No,Yes,Yes,No,Yes,No,No,No,No,No,0,0,0,0,0,0,0,1,0,0,0,0,0,0,0,1,0,0,0,0
32,Male,226857,No,No,No,No,Yes,No,Yes,Yes,No,No,Yes,No,No,Yes,No,Yes,0,0,0,0,0,0,0,1,0,0,0,0,0,0,0,0,0,0,0,0
37,Female,225263,No,No,Yes,Yes,Yes,Yes,No,Yes,Yes,No,No,No,Yes,Yes,No,No,0,0,0,0,0,0,0,0,1,0,1,1,0,0,0,0,0,0,0,0
72,Male,366400,No,No,Yes,No,Yes,No,No,Yes,No,No,No,Yes,No,No,No,No,0,0,0,0,0,0,0,0,0,0,0,0,0,0,0,0,0,0,0,0
69,Female,68198,No,No,No,Yes,Yes,No,No,No,No,No,No,No,Yes,No,No,No,0,0,0,0,0,0,0,0,0,0,1,1,0,0,0,0,0,0,0,0
39,Female,54924,No,No,No,Yes,Yes,No,No,No,No,Yes,Yes,No,No,Yes,No,Yes,0,1,0,0,0,1,1,1,0,0,0,0,1,1,0,0,0,1,0,0
47,Male,427821,No,No,No,No,No,No,Yes,No,No,No,No,Yes,Yes,No,No,Yes,0,0,0,0,0,0,0,0,0,0,0,0,0,0,0,0,0,0,0,0
47,Male,121995,No,No,Yes,No,No,No,Yes,No,No,No,Yes,Yes,Yes,Yes,No,No,0,0,0,0,0,0,0,1,0,1,0,1,0,0,0,0,0,0,0,0
60,Male,498452,No,No,Yes,No,Yes,No,No,Yes,No,No,Yes,No,No,No,No,Yes,0,0,0,0,0,0,0,0,0,0,0,0,0,0,0,0,0,0,0,0
4,Female,145495,Yes,No,No,No,Yes,Yes,Yes,Yes,No,No,Yes,No,Yes,Yes,Yes,No,0,0,0,0,0,0,0,1,0,0,0,1,0,0,0,0,0,0,0,0
65,Male,499828,No,No,Yes,No,Yes,No,Yes,Yes,Yes,No,Yes,No,No,No,No,Yes,0,0,0,0,0,0,0,0,1,0,0,0,0,0,0,0,1,0,0,0
13,Male,178115,No,No,No,No,Yes,No,Yes,No,Yes,No,Yes,No,No,No,No,No,0,0,0,0,0,0,0,1,0,0,0,0,0,0,0,0,0,0,0,0
39,Male,366238,No,No,No,No,No,No,Yes,No,No,No,Yes,No,Yes,Yes,No,Yes,0,0,0,0,0,0,0,1,0,0,0,0,0,0,0,0,0,0,0,0
70,Female,413072,No,No,Yes,Yes,Yes,Yes,Yes,No,No,No,Yes,Yes,Yes,No,No,No,0,0,0,0,0,0,0,0,0,0,1,0,0,0,0,0,0,0,0,0
35,Male,172105,No,No,No,No,Yes,No,Yes,Yes,Yes,No,No,Yes,Yes,No,No,Yes,0,0,0,0,0,0,0,0,0,1,0,1,0,0,0,0,0,0,0,0
35,Male,487743,No,No,No,No,Yes,No,No,No,Yes,No,No,No,No,Yes,No,No,0,0,0,0,0,0,0,0,0,0,0,0,0,0,0,0,0,0,0,0
84,Male,495397,No,No,Yes,No,Yes,No,No,Yes,Yes,No,Yes,No,Yes,Yes,No,No,0,0,0,0,0,0,0,0,1,0,0,0,0,0,0,0,1,0,0,0
2,Male,479790,Yes,Yes,No,No,No,No,Yes,No,Yes,No,No,No,Yes,Yes,No,Yes,0,0,0,0,0,0,0,0,0,0,0,0,0,0,0,0,0,0,0,0
2,Male,164951,No,No,No,No,No,No,Yes,No,No,No,Yes,No,No,No,No,Yes,0,0,0,0,0,0,0,1,0,0,0,0,0,0,0,0,0,0,0,0
70,Female,62264,No,No,No,No,No,No,No,No,Yes,No,No,No,No,Yes,No,No,0,0,0,0,0,0,0,0,0,0,0,0,0,1,0,0,0,0,0,0
35,Male,434812,No,No,No,No,No,No,Yes,No,Yes,No,No,Yes,No,Yes,No,Yes,0,0,0,0,0,0,0,0,0,0,0,0,0,0,0,0,0,0,0,0
14,Female,247058,Yes,Yes,Yes,No,No,No,No,No,Yes,No,No,No,No,Yes,Yes,No,0,0,0,0,0,0,0,0,0,0,0,0,0,0,0,0,0,0,0,0
43,Female,265009,No,No,Yes,No,Yes,Yes,No,No,Yes,No,No,No,No,Yes,No,No,0,0,0,0,0,0,0,0,1,0,0,0,0,0,0,0,0,0,0,0
77,Female,492137,No,No,No,No,Yes,No,Yes,Yes,No,No,Yes,No,No,No,No,No,0,0,0,0,0,0,0,0,0,0,0,0,0,0,0,0,0,0,0,0
66,Female,28689,No,No,Yes,Yes,No,No,Yes,Yes,Yes,No,Yes,Yes,Yes,Yes,No,No,0,1,0,0,1,1,0,1,1,1,1,1,0,1,0,0,1,0,0,0
25,Male,220632,Yes,No,Yes,No,Yes,No,No,Yes,Yes,No,No,No,Yes,No,No,No,0,0,0,0,0,0,0,0,1,0,0,1,0,0,0,1,0,0,0,0
22,Female,489841,No,No,No,Yes,No,No,Yes,Yes,Yes,Yes,Yes,Yes,Yes,No,No,Yes,0,0,0,0,0,0,0,0,0,0,1,0,1,0,0,0,0,1,0,1
27,Male,394194,No,No,No,No,Yes,No,Yes,Yes,Yes,No,Yes,No,No,Yes,No,No,0,0,0,0,0,0,0,1,0,0,0,0,0,0,0,0,0,0,0,0
25,Female,457131,No,No,No,No,Yes,No,No,Yes,Yes,No,Yes,No,Yes,Yes,No,No,0,0,0,0,0,0,0,0,0,0,1,0,0,0,0,0,0,0,0,0
79,Male,269630,No,No,No,No,Yes,No,No,No,No,No,Yes,No,No,No,No,No,0,0,0,0,0,0,0,1,0,0,0,0,0,0,0,0,0,0,0,0
52,Female,110124,No,No,Yes,Yes,No,No,No,No,No,No,Yes,Yes,No,No,No,No,0,1,0,0,0,0,0,1,0,1,0,0,0,0,0,0,0,0,0,0
46,Male,193435,No,No,No,No,No,No,Yes,Yes,No,No,Yes,No,No,Yes,No,Yes,0,0,0,0,0,0,0,1,0,0,0,0,0,0,0,0,0,0,0,0
29,Female,38621,No,No,No,Yes,Yes,Yes,No,Yes,No,Yes,No,No,Yes,Yes,No,Yes,0,0,0,0,0,0,0,0,0,0,1,1,1,1,0,0,0,0,0,0
3,Male,133723,No,No,Yes,No,No,No,No,Yes,No,No,No,Yes,Yes,Yes,No,Yes,0,0,0,0,0,0,0,0,0,0,0,1,0,0,0,0,0,0,0,0
73,Male,185791,No,No,Yes,No,No,No,No,No,No,No,No,No,No,No,No,Yes,0,0,0,0,0,0,0,0,0,0,0,0,0,0,0,0,0,0,0,0
23,Male,444272,No,No,No,No,Yes,No,No,Yes,Yes,No,No,No,No,Yes,No,Yes,0,0,0,0,0,0,0,0,0,0,0,0,0,0,0,0,0,0,0,0
47,Male,479269,No,No,No,No,Yes,No,No,No,No,No,Yes,Yes,No,Yes,No,No,0,0,0,0,0,0,0,0,0,0,0,0,0,0,0,0,0,0,0,0
11,Male,280895,Yes,Yes,No,No,Yes,No,No,No,No,No,No,Yes,Yes,Yes,No,No,0,0,0,0,0,0,0,0,0,0,0,0,0,0,0,0,0,0,0,0
6,Female,389785,No,No,Yes,No,Yes,Yes,No,Yes,No,No,No,Yes,Yes,Yes,Yes,Yes,0,0,0,0,0,0,0,0,0,0,0,0,0,0,0,0,0,0,0,0
81,Male,444996,No,No,No,No,No,No,No,Yes,Yes,No,No,Yes,No,Yes,No,No,0,0,0,0,0,0,0,0,0,0,0,0,0,0,0,0,0,0,0,0
62,Male,182050,No,No,No,No,Yes,No,No,Yes,Yes,No,Yes,Yes,Yes,No,No,Yes,0,0,0,0,0,0,0,1,0,1,0,1,0,0,0,0,0,0,0,0
29,Female,377493,No,No,No,No,Yes,No,Yes,Yes,Yes,Yes,No,No,Yes,No,No,Yes,0,0,0,0,0,0,0,0,0,0,1,0,1,0,0,0,0,0,0,0
52,Male,226770,No,No,No,No,Yes,No,Yes,No,Yes,No,No,No,Yes,Yes,No,Yes,0,0,0,0,0,0,0,0,0,0,0,1,0,0,0,0,0,0,0,0
67,Male,113791,No,No,Yes,No,Yes,No,No,Yes,No,No,No,No,No,Yes,No,Yes,0,0,0,0,0,0,0,0,0,0,0,0,0,0,0,0,0,0,0,0
54,Female,302290,No,No,Yes,No,Yes,Yes,Yes,Yes,No,No,Yes,Yes,Yes,Yes,No,No,0,0,0,0,0,0,0,1,0,0,1,0,0,0,0,0,0,0,0,0
28,Female,49723,No,No,Yes,No,Yes,Yes,No,Yes,No,Yes,Yes,No,Yes,No,No,Yes,0,1,0,0,0,0,1,1,0,0,1,1,1,0,0,0,0,1,0,1
39,Male,414825,No,No,No,No,No,No,No,Yes,Yes,No,No,Yes,No,Yes,No,No,0,0,0,0,0,0,0,0,0,0,0,0,0,0,0,0,0,0,0,0
16,Female,366224,Yes,No,Yes,No,Yes,No,No,No,No,Yes,Yes,No,No,Yes,Yes,Yes,0,0,0,0,0,0,0,1,0,0,0,0,0,0,0,0,0,0,0,0
43,Male,108171,No,No,No,No,Yes,No,No,No,No,No,Yes,Yes,Yes,Yes,No,No,0,0,0,0,0,0,0,1,0,1,0,1,0,0,0,0,0,0,0,0
51,Female,265741,No,No,Yes,No,Yes,Yes,Yes,No,Yes,No,Yes,No,Yes,Yes,No,Yes,0,0,0,0,0,0,0,1,1,0,1,0,0,0,0,0,1,0,0,0
51,Female,234097,No,No,No,No,No,Yes,Yes,Yes,No,No,No,Yes,Yes,Yes,No,No,0,0,0,0,0,0,0,0,0,1,1,1,0,0,0,0,0,0,0,0
28,Male,444428,No,No,No,No,Yes,No,Yes,Yes,Yes,No,No,No,Yes,No,No,No,0,0,0,0,0,0,0,0,0,0,0,0,0,0,0,0,0,0,0,0
33,Male,422892,No,No,No,No,No,No,Yes,No,No,No,Yes,Yes,Yes,Yes,No,Yes,0,0,0,0,0,0,0,0,0,0,0,0,0,0,0,0,0,0,0,0
48,Female,345187,No,No,Yes,Yes,No,Yes,No,Yes,Yes,No,Yes,Yes,No,No,No,No,0,0,0,0,0,0,0,1,1,0,0,0,0,0,0,0,1,0,0,0
67,Male,85640,No,No,Yes,No,Yes,No,Yes,Yes,No,No,Yes,Yes,No,Yes,No,No,0,0,0,0,0,0,0,1,0,1,0,0,0,0,0,0,0,0,0,0
45,Male,466540,No,No,Yes,No,Yes,No,Yes,No,Yes,No,Yes,Yes,Yes,Yes,No,No,0,0,0,0,0,0,0,0,1,0,0,0,0,0,0,0,1,0,0,0
47,Male,185837,No,No,Yes,No,No,No,No,Yes,Yes,No,No,No,Yes,Yes,No,Yes,0,0,0,0,0,0,0,0,1,0,0,1,0,0,0,0,0,0,0,0
2,Male,407664,Yes,No,No,No,Yes,No,No,Yes,No,No,No,No,No,Yes,No,No,0,0,0,0,0,0,0,0,0,0,0,0,0,0,0,0,0,0,0,0
16,Female,181008,No,No,Yes,No,Yes,No,Yes,No,No,No,Yes,No,No,No,Yes,No,0,0,0,0,0,0,0,1,0,0,0,0,0,0,0,0,0,0,0,0
51,Female,161398,No,No,Yes,No,No,Yes,No,No,Yes,No,No,Yes,Yes,No,No,Yes,0,0,0,0,0,0,0,0,1,1,1,1,0,0,0,0,0,0,0,0
72,Female,393704,No,No,No,Yes,Yes,Yes,Yes,Yes,Yes,No,Yes,No,Yes,Yes,No,Yes,0,0,0,0,0,0,0,1,0,0,1,0,0,0,0,0,0,0,0,0
70,Female,118775,No,No,Yes,Yes,Yes,Yes,Yes,No,Yes,No,Yes,Yes,No,No,No,Yes,0,1,0,0,0,0,0,1,1,1,0,0,0,0,0,0,1,0,0,0
39,Female,292245,No,No,No,Yes,No,Yes,No,No,No,Yes,No,Yes,No,No,No,No,0,0,0,0,0,0,0,0,0,1,0,0,1,0,0,0,0,0,0,0
6,Male,129562,Yes,Yes,Yes,No,No,No,No,Yes,Yes,No,Yes,Yes,Yes,No,No,No,0,0,0,1,0,0,0,1,0,0,0,1,0,0,0,1,0,0,0,0
77,Male,125978,No,No,No,No,No,No,Yes,No,Yes,No,Yes,No,No,No,No,Yes,0,0,0,0,0,0,0,1,0,0,0,0,0,0,0,0,0,0,0,0
28,Male,277282,No,No,Yes,No,Yes,No,Yes,No,No,No,Yes,Yes,Yes,Yes,No,Yes,0,0,0,0,0,0,0,1,0,1,0,0,0,0,0,0,0,0,0,1
46,Female,185987,No,No,Yes,No,No,Yes,No,Yes,Yes,No,No,No,No,Yes,No,Yes,0,0,0,0,0,0,0,0,1,0,0,0,0,0,0,0,0,0,0,0
77,Male,197047,No,No,No,No,No,No,No,No,No,No,Yes,No,No,Yes,No,No,0,0,0,0,0,0,0,1,0,0,0,0,0,0,0,0,0,0,0,0
27,Male,161065,No,No,No,No,Yes,No,Yes,No,Yes,No,No,No,No,Yes,No,Yes,0,0,0,0,0,0,0,0,0,0,0,0,0,0,0,0,0,0,0,0
83,Male,380206,No,No,Yes,No,Yes,No,Yes,No,No,No,Yes,No,No,Yes,No,No,0,0,0,0,0,0,0,1,0,0,0,0,0,0,0,0,0,0,0,0
73,Female,188253,No,No,No,Yes,No,No,Yes,No,No,No,No,No,Yes,Yes,No,No,0,0,0,0,0,0,0,0,0,0,1,1,0,0,0,0,0,0,0,0
38,Male,402141,No,No,No,No,Yes,No,Yes,No,No,No,No,Yes,No,No,No,No,0,0,0,0,0,0,0,0,0,0,0,0,0,0,0,0,0,0,0,0
76,Female,418455,No,No,No,Yes,No,Yes,Yes,Yes,No,No,Yes,Yes,Yes,Yes,No,Yes,0,0,0,0,0,0,0,0,0,0,1,0,0,0,0,0,0,0,0,0
32,Female,220672,No,No,Yes,No,Yes,Yes,No,No,No,Yes,Yes,Yes,Yes,Yes,No,Yes,0,1,0,0,0,0,0,1,0,1,1,1,1,0,0,0,0,1,0,0
22,Female,97098,No,No,No,No,Yes,No,No,Yes,No,No,No,Yes,No,Yes,No,No,0,0,0,0,0,0,0,0,0,1,0,0,0,0,0,0,0,0,0,0
60,Male,104246,No,No,Yes,No,No,No,Yes,No,No,No,Yes,No,No,Yes,No,Yes,0,0,0,0,0,0,0,1,0,0,0,0,0,0,0,0,0,0,0,0
27,Male,330448,No,No,No,No,No,No,No,No,No,No,No,Yes,No,Yes,No,No,0,0,0,0,0,0,0,0,0,0,0,0,0,0,0,0,0,0,0,0
53,Male,372044,No,No,No,No,No,No,No,No,No,No,No,No,Yes,Yes,No,Yes,0,0,0,0,0,0,0,0,0,0,0,0,0,0,0,0,0,0,0,0
17,Female,295916,No,No,No,No,Yes,Yes,Yes,Yes,No,Yes,Yes,Yes,No,Yes,Yes,Yes,0,0,0,0,0,0,0,1,0,0,0,0,0,0,0,0,0,0,0,1
21,Female,171040,No,No,Yes,Yes,No,No,Yes,Yes,No,No,No,No,Yes,Yes,No,No,0,0,0,0,0,0,0,0,0,0,1,1,0,0,0,0,0,0,0,0
83,Female,241097,No,No,Yes,No,No,Yes,Yes,No,No,No,Yes,No,No,No,No,Yes,0,1,0,0,0,0,0,1,0,0,0,0,0,0,0,0,0,0,0,0
14,Male,310891,No,No,Yes,No,Yes,No,No,Yes,No,No,Yes,Yes,No,Yes,No,Yes,0,0,0,0,0,0,0,1,0,0,0,0,0,0,0,0,0,0,0,0
49,Male,216972,No,No,Yes,No,Yes,No,Yes,Yes,Yes,No,No,No,No,No,No,Yes,0,0,0,0,0,0,0,0,1,0,0,0,0,0,0,0,0,0,0,0
8,Male,226660,Yes,No,No,No,No,No,No,No,No,No,Yes,Yes,No,Yes,No,Yes,0,0,0,0,0,0,0,1,0,0,0,0,0,0,0,0,0,0,0,0
34,Female,113661,No,No,Yes,Yes,Yes,No,No,No,Yes,Yes,Yes,No,No,Yes,No,Yes,0,1,0,0,0,0,0,1,1,0,0,0,1,0,0,0,1,1,0,0
24,Female,399616,Yes,Yes,Yes,Yes,No,No,Yes,Yes,No,Yes,Yes,No,Yes,No,No,Yes,0,0,0,0,0,0,0,1,0,0,1,0,1,0,1,1,0,1,0,1
42,Male,424447,No,No,Yes,No,No,No,Yes,Yes,Yes,No,Yes,No,Yes,Yes,No,Yes,0,0,0,0,0,0,0,0,1,0,0,0,0,0,0,0,1,0,0,0
40,Female,404675,No,No,Yes,Yes,Yes,No,No,No,No,No,Yes,No,No,No,No,No,0,0,0,0,0,0,0,0,0,0,0,0,0,0,0,0,0,0,0,0
75,Female,286812,No,No,Yes,No,Yes,Yes,Yes,Yes,Yes,No,Yes,No,No,No,No,Yes,0,0,0,0,0,0,0,1,1,0,0,0,0,0,0,0,1,0,0,0
43,Female,307978,No,No,No,Yes,No,Yes,No,Yes,No,Yes,No,Yes,Yes,No,No,Yes,0,0,0,0,0,0,0,0,0,0,1,0,1,0,0,0,0,0,0,0
41,Female,369403,No,No,No,No,Yes,Yes,No,No,Yes,No,Yes,No,No,No,No,No,0,0,0,0,0,0,0,1,0,0,0,0,0,0,0,0,0,0,0,0
83,Female,350817,No,No,Yes,No,Yes,No,No,Yes,No,No,No,Yes,Yes,No,No,No,0,0,0,0,0,0,0,0,0,0,1,0,0,0,0,0,0,0,0,0
72,Female,489580,No,No,No,Yes,Yes,No,No,No,Yes,No,No,No,No,Yes,No,No,0,0,0,0,0,0,0,0,0,0,0,0,0,0,0,0,0,0,0,0
56,Male,61798,No,No,Yes,No,Yes,No,No,No,No,No,Yes,Yes,No,Yes,No,Yes,0,0,0,0,0,0,1,1,0,1,0,0,0,1,0,0,0,0,0,0
36,Male,64767,No,No,Yes,No,Yes,No,Yes,Yes,No,No,Yes,No,Yes,Yes,No,No,0,0,0,0,0,0,1,1,0,0,0,1,0,1,0,0,0,0,0,0
43,Male,360123,No,No,Yes,No,No,No,Yes,No,No,No,No,Yes,Yes,No,No,Yes,0,0,0,0,0,0,0,0,0,0,0,0,0,0,0,0,0,0,0,0
12,Male,296657,Yes,No,Yes,No,No,No,Yes,Yes,Yes,No,Yes,No,Yes,No,No,No,0,0,0,0,0,0,0,1,0,0,0,0,0,0,1,1,0,0,0,0
43,Female,40935,No,No,Yes,No,No,No,Yes,No,Yes,Yes,No,No,No,Yes,No,No,0,0,0,0,0,0,0,0,1,0,0,0,1,1,0,0,0,0,0,0
28,Female,353872,No,No,No,Yes,Yes,Yes,No,No,No,No,No,No,No,Yes,No,No,0,0,0,0,0,0,0,0,0,0,0,0,0,0,0,0,0,0,0,0
85,Male,149853,No,No,No,No,Yes,No,Yes,No,No,No,No,No,Yes,Yes,No,Yes,0,0,0,0,0,0,0,0,0,0,0,1,0,0,0,0,0,0,0,0
56,Male,395861,No,No,Yes,No,Yes,No,No,Yes,Yes,No,Yes,No,No,No,No,No,0,0,0,0,0,0,0,1,1,0,0,0,0,0,0,0,1,0,0,0
2,Male,157236,Yes,No,Yes,No,Yes,No,Yes,No,Yes,No,Yes,Yes,No,No,No,No,0,0,0,0,0,0,0,1,0,0,0,0,0,0,0,0,0,0,0,0
28,Female,17196,No,No,No,Yes,No,Yes,No,Yes,Yes,Yes,Yes,No,No,Yes,No,No,0,1,0,0,0,1,0,1,0,0,0,0,1,1,0,0,0,1,0,0
41,Male,135758,No,No,Yes,No,No,No,Yes,No,No,No,No,No,Yes,Yes,No,No,0,0,0,0,0,0,0,0,0,0,0,1,0,0,0,0,0,0,0,0
27,Female,112000,No,No,No,No,Yes,No,Yes,No,No,No,Yes,No,Yes,No,No,Yes,0,1,0,0,0,0,0,1,0,0,1,1,0,0,0,0,0,0,0,1
22,Female,244617,Yes,No,No,No,Yes,No,Yes,No,No,Yes,Yes,Yes,Yes,Yes,No,No,1,1,0,0,0,0,0,1,0,1,1,1,1,0,1,0,0,1,0,0
75,Male,155873,No,No,No,No,No,No,Yes,No,Yes,No,Yes,No,Yes,No,No,No,0,0,0,0,0,0,0,1,0,0,0,1,0,0,0,0,0,0,0,0
80,Female,341765,No,No,No,No,No,No,No,Yes,Yes,No,No,No,No,Yes,No,Yes,0,0,0,0,0,0,0,0,0,0,0,0,0,0,0,0,0,0,0,0
35,Female,421427,No,No,No,Yes,Yes,Yes,No,No,Yes,No,No,No,Yes,Yes,No,No,0,0,0,0,0,0,0,0,0,0,1,0,0,0,0,0,0,0,0,0
8,Female,145144,Yes,Yes,Yes,No,No,Yes,Yes,No,No,No,No,Yes,No,No,Yes,No,0,0,0,0,0,0,0,0,0,0,0,0,0,0,1,0,0,0,0,0
50,Male,243245,No,No,Yes,No,No,No,No,Yes,Yes,No,No,No,No,No,No,Yes,0,0,0,0,0,0,0,0,1,0,0,0,0,0,0,0,0,0,0,0
24,Female,338850,No,No,Yes,Yes,Yes,Yes,No,No,No,No,No,No,Yes,No,No,Yes,0,0,0,0,0,0,0,0,0,0,1,0,0,0,0,0,0,0,0,0
43,Male,359443,No,No,Yes,No,No,No,Yes,Yes,Yes,No,No,No,No,Yes,No,No,0,0,0,0,0,0,0,0,1,0,0,0,0,0,0,0,0,0,0,0
80,Male,423097,No,No,Yes,No,Yes,No,No,Yes,No,No,Yes,Yes,No,No,No,Yes,0,0,0,0,0,0,0,0,0,0,0,0,0,0,0,0,0,0,0,0
41,Female,313373,No,No,No,Yes,No,No,No,No,Yes,Yes,No,Yes,Yes,Yes,No,No,0,0,0,0,0,0,0,0,0,0,1,0,1,0,0,0,0,0,0,0
23,Female,35200,No,No,No,Yes,No,No,Yes,Yes,Yes,No,Yes,Yes,Yes,No,No,Yes,0,1,0,0,0,1,0,1,0,1,1,1,0,0,0,0,0,0,0,1
76,Female,168914,No,No,No,No,No,Yes,No,Yes,No,No,No,No,No,No,No,Yes,0,0,0,0,0,0,0,0,0,0,0,0,0,0,0,0,0,0,0,0
24,Male,135740,Yes,No,Yes,No,No,No,Yes,No,No,No,Yes,Yes,Yes,Yes,No,No,0,0,0,0,0,0,0,1,0,1,0,1,0,0,1,0,0,0,0,0
66,Female,478459,No,No,Yes,Yes,Yes,No,Yes,No,Yes,No,Yes,No,Yes,No,No,No,0,0,0,0,0,0,0,0,1,0,1,0,0,0,0,0,1,0,0,0
45,Female,485730,No,No,Yes,No,No,Yes,No,Yes,Yes,Yes,No,Yes,Yes,Yes,No,No,0,0,0,0,0,0,0,0,1,0,1,0,1,0,0,0,0,0,0,0
34,Female,216671,No,No,No,No,No,No,Yes,No,Yes,No,Yes,No,Yes,Yes,No,No,0,1,0,0,0,0,0,1,0,0,1,1,0,0,0,0,0,0,0,0
35,Female,127752,No,No,No,No,Yes,Yes,No,No,Yes,Yes,Yes,Yes,No,No,No,Yes,0,1,0,0,0,0,0,1,0,1,0,0,1,0,0,0,0,1,0,0
81,Female,329108,No,No,Yes,Yes,Yes,No,Yes,Yes,Yes,No,No,Yes,No,Yes,No,Yes,0,0,0,0,0,0,0,0,1,0,0,0,0,0,0,0,0,0,0,0
18,Female,145706,No,No,Yes,Yes,No,Yes,Yes,No,No,Yes,No,Yes,No,No,No,No,0,0,0,0,0,0,0,0,0,1,0,0,1,0,0,0,0,0,0,0
41,Female,135319,No,No,No,No,Yes,No,Yes,Yes,No,Yes,No,Yes,Yes,Yes,No,No,0,0,0,0,0,0,0,0,0,1,1,1,1,0,0,0,0,0,0,0
62,Female,497551,No,No,Yes,No,No,No,No,Yes,No,No,No,No,No,No,No,Yes,0,0,0,0,0,0,0,0,0,0,0,0,0,0,0,0,0,0,0,0
55,Male,215733,No,No,No,No,No,No,Yes,Yes,Yes,No,No,Yes,No,Yes,No,No,0,0,0,0,0,0,0,0,0,1,0,0,0,0,0,0,0,0,0,0
32,Male,476885,No,No,No,No,No,No,Yes,Yes,No,No,No,No,Yes,No,No,Yes,0,0,0,0,0,0,0,0,0,0,0,0,0,0,0,0,0,0,0,0
71,Female,32397,No,No,No,No,No,No,No,Yes,No,No,No,Yes,No,Yes,No,Yes,0,0,0,0,0,0,0,0,0,1,0,0,0,1,0,0,0,0,0,0
61,Female,31294,No,No,Yes,Yes,No,Yes,No,No,No,No,Yes,Yes,Yes,Yes,No,Yes,0,1,0,0,1,1,0,1,0,1,1,1,0,1,0,0,0,0,0,0
59,Male,71343,No,No,No,No,Yes,No,Yes,No,No,No,No,No,No,No,No,Yes,0,0,0,0,0,0,0,0,0,0,0,0,0,0,0,0,0,0,0,0
3,Male,107692,Yes,Yes,Yes,No,No,No,Yes,Yes,Yes,No,No,Yes,No,Yes,No,Yes,0,0,0,0,0,0,0,0,0,0,0,0,0,0,0,0,0,0,0,0
47,Female,58197,No,No,Yes,No,No,Yes,No,No,Yes,No,No,No,Yes,Yes,No,No,0,0,0,0,0,0,0,0,1,0,1,1,0,1,0,0,0,0,0,0
68,Male,31467,No,No,Yes,No,No,No,No,No,No,No,No,No,Yes,No,No,Yes,0,0,0,0,0,0,0,0,0,0,0,1,0,0,0,0,0,0,0,0
22,Male,62799,Yes,No,No,No,Yes,No,No,Yes,No,No,Yes,Yes,Yes,No,No,Yes,0,0,0,0,0,0,1,1,0,1,0,1,0,0,0,1,0,0,0,1
83,Male,292888,No,No,Yes,No,Yes,No,No,No,Yes,No,Yes,No,Yes,Yes,No,Yes,0,0,0,0,0,0,0,1,1,0,0,0,0,0,0,0,1,0,0,0
49,Male,198029,No,No,No,No,No,No,Yes,No,Yes,No,Yes,No,Yes,No,No,No,0,0,0,0,0,0,0,1,0,0,0,1,0,0,0,0,0,0,0,0
29,Male,464213,No,No,No,No,No,No,Yes,Yes,No,No,No,No,No,No,No,No,0,0,0,0,0,0,0,0,0,0,0,0,0,0,0,0,0,0,0,0
17,Female,81838,Yes,Yes,No,No,Yes,Yes,Yes,Yes,No,Yes,Yes,No,Yes,No,Yes,Yes,0,0,0,0,0,0,0,1,0,0,0,1,0,0,1,1,0,0,0,1
44,Male,333435,No,No,Yes,No,No,No,Yes,No,Yes,No,No,Yes,Yes,Yes,No,No,0,0,0,0,0,0,0,0,1,0,0,0,0,0,0,0,0,0,0,0
82,Female,332335,No,No,Yes,No,No,Yes,No,No,No,No,No,No,Yes,No,No,No,0,0,0,0,0,0,0,0,0,0,1,0,0,0,0,0,0,0,0,0
26,Female,234919,No,No,Yes,No,Yes,No,No,Yes,No,Yes,No,No,Yes,Yes,No,Yes,0,0,0,0,0,0,0,0,0,0,1,1,1,0,0,0,0,0,0,0
6,Male,91105,Yes,Yes,Yes,No,No,No,Yes,No,No,No,Yes,Yes,Yes,Yes,No,Yes,0,0,0,1,0,0,0,1,0,0,0,1,0,0,1,0,0,0,0,0
4,Female,496643,Yes,No,No,No,No,No,No,Yes,No,No,No,Yes,No,Yes,Yes,No,0,0,0,0,0,0,0,0,0,0,0,0,0,0,0,0,0,0,0,0
15,Female,166448,No,No,Yes,No,Yes,No,No,Yes,Yes,No,Yes,No,Yes,Yes,Yes,Yes,0,0,0,0,0,0,0,1,0,0,0,1,0,0,0,0,0,0,0,0
69,Female,100183,No,No,Yes,Yes,Yes,Yes,Yes,Yes,No,No,No,No,No,No,No,No,0,0,0,0,0,0,0,0,0,0,0,0,0,0,0,0,0,0,0,0
80,Male,157266,No,No,No,No,Yes,No,Yes,No,Yes,No,No,No,No,No,No,No,0,0,0,0,0,0,0,0,0,0,0,0,0,0,0,0,0,0,0,0
9,Female,31112,No,No,No,No,Yes,No,Yes,Yes,Yes,No,Yes,No,Yes,Yes,Yes,No,0,0,0,0,0,0,0,1,0,0,0,1,0,0,0,0,0,0,1,0
77,Male,443903,No,No,Yes,No,Yes,No,No,No,No,No,Yes,No,No,No,No,No,0,0,0,0,0,0,0,0,0,0,0,0,0,0,0,0,0,0,0,0
20,Female,279375,Yes,Yes,No,No,No,Yes,Yes,Yes,Yes,Yes,Yes,Yes,Yes,No,No,Yes,0,0,0,0,0,0,0,1,0,1,1,0,1,0,1,1,0,1,0,1
59,Male,140089,No,No,Yes,No,Yes,No,Yes,Yes,Yes,No,Yes,Yes,Yes,Yes,No,Yes,0,0,0,0,0,0,0,1,1,1,0,1,0,0,0,0,1,0,0,0
14,Female,12278,No,No,Yes,No,Yes,Yes,No,No,Yes,No,No,Yes,Yes,No,Yes,Yes,0,0,0,0,0,0,0,0,0,0,0,1,0,0,0,0,0,0,0,0
53,Male,81362,No,No,Yes,No,Yes,No,No,No,No,No,Yes,No,Yes,No,No,Yes,0,0,0,0,0,0,0,1,0,0,0,1,0,0,0,0,0,0,0,0
78,Male,299945,No,No,Yes,No,No,No,No,Yes,Yes,No,Yes,No,Yes,Yes,No,No,0,0,0,0,0,0,0,1,1,0,0,0,0,0,0,0,1,0,0,0
15,Male,490962,Yes,No,No,No,Yes,No,No,No,Yes,No,No,No,Yes,No,No,No,0,0,0,0,0,0,0,0,0,0,0,0,0,0,0,0,0,0,0,0
13,Female,419553,Yes,Yes,Yes,No,Yes,No,No,Yes,No,No,Yes,Yes,Yes,No,Yes,No,0,0,0,1,0,0,0,0,0,0,0,0,0,0,0,1,0,0,0,0
30,Male,39517,No,No,Yes,No,Yes,No,No,No,No,No,Yes,No,Yes,No,No,Yes,0,0,0,0,0,0,1,1,0,0,0,1,0,0,0,0,0,0,0,1
76,Female,351696,No,No,Yes,No,No,Yes,No,No,Yes,No,Yes,Yes,Yes,Yes,No,No,0,0,0,0,0,0,0,1,1,0,1,0,0,0,0,0,1,0,0,0
13,Female,357335,No,No,Yes,No,No,Yes,No,Yes,No,No,No,Yes,Yes,Yes,Yes,No,0,0,0,0,0,0,0,0,0,0,0,0,0,0,0,0,0,0,0,0
53,Female,129799,No,No,No,Yes,No,Yes,Yes,No,Yes,No,Yes,Yes,Yes,No,No,No,0,1,0,0,0,0,0,1,0,1,1,1,0,0,0,0,0,0,0,0
46,Male,229851,No,No,Yes,No,No,No,No,Yes,No,No,No,Yes,No,No,No,No,0,0,0,0,0,0,0,0,0,1,0,0,0,0,0,0,0,0,0,0
36,Male,480719,No,No,No,No,No,No,No,No,No,No,Yes,Yes,No,Yes,No,No,0,0,0,0,0,0,0,0,0,0,0,0,0,0,0,0,0,0,0,0
19,Male,397960,Yes,Yes,Yes,No,Yes,No,No,Yes,Yes,No,No,Yes,No,No,No,No,0,0,0,0,0,0,0,0,1,0,0,0,0,0,0,1,0,0,0,0
74,Female,279396,No,No,Yes,No,No,No,Yes,No,No,No,Yes,No,No,Yes,No,No,0,0,0,0,0,0,0,1,0,0,0,0,0,0,0,0,0,0,0,0
12,Male,304271,Yes,Yes,Yes,No,No,No,No,No,Yes,No,Yes,Yes,Yes,No,No,Yes,0,0,0,1,0,0,0,1,0,0,0,0,0,0,0,0,0,0,0,0
59,Male,298814,No,No,No,No,No,No,No,No,Yes,No,No,No,Yes,No,No,Yes,0,0,0,0,0,0,0,0,0,0,0,0,0,0,0,0,0,0,0,0
39,Female,364683,No,No,No,Yes,No,No,Yes,No,Yes,Yes,No,No,Yes,No,No,Yes,0,0,0,0,0,0,0,0,0,0,1,0,1,0,0,0,0,0,0,0
46,Female,191608,No,No,No,Yes,Yes,No,No,Yes,No,No,No,No,No,Yes,No,No,0,0,0,0,0,0,0,0,0,0,0,0,0,0,0,0,0,0,0,0
43,Female,498141,No,No,No,No,No,No,Yes,Yes,Yes,Yes,Yes,No,Yes,No,No,No,0,0,0,0,0,0,0,0,0,0,1,0,1,0,0,0,0,1,0,0
52,Male,147987,No,No,Yes,No,Yes,No,No,Yes,Yes,No,Yes,Yes,Yes,No,No,Yes,0,0,0,0,0,0,0,1,1,1,0,1,0,0,0,0,1,0,0,0
84,Female,49976,No,No,Yes,Yes,Yes,No,No,No,No,No,Yes,No,Yes,No,No,Yes,0,1,0,0,1,1,1,1,0,0,1,1,0,0,0,0,0,0,0,0
13,Female,259046,Yes,Yes,No,No,Yes,No,Yes,Yes,No,No,No,Yes,Yes,No,Yes,Yes,0,0,0,0,0,0,0,0,0,0,0,0,0,0,1,1,0,0,0,0
70,Female,271168,No,No,No,Yes,Yes,Yes,No,No,Yes,No,Yes,No,Yes,Yes,No,No,0,0,0,0,0,0,0,1,0,0,1,0,0,0,0,0,0,0,0,0
48,Female,196066,No,No,Yes,No,Yes,Yes,Yes,No,Yes,No,No,No,No,No,No,No,0,0,0,0,0,0,0,0,1,0,0,0,0,0,0,0,0,0,0,0
12,Female,430577,Yes,Yes,Yes,No,No,Yes,Yes,No,No,No,Yes,No,Yes,Yes,Yes,Yes,0,0,0,1,0,0,0,0,0,0,0,0,0,0,1,0,0,0,0,0
37,Female,386970,No,No,No,No,No,No,Yes,No,No,No,Yes,Yes,Yes,Yes,No,Yes,0,0,0,0,0,0,0,1,0,0,1,0,0,0,0,0,0,0,0,0
67,Female,347119,No,No,No,Yes,No,No,No,No,Yes,No,No,Yes,No,Yes,No,No,0,0,0,0,0,0,0,0,0,0,0,0,0,0,0,0,0,0,0,0
30,Male,43198,No,No,Yes,No,No,No,Yes,Yes,No,No,No,Yes,No,No,No,No,0,0,0,0,0,0,0,0,0,1,0,0,0,0,0,0,0,0,0,0
9,Female,338732,Yes,Yes,Yes,No,No,Yes,Yes,No,Yes,No,Yes,Yes,Yes,Yes,Yes,No,0,0,0,1,0,0,0,1,0,0,0,0,0,0,1,0,0,0,0,0
30,Female,77295,No,No,Yes,Yes,No,Yes,Yes,Yes,Yes,Yes,No,No,Yes,Yes,No,No,0,0,0,0,0,0,0,0,1,0,1,1,1,0,0,0,0,0,0,0
30,Male,68214,No,No,No,No,No,No,Yes,Yes,Yes,No,No,No,Yes,Yes,No,No,0,0,0,0,0,0,0,0,0,0,0,1,0,1,0,0,0,0,0,0
26,Male,483125,No,No,Yes,No,Yes,No,No,Yes,No,No,No,No,Yes,Yes,No,Yes,0,0,0,0,0,0,0,0,0,0,0,0,0,0,0,0,0,0,0,0
79,Female,385309,No,No,Yes,No,No,No,Yes,Yes,No,No,Yes,Yes,Yes,No,No,Yes,0,0,0,0,0,0,0,1,0,0,1,0,0,0,0,0,0,0,0,0
22,Female,62097,Yes,No,No,Yes,No,Yes,Yes,Yes,No,No,No,No,Yes,No,No,No,0,0,0,0,0,0,0,0,0,0,1,1,0,0,1,1,0,0,0,0
30,Female,234087,No,No,No,Yes,No,Yes,No,Yes,Yes,No,No,No,Yes,Yes,No,No,0,0,0,0,0,0,0,0,0,0,1,1,0,0,0,0,0,0,0,0
77,Female,398745,No,No,No,No,Yes,No,No,No,No,No,Yes,No,Yes,No,No,No,0,0,0,0,0,0,0,1,0,0,1,0,0,0,0,0,0,0,0,0
11,Male,13784,No,No,Yes,No,No,No,No,No,No,No,Yes,No,Yes,No,No,No,0,0,0,0,0,0,0,1,0,0,0,1,0,0,0,0,0,0,0,0
19,Female,151284,No,No,No,Yes,No,No,No,Yes,No,Yes,No,No,Yes,Yes,No,No,0,0,0,0,0,0,0,0,0,0,1,1,1,0,0,0,0,0,0,0
24,Female,189080,No,No,No,No,No,Yes,Yes,No,No,No,No,Yes,No,No,No,Yes,0,0,0,0,0,0,0,0,0,1,0,0,0,0,0,0,0,0,0,0
28,Female,473890,No,No,Yes,Yes,Yes,Yes,Yes,Yes,Yes,No,No,Yes,No,Yes,No,Yes,0,0,0,0,0,0,0,0,1,0,0,0,0,0,0,0,0,0,0,0
44,Female,171793,No,No,Yes,Yes,No,No,No,No,Yes,No,No,Yes,No,Yes,No,Yes,0,0,0,0,0,0,0,0,1,1,0,0,0,0,0,0,0,0,0,0
51,Female,310330,No,No,Yes,No,No,Yes,Yes,No,Yes,No,Yes,No,No,No,No,No,0,0,0,0,0,0,0,1,1,0,0,0,0,0,0,0,1,0,0,0
25,Male,291702,Yes,No,No,No,Yes,No,No,No,Yes,No,No,Yes,Yes,No,No,No,0,0,0,0,0,0,0,0,0,1,0,0,0,0,0,0,0,0,0,0
44,Female,138295,No,No,No,No,Yes,Yes,Yes,No,No,Yes,Yes,No,Yes,Yes,No,No,0,1,0,0,0,0,0,1,0,0,1,1,1,0,0,0,0,1,0,0
20,Male,335122,No,No,Yes,No,Yes,No,Yes,No,No,No,No,Yes,No,Yes,No,No,0,0,0,0,0,0,0,0,0,0,0,0,0,0,0,0,0,0,0,0
15,Male,190942,Yes,Yes,No,No,Yes,No,No,Yes,No,No,Yes,Yes,No,No,No,No,0,0,0,1,0,0,0,1,0,0,0,0,0,0,0,1,0,0,0,0
78,Male,93294,No,No,No,No,No,No,Yes,No,No,No,Yes,No,Yes,Yes,No,No,0,0,0,0,0,0,0,1,0,0,0,1,0,0,0,0,0,0,0,0
38,Male,487101,No,No,No,No,Yes,No,No,Yes,No,No,Yes,Yes,No,No,No,No,0,0,0,0,0,0,0,0,0,0,0,0,0,0,0,0,0,0,0,0
25,Male,476853,No,No,Yes,No,Yes,No,Yes,Yes,Yes,No,Yes,No,No,No,No,Yes,0,0,0,0,0,0,0,0,1,0,0,0,0,0,0,0,1,0,0,1
51,Female,134158,No,No,No,No,No,Yes,No,No,No,No,Yes,Yes,Yes,Yes,No,Yes,0,1,0,0,0,0,0,1,0,1,1,1,0,0,0,0,0,0,0,0
7,Female,256802,Yes,Yes,No,No,Yes,No,Yes,No,No,No,No,Yes,No,Yes,Yes,No,0,0,0,0,0,0,0,0,0,0,0,0,0,0,1,0,0,0,0,0
21,Female,253072,Yes,Yes,No,Yes,Yes,No,Yes,Yes,Yes,Yes,Yes,Yes,No,Yes,No,No,0,0,0,0,0,0,0,1,0,1,0,0,1,0,1,1,0,1,0,0
79,Female,253251,No,No,Yes,Yes,Yes,No,No,Yes,No,No,No,No,No,Yes,No,No,0,0,0,0,0,0,0,0,0,0,0,0,0,0,0,0,0,0,0,0
73,Male,200143,No,No,No,No,No,No,Yes,Yes,Yes,No,No,Yes,No,No,No,Yes,0,0,0,0,0,0,0,0,0,1,0,0,0,0,0,0,0,0,0,0
76,Male,166631,No,No,No,No,Yes,No,Yes,No,Yes,No,Yes,Yes,Yes,Yes,No,No,0,0,0,0,0,0,0,1,0,1,0,1,0,0,0,0,0,0,0,0
25,Female,197596,Yes,No,Yes,No,No,No,No,Yes,Yes,Yes,No,No,No,Yes,No,No,0,0,0,0,0,0,0,0,1,0,0,0,1,0,0,1,0,0,0,0
60,Female,475792,No,No,Yes,Yes,Yes,No,No,No,No,No,No,No,No,Yes,No,No,0,0,0,0,0,0,0,0,0,0,0,0,0,0,0,0,0,0,0,0
67,Male,152817,No,No,Yes,No,Yes,No,No,No,No,No,Yes,No,No,Yes,No,No,0,0,0,0,0,0,0,1,0,0,0,0,0,0,0,0,0,0,0,0
39,Male,60820,No,No,Yes,No,Yes,No,Yes,No,Yes,No,Yes,No,Yes,Yes,No,No,0,0,0,0,0,0,1,1,1,0,0,1,0,1,0,0,1,0,0,0
69,Female,277744,No,No,No,No,No,No,No,No,Yes,No,No,Yes,Yes,Yes,No,Yes,0,0,0,0,0,0,0,0,0,1,1,0,0,0,0,0,0,0,0,0
2,Male,482450,Yes,No,Yes,No,No,No,Yes,No,Yes,No,Yes,Yes,No,Yes,No,Yes,0,0,0,0,0,0,0,0,0,0,0,0,0,0,0,0,0,0,0,0
84,Male,173846,No,No,Yes,No,No,No,No,No,No,No,No,No,No,No,No,Yes,0,0,0,0,0,0,0,0,0,0,0,0,0,0,0,0,0,0,0,0
56,Male,180796,No,No,No,No,Yes,No,No,No,Yes,No,No,Yes,Yes,No,No,Yes,0,0,0,0,0,0,0,0,0,1,0,1,0,0,0,0,0,0,0,0
38,Male,202859,No,No,Yes,No,No,No,Yes,Yes,No,No,Yes,No,No,Yes,No,No,0,0,0,0,0,0,0,1,0,0,0,0,0,0,0,0,0,0,0,0
76,Male,176186,No,No,Yes,No,Yes,No,Yes,No,Yes,No,No,No,No,No,No,No,0,0,0,0,0,0,0,0,1,0,0,0,0,0,0,0,0,0,0,0
45,Female,40289,No,No,No,Yes,Yes,Yes,No,Yes,No,Yes,No,No,No,No,No,Yes,0,0,0,0,0,0,0,0,0,0,0,0,1,0,0,0,0,0,0,0
3,Male,462900,Yes,No,Yes,No,No,No,No,Yes,Yes,No,Yes,No,Yes,Yes,No,Yes,0,0,0,0,0,0,0,0,0,0,0,0,0,0,0,0,0,0,0,0
18,Female,323580,No,No,Yes,Yes,No,Yes,Yes,Yes,Yes,No,No,No,No,No,No,Yes,0,0,0,0,0,0,0,0,1,0,0,0,0,0,0,0,0,0,0,0
22,Male,361147,Yes,No,Yes,No,Yes,No,Yes,No,No,No,No,No,No,Yes,No,Yes,0,0,0,0,0,0,0,0,0,0,0,0,0,0,1,0,0,0,0,0
15,Female,183158,Yes,Yes,Yes,No,Yes,No,Yes,No,Yes,No,Yes,No,Yes,Yes,Yes,Yes,0,0,0,1,0,0,0,1,0,0,0,1,0,0,1,0,0,0,0,0
54,Male,180481,No,No,Yes,No,Yes,No,Yes,No,No,No,No,Yes,No,Yes,No,Yes,0,0,0,0,0,0,0,0,0,1,0,0,0,0,0,0,0,0,0,0
29,Female,437804,No,No,No,No,Yes,No,Yes,Yes,No,No,Yes,Yes,Yes,No,No,Yes,0,0,0,0,0,0,0,0,0,0,1,0,0,0,0,0,0,0,0,1
24,Female,25650,No,No,No,Yes,Yes,Yes,No,No,No,Yes,No,Yes,No,Yes,No,Yes,0,0,0,0,0,0,0,0,0,1,0,0,1,1,0,0,0,0,0,0
84,Male,491987,No,No,No,No,No,No,No,No,Yes,No,Yes,Yes,No,No,No,Yes,0,0,0,0,0,0,0,0,0,0,0,0,0,0,0,0,0,0,0,0
78,Female,161720,No,No,Yes,Yes,No,Yes,Yes,Yes,No,No,Yes,No,Yes,Yes,No,No,0,1,0,0,0,0,0,1,0,0,1,1,0,0,0,0,0,0,0,0
81,Female,140322,No,No,Yes,Yes,Yes,Yes,No,No,Yes,No,No,Yes,No,No,No,Yes,0,0,0,0,0,0,0,0,1,1,0,0,0,0,0,0,0,0,0,0
68,Male,225460,No,No,Yes,No,Yes,No,No,No,No,No,No,Yes,No,Yes,No,No,0,0,0,0,0,0,0,0,0,1,0,0,0,0,0,0,0,0,0,0
27,Female,45759,No,No,No,No,Yes,No,No,Yes,No,No,No,Yes,Yes,Yes,No,No,0,0,0,0,0,0,0,0,0,1,1,1,0,1,0,0,0,0,0,0
76,Male,195554,No,No,Yes,No,No,No,Yes,Yes,Yes,No,No,Yes,Yes,No,No,No,0,0,0,0,0,0,0,0,1,1,0,1,0,0,0,0,0,0,0,0
40,Male,294628,No,No,Yes,No,No,No,Yes,Yes,Yes,No,No,No,No,No,No,No,0,0,0,0,0,0,0,0,1,0,0,0,0,0,0,0,0,0,0,0
22,Male,154055,No,No,No,No,Yes,No,No,No,No,No,No,No,No,Yes,No,Yes,0,0,0,0,0,0,0,0,0,0,0,0,0,0,0,0,0,0,0,0
18,Female,123106,Yes,Yes,Yes,Yes,Yes,Yes,Yes,Yes,No,No,Yes,Yes,No,No,No,Yes,1,0,0,0,0,0,0,1,0,1,0,0,0,0,1,1,0,0,0,1
67,Female,135548,No,No,Yes,No,Yes,No,No,No,No,No,No,No,No,No,No,No,0,0,0,0,0,0,0,0,0,0,0,0,0,0,0,0,0,0,0,0
15,Female,34963,Yes,Yes,Yes,No,Yes,Yes,No,No,Yes,Yes,Yes,Yes,No,No,Yes,No,0,0,0,1,0,0,0,1,0,0,0,0,0,0,0,0,0,0,1,0
24,Female,69394,Yes,Yes,Yes,Yes,No,No,No,Yes,Yes,No,No,No,Yes,No,No,Yes,0,0,0,0,0,0,0,0,1,0,1,1,0,0,0,1,0,0,0,0
65,Male,199747,No,No,Yes,No,No,No,No,No,No,No,No,No,Yes,No,No,No,0,0,0,0,0,0,0,0,0,0,0,1,0,0,0,0,0,0,0,0
13,Female,359503,Yes,No,No,No,No,Yes,No,Yes,No,No,Yes,No,No,No,Yes,Yes,0,0,0,0,0,0,0,1,0,0,0,0,0,0,0,1,0,0,0,0
24,Female,78428,No,No,No,No,No,Yes,No,No,No,Yes,No,Yes,Yes,Yes,No,No,0,0,0,0,0,0,0,0,0,1,1,1,1,0,0,0,0,0,0,0
3,Male,457267,No,No,Yes,No,Yes,No,Yes,Yes,No,No,No,No,No,Yes,No,No,0,0,0,0,0,0,0,0,0,0,0,0,0,0,0,0,0,0,0,0
78,Male,438888,No,No,No,No,No,No,No,Yes,No,No,No,Yes,No,No,No,Yes,0,0,0,0,0,0,0,0,0,0,0,0,0,0,0,0,0,0,0,0
70,Female,484752,No,No,No,No,No,No,No,Yes,No,No,No,No,Yes,No,No,No,0,0,0,0,0,0,0,0,0,0,1,0,0,0,0,0,0,0,0,0
35,Female,297147,No,No,No,No,No,Yes,No,No,Yes,Yes,Yes,No,No,No,No,No,0,0,0,0,0,0,0,1,0,0,0,0,1,0,0,0,0,1,0,0
41,Male,86146,No,No,No,No,Yes,No,No,No,Yes,No,Yes,Yes,Yes,No,No,No,0,0,0,0,0,0,0,1,0,1,0,1,0,0,0,0,0,0,0,0
56,Male,229027,No,No,Yes,No,No,No,No,Yes,Yes,No,Yes,No,No,Yes,No,No,0,0,0,0,0,0,0,1,1,0,0,0,0,0,0,0,1,0,0,0
45,Male,224961,No,No,No,No,No,No,Yes,Yes,No,No,Yes,Yes,Yes,Yes,No,No,0,0,0,0,0,0,0,1,0,1,0,1,0,0,0,0,0,0,0,0
33,Female,178191,No,No,Yes,No,No,No,Yes,No,Yes,No,No,No,Yes,Yes,No,Yes,0,0,0,0,0,0,0,0,1,0,1,1,0,0,0,0,0,0,0,0
6,Male,122511,No,No,Yes,No,No,No,Yes,Yes,No,No,No,Yes,Yes,Yes,No,No,0,0,0,0,0,0,0,0,0,0,0,1,0,0,0,0,0,0,0,0
66,Male,267356,No,No,Yes,No,Yes,No,No,Yes,No,No,No,Yes,No,Yes,No,No,0,0,0,0,0,0,0,0,0,1,0,0,0,0,0,0,0,0,0,0
55,Male,148227,No,No,No,No,No,No,No,Yes,No,No,No,Yes,Yes,Yes,No,No,0,0,0,0,0,0,0,0,0,1,0,1,0,0,0,0,0,0,0,0
61,Female,157817,No,No,No,Yes,No,No,Yes,Yes,No,No,Yes,Yes,No,No,No,Yes,0,1,0,0,0,0,0,1,0,1,0,0,0,0,0,0,0,0,0,0
39,Male,70156,No,No,Yes,No,Yes,No,No,No,No,No,No,No,Yes,No,No,Yes,0,0,0,0,0,0,0,0,0,0,0,1,0,0,0,0,0,0,0,0
77,Female,132955,No,No,No,Yes,No,Yes,Yes,Yes,Yes,No,Yes,No,No,Yes,No,No,0,1,0,0,0,0,0,1,0,0,0,0,0,0,0,0,0,0,0,0
14,Male,88768,No,No,Yes,No,No,No,Yes,No,No,No,No,Yes,Yes,No,No,No,0,0,0,0,0,0,0,0,0,0,0,1,0,0,0,0,0,0,0,0
53,Male,50269,No,No,No,No,Yes,No,Yes,Yes,Yes,No,No,Yes,Yes,No,No,No,0,0,0,0,0,0,0,0,0,1,0,1,0,0,0,0,0,0,0,0
23,Male,114596,No,No,No,No,Yes,No,No,No,Yes,No,No,Yes,No,No,No,Yes,0,0,0,0,0,0,0,0,0,1,0,0,0,0,0,0,0,0,0,0
46,Female,251670,No,No,Yes,Yes,No,Yes,Yes,Yes,No,No,Yes,No,Yes,No,No,Yes,0,0,0,0,0,0,0,1,0,0,1,0,0,0,0,0,0,0,0,0
48,Female,11182,No,No,Yes,Yes,No,No,No,No,No,No,Yes,Yes,Yes,No,No,No,0,1,0,0,0,1,0,1,0,1,1,1,0,0,0,0,0,0,0,0
56,Female,342525,No,No,Yes,Yes,No,No,Yes,Yes,No,No,Yes,No,Yes,No,No,Yes,0,0,0,0,0,0,0,1,0,0,1,0,0,0,0,0,0,0,0,0
13,Female,154803,Yes,Yes,Yes,No,No,Yes,Yes,No,No,No,No,Yes,Yes,Yes,Yes,Yes,0,0,0,0,0,0,0,0,0,0,0,1,0,0,1,0,0,0,0,0
45,Male,453433,No,No,Yes,No,Yes,No,No,Yes,No,No,No,Yes,No,No,No,No,0,0,0,0,0,0,0,0,0,0,0,0,0,0,0,0,0,0,0,0
44,Female,432272,No,No,No,Yes,No,No,Yes,Yes,Yes,No,No,No,Yes,No,No,Yes,0,0,0,0,0,0,0,0,0,0,1,0,0,0,0,0,0,0,0,0
70,Female,279239,No,No,No,No,Yes,Yes,No,Yes,Yes,No,Yes,Yes,No,No,No,No,0,0,0,0,0,0,0,1,0,1,0,0,0,0,0,0,0,0,0,0
23,Male,146792,Yes,Yes,Yes,No,Yes,No,No,Yes,Yes,No,No,Yes,No,Yes,No,No,0,0,0,0,0,0,0,0,1,1,0,0,0,0,0,1,0,0,0,0
31,Female,205385,No,No,No,No,No,No,No,Yes,Yes,Yes,No,Yes,No,No,No,Yes,0,0,0,0,0,0,0,0,0,1,0,0,1,0,0,0,0,0,0,0
58,Female,269522,No,No,No,No,Yes,No,Yes,No,No,No,No,Yes,Yes,Yes,No,No,0,0,0,0,0,0,0,0,0,1,1,0,0,0,0,0,0,0,0,0
61,Female,477630,No,No,Yes,Yes,No,Yes,No,No,Yes,No,No,No,No,Yes,No,No,0,0,0,0,0,0,0,0,1,0,0,0,0,0,0,0,0,0,0,0
9,Female,483286,No,No,No,No,Yes,Yes,No,No,Yes,No,No,Yes,Yes,No,Yes,No,0,0,0,0,0,0,0,0,0,0,0,0,0,0,0,0,0,0,0,0
52,Female,140793,No,No,Yes,No,Yes,No,Yes,Yes,Yes,No,No,No,No,Yes,No,Yes,0,0,0,0,0,0,0,0,1,0,0,0,0,0,0,0,0,0,0,0
77,Male,484182,No,No,Yes,No,Yes,No,Yes,No,Yes,No,No,Yes,Yes,No,No,Yes,0,0,0,0,0,0,0,0,1,0,0,0,0,0,0,0,0,0,0,0
24,Male,22297,Yes,No,Yes,No,No,No,No,Yes,No,No,No,No,No,Yes,No,Yes,0,0,0,0,0,0,0,0,0,0,0,0,0,1,0,1,0,0,0,0
5,Female,349121,Yes,Yes,Yes,No,No,No,Yes,No,No,No,Yes,No,Yes,No,Yes,Yes,0,0,0,1,0,0,0,1,0,0,0,0,0,0,1,0,0,0,0,0
82,Male,18616,No,No,Yes,No,Yes,No,No,No,Yes,No,Yes,No,No,Yes,No,No,0,0,0,0,1,0,1,1,1,0,0,0,0,1,0,0,1,0,0,0
22,Male,325450,No,No,Yes,No,Yes,No,Yes,Yes,Yes,No,No,No,No,Yes,No,Yes,0,0,0,0,0,0,0,0,1,0,0,0,0,0,0,0,0,0,0,0
16,Male,130089,No,No,Yes,No,Yes,No,No,Yes,No,No,Yes,Yes,No,No,No,No,0,0,0,0,0,0,0,1,0,0,0,0,0,0,0,0,0,0,0,0
78,Male,193782,No,No,Yes,No,No,No,No,Yes,Yes,No,Yes,Yes,Yes,No,No,No,0,0,0,0,0,0,0,1,1,1,0,1,0,0,0,0,1,0,0,0
19,Female,199773,Yes,No,No,No,Yes,Yes,No,Yes,Yes,Yes,No,No,No,Yes,No,Yes,0,0,0,0,0,0,0,0,0,0,0,0,1,0,0,1,0,0,0,0
69,Male,245505,No,No,No,No,No,No,Yes,Yes,Yes,No,Yes,Yes,Yes,Yes,No,No,0,0,0,0,0,0,0,1,0,1,0,1,0,0,0,0,0,0,0,0
72,Male,287112,No,No,No,No,No,No,Yes,No,Yes,No,Yes,Yes,No,Yes,No,No,0,0,0,0,0,0,0,1,0,1,0,0,0,0,0,0,0,0,0,0
64,Male,82384,No,No,Yes,No,No,No,Yes,No,No,No,Yes,Yes,No,No,No,Yes,0,0,0,0,0,0,0,1,0,1,0,0,0,0,0,0,0,0,0,0
31,Male,492893,No,No,No,No,No,No,No,Yes,Yes,No,No,Yes,No,Yes,No,No,0,0,0,0,0,0,0,0,0,0,0,0,0,0,0,0,0,0,0,0
67,Male,134368,No,No,Yes,No,No,No,No,No,Yes,No,No,Yes,No,Yes,No,Yes,0,0,0,0,0,0,0,0,1,1,0,0,0,0,0,0,0,0,0,0
63,Male,313959,No,No,Yes,No,Yes,No,Yes,Yes,Yes,No,Yes,No,No,No,No,No,0,0,0,0,0,0,0,1,1,0,0,0,0,0,0,0,1,0,0,0
9,Male,25315,No,No,Yes,No,Yes,No,No,Yes,Yes,No,Yes,Yes,No,Yes,No,No,0,0,0,0,0,0,0,1,0,0,0,0,0,0,0,0,0,0,0,0
46,Male,349031,No,No,No,No,No,No,No,No,No,No,Yes,Yes,No,No,No,Yes,0,0,0,0,0,0,0,1,0,0,0,0,0,0,0,0,0,0,0,0
78,Male,80471,No,No,Yes,No,Yes,No,No,Yes,Yes,No,No,Yes,Yes,No,No,Yes,0,0,0,0,0,0,0,0,1,1,0,1,0,0,0,0,0,0,0,0
55,Male,379321,No,No,Yes,No,No,No,Yes,No,Yes,No,No,Yes,Yes,No,No,Yes,0,0,0,0,0,0,0,0,1,0,0,0,0,0,0,0,0,0,0,0
67,Male,250022,No,No,No,No,No,No,Yes,Yes,No,No,Yes,Yes,No,Yes,No,No,0,0,0,0,0,0,0,1,0,1,0,0,0,0,0,0,0,0,0,0
51,Male,356174,No,No,No,No,No,No,No,No,No,No,No,Yes,Yes,Yes,No,No,0,0,0,0,0,0,0,0,0,0,0,0,0,0,0,0,0,0,0,0
59,Female,137201,No,No,No,No,Yes,Yes,Yes,Yes,Yes,No,No,No,Yes,Yes,No,No,0,0,0,0,0,0,0,0,0,0,1,1,0,0,0,0,0,0,0,0
18,Female,240305,No,No,No,Yes,No,No,No,No,Yes,Yes,No,Yes,No,No,No,Yes,0,0,0,0,0,0,0,0,0,1,0,0,1,0,0,0,0,0,0,0
34,Female,98009,No,No,Yes,Yes,No,Yes,No,Yes,Yes,No,Yes,No,No,No,No,Yes,0,1,0,0,0,0,0,1,1,0,0,0,0,0,0,0,1,0,0,0
66,Male,63198,No,No,Yes,No,No,No,Yes,No,No,No,Yes,Yes,Yes,No,No,No,0,0,0,0,1,0,0,1,0,1,0,1,0,0,0,0,0,0,0,0
70,Female,133132,No,No,Yes,No,No,Yes,Yes,No,No,No,Yes,No,Yes,No,No,Yes,0,1,0,0,0,0,0,1,0,0,1,1,0,0,0,0,0,0,0,0
39,Male,464777,No,No,No,No,No,No,Yes,No,Yes,No,Yes,No,No,No,No,Yes,0,0,0,0,0,0,0,0,0,0,0,0,0,0,0,0,0,0,0,0
56,Male,335468,No,No,Yes,No,No,No,No,Yes,No,No,Yes,No,No,Yes,No,No,0,0,0,0,0,0,0,1,0,0,0,0,0,0,0,0,0,0,0,0
54,Male,213566,No,No,No,No,No,No,Yes,No,No,No,Yes,No,Yes,No,No,No,0,0,0,0,0,0,0,1,0,0,0,1,0,0,0,0,0,0,0,0
70,Female,174809,No,No,No,Yes,Yes,No,Yes,No,No,No,No,No,No,Yes,No,Yes,0,0,0,0,0,0,0,0,0,0,0,0,0,0,0,0,0,0,0,0
2,Female,399782,No,No,Yes,No,Yes,Yes,Yes,No,Yes,No,Yes,Yes,Yes,No,Yes,Yes,0,0,0,0,0,0,0,1,0,0,0,0,0,0,0,0,0,0,0,0
25,Female,316232,Yes,Yes,Yes,No,Yes,No,Yes,No,No,Yes,No,Yes,Yes,No,No,Yes,0,0,0,0,0,0,0,0,0,0,1,0,1,0,1,0,0,0,0,0
82,Male,117940,No,No,Yes,No,Yes,No,Yes,No,No,No,No,Yes,No,No,No,Yes,0,0,0,0,0,0,0,0,0,1,0,0,0,0,0,0,0,0,0,0
28,Male,247314,No,No,Yes,No,Yes,No,No,Yes,Yes,No,No,No,No,Yes,No,Yes,0,0,0,0,0,0,0,0,1,0,0,0,0,0,0,0,0,0,0,0
54,Male,422921,No,No,No,No,Yes,No,Yes,Yes,Yes,No,Yes,No,No,Yes,No,No,0,0,0,0,0,0,0,0,0,0,0,0,0,0,0,0,0,0,0,0
13,Female,478829,No,No,No,No,No,Yes,No,Yes,Yes,No,No,No,No,Yes,Yes,No,0,0,0,0,0,0,0,0,0,0,0,0,0,0,0,0,0,0,0,0
2,Female,217918,Yes,Yes,No,No,Yes,No,Yes,Yes,Yes,No,No,Yes,No,Yes,Yes,No,0,0,0,0,0,0,0,0,0,0,0,0,0,0,0,0,0,0,0,0
6,Male,317707,No,No,Yes,No,No,No,No,No,Yes,No,Yes,No,No,No,No,No,0,0,0,0,0,0,0,1,0,0,0,0,0,0,0,0,0,0,0,0
14,Male,410455,Yes,Yes,No,No,No,No,No,No,Yes,No,No,Yes,Yes,Yes,No,No,0,0,0,0,0,0,0,0,0,0,0,0,0,0,0,0,0,0,0,0
1,Male,139772,No,No,No,No,Yes,No,Yes,Yes,No,No,Yes,Yes,No,Yes,No,No,0,0,0,0,0,0,0,1,0,0,0,0,0,0,0,0,0,0,0,0
21,Male,204448,Yes,No,Yes,No,No,No,No,Yes,No,No,Yes,No,No,No,No,No,0,0,0,0,0,0,0,1,0,0,0,0,0,0,0,1,0,0,0,0
50,Male,68802,No,No,No,No,Yes,No,No,Yes,Yes,No,No,No,No,No,No,Yes,0,0,0,0,0,0,0,0,0,0,0,0,0,0,0,0,0,0,0,0
21,Female,75095,No,No,No,Yes,Yes,No,Yes,No,Yes,Yes,No,Yes,No,No,No,No,0,0,0,0,0,0,0,0,0,1,0,0,1,0,0,0,0,0,0,0
62,Female,331050,No,No,Yes,Yes,Yes,Yes,Yes,No,Yes,No,No,Yes,Yes,No,No,No,0,0,0,0,0,0,0,0,1,0,1,0,0,0,0,0,0,0,0,0
16,Female,188313,No,No,Yes,No,Yes,No,Yes,No,No,Yes,Yes,No,No,No,Yes,No,0,0,0,0,0,0,0,1,0,0,0,0,0,0,0,0,0,0,0,0
49,Male,213471,No,No,No,No,No,No,No,No,Yes,No,No,Yes,No,Yes,No,No,0,0,0,0,0,0,0,0,0,1,0,0,0,0,0,0,0,0,0,0
16,Female,336063,No,No,No,No,No,Yes,No,No,Yes,Yes,No,No,Yes,No,Yes,No,0,0,0,0,0,0,0,0,0,0,0,0,0,0,0,0,0,0,0,0
19,Female,294048,No,No,No,Yes,No,Yes,No,Yes,No,No,No,No,No,No,No,Yes,0,0,0,0,0,0,0,0,0,0,0,0,0,0,0,0,0,0,0,0
51,Female,113775,No,No,No,No,Yes,No,Yes,No,Yes,No,Yes,Yes,Yes,Yes,No,No,0,1,0,0,0,0,0,1,0,1,1,1,0,0,0,0,0,0,0,0
31,Male,374701,No,No,Yes,No,Yes,No,Yes,No,No,No,Yes,Yes,Yes,Yes,No,No,0,0,0,0,0,0,0,1,0,0,0,0,0,0,0,0,0,0,0,0
73,Male,352674,No,No,No,No,No,No,Yes,Yes,No,No,Yes,Yes,Yes,No,No,Yes,0,0,0,0,0,0,0,1,0,0,0,0,0,0,0,0,0,0,0,0
82,Male,371014,No,No,Yes,No,No,No,No,Yes,No,No,No,No,Yes,No,No,Yes,0,0,0,0,0,0,0,0,0,0,0,0,0,0,0,0,0,0,0,0
39,Female,495690,No,No,No,Yes,Yes,Yes,Yes,No,Yes,Yes,No,No,No,No,No,No,0,0,0,0,0,0,0,0,0,0,0,0,1,0,0,0,0,0,0,0
42,Female,305125,No,No,Yes,Yes,No,Yes,No,Yes,No,No,Yes,Yes,No,Yes,No,Yes,0,0,0,0,0,0,0,1,0,0,0,0,0,0,0,0,0,0,0,0
26,Male,152904,No,No,Yes,No,No,No,No,No,Yes,No,No,Yes,Yes,No,No,No,0,0,0,0,0,0,0,0,1,1,0,1,0,0,0,0,0,0,0,0
30,Male,492861,No,No,Yes,No,No,No,Yes,Yes,No,No,Yes,No,No,Yes,No,Yes,0,0,0,0,0,0,0,0,0,0,0,0,0,0,0,0,0,0,0,1
28,Female,376245,No,No,Yes,No,No,No,No,Yes,Yes,Yes,Yes,Yes,No,No,No,Yes,0,0,0,0,0,0,0,1,1,0,0,0,1,0,0,0,1,1,0,1
19,Female,24449,No,No,No,Yes,Yes,No,Yes,No,No,No,Yes,No,No,No,No,Yes,0,0,0,0,0,1,1,1,0,0,0,0,0,0,0,0,0,0,0,1
44,Female,297590,No,No,Yes,No,No,No,Yes,No,No,No,Yes,Yes,Yes,Yes,No,Yes,0,0,0,0,0,0,0,1,0,1,1,0,0,0,0,0,0,0,0,0
79,Male,154231,No,No,No,No,No,No,No,No,No,No,No,Yes,Yes,Yes,No,No,0,0,0,0,0,0,0,0,0,1,0,1,0,0,0,0,0,0,0,0
14,Female,248162,No,No,Yes,No,No,Yes,No,No,Yes,No,Yes,No,No,Yes,Yes,No,0,0,0,0,0,0,0,1,0,0,0,0,0,0,0,0,0,0,0,0
41,Female,430751,No,No,No,No,Yes,No,No,No,No,No,Yes,No,Yes,No,No,Yes,0,0,0,0,0,0,0,0,0,0,1,0,0,0,0,0,0,0,0,0
39,Male,66789,No,No,No,No,No,No,No,No,No,No,No,No,Yes,No,No,No,0,0,0,0,0,0,0,0,0,0,0,1,0,0,0,0,0,0,0,0
17,Female,280340,No,No,Yes,No,No,No,No,Yes,Yes,No,Yes,No,Yes,Yes,Yes,No,0,0,0,0,0,0,0,1,0,0,0,0,0,0,0,0,0,0,0,0
2,Female,438253,Yes,Yes,No,No,Yes,No,No,Yes,Yes,No,No,Yes,No,Yes,Yes,Yes,0,0,0,0,0,0,0,0,0,0,0,0,0,0,0,0,0,0,0,0
22,Male,130339,Yes,No,No,No,Yes,No,No,Yes,No,No,No,No,No,No,No,No,0,0,0,0,0,0,0,0,0,0,0,0,0,0,0,1,0,0,0,0
34,Male,387478,No,No,No,No,No,No,No,No,No,No,No,Yes,Yes,Yes,No,No,0,0,0,0,0,0,0,0,0,0,0,0,0,0,0,0,0,0,0,0
23,Female,44616,No,No,No,No,Yes,No,Yes,No,Yes,No,Yes,No,No,Yes,No,No,0,1,0,0,0,0,1,1,0,0,0,0,0,1,0,0,0,0,0,0
23,Female,350335,Yes,No,Yes,No,No,Yes,Yes,No,No,No,No,No,Yes,No,No,No,0,0,0,0,0,0,0,0,0,0,1,0,0,0,1,0,0,0,0,0
77,Male,289501,No,No,Yes,No,No,No,No,No,No,No,Yes,Yes,Yes,Yes,No,No,0,0,0,0,0,0,0,1,0,1,0,0,0,0,0,0,0,0,0,0
51,Female,430900,No,No,Yes,Yes,No,No,Yes,Yes,Yes,No,Yes,No,No,Yes,No,Yes,0,0,0,0,0,0,0,0,1,0,0,0,0,0,0,0,1,0,0,0
25,Female,482159,No,No,No,No,No,Yes,Yes,Yes,No,No,Yes,Yes,Yes,No,No,No,0,0,0,0,0,0,0,0,0,0,1,0,0,0,0,0,0,0,0,0
3,Female,448146,Yes,Yes,No,No,Yes,Yes,Yes,Yes,Yes,No,No,No,Yes,No,Yes,Yes,0,0,0,0,0,0,0,0,0,0,0,0,0,0,0,0,0,0,0,0
82,Female,285668,No,No,Yes,Yes,No,Yes,No,No,Yes,No,No,No,No,No,No,Yes,0,0,0,0,0,0,0,0,1,0,0,0,0,0,0,0,0,0,0,0
31,Female,479666,No,No,Yes,No,Yes,No,No,Yes,No,No,Yes,Yes,Yes,Yes,No,Yes,0,0,0,0,0,0,0,0,0,0,1,0,0,0,0,0,0,0,0,0
68,Male,29830,No,No,Yes,No,No,No,Yes,No,Yes,No,Yes,Yes,No,No,No,No,0,0,0,0,1,0,0,1,1,1,0,0,0,0,0,0,1,0,0,0
71,Male,156046,No,No,No,No,No,No,No,Yes,No,No,Yes,No,No,No,No,No,0,0,0,0,0,0,0,1,0,0,0,0,0,0,0,0,0,0,0,0
79,Female,69142,No,No,Yes,No,Yes,No,Yes,Yes,Yes,No,Yes,Yes,Yes,No,No,No,0,1,0,0,1,0,1,1,1,1,1,1,0,0,0,0,1,0,0,0
33,Female,196068,No,No,Yes,No,No,Yes,No,No,No,No,No,Yes,Yes,No,No,Yes,0,0,0,0,0,0,0,0,0,1,1,1,0,0,0,0,0,0,0,0
72,Male,320962,No,No,No,No,No,No,Yes,No,Yes,No,No,No,No,No,No,Yes,0,0,0,0,0,0,0,0,0,0,0,0,0,0,0,0,0,0,0,0
50,Male,130589,No,No,Yes,No,No,No,Yes,Yes,No,No,Yes,No,Yes,Yes,No,Yes,0,0,0,0,0,0,0,1,0,0,0,1,0,0,0,0,0,0,0,0
10,Male,177749,Yes,Yes,Yes,No,Yes,No,Yes,No,Yes,No,No,No,No,Yes,No,No,0,0,0,0,0,0,0,0,0,0,0,0,0,0,1,0,0,0,0,0
16,Male,45572,No,No,Yes,No,No,No,No,No,Yes,No,No,Yes,Yes,No,No,Yes,0,0,0,0,0,0,0,0,0,0,0,1,0,0,0,0,0,0,0,0
2,Male,205106,No,No,No,No,No,No,No,Yes,No,No,No,Yes,Yes,No,No,No,0,0,0,0,0,0,0,0,0,0,0,1,0,0,0,0,0,0,0,0
14,Female,189957,No,No,No,No,Yes,No,No,Yes,Yes,No,Yes,No,No,No,Yes,No,0,0,0,0,0,0,0,1,0,0,0,0,0,0,0,0,0,0,0,0
29,Female,92655,No,No,No,Yes,Yes,No,Yes,Yes,Yes,No,Yes,Yes,No,Yes,No,No,0,1,0,0,0,0,0,1,0,1,0,0,0,0,0,0,0,0,0,0
35,Female,185780,No,No,No,No,Yes,Yes,Yes,No,Yes,No,Yes,Yes,No,No,No,Yes,0,1,0,0,0,0,0,1,0,1,0,0,0,0,0,0,0,0,0,0
39,Female,407200,No,No,Yes,No,No,Yes,No,No,Yes,Yes,No,Yes,No,Yes,No,No,0,0,0,0,0,0,0,0,1,0,0,0,1,0,0,0,0,0,0,0
80,Female,83213,No,No,Yes,No,Yes,No,Yes,Yes,Yes,No,Yes,No,No,No,No,Yes,0,1,0,0,0,0,0,1,1,0,0,0,0,0,0,0,1,0,0,0
64,Female,100117,No,No,No,No,Yes,No,Yes,Yes,Yes,No,Yes,No,Yes,No,No,No,0,1,0,0,0,0,0,1,0,0,1,1,0,0,0,0,0,0,0,0
35,Female,297586,No,No,No,Yes,No,No,Yes,No,Yes,Yes,No,No,Yes,No,No,Yes,0,0,0,0,0,0,0,0,0,0,1,0,1,0,0,0,0,0,0,0
56,Female,161670,No,No,Yes,Yes,No,Yes,No,No,No,No,Yes,Yes,Yes,No,No,No,0,1,0,0,0,0,0,1,0,1,1,1,0,0,0,0,0,0,0,0
63,Female,105679,No,No,No,No,Yes,Yes,Yes,Yes,No,No,No,Yes,Yes,No,No,Yes,0,0,0,0,0,0,0,0,0,1,1,1,0,0,0,0,0,0,0,0
33,Male,251614,No,No,Yes,No,No,No,Yes,Yes,No,No,No,No,Yes,No,No,No,0,0,0,0,0,0,0,0,0,0,0,0,0,0,0,0,0,0,0,0
21,Female,353830,Yes,Yes,Yes,No,Yes,No,No,Yes,No,No,No,Yes,Yes,No,No,Yes,0,0,0,0,0,0,0,0,0,0,1,0,0,0,0,1,0,0,0,0
28,Male,475471,No,No,Yes,No,Yes,No,No,Yes,No,No,Yes,Yes,No,No,No,No,0,0,0,0,0,0,0,0,0,0,0,0,0,0,0,0,0,0,0,0
18,Male,25575,Yes,Yes,Yes,No,No,No,No,No,No,No,No,No,No,No,No,Yes,0,0,0,0,0,0,0,0,0,0,0,0,0,0,0,0,0,0,0,0
59,Male,103167,No,No,No,No,Yes,No,No,No,Yes,No,Yes,Yes,Yes,Yes,No,No,0,0,0,0,0,0,0,1,0,1,0,1,0,0,0,0,0,0,0,0
67,Male,397521,No,No,Yes,No,No,No,Yes,No,No,No,Yes,Yes,Yes,No,No,No,0,0,0,0,0,0,0,1,0,0,0,0,0,0,0,0,0,0,0,0
22,Male,55706,No,No,No,No,Yes,No,No,No,Yes,No,Yes,No,Yes,Yes,No,Yes,0,0,0,0,0,0,1,1,0,0,0,1,0,1,0,0,0,0,0,1
51,Male,390259,No,No,No,No,No,No,Yes,No,No,No,Yes,Yes,No,No,No,No,0,0,0,0,0,0,0,1,0,0,0,0,0,0,0,0,0,0,0,0
5,Male,46015,Yes,No,No,No,No,No,No,Yes,No,No,Yes,Yes,No,Yes,No,Yes,0,0,0,0,0,0,0,1,0,0,0,0,0,0,0,1,0,0,0,0
29,Female,42101,No,No,Yes,No,Yes,Yes,Yes,Yes,No,No,Yes,Yes,Yes,Yes,No,No,0,1,0,0,0,0,1,1,0,1,1,1,0,1,0,0,0,0,0,0
38,Female,233870,No,No,No,Yes,Yes,Yes,Yes,No,Yes,No,Yes,No,Yes,Yes,No,No,0,1,0,0,0,0,0,1,0,0,1,1,0,0,0,0,0,0,0,0
55,Male,236655,No,No,Yes,No,Yes,No,Yes,Yes,Yes,No,No,No,Yes,No,No,No,0,0,0,0,0,0,0,0,1,0,0,1,0,0,0,0,0,0,0,0
32,Male,378885,No,No,Yes,No,Yes,No,Yes,No,No,No,Yes,No,No,No,No,Yes,0,0,0,0,0,0,0,1,0,0,0,0,0,0,0,0,0,0,0,0
33,Male,136962,No,No,No,No,Yes,No,Yes,Yes,Yes,No,No,Yes,Yes,Yes,No,Yes,0,0,0,0,0,0,0,0,0,1,0,1,0,0,0,0,0,0,0,0
45,Male,432889,No,No,No,No,Yes,No,No,No,No,No,Yes,Yes,No,No,No,Yes,0,0,0,0,0,0,0,0,0,0,0,0,0,0,0,0,0,0,0,0
24,Female,115499,No,No,Yes,Yes,Yes,Yes,No,Yes,Yes,Yes,Yes,No,No,Yes,No,No,0,1,0,0,0,0,0,1,1,0,0,0,1,0,0,0,1,1,0,0
5,Female,96371,No,No,Yes,No,Yes,No,Yes,Yes,Yes,No,Yes,Yes,No,Yes,Yes,No,0,0,0,0,0,0,0,1,0,0,0,0,0,0,0,0,0,0,0,0
10,Female,411026,No,No,No,No,No,No,No,No,No,No,No,No,Yes,No,Yes,Yes,0,0,0,0,0,0,0,0,0,0,0,0,0,0,0,0,0,0,0,0
53,Male,446764,No,No,No,No,Yes,No,No,Yes,Yes,No,Yes,Yes,Yes,No,No,No,0,0,0,0,0,0,0,0,0,0,0,0,0,0,0,0,0,0,0,0
12,Male,410681,Yes,No,No,No,No,No,Yes,No,Yes,No,No,Yes,Yes,Yes,No,No,0,0,0,0,0,0,0,0,0,0,0,0,0,0,1,0,0,0,0,0
47,Male,406737,No,No,Yes,No,Yes,No,No,No,No,No,Yes,Yes,Yes,No,No,No,0,0,0,0,0,0,0,0,0,0,0,0,0,0,0,0,0,0,0,0
7,Female,192048,No,No,Yes,No,No,No,No,Yes,Yes,No,Yes,Yes,Yes,Yes,Yes,Yes,0,0,0,0,0,0,0,1,0,0,0,1,0,0,0,0,0,0,0,0
13,Male,351317,No,No,No,No,No,No,Yes,No,No,No,No,Yes,No,Yes,No,No,0,0,0,0,0,0,0,0,0,0,0,0,0,0,0,0,0,0,0,0
83,Male,392438,No,No,Yes,No,Yes,No,No,Yes,Yes,No,Yes,Yes,No,Yes,No,Yes,0,0,0,0,0,0,0,1,1,0,0,0,0,0,0,0,1,0,0,0
42,Female,60464,No,No,Yes,No,No,Yes,Yes,Yes,No,No,No,Yes,No,No,No,Yes,0,0,0,0,0,0,0,0,0,1,0,0,0,0,0,0,0,0,0,0
21,Male,141336,Yes,Yes,Yes,No,No,No,No,No,Yes,No,No,No,No,No,No,No,0,0,0,0,0,0,0,0,1,0,0,0,0,0,0,0,0,0,0,0
66,Female,64562,No,No,No,Yes,Yes,Yes,Yes,Yes,No,No,No,No,Yes,No,No,Yes,0,0,0,0,0,0,0,0,0,0,1,1,0,0,0,0,0,0,0,0
42,Male,141715,No,No,No,No,Yes,No,Yes,Yes,Yes,No,Yes,Yes,No,Yes,No,No,0,0,0,0,0,0,0,1,0,1,0,0,0,0,0,0,0,0,0,0
30,Male,446731,No,No,Yes,No,Yes,No,No,No,Yes,No,No,No,No,No,No,Yes,0,0,0,0,0,0,0,0,1,0,0,0,0,0,0,0,0,0,0,0
38,Female,442561,No,No,Yes,Yes,Yes,No,Yes,No,No,Yes,No,Yes,No,Yes,No,No,0,0,0,0,0,0,0,0,0,0,0,0,1,0,0,0,0,0,0,0
59,Male,19350,No,No,No,No,Yes,No,Yes,No,Yes,No,No,No,No,Yes,No,No,0,0,0,0,0,0,0,0,0,0,0,0,0,1,0,0,0,0,0,0
24,Female,45363,No,No,Yes,Yes,No,Yes,No,No,Yes,No,No,No,Yes,No,No,Yes,0,0,0,0,0,0,0,0,1,0,1,1,0,0,0,0,0,0,0,0
84,Female,335356,No,No,Yes,Yes,No,Yes,No,No,No,No,No,Yes,No,No,No,Yes,0,0,0,0,0,0,0,0,0,0,0,0,0,0,0,0,0,0,0,0
26,Male,417696,No,No,No,No,Yes,No,No,No,No,No,No,No,Yes,Yes,No,No,0,0,0,0,0,0,0,0,0,0,0,0,0,0,0,0,0,0,0,0
46,Male,121056,No,No,Yes,No,Yes,No,Yes,Yes,No,No,Yes,Yes,No,No,No,No,0,0,0,0,0,0,0,1,0,1,0,0,0,0,0,0,0,0,0,0
64,Male,406318,No,No,Yes,No,Yes,No,Yes,Yes,No,No,Yes,No,No,Yes,No,No,0,0,0,0,0,0,0,0,0,0,0,0,0,0,0,0,0,0,0,0
50,Female,459661,No,No,Yes,No,Yes,Yes,No,No,No,No,Yes,No,No,No,No,Yes,0,0,0,0,0,0,0,0,0,0,0,0,0,0,0,0,0,0,0,0
74,Male,59247,No,No,No,No,No,No,Yes,No,No,No,Yes,No,Yes,Yes,No,No,0,0,0,0,1,0,0,1,0,0,0,1,0,1,0,0,0,0,0,0
58,Female,330273,No,No,Yes,No,No,Yes,Yes,No,Yes,No,No,No,Yes,Yes,No,Yes,0,0,0,0,0,0,0,0,1,0,1,0,0,0,0,0,0,0,0,0
42,Female,397526,No,No,Yes,No,Yes,No,No,Yes,Yes,Yes,Yes,Yes,No,Yes,No,No,0,0,0,0,0,0,0,1,1,0,0,0,1,0,0,0,1,1,0,0
4,Female,212831,No,No,No,No,No,No,No,No,No,No,Yes,No,No,Yes,Yes,No,0,0,0,0,0,0,0,1,0,0,0,0,0,0,0,0,0,0,0,0
12,Female,77287,No,No,No,No,Yes,Yes,No,Yes,Yes,No,No,Yes,No,Yes,Yes,Yes,0,0,0,0,0,0,0,0,0,0,0,0,0,0,0,0,0,0,0,0
85,Male,226289,No,No,Yes,No,No,No,Yes,Yes,No,No,Yes,Yes,No,Yes,No,Yes,0,0,0,0,0,0,0,1,0,1,0,0,0,0,0,0,0,0,0,0
71,Male,70487,No,No,Yes,No,Yes,No,Yes,Yes,No,No,Yes,Yes,Yes,Yes,No,Yes,0,0,0,0,1,0,1,1,0,1,0,1,0,1,0,0,0,0,0,0
70,Male,386840,No,No,Yes,No,No,No,Yes,Yes,No,No,No,Yes,No,No,No,Yes,0,0,0,0,0,0,0,0,0,0,0,0,0,0,0,0,0,0,0,0
54,Male,445305,No,No,No,No,No,No,No,Yes,Yes,No,No,Yes,Yes,Yes,No,No,0,0,0,0,0,0,0,0,0,0,0,0,0,0,0,0,0,0,0,0
22,Female,204022,No,No,Yes,No,Yes,Yes,No,Yes,Yes,Yes,No,Yes,Yes,No,No,Yes,0,0,0,0,0,0,0,0,1,1,1,1,1,0,0,0,0,0,0,0
85,Female,169478,No,No,No,Yes,Yes,Yes,Yes,Yes,Yes,No,Yes,No,No,Yes,No,Yes,0,1,0,0,0,0,0,1,0,0,0,0,0,0,0,0,0,0,0,0
55,Female,15380,No,No,No,Yes,No,Yes,No,No,Yes,No,No,No,Yes,Yes,No,No,0,0,0,0,0,0,0,0,0,0,1,1,0,1,0,0,0,0,0,0
59,Male,98823,No,No,No,No,Yes,No,No,No,No,No,Yes,Yes,No,Yes,No,No,0,0,0,0,0,0,0,1,0,1,0,0,0,0,0,0,0,0,0,0
78,Female,254135,No,No,No,No,Yes,No,Yes,No,Yes,No,Yes,No,Yes,Yes,No,Yes,0,0,0,0,0,0,0,1,0,0,1,0,0,0,0,0,0,0,0,0
11,Female,280850,No,No,Yes,No,No,No,No,No,Yes,No,No,Yes,Yes,Yes,Yes,Yes,0,0,0,0,0,0,0,0,0,0,0,0,0,0,0,0,0,0,0,0
5,Male,324207,No,No,No,No,No,No,Yes,Yes,No,No,Yes,Yes,Yes,No,No,No,0,0,0,0,0,0,0,1,0,0,0,0,0,0,0,0,0,0,0,0
11,Female,366479,No,No,Yes,No,Yes,Yes,Yes,No,Yes,No,Yes,Yes,Yes,No,Yes,Yes,0,0,0,0,0,0,0,1,0,0,0,0,0,0,0,0,0,0,0,0
29,Male,399551,No,No,Yes,No,Yes,No,No,Yes,No,No,Yes,Yes,Yes,Yes,No,No,0,0,0,0,0,0,0,1,0,0,0,0,0,0,0,0,0,0,0,0
73,Female,241687,No,No,Yes,No,No,No,Yes,No,No,No,Yes,Yes,No,No,No,Yes,0,1,0,0,0,0,0,1,0,1,0,0,0,0,0,0,0,0,0,0
77,Female,93828,No,No,Yes,No,Yes,Yes,Yes,Yes,Yes,No,Yes,No,No,No,No,No,0,1,0,0,0,0,0,1,1,0,0,0,0,0,0,0,1,0,0,0
36,Male,303192,No,No,Yes,No,Yes,No,Yes,No,Yes,No,No,Yes,Yes,No,No,Yes,0,0,0,0,0,0,0,0,1,0,0,0,0,0,0,0,0,0,0,0
74,Female,349300,No,No,No,No,No,Yes,No,No,No,No,No,Yes,No,Yes,No,No,0,0,0,0,0,0,0,0,0,0,0,0,0,0,0,0,0,0,0,0
47,Male,283370,No,No,No,No,No,No,No,No,No,No,Yes,Yes,Yes,Yes,No,No,0,0,0,0,0,0,0,1,0,1,0,0,0,0,0,0,0,0,0,0
82,Male,46955,No,No,No,No,Yes,No,Yes,Yes,No,No,Yes,No,Yes,Yes,No,Yes,0,0,0,0,1,0,1,1,0,0,0,1,0,1,0,0,0,0,0,0
14,Male,447963,Yes,Yes,Yes,No,Yes,No,No,Yes,No,No,No,Yes,Yes,No,No,No,0,0,0,0,0,0,0,0,0,0,0,0,0,0,0,1,0,0,0,0
69,Male,261145,No,No,Yes,No,Yes,No,Yes,Yes,Yes,No,Yes,No,No,No,No,Yes,0,0,0,0,0,0,0,1,1,0,0,0,0,0,0,0,1,0,0,0
60,Female,358578,No,No,No,No,Yes,Yes,Yes,Yes,Yes,No,No,Yes,No,Yes,No,No,0,0,0,0,0,0,0,0,0,0,0,0,0,0,0,0,0,0,0,0
76,Male,416670,No,No,No,No,No,No,Yes,Yes,Yes,No,Yes,Yes,Yes,No,No,Yes,0,0,0,0,0,0,0,0,0,0,0,0,0,0,0,0,0,0,0,0
1,Female,71735,Yes,No,Yes,No,Yes,No,Yes,No,Yes,No,Yes,No,Yes,No,Yes,No,0,0,0,0,0,0,0,1,0,0,0,1,0,0,0,0,0,0,1,0
44,Male,332738,No,No,Yes,No,No,No,No,Yes,Yes,No,No,Yes,Yes,No,No,Yes,0,0,0,0,0,0,0,0,1,0,0,0,0,0,0,0,0,0,0,0
53,Male,203303,No,No,No,No,No,No,No,No,No,No,Yes,No,Yes,Yes,No,Yes,0,0,0,0,0,0,0,1,0,0,0,1,0,0,0,0,0,0,0,0
77,Female,203150,No,No,Yes,No,Yes,Yes,Yes,Yes,No,No,Yes,No,No,No,No,Yes,0,1,0,0,0,0,0,1,0,0,0,0,0,0,0,0,0,0,0,0
36,Male,166931,No,No,Yes,No,Yes,No,Yes,No,No,No,Yes,Yes,No,No,No,Yes,0,0,0,0,0,0,0,1,0,1,0,0,0,0,0,0,0,0,0,0
63,Male,276687,No,No,Yes,No,Yes,No,No,Yes,Yes,No,Yes,No,No,No,No,No,0,0,0,0,0,0,0,1,1,0,0,0,0,0,0,0,1,0,0,0
7,Male,144076,Yes,No,Yes,No,No,No,No,Yes,Yes,No,Yes,No,Yes,Yes,No,Yes,0,0,0,0,0,0,0,1,0,0,0,1,0,0,0,1,0,0,0,0
8,Female,213978,Yes,Yes,No,No,No,Yes,No,No,Yes,No,No,Yes,Yes,No,Yes,No,0,0,0,0,0,0,0,0,0,0,0,1,0,0,0,0,0,0,0,0
44,Female,340612,No,No,Yes,No,No,No,Yes,Yes,Yes,Yes,No,Yes,No,No,No,Yes,0,0,0,0,0,0,0,0,1,0,0,0,1,0,0,0,0,0,0,0
64,Female,85279,No,No,Yes,No,Yes,No,No,No,No,No,Yes,No,Yes,No,No,Yes,0,1,0,0,0,0,0,1,0,0,1,1,0,0,0,0,0,0,0,0
68,Female,179108,No,No,No,No,Yes,Yes,Yes,Yes,Yes,No,No,No,No,No,No,Yes,0,0,0,0,0,0,0,0,0,0,0,0,0,0,0,0,0,0,0,0
2,Male,157133,Yes,Yes,No,No,No,No,Yes,No,No,No,No,Yes,Yes,Yes,No,Yes,0,0,0,0,0,0,0,0,0,0,0,1,0,0,0,0,0,0,0,0
18,Female,107433,Yes,Yes,No,No,No,No,No,Yes,No,No,Yes,Yes,Yes,Yes,No,No,1,0,0,0,0,0,0,1,0,1,1,1,0,0,0,1,0,0,0,0
64,Male,296927,No,No,No,No,No,No,Yes,No,Yes,No,Yes,Yes,Yes,Yes,No,Yes,0,0,0,0,0,0,0,1,0,1,0,0,0,0,0,0,0,0,0,0
44,Female,427610,No,No,Yes,No,Yes,Yes,Yes,No,No,Yes,No,Yes,No,No,No,Yes,0,0,0,0,0,0,0,0,0,0,0,0,1,0,0,0,0,0,0,0
49,Male,238272,No,No,No,No,Yes,No,No,Yes,No,No,No,No,No,No,No,Yes,0,0,0,0,0,0,0,0,0,0,0,0,0,0,0,0,0,0,0,0
65,Female,249239,No,No,No,No,Yes,Yes,Yes,No,No,No,No,Yes,No,No,No,No,0,0,0,0,0,0,0,0,0,1,0,0,0,0,0,0,0,0,0,0
77,Male,257523,No,No,No,No,No,No,Yes,Yes,Yes,No,No,No,Yes,Yes,No,Yes,0,0,0,0,0,0,0,0,0,0,0,0,0,0,0,0,0,0,0,0
1,Male,457807,No,No,No,No,Yes,No,No,No,No,No,Yes,No,Yes,Yes,No,No,0,0,0,0,0,0,0,0,0,0,0,0,0,0,0,0,0,0,0,0
24,Male,272903,No,No,Yes,No,No,No,No,No,No,No,No,Yes,No,No,No,No,0,0,0,0,0,0,0,0,0,1,0,0,0,0,0,0,0,0,0,0
22,Female,331523,Yes,Yes,No,Yes,Yes,No,No,No,Yes,No,Yes,No,Yes,Yes,No,Yes,0,0,0,0,0,0,0,1,0,0,1,0,0,0,0,0,0,0,0,1
4,Male,495955,Yes,Yes,Yes,No,Yes,No,Yes,No,No,No,No,Yes,Yes,No,No,Yes,0,0,0,0,0,0,0,0,0,0,0,0,0,0,0,0,0,0,0,0
84,Male,341596,No,No,No,No,No,No,Yes,No,No,No,No,Yes,Yes,Yes,No,No,0,0,0,0,0,0,0,0,0,0,0,0,0,0,0,0,0,0,0,0
74,Female,190600,No,No,Yes,Yes,No,Yes,Yes,No,Yes,No,No,No,Yes,Yes,No,Yes,0,0,0,0,0,0,0,0,1,0,1,1,0,0,0,0,0,0,0,0
40,Female,456833,No,No,No,No,Yes,No,Yes,No,No,No,Yes,No,Yes,Yes,No,Yes,0,0,0,0,0,0,0,0,0,0,1,0,0,0,0,0,0,0,0,0
12,Female,232350,Yes,Yes,No,No,No,No,Yes,Yes,Yes,No,Yes,No,Yes,No,Yes,Yes,0,0,0,1,0,0,0,1,0,0,0,1,0,0,1,1,0,0,0,0
60,Male,123287,No,No,Yes,No,No,No,No,No,No,No,Yes,No,No,No,No,No,0,0,0,0,0,0,0,1,0,0,0,0,0,0,0,0,0,0,0,0
80,Female,431955,No,No,No,Yes,No,No,No,Yes,No,No,No,Yes,No,No,No,Yes,0,0,0,0,0,0,0,0,0,0,0,0,0,0,0,0,0,0,0,0
43,Female,400276,No,No,Yes,No,Yes,No,Yes,Yes,Yes,No,No,No,Yes,Yes,No,Yes,0,0,0,0,0,0,0,0,1,0,1,0,0,0,0,0,0,0,0,0
20,Male,282365,Yes,Yes,Yes,No,No,No,Yes,No,Yes,No,No,No,Yes,Yes,No,Yes,0,0,0,0,0,0,0,0,1,0,0,0,0,0,1,0,0,0,0,0
67,Female,422278,No,No,Yes,Yes,No,Yes,No,No,No,No,No,No,No,Yes,No,No,0,0,0,0,0,0,0,0,0,0,0,0,0,0,0,0,0,0,0,0
62,Female,40414,No,No,No,No,Yes,No,No,Yes,Yes,No,No,Yes,No,No,No,No,0,0,0,0,0,0,0,0,0,1,0,0,0,0,0,0,0,0,0,0
64,Male,249123,No,No,Yes,No,Yes,No,No,No,No,No,No,Yes,No,Yes,No,No,0,0,0,0,0,0,0,0,0,1,0,0,0,0,0,0,0,0,0,0
31,Female,199930,No,No,No,No,No,No,No,Yes,No,Yes,Yes,Yes,Yes,Yes,No,No,0,1,0,0,0,0,0,1,0,1,1,1,1,0,0,0,0,1,0,0
8,Female,87230,No,No,No,No,No,Yes,Yes,Yes,Yes,No,No,Yes,Yes,Yes,Yes,No,0,0,0,0,0,0,0,0,0,0,0,1,0,0,0,0,0,0,0,0
14,Male,318125,No,No,Yes,No,No,No,Yes,No,No,No,Yes,No,No,Yes,No,Yes,0,0,0,0,0,0,0,1,0,0,0,0,0,0,0,0,0,0,0,0
44,Male,267697,No,No,Yes,No,Yes,No,Yes,Yes,Yes,No,No,Yes,Yes,Yes,No,Yes,0,0,0,0,0,0,0,0,1,1,0,0,0,0,0,0,0,0,0,0
33,Male,317694,No,No,Yes,No,Yes,No,Yes,Yes,Yes,No,Yes,Yes,No,Yes,No,Yes,0,0,0,0,0,0,0,1,1,0,0,0,0,0,0,0,1,0,0,0
76,Female,474554,No,No,No,Yes,Yes,No,Yes,Yes,No,No,Yes,Yes,Yes,Yes,No,No,0,0,0,0,0,0,0,0,0,0,1,0,0,0,0,0,0,0,0,0
23,Female,43365,No,No,No,Yes,Yes,No,Yes,Yes,Yes,Yes,Yes,No,No,Yes,No,No,0,1,0,0,0,1,1,1,0,0,0,0,1,1,0,0,0,1,0,0
28,Male,32119,No,No,No,No,Yes,No,Yes,Yes,Yes,No,No,Yes,Yes,Yes,No,Yes,0,0,0,0,0,0,0,0,0,1,0,1,0,1,0,0,0,0,0,0
36,Female,200476,No,No,No,Yes,Yes,Yes,Yes,No,Yes,No,Yes,No,No,No,No,No,0,1,0,0,0,0,0,1,0,0,0,0,0,0,0,0,0,0,0,0
10,Male,163369,No,No,Yes,No,No,No,No,Yes,Yes,No,Yes,Yes,Yes,No,No,No,0,0,0,0,0,0,0,1,0,0,0,1,0,0,0,0,0,0,0,0
18,Female,27211,Yes,No,No,No,No,No,No,No,Yes,Yes,Yes,No,Yes,No,No,No,1,0,0,0,0,0,0,1,0,0,1,1,1,0,0,0,0,1,0,0
75,Female,48288,No,No,No,No,No,Yes,No,No,Yes,No,No,Yes,No,Yes,No,Yes,0,0,0,0,0,0,0,0,0,1,0,0,0,1,0,0,0,0,0,0
51,Female,133494,No,No,Yes,Yes,No,No,Yes,No,Yes,No,Yes,No,No,No,No,Yes,0,1,0,0,0,0,0,1,1,0,0,0,0,0,0,0,1,0,0,0
51,Female,365505,No,No,Yes,No,No,No,No,No,Yes,No,Yes,No,No,No,No,Yes,0,0,0,0,0,0,0,1,1,0,0,0,0,0,0,0,1,0,0,0
62,Female,336330,No,No,No,Yes,No,No,No,No,Yes,No,Yes,Yes,Yes,No,No,No,0,0,0,0,0,0,0,1,0,0,1,0,0,0,0,0,0,0,0,0
54,Female,356786,No,No,Yes,Yes,No,Yes,Yes,No,No,No,Yes,Yes,No,No,No,No,0,0,0,0,0,0,0,1,0,0,0,0,0,0,0,0,0,0,0,0
30,Female,417780,No,No,Yes,No,No,Yes,Yes,Yes,No,No,Yes,Yes,No,No,No,Yes,0,0,0,0,0,0,0,0,0,0,0,0,0,0,0,0,0,0,0,1
55,Female,121169,No,No,Yes,Yes,No,Yes,No,Yes,Yes,No,No,Yes,No,No,No,No,0,0,0,0,0,0,0,0,1,1,0,0,0,0,0,0,0,0,0,0
23,Female,451286,No,No,No,No,No,No,Yes,No,No,No,Yes,No,No,Yes,No,Yes,0,0,0,0,0,0,0,0,0,0,0,0,0,0,0,0,0,0,0,1
7,Female,203482,Yes,No,No,No,No,Yes,Yes,Yes,No,No,No,No,Yes,No,Yes,Yes,0,0,0,0,0,0,0,0,0,0,0,1,0,0,1,1,0,0,0,0
20,Male,390312,No,No,No,No,No,No,No,Yes,Yes,No,No,Yes,Yes,Yes,No,Yes,0,0,0,0,0,0,0,0,0,0,0,0,0,0,0,0,0,0,0,0
33,Male,365649,No,No,No,No,Yes,No,No,No,Yes,No,Yes,Yes,No,No,No,No,0,0,0,0,0,0,0,1,0,0,0,0,0,0,0,0,0,0,0,0
62,Male,138576,No,No,Yes,No,Yes,No,Yes,Yes,Yes,No,Yes,No,Yes,Yes,No,No,0,0,0,0,0,0,0,1,1,0,0,1,0,0,0,0,1,0,0,0
72,Female,105971,No,No,No,Yes,No,Yes,Yes,No,Yes,No,Yes,No,No,No,No,No,0,1,0,0,0,0,0,1,0,0,0,0,0,0,0,0,0,0,0,0
68,Female,297038,No,No,Yes,Yes,No,No,No,No,No,No,No,Yes,Yes,No,No,Yes,0,0,0,0,0,0,0,0,0,1,1,0,0,0,0,0,0,0,0,0
82,Male,36958,No,No,No,No,No,No,Yes,No,Yes,No,Yes,No,No,No,No,No,0,0,0,0,1,0,0,1,0,0,0,0,0,0,0,0,0,0,0,0
15,Male,95046,Yes,Yes,No,No,Yes,No,Yes,No,No,No,No,Yes,Yes,Yes,No,Yes,0,0,0,0,0,0,0,0,0,0,0,1,0,0,1,0,0,0,0,0
66,Female,226000,No,No,Yes,Yes,No,Yes,No,No,Yes,No,No,No,Yes,No,No,Yes,0,0,0,0,0,0,0,0,1,0,1,1,0,0,0,0,0,0,0,0
70,Female,347620,No,No,No,No,Yes,Yes,No,Yes,No,No,No,No,Yes,Yes,No,Yes,0,0,0,0,0,0,0,0,0,0,1,0,0,0,0,0,0,0,0,0
25,Male,149347,No,No,No,No,No,No,Yes,No,Yes,No,No,Yes,No,No,No,No,0,0,0,0,0,0,0,0,0,1,0,0,0,0,0,0,0,0,0,0
79,Male,467987,No,No,Yes,No,Yes,No,Yes,No,No,No,Yes,No,Yes,No,No,No,0,0,0,0,0,0,0,0,0,0,0,0,0,0,0,0,0,0,0,0
57,Male,35917,No,No,No,No,No,No,Yes,Yes,Yes,No,Yes,No,No,No,No,Yes,0,0,0,0,0,0,0,1,0,0,0,0,0,0,0,0,0,0,0,0
80,Male,84572,No,No,Yes,No,No,No,Yes,No,No,No,Yes,Yes,No,No,No,Yes,0,0,0,0,0,0,0,1,0,1,0,0,0,0,0,0,0,0,0,0
69,Female,72785,No,No,Yes,Yes,No,Yes,No,No,No,No,No,No,Yes,Yes,No,Yes,0,0,0,0,0,0,0,0,0,0,1,1,0,1,0,0,0,0,0,0
7,Female,32765,Yes,Yes,No,No,No,Yes,No,Yes,No,No,No,No,Yes,No,Yes,Yes,0,0,0,0,0,0,0,0,0,0,0,1,0,0,0,1,0,0,0,0
80,Male,498609,No,No,Yes,No,Yes,No,No,Yes,Yes,No,No,No,Yes,No,No,Yes,0,0,0,0,0,0,0,0,1,0,0,0,0,0,0,0,0,0,0,0
13,Female,456004,No,No,Yes,No,No,No,Yes,No,No,No,No,No,No,Yes,Yes,No,0,0,0,0,0,0,0,0,0,0,0,0,0,0,0,0,0,0,0,0
81,Male,134431,No,No,Yes,No,Yes,No,No,No,Yes,No,No,No,Yes,Yes,No,No,0,0,0,0,0,0,0,0,1,0,0,1,0,0,0,0,0,0,0,0
9,Female,374035,No,No,Yes,No,No,Yes,Yes,Yes,Yes,No,No,No,Yes,Yes,Yes,Yes,0,0,0,0,0,0,0,0,0,0,0,0,0,0,0,0,0,0,0,0
27,Female,183331,No,No,Yes,Yes,Yes,No,Yes,Yes,Yes,Yes,No,No,No,Yes,No,No,0,0,0,0,0,0,0,0,1,0,0,0,1,0,0,0,0,0,0,0
40,Male,395310,No,No,No,No,Yes,No,No,Yes,Yes,No,No,No,No,No,No,Yes,0,0,0,0,0,0,0,0,0,0,0,0,0,0,0,0,0,0,0,0
37,Male,498992,No,No,Yes,No,Yes,No,Yes,No,No,No,Yes,Yes,No,No,No,Yes,0,0,0,0,0,0,0,0,0,0,0,0,0,0,0,0,0,0,0,0
74,Female,279467,No,No,Yes,No,No,Yes,Yes,Yes,Yes,No,No,Yes,No,Yes,No,No,0,0,0,0,0,0,0,0,1,1,0,0,0,0,0,0,0,0,0,0
54,Female,167291,No,No,No,No,Yes,No,Yes,Yes,No,No,No,Yes,Yes,Yes,No,Yes,0,0,0,0,0,0,0,0,0,1,1,1,0,0,0,0,0,0,0,0
37,Female,379538,No,No,No,No,No,Yes,Yes,Yes,Yes,No,No,Yes,Yes,Yes,No,No,0,0,0,0,0,0,0,0,0,0,1,0,0,0,0,0,0,0,0,0
46,Female,278758,No,No,No,No,No,No,No,Yes,No,No,Yes,No,No,Yes,No,Yes,0,0,0,0,0,0,0,1,0,0,0,0,0,0,0,0,0,0,0,0
13,Female,461349,Yes,No,No,No,Yes,Yes,No,Yes,Yes,No,No,No,Yes,No,Yes,No,0,0,0,0,0,0,0,0,0,0,0,0,0,0,0,1,0,0,0,0
19,Male,430131,Yes,Yes,Yes,No,No,No,Yes,Yes,Yes,No,Yes,Yes,No,Yes,No,Yes,0,0,1,0,0,0,0,0,1,0,0,0,0,0,1,1,1,0,0,1
85,Male,191833,No,No,No,No,No,No,Yes,Yes,Yes,No,Yes,Yes,No,Yes,No,No,0,0,0,0,0,0,0,1,0,1,0,0,0,0,0,0,0,0,0,0
20,Male,188505,Yes,Yes,No,No,No,No,Yes,No,No,No,Yes,No,Yes,No,No,No,0,0,1,0,0,0,0,1,0,0,0,1,0,0,1,0,0,0,0,0
68,Female,17233,No,No,No,Yes,No,No,Yes,Yes,No,No,No,No,Yes,Yes,No,No,0,0,0,0,0,0,0,0,0,0,1,1,0,1,0,0,0,0,0,0
50,Female,335792,No,No,Yes,No,No,Yes,Yes,No,Yes,No,Yes,No,Yes,Yes,No,No,0,0,0,0,0,0,0,1,1,0,1,0,0,0,0,0,1,0,0,0
4,Female,336131,Yes,Yes,Yes,No,Yes,Yes,No,Yes,Yes,No,Yes,Yes,Yes,No,Yes,Yes,0,0,0,0,0,0,0,1,0,0,0,0,0,0,0,0,0,0,0,0
76,Female,64451,No,No,Yes,Yes,No,No,No,Yes,Yes,No,Yes,No,No,Yes,No,Yes,0,1,0,0,1,1,0,1,1,0,0,0,0,1,0,0,1,0,0,0
79,Male,24042,No,No,No,No,No,No,Yes,No,Yes,No,No,No,No,Yes,No,Yes,0,0,0,0,0,0,0,0,0,0,0,0,0,1,0,0,0,0,0,0
31,Male,498474,No,No,No,No,No,No,Yes,Yes,No,No,Yes,Yes,No,No,No,Yes,0,0,0,0,0,0,0,0,0,0,0,0,0,0,0,0,0,0,0,0
58,Male,494034,No,No,Yes,No,Yes,No,No,No,No,No,No,No,No,No,No,No,0,0,0,0,0,0,0,0,0,0,0,0,0,0,0,0,0,0,0,0
68,Male,423777,No,No,No,No,Yes,No,Yes,Yes,No,No,Yes,No,No,No,No,No,0,0,0,0,0,0,0,0,0,0,0,0,0,0,0,0,0,0,0,0
27,Male,474879,No,No,Yes,No,No,No,No,Yes,No,No,Yes,Yes,No,No,No,Yes,0,0,0,0,0,0,0,0,0,0,0,0,0,0,0,0,0,0,0,1
85,Male,150278,No,No,Yes,No,No,No,No,No,No,No,No,No,No,No,No,No,0,0,0,0,0,0,0,0,0,0,0,0,0,0,0,0,0,0,0,0
78,Male,165573,No,No,No,No,Yes,No,Yes,No,Yes,No,Yes,Yes,No,No,No,No,0,0,0,0,0,0,0,1,0,1,0,0,0,0,0,0,0,0,0,0
83,Female,120062,No,No,Yes,No,No,Yes,Yes,No,No,No,Yes,No,Yes,Yes,No,Yes,0,1,0,0,0,0,0,1,0,0,1,1,0,0,0,0,0,0,0,0
62,Female,254532,No,No,Yes,Yes,No,No,Yes,Yes,No,No,Yes,Yes,Yes,No,No,Yes,0,0,0,0,0,0,0,1,0,1,1,0,0,0,0,0,0,0,0,0
1,Female,91059,Yes,Yes,No,No,No,Yes,No,No,No,No,Yes,No,Yes,Yes,Yes,Yes,0,0,0,0,0,0,0,1,0,0,0,1,0,0,0,0,0,0,0,0
84,Male,274670,No,No,No,No,No,No,No,Yes,Yes,No,No,Yes,Yes,Yes,No,Yes,0,0,0,0,0,0,0,0,0,1,0,0,0,0,0,0,0,0,0,0
38,Male,94855,No,No,Yes,No,Yes,No,Yes,No,Yes,No,Yes,No,No,Yes,No,No,0,0,0,0,0,0,0,1,1,0,0,0,0,0,0,0,1,0,0,0
42,Female,160672,No,No,No,No,Yes,Yes,Yes,Yes,Yes,No,No,No,No,Yes,No,No,0,0,0,0,0,0,0,0,0,0,0,0,0,0,0,0,0,0,0,0
41,Male,366247,No,No,Yes,No,No,No,No,Yes,Yes,No,Yes,Yes,No,No,No,No,0,0,0,0,0,0,0,1,1,0,0,0,0,0,0,0,1,0,0,0
75,Female,397406,No,No,No,Yes,No,Yes,No,No,Yes,No,No,No,No,Yes,No,No,0,0,0,0,0,0,0,0,0,0,0,0,0,0,0,0,0,0,0,0
26,Male,260186,No,No,No,No,No,No,No,Yes,Yes,No,Yes,Yes,Yes,Yes,No,Yes,0,0,0,0,0,0,0,1,0,1,0,0,0,0,0,0,0,0,0,1
75,Female,367836,No,No,No,Yes,Yes,Yes,Yes,No,Yes,No,No,Yes,Yes,No,No,Yes,0,0,0,0,0,0,0,0,0,0,1,0,0,0,0,0,0,0,0,0
10,Male,103051,No,No,Yes,No,No,No,Yes,Yes,No,No,Yes,Yes,No,No,No,No,0,0,0,0,0,0,0,1,0,0,0,0,0,0,0,0,0,0,0,0
63,Male,25191,No,No,Yes,No,Yes,No,Yes,No,No,No,Yes,No,Yes,Yes,No,Yes,0,0,0,0,1,0,1,1,0,0,0,1,0,1,0,0,0,0,0,0
70,Female,257937,No,No,Yes,Yes,No,No,Yes,Yes,Yes,No,No,Yes,Yes,Yes,No,Yes,0,0,0,0,0,0,0,0,1,1,1,0,0,0,0,0,0,0,0,0
30,Male,45998,No,No,No,No,Yes,No,No,Yes,Yes,No,Yes,Yes,No,No,No,Yes,0,0,0,0,0,0,1,1,0,1,0,0,0,0,0,0,0,0,0,1
35,Female,464963,No,No,Yes,Yes,No,No,Yes,Yes,Yes,Yes,Yes,No,No,Yes,No,No,0,0,0,0,0,0,0,0,1,0,0,0,1,0,0,0,1,1,0,0
27,Female,114162,No,No,No,Yes,Yes,Yes,Yes,No,No,Yes,No,Yes,Yes,Yes,No,No,0,0,0,0,0,0,0,0,0,1,1,1,1,0,0,0,0,0,0,0
79,Male,253964,No,No,No,No,No,No,Yes,No,No,No,No,No,No,Yes,No,No,0,0,0,0,0,0,0,0,0,0,0,0,0,0,0,0,0,0,0,0
79,Female,105703,No,No,Yes,No,Yes,Yes,Yes,Yes,No,No,No,Yes,Yes,No,No,Yes,0,0,0,0,0,0,0,0,0,1,1,1,0,0,0,0,0,0,0,0
55,Male,150647,No,No,Yes,No,No,No,Yes,No,Yes,No,Yes,No,Yes,No,No,Yes,0,0,0,0,0,0,0,1,1,0,0,1,0,0,0,0,1,0,0,0
36,Male,190934,No,No,No,No,Yes,No,Yes,No,No,No,No,No,Yes,Yes,No,Yes,0,0,0,0,0,0,0,0,0,0,0,1,0,0,0,0,0,0,0,0
66,Male,250123,No,No,No,No,Yes,No,No,No,No,No,No,No,No,No,No,Yes,0,0,0,0,0,0,0,0,0,0,0,0,0,0,0,0,0,0,0,0
43,Male,249655,No,No,No,No,No,No,Yes,Yes,Yes,No,Yes,No,Yes,Yes,No,No,0,0,0,0,0,0,0,1,0,0,0,1,0,0,0,0,0,0,0,0
30,Male,160779,No,No,Yes,No,Yes,No,No,Yes,Yes,No,No,No,No,No,No,No,0,0,0,0,0,0,0,0,1,0,0,0,0,0,0,0,0,0,0,0
56,Male,308647,No,No,Yes,No,Yes,No,No,Yes,No,No,Yes,Yes,Yes,No,No,No,0,0,0,0,0,0,0,1,0,0,0,0,0,0,0,0,0,0,0,0
22,Male,339962,Yes,No,No,No,Yes,No,Yes,Yes,No,No,No,No,Yes,No,No,Yes,0,0,0,0,0,0,0,0,0,0,0,0,0,0,1,1,0,0,0,0
14,Male,327887,No,No,No,No,Yes,No,No,No,Yes,No,Yes,Yes,Yes,Yes,No,No,0,0,0,0,0,0,0,1,0,0,0,0,0,0,0,0,0,0,0,0
38,Female,60642,No,No,Yes,Yes,Yes,Yes,No,Yes,No,Yes,Yes,No,Yes,No,No,Yes,0,1,0,0,0,1,1,1,0,0,1,1,1,0,0,0,0,1,0,0
44,Male,437245,No,No,No,No,Yes,No,No,Yes,Yes,No,No,Yes,No,No,No,No,0,0,0,0,0,0,0,0,0,0,0,0,0,0,0,0,0,0,0,0
37,Male,388914,No,No,No,No,No,No,No,No,No,No,No,No,No,Yes,No,No,0,0,0,0,0,0,0,0,0,0,0,0,0,0,0,0,0,0,0,0
24,Male,320858,Yes,Yes,Yes,No,Yes,No,Yes,No,No,No,No,No,No,No,No,No,0,0,0,0,0,0,0,0,0,0,0,0,0,0,1,0,0,0,0,0
59,Female,244321,No,No,Yes,No,Yes,Yes,No,Yes,No,No,Yes,No,No,Yes,No,No,0,1,0,0,0,0,0,1,0,0,0,0,0,0,0,0,0,0,0,0
48,Female,177913,No,No,Yes,No,No,No,Yes,Yes,No,No,Yes,No,Yes,Yes,No,Yes,0,1,0,0,0,0,0,1,0,0,1,1,0,0,0,0,0,0,0,0
14,Male,211328,No,No,No,No,Yes,No,Yes,Yes,No,No,No,No,No,No,No,No,0,0,0,0,0,0,0,0,0,0,0,0,0,0,0,0,0,0,0,0
74,Male,484109,No,No,No,No,Yes,No,Yes,Yes,Yes,No,No,No,No,No,No,Yes,0,0,0,0,0,0,0,0,0,0,0,0,0,0,0,0,0,0,0,0
50,Female,439164,No,No,Yes,No,Yes,No,Yes,Yes,Yes,No,Yes,No,Yes,No,No,No,0,0,0,0,0,0,0,0,1,0,1,0,0,0,0,0,1,0,0,0
71,Male,235640,No,No,Yes,No,Yes,No,Yes,No,Yes,No,No,Yes,No,No,No,Yes,0,0,0,0,0,0,0,0,1,1,0,0,0,0,0,0,0,0,0,0
36,Female,363890,No,No,No,Yes,No,No,Yes,No,No,No,Yes,No,Yes,Yes,No,No,0,0,0,0,0,0,0,1,0,0,1,0,0,0,0,0,0,0,0,0
19,Male,441727,Yes,No,No,No,Yes,No,No,Yes,Yes,No,No,Yes,No,Yes,No,Yes,0,0,0,0,0,0,0,0,0,0,0,0,0,0,0,1,0,0,0,0
5,Female,256196,Yes,No,Yes,No,No,No,Yes,No,No,No,No,Yes,No,Yes,Yes,No,0,0,0,0,0,0,0,0,0,0,0,0,0,0,1,0,0,0,0,0
13,Female,359904,Yes,No,No,No,Yes,Yes,No,Yes,Yes,No,No,No,Yes,No,Yes,No,0,0,0,0,0,0,0,0,0,0,0,0,0,0,0,1,0,0,0,0
83,Male,172329,No,No,No,No,No,No,No,No,Yes,No,No,Yes,Yes,No,No,No,0,0,0,0,0,0,0,0,0,1,0,1,0,0,0,0,0,0,0,0
9,Female,56206,Yes,Yes,Yes,No,Yes,No,Yes,No,No,No,Yes,Yes,No,Yes,Yes,No,0,0,0,1,0,0,0,1,0,0,0,0,0,0,1,0,0,0,1,0
73,Male,483544,No,No,No,No,No,No,Yes,No,No,No,Yes,No,Yes,Yes,No,Yes,0,0,0,0,0,0,0,0,0,0,0,0,0,0,0,0,0,0,0,0
65,Male,379646,No,No,Yes,No,No,No,No,Yes,No,No,No,Yes,No,Yes,No,No,0,0,0,0,0,0,0,0,0,0,0,0,0,0,0,0,0,0,0,0
19,Male,279764,Yes,No,Yes,No,Yes,No,No,No,Yes,No,No,Yes,Yes,Yes,No,No,0,0,0,0,0,0,0,0,1,1,0,0,0,0,0,0,0,0,0,0
49,Female,304617,No,No,No,Yes,No,No,Yes,Yes,Yes,No,Yes,Yes,No,Yes,No,No,0,0,0,0,0,0,0,1,0,0,0,0,0,0,0,0,0,0,0,0
58,Female,220023,No,No,Yes,No,No,No,No,Yes,No,No,Yes,No,No,No,No,Yes,0,1,0,0,0,0,0,1,0,0,0,0,0,0,0,0,0,0,0,0
10,Male,421791,No,No,No,No,No,No,No,No,Yes,No,No,Yes,Yes,Yes,No,No,0,0,0,0,0,0,0,0,0,0,0,0,0,0,0,0,0,0,0,0
74,Female,207356,No,No,Yes,Yes,No,Yes,Yes,No,Yes,No,No,Yes,No,No,No,Yes,0,0,0,0,0,0,0,0,1,1,0,0,0,0,0,0,0,0,0,0
37,Female,90560,No,No,No,No,No,Yes,No,Yes,Yes,No,Yes,Yes,No,No,No,Yes,0,1,0,0,0,0,0,1,0,1,0,0,0,0,0,0,0,0,0,0
13,Male,138507,No,No,Yes,No,Yes,No,Yes,Yes,Yes,No,Yes,Yes,Yes,No,No,No,0,0,0,0,0,0,0,1,0,0,0,1,0,0,0,0,0,0,0,0
63,Male,116192,No,No,Yes,No,Yes,No,Yes,Yes,No,No,Yes,No,No,No,No,Yes,0,0,0,0,0,0,0,1,0,0,0,0,0,0,0,0,0,0,0,0
1,Male,358374,Yes,No,Yes,No,No,No,Yes,No,Yes,No,Yes,No,No,No,No,No,0,0,0,0,0,0,0,1,0,0,0,0,0,0,0,0,0,0,0,0
59,Male,200183,No,No,Yes,No,No,No,Yes,No,Yes,No,Yes,No,No,Yes,No,Yes,0,0,0,0,0,0,0,1,1,0,0,0,0,0,0,0,1,0,0,0
76,Male,498687,No,No,Yes,No,Yes,No,No,No,Yes,No,Yes,Yes,Yes,No,No,Yes,0,0,0,0,0,0,0,0,1,0,0,0,0,0,0,0,1,0,0,0
75,Female,128839,No,No,Yes,No,Yes,Yes,No,No,No,No,No,No,Yes,Yes,No,No,0,0,0,0,0,0,0,0,0,0,1,1,0,0,0,0,0,0,0,0
8,Female,494045,No,No,Yes,No,No,Yes,Yes,No,No,No,Yes,No,Yes,No,Yes,Yes,0,0,0,0,0,0,0,0,0,0,0,0,0,0,0,0,0,0,0,0
9,Female,347535,No,No,Yes,No,No,No,No,No,Yes,No,Yes,No,Yes,No,Yes,Yes,0,0,0,0,0,0,0,1,0,0,0,0,0,0,0,0,0,0,0,0
48,Female,457082,No,No,No,No,Yes,Yes,Yes,No,No,No,No,No,Yes,Yes,No,No,0,0,0,0,0,0,0,0,0,0,1,0,0,0,0,0,0,0,0,0
58,Female,74997,No,No,No,Yes,No,No,Yes,Yes,No,No,No,No,Yes,No,No,Yes,0,0,0,0,0,0,0,0,0,0,1,1,0,0,0,0,0,0,0,0
29,Male,22656,No,No,No,No,Yes,No,Yes,No,No,No,Yes,Yes,No,Yes,No,Yes,0,0,0,0,0,0,1,1,0,1,0,0,0,1,0,0,0,0,0,1
29,Female,399658,No,No,Yes,No,Yes,Yes,Yes,No,Yes,No,Yes,No,Yes,Yes,No,No,0,0,0,0,0,0,0,1,1,0,1,0,0,0,0,0,1,0,0,0
74,Female,275280,No,No,Yes,Yes,No,No,Yes,No,No,No,No,No,No,Yes,No,Yes,0,0,0,0,0,0,0,0,0,0,0,0,0,0,0,0,0,0,0,0
5,Female,114826,No,No,No,No,No,Yes,Yes,Yes,Yes,No,Yes,Yes,Yes,Yes,Yes,No,0,0,0,0,0,0,0,1,0,0,0,1,0,0,0,0,0,0,0,0
27,Female,264110,No,No,Yes,Yes,No,No,No,Yes,Yes,No,Yes,Yes,No,No,No,No,0,0,0,0,0,0,0,1,1,1,0,0,0,0,0,0,1,0,0,0
67,Male,384029,No,No,No,No,No,No,Yes,Yes,No,No,Yes,Yes,No,Yes,No,Yes,0,0,0,0,0,0,0,1,0,0,0,0,0,0,0,0,0,0,0,0
3,Female,387834,No,No,Yes,No,Yes,No,No,No,Yes,No,No,Yes,No,Yes,Yes,Yes,0,0,0,0,0,0,0,0,0,0,0,0,0,0,0,0,0,0,0,0
18,Male,472072,No,No,No,No,Yes,No,No,Yes,No,No,Yes,No,Yes,No,No,No,0,0,0,0,0,0,0,0,0,0,0,0,0,0,0,0,0,0,0,0
68,Female,318899,No,No,No,No,Yes,Yes,No,Yes,No,No,No,No,No,Yes,No,No,0,0,0,0,0,0,0,0,0,0,0,0,0,0,0,0,0,0,0,0
59,Female,390189,No,No,No,No,Yes,No,No,Yes,No,No,No,No,No,No,No,No,0,0,0,0,0,0,0,0,0,0,0,0,0,0,0,0,0,0,0,0
53,Female,427943,No,No,No,No,Yes,Yes,Yes,No,No,No,Yes,Yes,Yes,Yes,No,No,0,0,0,0,0,0,0,0,0,0,1,0,0,0,0,0,0,0,0,0
77,Male,466068,No,No,No,No,No,No,Yes,Yes,No,No,Yes,Yes,No,Yes,No,No,0,0,0,0,0,0,0,0,0,0,0,0,0,0,0,0,0,0,0,0
65,Female,107681,No,No,Yes,Yes,No,No,No,No,Yes,No,No,No,Yes,No,No,No,0,0,0,0,0,0,0,0,1,0,1,1,0,0,0,0,0,0,0,0
51,Female,460592,No,No,No,No,Yes,Yes,Yes,Yes,Yes,No,No,No,No,Yes,No,Yes,0,0,0,0,0,0,0,0,0,0,0,0,0,0,0,0,0,0,0,0
37,Female,360575,No,No,Yes,Yes,No,No,Yes,No,No,Yes,No,No,No,Yes,No,No,0,0,0,0,0,0,0,0,0,0,0,0,1,0,0,0,0,0,0,0
79,Female,279687,No,No,Yes,No,No,No,Yes,Yes,No,No,Yes,No,Yes,Yes,No,Yes,0,0,0,0,0,0,0,1,0,0,1,0,0,0,0,0,0,0,0,0
30,Male,27729,No,No,Yes,No,No,No,Yes,Yes,No,No,Yes,No,Yes,No,No,No,0,0,0,0,0,0,0,1,0,0,0,1,0,0,0,0,0,0,0,0
38,Female,83952,No,No,Yes,No,Yes,No,No,Yes,Yes,No,No,No,No,No,No,Yes,0,0,0,0,0,0,0,0,1,0,0,0,0,0,0,0,0,0,0,0
52,Female,147788,No,No,No,Yes,No,No,Yes,No,No,No,No,No,Yes,No,No,Yes,0,0,0,0,0,0,0,0,0,0,1,1,0,0,0,0,0,0,0,0
23,Female,113511,No,No,Yes,No,Yes,No,Yes,No,No,No,No,Yes,No,Yes,No,No,0,0,0,0,0,0,0,0,0,1,0,0,0,0,0,0,0,0,0,0
46,Male,290777,No,No,Yes,No,No,No,Yes,Yes,No,No,Yes,No,Yes,Yes,No,No,0,0,0,0,0,0,0,1,0,0,0,0,0,0,0,0,0,0,0,0
57,Male,214310,No,No,No,No,No,No,No,Yes,No,No,Yes,Yes,Yes,Yes,No,Yes,0,0,0,0,0,0,0,1,0,1,0,1,0,0,0,0,0,0,0,0
82,Male,96246,No,No,Yes,No,Yes,No,Yes,Yes,Yes,No,No,No,Yes,No,No,Yes,0,0,0,0,0,0,0,0,1,0,0,1,0,0,0,0,0,0,0,0
49,Female,254367,No,No,No,Yes,No,No,No,No,No,No,No,No,Yes,Yes,No,No,0,0,0,0,0,0,0,0,0,0,1,0,0,0,0,0,0,0,0,0
35,Female,475815,No,No,No,No,Yes,No,Yes,Yes,Yes,Yes,Yes,Yes,Yes,Yes,No,No,0,0,0,0,0,0,0,0,0,0,1,0,1,0,0,0,0,1,0,0
76,Male,350255,No,No,No,No,Yes,No,Yes,No,Yes,No,No,Yes,No,No,No,Yes,0,0,0,0,0,0,0,0,0,0,0,0,0,0,0,0,0,0,0,0
28,Female,242931,No,No,No,No,Yes,Yes,No,Yes,No,No,Yes,Yes,Yes,Yes,No,No,0,1,0,0,0,0,0,1,0,1,1,1,0,0,0,0,0,0,0,0
5,Female,240121,Yes,No,Yes,No,Yes,No,No,Yes,Yes,No,Yes,No,Yes,Yes,Yes,Yes,0,0,0,0,0,0,0,1,0,0,0,1,0,0,0,1,0,0,0,0
21,Male,14202,Yes,No,No,No,No,No,Yes,Yes,No,No,Yes,Yes,No,Yes,No,Yes,0,0,0,0,0,0,0,1,0,1,0,0,0,1,1,1,0,0,0,1
69,Female,418731,No,No,Yes,No,No,Yes,No,No,No,No,Yes,Yes,No,Yes,No,Yes,0,0,0,0,0,0,0,0,0,0,0,0,0,0,0,0,0,0,0,0
61,Female,376274,No,No,Yes,No,Yes,No,No,No,Yes,No,Yes,No,Yes,Yes,No,No,0,0,0,0,0,0,0,1,1,0,1,0,0,0,0,0,1,0,0,0
10,Male,347314,No,No,Yes,No,No,No,Yes,Yes,Yes,No,Yes,No,Yes,No,No,Yes,0,0,0,0,0,0,0,1,0,0,0,0,0,0,0,0,0,0,0,0
58,Female,238464,No,No,Yes,Yes,No,No,No,No,Yes,No,Yes,Yes,No,No,No,No,0,1,0,0,0,0,0,1,1,1,0,0,0,0,0,0,1,0,0,0
59,Female,288747,No,No,No,No,Yes,Yes,Yes,No,No,No,Yes,Yes,No,No,No,Yes,0,0,0,0,0,0,0,1,0,1,0,0,0,0,0,0,0,0,0,0
5,Male,313902,Yes,No,No,No,No,No,Yes,No,No,No,No,Yes,No,Yes,No,No,0,0,0,0,0,0,0,0,0,0,0,0,0,0,1,0,0,0,0,0
67,Male,347184,No,No,Yes,No,No,No,No,Yes,Yes,No,No,Yes,Yes,No,No,No,0,0,0,0,0,0,0,0,1,0,0,0,0,0,0,0,0,0,0,0
72,Male,407176,No,No,No,No,No,No,No,Yes,Yes,No,No,Yes,Yes,No,No,No,0,0,0,0,0,0,0,0,0,0,0,0,0,0,0,0,0,0,0,0
30,Female,77870,No,No,Yes,No,Yes,Yes,Yes,Yes,Yes,No,Yes,No,No,Yes,No,No,0,1,0,0,0,0,0,1,1,0,0,0,0,0,0,0,1,0,0,0
15,Male,424166,Yes,Yes,No,No,No,No,No,No,Yes,No,Yes,No,No,No,No,No,0,0,0,1,0,0,0,0,0,0,0,0,0,0,0,0,0,0,0,0
1,Male,405686,Yes,No,No,No,Yes,No,Yes,Yes,Yes,No,No,Yes,Yes,No,No,No,0,0,0,0,0,0,0,0,0,0,0,0,0,0,0,0,0,0,0,0
24,Male,454240,No,No,Yes,No,Yes,No,Yes,No,No,No,No,No,Yes,Yes,No,Yes,0,0,0,0,0,0,0,0,0,0,0,0,0,0,0,0,0,0,0,0
81,Male,24511,No,No,No,No,No,No,No,No,No,No,No,Yes,Yes,Yes,No,No,0,0,0,0,0,0,0,0,0,1,0,1,0,1,0,0,0,0,0,0
39,Male,91228,No,No,Yes,No,Yes,No,Yes,No,No,No,No,Yes,No,Yes,No,No,0,0,0,0,0,0,0,0,0,1,0,0,0,0,0,0,0,0,0,0
32,Female,99276,No,No,Yes,Yes,Yes,No,Yes,Yes,No,Yes,Yes,No,No,Yes,No,Yes,0,1,0,0,0,0,0,1,0,0,0,0,1,0,0,0,0,1,0,0
77,Female,390474,No,No,Yes,No,Yes,No,Yes,Yes,Yes,No,No,No,No,No,No,No,0,0,0,0,0,0,0,0,1,0,0,0,0,0,0,0,0,0,0,0
7,Male,305642,No,No,No,No,No,No,No,No,No,No,Yes,No,No,Yes,No,No,0,0,0,0,0,0,0,1,0,0,0,0,0,0,0,0,0,0,0,0
19,Female,363870,No,No,Yes,Yes,Yes,No,Yes,Yes,No,No,No,Yes,No,No,No,No,0,0,0,0,0,0,0,0,0,0,0,0,0,0,0,0,0,0,0,0
51,Female,242937,No,No,No,Yes,No,No,No,Yes,Yes,No,No,Yes,No,Yes,No,No,0,0,0,0,0,0,0,0,0,1,0,0,0,0,0,0,0,0,0,0
47,Male,116166,No,No,Yes,No,No,No,No,Yes,Yes,No,No,Yes,No,Yes,No,No,0,0,0,0,0,0,0,0,1,1,0,0,0,0,0,0,0,0,0,0
36,Male,107493,No,No,No,No,No,No,No,Yes,Yes,No,No,No,Yes,No,No,No,0,0,0,0,0,0,0,0,0,0,0,1,0,0,0,0,0,0,0,0
46,Male,83710,No,No,No,No,No,No,Yes,No,No,No,Yes,Yes,Yes,Yes,No,No,0,0,0,0,0,0,0,1,0,1,0,1,0,0,0,0,0,0,0,0
80,Male,125882,No,No,No,No,No,No,Yes,Yes,Yes,No,No,Yes,No,No,No,Yes,0,0,0,0,0,0,0,0,0,1,0,0,0,0,0,0,0,0,0,0
40,Female,317504,No,No,Yes,No,Yes,Yes,No,Yes,No,Yes,No,No,No,No,No,Yes,0,0,0,0,0,0,0,0,0,0,0,0,1,0,0,0,0,0,0,0
11,Female,101749,Yes,Yes,Yes,No,Yes,Yes,No,Yes,No,No,Yes,No,No,Yes,Yes,Yes,0,0,0,1,0,0,0,1,0,0,0,0,0,0,0,1,0,0,0,0
49,Male,304845,No,No,No,No,Yes,No,Yes,No,No,No,Yes,No,Yes,Yes,No,Yes,0,0,0,0,0,0,0,1,0,0,0,0,0,0,0,0,0,0,0,0
16,Male,398244,No,No,Yes,No,No,No,No,Yes,No,No,Yes,Yes,No,Yes,No,Yes,0,0,0,0,0,0,0,1,0,0,0,0,0,0,0,0,0,0,0,0
7,Male,188287,Yes,Yes,No,No,No,No,No,No,Yes,No,No,No,Yes,Yes,No,No,0,0,0,0,0,0,0,0,0,0,0,1,0,0,0,0,0,0,0,0
41,Male,434836,No,No,No,No,No,No,No,No,No,No,Yes,Yes,No,Yes,No,No,0,0,0,0,0,0,0,0,0,0,0,0,0,0,0,0,0,0,0,0
57,Female,411008,No,No,Yes,Yes,No,Yes,No,Yes,No,No,No,Yes,Yes,No,No,No,0,0,0,0,0,0,0,0,0,0,1,0,0,0,0,0,0,0,0,0
53,Female,125291,No,No,Yes,Yes,Yes,Yes,No,No,Yes,No,Yes,Yes,No,Yes,No,No,0,1,0,0,0,0,0,1,1,1,0,0,0,0,0,0,1,0,0,0
76,Male,67082,No,No,No,No,No,No,No,Yes,Yes,No,Yes,No,Yes,No,No,No,0,0,0,0,1,0,0,1,0,0,0,1,0,0,0,0,0,0,0,0
72,Male,241683,No,No,No,No,No,No,Yes,Yes,Yes,No,Yes,No,No,Yes,No,Yes,0,0,0,0,0,0,0,1,0,0,0,0,0,0,0,0,0,0,0,0
71,Male,68852,No,No,Yes,No,Yes,No,Yes,No,Yes,No,Yes,No,No,No,No,No,0,0,0,0,1,0,1,1,1,0,0,0,0,0,0,0,1,0,0,0
47,Male,355774,No,No,Yes,No,Yes,No,No,Yes,Yes,No,Yes,No,Yes,Yes,No,No,0,0,0,0,0,0,0,1,1,0,0,0,0,0,0,0,1,0,0,0
69,Male,163739,No,No,Yes,No,No,No,Yes,Yes,No,No,No,Yes,Yes,Yes,No,Yes,0,0,0,0,0,0,0,0,0,1,0,1,0,0,0,0,0,0,0,0
36,Male,383157,No,No,Yes,No,No,No,No,Yes,No,No,No,Yes,No,No,No,Yes,0,0,0,0,0,0,0,0,0,0,0,0,0,0,0,0,0,0,0,0
25,Female,243430,No,No,Yes,Yes,No,No,No,Yes,Yes,No,No,No,Yes,No,No,No,0,0,0,0,0,0,0,0,1,0,1,1,0,0,0,0,0,0,0,0
61,Female,54800,No,No,No,Yes,Yes,Yes,No,No,Yes,No,Yes,Yes,No,No,No,Yes,0,1,0,0,1,1,1,1,0,1,0,0,0,0,0,0,0,0,0,0
58,Male,397656,No,No,Yes,No,No,No,No,Yes,No,No,Yes,Yes,No,No,No,Yes,0,0,0,0,0,0,0,1,0,0,0,0,0,0,0,0,0,0,0,0
21,Male,219735,Yes,No,Yes,No,Yes,No,No,No,Yes,No,No,Yes,Yes,Yes,No,No,0,0,0,0,0,0,0,0,1,1,0,1,0,0,0,0,0,0,0,0
3,Male,107520,Yes,No,No,No,Yes,No,No,No,No,No,No,Yes,No,No,No,No,0,0,0,0,0,0,0,0,0,0,0,0,0,0,0,0,0,0,0,0
47,Male,173537,No,No,Yes,No,Yes,No,Yes,Yes,No,No,No,Yes,No,Yes,No,No,0,0,0,0,0,0,0,0,0,1,0,0,0,0,0,0,0,0,0,0
77,Male,356245,No,No,No,No,Yes,No,Yes,Yes,No,No,No,Yes,Yes,No,No,No,0,0,0,0,0,0,0,0,0,0,0,0,0,0,0,0,0,0,0,0
9,Female,445549,No,No,Yes,No,No,No,No,No,No,No,Yes,Yes,No,No,Yes,No,0,0,0,0,0,0,0,0,0,0,0,0,0,0,0,0,0,0,0,0
78,Female,117785,No,No,No,Yes,Yes,Yes,No,Yes,No,No,Yes,Yes,No,Yes,No,Yes,0,1,0,0,0,0,0,1,0,1,0,0,0,0,0,0,0,0,0,0
51,Male,447878,No,No,Yes,No,Yes,No,Yes,Yes,Yes,No,Yes,Yes,Yes,No,No,Yes,0,0,0,0,0,0,0,0,1,0,0,0,0,0,0,0,1,0,0,0
30,Female,16500,No,No,Yes,No,No,Yes,Yes,Yes,Yes,No,No,Yes,No,Yes,No,No,0,0,0,0,0,0,0,0,1,1,0,0,0,1,0,0,0,0,0,0
2,Female,359804,No,No,Yes,No,Yes,Yes,Yes,Yes,Yes,No,Yes,Yes,Yes,Yes,Yes,Yes,0,0,0,0,0,0,0,1,0,0,0,0,0,0,0,0,0,0,0,0
2,Female,430704,Yes,Yes,Yes,No,No,Yes,Yes,No,No,No,No,Yes,No,Yes,Yes,Yes,0,0,0,0,0,0,0,0,0,0,0,0,0,0,0,0,0,0,0,0
73,Female,395724,No,No,Yes,No,No,No,Yes,No,No,No,No,Yes,Yes,Yes,No,No,0,0,0,0,0,0,0,0,0,0,1,0,0,0,0,0,0,0,0,0
68,Male,476231,No,No,Yes,No,Yes,No,No,No,Yes,No,Yes,No,Yes,No,No,Yes,0,0,0,0,0,0,0,0,1,0,0,0,0,0,0,0,1,0,0,0
10,Male,276707,Yes,Yes,No,No,Yes,No,No,No,No,No,Yes,No,Yes,No,No,Yes,0,0,0,1,0,0,0,1,0,0,0,0,0,0,0,0,0,0,0,0
59,Male,77152,No,No,Yes,No,No,No,Yes,Yes,No,No,No,Yes,No,No,No,No,0,0,0,0,0,0,0,0,0,1,0,0,0,0,0,0,0,0,0,0
13,Male,95190,No,No,Yes,No,Yes,No,Yes,Yes,Yes,No,No,Yes,No,Yes,No,Yes,0,0,0,0,0,0,0,0,0,0,0,0,0,0,0,0,0,0,0,0
66,Male,278068,No,No,Yes,No,Yes,No,No,No,Yes,No,No,Yes,Yes,No,No,Yes,0,0,0,0,0,0,0,0,1,1,0,0,0,0,0,0,0,0,0,0
45,Male,434202,No,No,No,No,Yes,No,Yes,Yes,No,No,Yes,No,No,Yes,No,No,0,0,0,0,0,0,0,0,0,0,0,0,0,0,0,0,0,0,0,0
66,Male,437175,No,No,No,No,Yes,No,Yes,Yes,No,No,Yes,No,Yes,No,No,No,0,0,0,0,0,0,0,0,0,0,0,0,0,0,0,0,0,0,0,0
83,Male,342433,No,No,Yes,No,No,No,Yes,Yes,No,No,No,No,No,No,No,No,0,0,0,0,0,0,0,0,0,0,0,0,0,0,0,0,0,0,0,0
58,Male,363819,No,No,No,No,No,No,Yes,Yes,Yes,No,No,No,Yes,No,No,No,0,0,0,0,0,0,0,0,0,0,0,0,0,0,0,0,0,0,0,0
52,Male,255891,No,No,Yes,No,Yes,No,Yes,No,No,No,No,No,No,No,No,Yes,0,0,0,0,0,0,0,0,0,0,0,0,0,0,0,0,0,0,0,0
78,Female,92536,No,No,Yes,No,No,Yes,Yes,Yes,Yes,No,Yes,Yes,No,Yes,No,No,0,1,0,0,0,0,0,1,1,1,0,0,0,0,0,0,1,0,0,0
20,Female,74995,Yes,No,Yes,Yes,No,No,No,Yes,Yes,Yes,Yes,Yes,No,Yes,No,Yes,1,0,0,0,0,1,0,1,1,1,0,0,1,1,0,1,1,1,0,1
11,Male,66416,Yes,Yes,Yes,No,No,No,Yes,No,Yes,No,Yes,No,Yes,No,No,No,0,0,0,1,0,0,0,1,0,0,0,1,0,0,1,0,0,0,0,0
25,Female,321622,Yes,Yes,Yes,Yes,Yes,Yes,No,Yes,No,No,Yes,No,Yes,No,No,Yes,0,0,0,0,0,0,0,1,0,0,1,0,0,0,0,1,0,0,0,1
28,Female,308028,No,No,Yes,No,No,Yes,Yes,No,Yes,Yes,No,No,No,No,No,No,0,0,0,0,0,0,0,0,1,0,0,0,1,0,0,0,0,0,0,0
41,Male,31894,No,No,No,No,No,No,Yes,Yes,No,No,Yes,Yes,No,No,No,No,0,0,0,0,0,0,0,1,0,1,0,0,0,0,0,0,0,0,0,0
55,Female,27026,No,No,No,Yes,No,Yes,No,No,Yes,No,Yes,No,No,Yes,No,Yes,0,1,0,0,0,1,0,1,0,0,0,0,0,1,0,0,0,0,0,0
10,Male,34016,No,No,Yes,No,Yes,No,No,Yes,Yes,No,Yes,No,Yes,No,No,Yes,0,0,0,0,0,0,0,1,0,0,0,1,0,0,0,0,0,0,0,0
14,Male,265437,No,No,Yes,No,No,No,Yes,No,Yes,No,No,No,No,No,No,No,0,0,0,0,0,0,0,0,0,0,0,0,0,0,0,0,0,0,0,0
70,Male,25642,No,No,No,No,Yes,No,No,No,No,No,No,No,Yes,Yes,No,No,0,0,0,0,0,0,0,0,0,0,0,1,0,1,0,0,0,0,0,0
73,Male,105106,No,No,Yes,No,Yes,No,Yes,No,No,No,No,No,No,Yes,No,Yes,0,0,0,0,0,0,0,0,0,0,0,0,0,0,0,0,0,0,0,0
54,Female,245080,No,No,No,No,Yes,No,Yes,Yes,No,No,No,No,No,Yes,No,No,0,0,0,0,0,0,0,0,0,0,0,0,0,0,0,0,0,0,0,0
52,Male,284086,No,No,No,No,No,No,No,Yes,Yes,No,No,Yes,Yes,Yes,No,No,0,0,0,0,0,0,0,0,0,1,0,0,0,0,0,0,0,0,0,0
69,Female,355177,No,No,No,No,No,Yes,Yes,No,Yes,No,Yes,Yes,No,Yes,No,No,0,0,0,0,0,0,0,1,0,0,0,0,0,0,0,0,0,0,0,0
79,Male,416885,No,No,Yes,No,No,No,No,Yes,No,No,Yes,Yes,No,No,No,Yes,0,0,0,0,0,0,0,0,0,0,0,0,0,0,0,0,0,0,0,0
68,Female,276171,No,No,No,Yes,No,Yes,Yes,No,No,No,No,No,Yes,Yes,No,No,0,0,0,0,0,0,0,0,0,0,1,0,0,0,0,0,0,0,0,0
56,Male,413701,No,No,No,No,No,No,Yes,No,No,No,Yes,No,No,Yes,No,No,0,0,0,0,0,0,0,0,0,0,0,0,0,0,0,0,0,0,0,0
62,Female,404142,No,No,No,No,No,No,No,Yes,Yes,No,Yes,Yes,Yes,No,No,No,0,0,0,0,0,0,0,0,0,0,1,0,0,0,0,0,0,0,0,0
20,Male,144686,Yes,Yes,Yes,No,Yes,No,Yes,Yes,No,No,No,Yes,Yes,Yes,No,No,0,0,0,0,0,0,0,0,0,1,0,1,0,0,1,1,0,0,0,0
39,Male,370309,No,No,No,No,No,No,No,No,No,No,No,Yes,No,No,No,Yes,0,0,0,0,0,0,0,0,0,0,0,0,0,0,0,0,0,0,0,0
77,Male,220705,No,No,No,No,Yes,No,No,No,Yes,No,No,No,No,No,No,No,0,0,0,0,0,0,0,0,0,0,0,0,0,0,0,0,0,0,0,0
12,Male,469144,Yes,Yes,No,No,No,No,No,Yes,Yes,No,Yes,No,Yes,No,No,Yes,0,0,0,1,0,0,0,0,0,0,0,0,0,0,0,1,0,0,0,0
19,Male,495880,No,No,No,No,Yes,No,No,No,No,No,No,No,Yes,Yes,No,No,0,0,0,0,0,0,0,0,0,0,0,0,0,0,0,0,0,0,0,0
61,Female,135279,No,No,Yes,No,No,No,Yes,No,Yes,No,No,Yes,Yes,No,No,Yes,0,0,0,0,0,0,0,0,1,1,1,1,0,0,0,0,0,0,0,0
23,Male,418223,No,No,No,No,No,No,No,No,Yes,No,No,No,No,No,No,No,0,0,0,0,0,0,0,0,0,0,0,0,0,0,0,0,0,0,0,0
81,Female,255488,No,No,No,Yes,No,No,No,No,Yes,No,Yes,Yes,Yes,No,No,Yes,0,0,0,0,0,0,0,1,0,1,1,0,0,0,0,0,0,0,0,0
70,Male,406889,No,No,No,No,No,No,Yes,No,No,No,Yes,No,No,Yes,No,Yes,0,0,0,0,0,0,0,0,0,0,0,0,0,0,0,0,0,0,0,0
85,Male,490697,No,No,Yes,No,No,No,No,No,Yes,No,No,No,Yes,Yes,No,No,0,0,0,0,0,0,0,0,1,0,0,0,0,0,0,0,0,0,0,0
70,Female,429437,No,No,Yes,No,Yes,Yes,No,No,Yes,No,Yes,No,Yes,No,No,Yes,0,0,0,0,0,0,0,0,1,0,1,0,0,0,0,0,1,0,0,0
11,Female,433441,No,No,Yes,No,No,No,No,No,No,No,Yes,Yes,No,Yes,Yes,No,0,0,0,0,0,0,0,0,0,0,0,0,0,0,0,0,0,0,0,0
33,Female,180702,No,No,Yes,No,No,Yes,Yes,No,No,Yes,No,No,No,Yes,No,Yes,0,0,0,0,0,0,0,0,0,0,0,0,1,0,0,0,0,0,0,0
67,Male,306853,No,No,No,No,Yes,No,Yes,Yes,Yes,No,No,No,Yes,Yes,No,Yes,0,0,0,0,0,0,0,0,0,0,0,0,0,0,0,0,0,0,0,0
23,Male,206425,Yes,Yes,No,No,No,No,Yes,No,No,No,No,No,No,Yes,No,Yes,0,0,0,0,0,0,0,0,0,0,0,0,0,0,1,0,0,0,0,0
1,Female,480486,Yes,Yes,Yes,No,No,No,No,Yes,No,No,No,Yes,Yes,Yes,Yes,Yes,0,0,0,0,0,0,0,0,0,0,0,0,0,0,0,0,0,0,0,0
29,Female,426653,No,No,Yes,Yes,Yes,No,No,Yes,Yes,No,Yes,Yes,Yes,No,No,No,0,0,0,0,0,0,0,0,1,0,1,0,0,0,0,0,1,0,0,0
38,Male,76833,No,No,No,No,Yes,No,No,No,No,No,Yes,Yes,No,Yes,No,No,0,0,0,0,0,0,0,1,0,1,0,0,0,0,0,0,0,0,0,0
79,Female,109514,No,No,Yes,Yes,Yes,Yes,No,Yes,No,No,No,Yes,No,No,No,No,0,0,0,0,0,0,0,0,0,1,0,0,0,0,0,0,0,0,0,0
19,Male,443617,Yes,No,Yes,No,No,No,Yes,Yes,No,No,No,Yes,Yes,No,No,No,0,0,0,0,0,0,0,0,0,0,0,0,0,0,1,1,0,0,0,0
78,Male,91054,No,No,No,No,No,No,No,No,No,No,No,No,Yes,No,No,Yes,0,0,0,0,0,0,0,0,0,0,0,1,0,0,0,0,0,0,0,0
57,Male,363170,No,No,No,No,No,No,No,No,Yes,No,No,No,No,Yes,No,Yes,0,0,0,0,0,0,0,0,0,0,0,0,0,0,0,0,0,0,0,0
67,Female,451234,No,No,No,No,Yes,No,No,No,Yes,No,No,Yes,No,No,No,No,0,0,0,0,0,0,0,0,0,0,0,0,0,0,0,0,0,0,0,0
32,Male,422027,No,No,No,No,Yes,No,No,Yes,Yes,No,No,No,Yes,No,No,Yes,0,0,0,0,0,0,0,0,0,0,0,0,0,0,0,0,0,0,0,0
39,Male,311528,No,No,Yes,No,No,No,Yes,Yes,Yes,No,Yes,Yes,No,Yes,No,No,0,0,0,0,0,0,0,1,1,0,0,0,0,0,0,0,1,0,0,0
48,Male,46662,No,No,No,No,No,No,Yes,Yes,Yes,No,No,Yes,Yes,Yes,No,No,0,0,0,0,0,0,0,0,0,1,0,1,0,1,0,0,0,0,0,0
57,Female,329149,No,No,Yes,No,Yes,Yes,No,Yes,Yes,No,No,Yes,No,No,No,Yes,0,0,0,0,0,0,0,0,1,0,0,0,0,0,0,0,0,0,0,0
35,Male,186965,No,No,Yes,No,No,No,No,No,Yes,No,No,Yes,Yes,Yes,No,No,0,0,0,0,0,0,0,0,1,1,0,1,0,0,0,0,0,0,0,0
82,Male,273990,No,No,No,No,Yes,No,No,No,No,No,Yes,Yes,No,Yes,No,No,0,0,0,0,0,0,0,1,0,1,0,0,0,0,0,0,0,0,0,0
83,Female,179109,No,No,Yes,No,Yes,Yes,No,Yes,No,No,No,No,No,Yes,No,No,0,0,0,0,0,0,0,0,0,0,0,0,0,0,0,0,0,0,0,0
76,Male,72844,No,No,No,No,No,No,No,Yes,Yes,No,Yes,No,No,No,No,No,0,0,0,0,1,0,0,1,0,0,0,0,0,0,0,0,0,0,0,0
6,Female,279506,No,No,No,No,No,Yes,No,Yes,No,No,No,Yes,No,Yes,Yes,No,0,0,0,0,0,0,0,0,0,0,0,0,0,0,0,0,0,0,0,0
39,Male,275291,No,No,No,No,Yes,No,No,Yes,No,No,Yes,Yes,No,No,No,No,0,0,0,0,0,0,0,1,0,1,0,0,0,0,0,0,0,0,0,0
16,Male,327641,No,No,No,No,No,No,No,Yes,No,No,Yes,No,Yes,Yes,No,No,0,0,0,0,0,0,0,1,0,0,0,0,0,0,0,0,0,0,0,0
79,Male,342732,No,No,Yes,No,Yes,No,No,Yes,Yes,No,No,No,No,No,No,Yes,0,0,0,0,0,0,0,0,1,0,0,0,0,0,0,0,0,0,0,0
54,Male,365021,No,No,Yes,No,No,No,Yes,Yes,Yes,No,Yes,No,No,Yes,No,No,0,0,0,0,0,0,0,1,1,0,0,0,0,0,0,0,1,0,0,0
42,Female,76784,No,No,Yes,No,No,No,No,No,Yes,Yes,No,No,No,Yes,No,Yes,0,0,0,0,0,0,0,0,1,0,0,0,1,0,0,0,0,0,0,0
74,Male,324827,No,No,No,No,Yes,No,No,Yes,No,No,Yes,No,No,Yes,No,No,0,0,0,0,0,0,0,1,0,0,0,0,0,0,0,0,0,0,0,0
75,Male,359120,No,No,Yes,No,Yes,No,No,Yes,Yes,No,Yes,Yes,No,Yes,No,Yes,0,0,0,0,0,0,0,1,1,0,0,0,0,0,0,0,1,0,0,0
43,Male,368533,No,No,Yes,No,Yes,No,No,No,Yes,No,No,Yes,No,No,No,No,0,0,0,0,0,0,0,0,1,0,0,0,0,0,0,0,0,0,0,0
70,Female,312625,No,No,No,No,No,No,No,Yes,Yes,No,No,Yes,No,No,No,No,0,0,0,0,0,0,0,0,0,0,0,0,0,0,0,0,0,0,0,0
60,Male,184902,No,No,No,No,No,No,No,Yes,Yes,No,No,Yes,No,No,No,Yes,0,0,0,0,0,0,0,0,0,1,0,0,0,0,0,0,0,0,0,0
26,Female,75056,No,No,No,No,Yes,Yes,Yes,Yes,Yes,Yes,Yes,Yes,Yes,No,No,Yes,0,1,0,0,0,0,0,1,0,1,1,1,1,0,0,0,0,1,0,1
62,Female,377501,No,No,Yes,No,Yes,Yes,No,Yes,Yes,No,Yes,No,No,No,No,Yes,0,0,0,0,0,0,0,1,1,0,0,0,0,0,0,0,1,0,0,0
26,Male,172457,No,No,No,No,Yes,No,No,No,Yes,No,No,Yes,No,No,No,No,0,0,0,0,0,0,0,0,0,1,0,0,0,0,0,0,0,0,0,0
40,Male,262848,No,No,Yes,No,Yes,No,Yes,No,No,No,No,No,Yes,No,No,No,0,0,0,0,0,0,0,0,0,0,0,0,0,0,0,0,0,0,0,0
46,Female,141763,No,No,No,Yes,Yes,Yes,Yes,No,No,No,Yes,Yes,Yes,No,No,No,0,1,0,0,0,0,0,1,0,1,1,1,0,0,0,0,0,0,0,0
4,Female,438895,Yes,Yes,No,No,Yes,No,Yes,No,No,No,No,Yes,No,No,Yes,Yes,0,0,0,0,0,0,0,0,0,0,0,0,0,0,0,0,0,0,0,0
49,Male,62354,No,No,No,No,Yes,No,Yes,No,No,No,Yes,Yes,No,No,No,Yes,0,0,0,0,0,0,1,1,0,1,0,0,0,0,0,0,0,0,0,0
57,Female,53441,No,No,Yes,No,No,Yes,No,No,Yes,No,No,Yes,No,Yes,No,Yes,0,0,0,0,0,0,0,0,1,1,0,0,0,1,0,0,0,0,0,0
52,Male,124745,No,No,No,No,No,No,No,Yes,No,No,No,No,Yes,No,No,Yes,0,0,0,0,0,0,0,0,0,0,0,1,0,0,0,0,0,0,0,0
27,Male,55801,No,No,No,No,No,No,No,Yes,Yes,No,Yes,No,No,No,No,Yes,0,0,0,0,0,0,0,1,0,0,0,0,0,0,0,0,0,0,0,1
64,Female,176184,No,No,No,Yes,Yes,No,Yes,Yes,Yes,No,Yes,Yes,No,No,No,No,0,1,0,0,0,0,0,1,0,1,0,0,0,0,0,0,0,0,0,0
67,Male,255741,No,No,Yes,No,No,No,Yes,No,No,No,No,No,Yes,No,No,No,0,0,0,0,0,0,0,0,0,0,0,0,0,0,0,0,0,0,0,0
77,Female,176127,No,No,No,Yes,Yes,Yes,No,No,Yes,No,No,No,Yes,Yes,No,Yes,0,0,0,0,0,0,0,0,0,0,1,1,0,0,0,0,0,0,0,0
77,Male,265275,No,No,No,No,No,No,Yes,No,No,No,Yes,Yes,Yes,No,No,Yes,0,0,0,0,0,0,0,1,0,1,0,0,0,0,0,0,0,0,0,0
80,Female,402536,No,No,Yes,No,Yes,No,Yes,Yes,Yes,No,Yes,No,No,Yes,No,Yes,0,0,0,0,0,0,0,0,1,0,0,0,0,0,0,0,1,0,0,0
42,Female,73750,No,No,No,Yes,No,Yes,No,No,Yes,Yes,No,No,No,No,No,Yes,0,0,0,0,0,0,0,0,0,0,0,0,1,0,0,0,0,0,0,0
4,Female,100924,No,No,Yes,No,Yes,Yes,No,No,Yes,No,No,Yes,No,No,Yes,Yes,0,0,0,0,0,0,0,0,0,0,0,0,0,0,0,0,0,0,0,0
6,Female,115225,Yes,Yes,Yes,No,Yes,No,No,No,Yes,No,No,No,Yes,No,Yes,No,0,0,0,0,0,0,0,0,0,0,0,1,0,0,0,0,0,0,0,0
33,Male,20402,No,No,Yes,No,No,No,Yes,Yes,No,No,No,Yes,Yes,Yes,No,No,0,0,0,0,0,0,0,0,0,1,0,1,0,1,0,0,0,0,0,0
62,Male,91027,No,No,No,No,No,No,Yes,Yes,No,No,Yes,Yes,Yes,No,No,Yes,0,0,0,0,0,0,0,1,0,1,0,1,0,0,0,0,0,0,0,0
35,Female,10444,No,No,No,No,No,No,No,No,Yes,No,Yes,Yes,No,No,No,Yes,0,1,0,0,0,0,0,1,0,1,0,0,0,0,0,0,0,0,0,0
78,Male,247007,No,No,Yes,No,No,No,Yes,No,Yes,No,Yes,Yes,No,Yes,No,No,0,0,0,0,0,0,0,1,1,1,0,0,0,0,0,0,1,0,0,0
47,Female,335308,No,No,Yes,No,No,No,No,Yes,No,No,No,Yes,Yes,No,No,No,0,0,0,0,0,0,0,0,0,0,1,0,0,0,0,0,0,0,0,0
32,Female,225457,No,No,Yes,No,No,No,No,No,Yes,No,Yes,Yes,Yes,Yes,No,No,0,1,0,0,0,0,0,1,1,1,1,1,0,0,0,0,1,0,0,0
5,Female,489612,Yes,No,No,No,Yes,Yes,Yes,Yes,No,No,No,No,Yes,No,Yes,Yes,0,0,0,0,0,0,0,0,0,0,0,0,0,0,1,1,0,0,0,0
36,Female,352435,No,No,No,Yes,Yes,No,Yes,No,No,Yes,No,Yes,Yes,Yes,No,Yes,0,0,0,0,0,0,0,0,0,0,1,0,1,0,0,0,0,0,0,0
18,Male,273897,No,No,No,No,Yes,No,Yes,Yes,Yes,No,Yes,Yes,Yes,Yes,No,Yes,0,0,0,0,0,0,0,1,0,1,0,0,0,0,0,0,0,0,0,1
79,Male,112021,No,No,Yes,No,Yes,No,No,Yes,No,No,No,No,No,No,No,No,0,0,0,0,0,0,0,0,0,0,0,0,0,0,0,0,0,0,0,0
38,Female,271769,No,No,No,No,No,Yes,No,No,Yes,No,Yes,Yes,No,Yes,No,Yes,0,0,0,0,0,0,0,1,0,1,0,0,0,0,0,0,0,0,0,0
52,Female,192425,No,No,No,Yes,No,No,No,Yes,No,No,No,Yes,No,Yes,No,Yes,0,0,0,0,0,0,0,0,0,1,0,0,0,0,0,0,0,0,0,0
57,Male,323033,No,No,Yes,No,No,No,No,Yes,No,No,Yes,Yes,Yes,No,No,Yes,0,0,0,0,0,0,0,1,0,0,0,0,0,0,0,0,0,0,0,0
14,Female,158031,Yes,No,Yes,No,No,No,No,No,Yes,No,Yes,No,No,Yes,Yes,No,0,0,0,0,0,0,0,1,0,0,0,0,0,0,0,0,0,0,0,0
2,Male,261375,No,No,No,No,Yes,No,Yes,Yes,No,No,Yes,No,Yes,No,No,Yes,0,0,0,0,0,0,0,1,0,0,0,0,0,0,0,0,0,0,0,0
27,Male,290971,No,No,No,No,No,No,Yes,No,No,No,No,No,No,Yes,No,No,0,0,0,0,0,0,0,0,0,0,0,0,0,0,0,0,0,0,0,0
72,Female,132538,No,No,No,Yes,No,No,No,No,No,No,Yes,Yes,Yes,No,No,Yes,0,1,0,0,0,0,0,1,0,1,1,1,0,0,0,0,0,0,0,0
85,Male,227017,No,No,Yes,No,Yes,No,Yes,No,No,No,No,Yes,No,Yes,No,No,0,0,0,0,0,0,0,0,0,1,0,0,0,0,0,0,0,0,0,0
25,Male,460114,Yes,No,Yes,No,No,No,No,Yes,Yes,No,Yes,Yes,Yes,Yes,No,No,0,0,0,0,0,0,0,0,1,0,0,0,0,0,0,1,1,0,0,0
68,Male,255758,No,No,No,No,Yes,No,Yes,Yes,No,No,No,Yes,Yes,Yes,No,Yes,0,0,0,0,0,0,0,0,0,1,0,0,0,0,0,0,0,0,0,0
76,Male,392623,No,No,Yes,No,Yes,No,Yes,Yes,Yes,No,No,No,No,No,No,No,0,0,0,0,0,0,0,0,1,0,0,0,0,0,0,0,0,0,0,0
61,Female,380868,No,No,No,Yes,Yes,No,Yes,No,No,No,No,No,Yes,No,No,Yes,0,0,0,0,0,0,0,0,0,0,1,0,0,0,0,0,0,0,0,0
30,Male,365345,No,No,No,No,Yes,No,Yes,Yes,No,No,Yes,No,No,Yes,No,No,0,0,0,0,0,0,0,1,0,0,0,0,0,0,0,0,0,0,0,0
56,Female,199072,No,No,Yes,No,Yes,No,No,Yes,Yes,No,Yes,Yes,No,No,No,Yes,0,1,0,0,0,0,0,1,1,1,0,0,0,0,0,0,1,0,0,0
71,Female,282757,No,No,Yes,Yes,No,Yes,No,No,No,No,Yes,No,Yes,Yes,No,Yes,0,0,0,0,0,0,0,1,0,0,1,0,0,0,0,0,0,0,0,0
55,Female,356491,No,No,No,Yes,Yes,No,Yes,No,Yes,No,No,No,Yes,Yes,No,Yes,0,0,0,0,0,0,0,0,0,0,1,0,0,0,0,0,0,0,0,0
34,Female,186399,No,No,No,No,No,No,No,Yes,Yes,No,No,Yes,No,No,No,No,0,0,0,0,0,0,0,0,0,1,0,0,0,0,0,0,0,0,0,0
3,Male,282787,No,No,No,No,No,No,Yes,No,No,No,No,No,No,No,No,No,0,0,0,0,0,0,0,0,0,0,0,0,0,0,0,0,0,0,0,0
53,Male,472934,No,No,No,No,No,No,No,No,No,No,Yes,No,Yes,No,No,No,0,0,0,0,0,0,0,0,0,0,0,0,0,0,0,0,0,0,0,0
25,Male,149104,No,No,Yes,No,Yes,No,Yes,Yes,No,No,Yes,Yes,No,Yes,No,Yes,0,0,0,0,0,0,0,1,0,1,0,0,0,0,0,0,0,0,0,1
56,Male,141004,No,No,No,No,No,No,Yes,No,No,No,No,No,No,No,No,No,0,0,0,0,0,0,0,0,0,0,0,0,0,0,0,0,0,0,0,0
73,Female,158132,No,No,No,No,Yes,Yes,Yes,Yes,No,No,Yes,Yes,No,Yes,No,No,0,1,0,0,0,0,0,1,0,1,0,0,0,0,0,0,0,0,0,0
9,Female,354036,No,No,Yes,No,Yes,Yes,No,Yes,No,No,No,No,No,No,Yes,Yes,0,0,0,0,0,0,0,0,0,0,0,0,0,0,0,0,0,0,0,0
49,Female,245151,No,No,No,No,No,No,No,Yes,Yes,No,No,Yes,Yes,No,No,No,0,0,0,0,0,0,0,0,0,1,1,1,0,0,0,0,0,0,0,0
12,Female,466845,Yes,No,Yes,No,Yes,Yes,Yes,No,No,No,Yes,No,Yes,Yes,Yes,Yes,0,0,0,0,0,0,0,0,0,0,0,0,0,0,1,0,0,0,0,0
30,Female,256308,No,No,Yes,No,Yes,Yes,Yes,No,No,No,Yes,No,No,No,No,No,0,0,0,0,0,0,0,1,0,0,0,0,0,0,0,0,0,0,0,0
82,Female,467405,No,No,No,No,Yes,Yes,No,No,No,No,Yes,Yes,No,Yes,No,No,0,0,0,0,0,0,0,0,0,0,0,0,0,0,0,0,0,0,0,0
12,Male,480468,Yes,Yes,No,No,Yes,No,No,No,No,No,Yes,No,No,Yes,No,Yes,0,0,0,1,0,0,0,0,0,0,0,0,0,0,0,0,0,0,0,0
53,Male,32946,No,No,Yes,No,Yes,No,No,No,Yes,No,Yes,Yes,No,No,No,No,0,0,0,0,0,0,1,1,1,1,0,0,0,0,0,0,1,0,0,0
49,Male,482295,No,No,No,No,No,No,No,Yes,No,No,Yes,Yes,No,No,No,Yes,0,0,0,0,0,0,0,0,0,0,0,0,0,0,0,0,0,0,0,0
52,Female,381060,No,No,Yes,Yes,No,Yes,Yes,No,Yes,No,Yes,Yes,Yes,No,No,No,0,0,0,0,0,0,0,1,1,0,1,0,0,0,0,0,1,0,0,0
28,Male,337744,No,No,No,No,Yes,No,Yes,Yes,No,No,Yes,No,Yes,Yes,No,Yes,0,0,0,0,0,0,0,1,0,0,0,0,0,0,0,0,0,0,0,1
29,Female,83477,No,No,Yes,No,Yes,No,No,No,No,No,No,Yes,Yes,No,No,Yes,0,0,0,0,0,0,0,0,0,1,1,1,0,0,0,0,0,0,0,0
75,Male,369649,No,No,Yes,No,No,No,Yes,Yes,No,No,No,Yes,Yes,Yes,No,No,0,0,0,0,0,0,0,0,0,0,0,0,0,0,0,0,0,0,0,0
26,Male,263415,No,No,Yes,No,No,No,Yes,Yes,No,No,No,No,Yes,No,No,No,0,0,0,0,0,0,0,0,0,0,0,0,0,0,0,0,0,0,0,0
54,Female,249269,No,No,Yes,No,Yes,No,No,No,Yes,No,Yes,No,No,Yes,No,No,0,1,0,0,0,0,0,1,1,0,0,0,0,0,0,0,1,0,0,0
36,Female,184649,No,No,No,Yes,No,No,No,No,Yes,Yes,Yes,Yes,No,Yes,No,Yes,0,1,0,0,0,0,0,1,0,1,0,0,1,0,0,0,0,1,0,0
22,Male,261515,Yes,No,Yes,No,No,No,Yes,Yes,Yes,No,Yes,No,No,No,No,Yes,0,0,0,0,0,0,0,1,1,0,0,0,0,0,1,1,1,0,0,1
15,Male,257635,Yes,No,Yes,No,No,No,No,Yes,No,No,No,Yes,Yes,Yes,No,No,0,0,0,0,0,0,0,0,0,0,0,0,0,0,0,1,0,0,0,0
5,Female,266470,Yes,No,No,No,Yes,No,Yes,No,No,No,No,Yes,Yes,Yes,Yes,No,0,0,0,0,0,0,0,0,0,0,0,0,0,0,1,0,0,0,0,0
56,Male,191225,No,No,Yes,No,No,No,No,No,Yes,No,No,Yes,No,Yes,No,No,0,0,0,0,0,0,0,0,1,1,0,0,0,0,0,0,0,0,0,0
46,Female,242354,No,No,No,Yes,No,No,Yes,Yes,No,No,No,Yes,No,No,No,No,0,0,0,0,0,0,0,0,0,1,0,0,0,0,0,0,0,0,0,0
2,Female,218828,No,No,Yes,No,Yes,No,No,No,No,No,No,Yes,No,No,Yes,No,0,0,0,0,0,0,0,0,0,0,0,0,0,0,0,0,0,0,0,0
38,Female,222990,No,No,Yes,Yes,Yes,No,Yes,No,No,No,No,No,No,Yes,No,No,0,0,0,0,0,0,0,0,0,0,0,0,0,0,0,0,0,0,0,0
17,Male,327470,No,No,Yes,No,No,No,Yes,No,Yes,No,No,Yes,Yes,No,No,No,0,0,0,0,0,0,0,0,0,0,0,0,0,0,0,0,0,0,0,0
74,Male,174674,No,No,Yes,No,No,No,Yes,No,No,No,No,Yes,No,Yes,No,Yes,0,0,0,0,0,0,0,0,0,1,0,0,0,0,0,0,0,0,0,0
34,Female,452919,No,No,No,Yes,No,No,Yes,No,Yes,No,Yes,Yes,Yes,Yes,No,No,0,0,0,0,0,0,0,0,0,0,1,0,0,0,0,0,0,0,0,0
25,Female,10186,No,No,Yes,No,Yes,Yes,Yes,No,No,Yes,No,No,Yes,Yes,No,No,0,0,0,0,0,0,0,0,0,0,1,1,1,1,0,0,0,0,0,0
81,Male,455976,No,No,Yes,No,No,No,No,Yes,No,No,Yes,Yes,No,Yes,No,Yes,0,0,0,0,0,0,0,0,0,0,0,0,0,0,0,0,0,0,0,0
23,Female,75997,Yes,No,No,No,No,Yes,Yes,No,Yes,Yes,Yes,No,Yes,No,No,Yes,1,1,0,0,0,0,0,1,0,0,1,1,1,0,1,0,0,1,0,1
38,Female,11314,No,No,Yes,Yes,Yes,No,No,Yes,Yes,No,No,No,Yes,Yes,No,No,0,0,0,0,0,0,0,0,1,0,1,1,0,1,0,0,0,0,0,0
58,Female,193285,No,No,Yes,Yes,No,No,Yes,No,Yes,No,No,No,No,No,No,Yes,0,0,0,0,0,0,0,0,1,0,0,0,0,0,0,0,0,0,0,0
73,Male,383442,No,No,No,No,Yes,No,No,No,No,No,Yes,No,No,Yes,No,Yes,0,0,0,0,0,0,0,1,0,0,0,0,0,0,0,0,0,0,0,0
6,Male,15566,Yes,Yes,Yes,No,Yes,No,No,Yes,Yes,No,Yes,Yes,No,No,No,No,0,0,0,1,0,0,0,1,0,0,0,0,0,0,0,1,0,0,0,0
33,Male,470681,No,No,No,No,No,No,Yes,Yes,Yes,No,No,No,No,No,No,Yes,0,0,0,0,0,0,0,0,0,0,0,0,0,0,0,0,0,0,0,0
9,Male,345166,No,No,No,No,No,No,No,No,Yes,No,No,Yes,No,No,No,Yes,0,0,0,0,0,0,0,0,0,0,0,0,0,0,0,0,0,0,0,0
25,Male,45330,Yes,No,Yes,No,No,No,Yes,No,No,No,No,Yes,Yes,No,No,Yes,0,0,0,0,0,0,0,0,0,1,0,1,0,0,1,0,0,0,0,0
72,Male,347774,No,No,Yes,No,No,No,No,No,No,No,Yes,Yes,Yes,No,No,Yes,0,0,0,0,0,0,0,1,0,0,0,0,0,0,0,0,0,0,0,0
47,Male,141531,No,No,No,No,Yes,No,No,Yes,Yes,No,Yes,Yes,No,No,No,No,0,0,0,0,0,0,0,1,0,1,0,0,0,0,0,0,0,0,0,0
40,Female,409749,No,No,No,Yes,Yes,No,Yes,No,No,No,No,No,Yes,Yes,No,No,0,0,0,0,0,0,0,0,0,0,1,0,0,0,0,0,0,0,0,0
19,Male,270278,No,No,No,No,No,No,Yes,No,Yes,No,No,Yes,Yes,No,No,Yes,0,0,0,0,0,0,0,0,0,1,0,0,0,0,0,0,0,0,0,0
33,Male,240901,No,No,Yes,No,No,No,No,Yes,Yes,No,No,Yes,Yes,No,No,Yes,0,0,0,0,0,0,0,0,1,1,0,1,0,0,0,0,0,0,0,0
80,Female,386266,No,No,No,No,No,No,Yes,Yes,No,No,Yes,No,Yes,No,No,No,0,0,0,0,0,0,0,1,0,0,1,0,0,0,0,0,0,0,0,0
64,Female,195798,No,No,Yes,Yes,No,No,Yes,Yes,Yes,No,No,Yes,No,Yes,No,No,0,0,0,0,0,0,0,0,1,1,0,0,0,0,0,0,0,0,0,0
38,Female,17157,No,No,Yes,No,No,Yes,No,Yes,No,Yes,Yes,Yes,No,No,No,No,0,1,0,0,0,0,0,1,0,1,0,0,1,0,0,0,0,1,0,0
27,Female,51482,No,No,Yes,Yes,No,No,No,No,Yes,No,No,Yes,No,Yes,No,No,0,0,0,0,0,0,0,0,1,1,0,0,0,1,0,0,0,0,0,0
85,Female,318243,No,No,Yes,No,Yes,No,No,Yes,Yes,No,No,No,Yes,No,No,No,0,0,0,0,0,0,0,0,1,0,1,0,0,0,0,0,0,0,0,0
40,Male,309071,No,No,Yes,No,No,No,Yes,No,No,No,Yes,No,Yes,No,No,Yes,0,0,0,0,0,0,0,1,0,0,0,0,0,0,0,0,0,0,0,0
57,Female,199804,No,No,No,Yes,No,No,No,Yes,No,No,Yes,No,Yes,Yes,No,No,0,1,0,0,0,0,0,1,0,0,1,1,0,0,0,0,0,0,0,0
82,Female,195793,No,No,No,Yes,No,Yes,Yes,No,Yes,No,No,No,Yes,Yes,No,Yes,0,0,0,0,0,0,0,0,0,0,1,1,0,0,0,0,0,0,0,0
36,Female,104957,No,No,Yes,No,No,Yes,Yes,Yes,No,No,No,No,Yes,No,No,No,0,0,0,0,0,0,0,0,0,0,1,1,0,0,0,0,0,0,0,0
53,Female,462681,No,No,Yes,No,Yes,No,No,Yes,No,No,No,Yes,Yes,Yes,No,No,0,0,0,0,0,0,0,0,0,0,1,0,0,0,0,0,0,0,0,0
40,Female,424797,No,No,No,No,Yes,No,No,Yes,No,No,No,Yes,No,Yes,No,No,0,0,0,0,0,0,0,0,0,0,0,0,0,0,0,0,0,0,0,0
42,Female,14582,No,No,Yes,No,Yes,Yes,Yes,Yes,Yes,No,Yes,Yes,No,Yes,No,No,0,1,0,0,0,0,1,1,1,1,0,0,0,1,0,0,1,0,0,0
67,Female,146073,No,No,Yes,No,Yes,Yes,No,No,Yes,No,Yes,Yes,Yes,No,No,Yes,0,1,0,0,0,0,0,1,1,1,1,1,0,0,0,0,1,0,0,0
48,Female,50617,No,No,Yes,Yes,Yes,Yes,No,Yes,Yes,No,Yes,Yes,Yes,Yes,No,No,0,1,0,0,0,1,1,1,1,1,1,1,0,1,0,0,1,0,0,0
68,Male,211898,No,No,Yes,No,No,No,Yes,No,No,No,Yes,No,Yes,Yes,No,No,0,0,0,0,0,0,0,1,0,0,0,1,0,0,0,0,0,0,0,0
68,Male,73226,No,No,No,No,Yes,No,No,Yes,Yes,No,Yes,No,No,No,No,No,0,0,0,0,1,0,1,1,0,0,0,0,0,0,0,0,0,0,0,0
72,Female,98223,No,No,No,No,No,No,No,No,Yes,No,No,No,No,No,No,No,0,0,0,0,0,0,0,0,0,0,0,0,0,0,0,0,0,0,0,0
48,Male,442962,No,No,No,No,No,No,Yes,No,No,No,No,No,No,Yes,No,No,0,0,0,0,0,0,0,0,0,0,0,0,0,0,0,0,0,0,0,0
31,Female,256059,No,No,Yes,No,No,Yes,No,No,Yes,Yes,No,No,Yes,No,No,No,0,0,0,0,0,0,0,0,1,0,1,0,1,0,0,0,0,0,0,0
14,Female,130528,No,No,No,No,No,No,Yes,No,No,No,Yes,Yes,No,No,Yes,Yes,0,0,0,0,0,0,0,1,0,0,0,0,0,0,0,0,0,0,0,0
66,Male,275637,No,No,No,No,No,No,Yes,No,Yes,No,Yes,No,Yes,Yes,No,Yes,0,0,0,0,0,0,0,1,0,0,0,0,0,0,0,0,0,0,0,0
67,Male,457099,No,No,No,No,Yes,No,No,Yes,Yes,No,No,Yes,No,Yes,No,No,0,0,0,0,0,0,0,0,0,0,0,0,0,0,0,0,0,0,0,0
73,Female,57424,No,No,Yes,No,No,Yes,Yes,No,No,No,No,No,Yes,Yes,No,No,0,0,0,0,0,0,0,0,0,0,1,1,0,1,0,0,0,0,0,0
71,Male,363135,No,No,No,No,Yes,No,Yes,Yes,No,No,No,Yes,No,No,No,No,0,0,0,0,0,0,0,0,0,0,0,0,0,0,0,0,0,0,0,0
75,Female,27352,No,No,Yes,Yes,No,Yes,Yes,Yes,Yes,No,Yes,Yes,Yes,Yes,No,No,0,1,0,0,1,1,0,1,1,1,1,1,0,1,0,0,1,0,0,0
46,Female,391677,No,No,Yes,No,No,Yes,No,Yes,Yes,No,Yes,Yes,No,No,No,Yes,0,0,0,0,0,0,0,1,1,0,0,0,0,0,0,0,1,0,0,0
7,Female,469791,No,No,No,No,Yes,Yes,No,No,No,No,Yes,Yes,Yes,No,Yes,Yes,0,0,0,0,0,0,0,0,0,0,0,0,0,0,0,0,0,0,0,0
39,Male,56795,No,No,No,No,Yes,No,Yes,No,Yes,No,No,No,Yes,No,No,Yes,0,0,0,0,0,0,0,0,0,0,0,1,0,0,0,0,0,0,0,0
75,Male,139057,No,No,No,No,No,No,No,No,Yes,No,Yes,Yes,Yes,Yes,No,Yes,0,0,0,0,0,0,0,1,0,1,0,1,0,0,0,0,0,0,0,0
42,Female,51169,No,No,No,Yes,Yes,No,Yes,No,Yes,Yes,No,No,Yes,No,No,No,0,0,0,0,0,0,0,0,0,0,1,1,1,0,0,0,0,0,0,0
40,Female,483856,No,No,Yes,No,No,No,Yes,Yes,Yes,Yes,No,Yes,No,No,No,No,0,0,0,0,0,0,0,0,1,0,0,0,1,0,0,0,0,0,0,0
15,Male,460055,No,No,No,No,Yes,No,No,Yes,Yes,No,No,Yes,Yes,No,No,No,0,0,0,0,0,0,0,0,0,0,0,0,0,0,0,0,0,0,0,0
37,Female,177048,No,No,Yes,No,No,No,No,Yes,No,No,Yes,No,Yes,Yes,No,Yes,0,1,0,0,0,0,0,1,0,0,1,1,0,0,0,0,0,0,0,0
78,Male,324709,No,No,Yes,No,No,No,No,Yes,Yes,No,No,No,Yes,Yes,No,No,0,0,0,0,0,0,0,0,1,0,0,0,0,0,0,0,0,0,0,0
33,Female,204438,No,No,Yes,Yes,No,No,No,No,Yes,Yes,No,No,No,No,No,Yes,0,0,0,0,0,0,0,0,1,0,0,0,1,0,0,0,0,0,0,0
7,Female,253220,No,No,No,No,Yes,No,No,No,No,No,No,No,No,Yes,Yes,No,0,0,0,0,0,0,0,0,0,0,0,0,0,0,0,0,0,0,0,0
65,Female,207505,No,No,Yes,Yes,No,No,Yes,Yes,Yes,No,Yes,No,Yes,Yes,No,No,0,1,0,0,0,0,0,1,1,0,1,1,0,0,0,0,1,0,0,0
17,Female,233241,No,No,No,No,Yes,No,Yes,No,Yes,Yes,Yes,Yes,No,No,Yes,No,0,0,0,0,0,0,0,1,0,0,0,0,0,0,0,0,0,0,0,0
47,Male,40197,No,No,Yes,No,No,No,No,Yes,Yes,No,Yes,No,Yes,No,No,Yes,0,0,0,0,0,0,0,1,1,0,0,1,0,0,0,0,1,0,0,0
10,Male,378848,Yes,Yes,No,No,Yes,No,No,No,Yes,No,Yes,No,No,Yes,No,No,0,0,0,1,0,0,0,1,0,0,0,0,0,0,0,0,0,0,0,0
62,Female,85031,No,No,No,No,Yes,No,Yes,Yes,No,No,No,Yes,Yes,Yes,No,No,0,0,0,0,0,0,0,0,0,1,1,1,0,0,0,0,0,0,0,0
29,Male,49321,No,No,No,No,No,No,Yes,No,No,No,Yes,No,No,No,No,No,0,0,0,0,0,0,0,1,0,0,0,0,0,0,0,0,0,0,0,0
40,Female,266915,No,No,Yes,Yes,No,Yes,Yes,No,Yes,No,No,No,No,No,No,Yes,0,0,0,0,0,0,0,0,1,0,0,0,0,0,0,0,0,0,0,0
29,Male,145666,No,No,No,No,No,No,Yes,No,No,No,Yes,No,Yes,No,No,Yes,0,0,0,0,0,0,0,1,0,0,0,1,0,0,0,0,0,0,0,1
34,Male,121705,No,No,Yes,No,Yes,No,Yes,Yes,Yes,No,Yes,No,Yes,Yes,No,Yes,0,0,0,0,0,0,0,1,1,0,0,1,0,0,0,0,1,0,0,0
33,Male,189435,No,No,Yes,No,No,No,Yes,Yes,No,No,No,Yes,Yes,No,No,No,0,0,0,0,0,0,0,0,0,1,0,1,0,0,0,0,0,0,0,0
69,Female,42771,No,No,Yes,No,No,Yes,No,Yes,No,No,No,No,No,No,No,Yes,0,0,0,0,0,0,0,0,0,0,0,0,0,0,0,0,0,0,0,0
47,Female,309889,No,No,No,Yes,No,Yes,No,Yes,No,No,Yes,Yes,Yes,No,No,Yes,0,0,0,0,0,0,0,1,0,0,1,0,0,0,0,0,0,0,0,0
11,Female,318557,Yes,No,Yes,No,Yes,Yes,Yes,Yes,No,No,Yes,Yes,No,No,Yes,No,0,0,0,0,0,0,0,1,0,0,0,0,0,0,1,1,0,0,0,0
23,Male,218582,No,No,Yes,No,No,No,Yes,No,No,No,No,Yes,Yes,No,No,No,0,0,0,0,0,0,0,0,0,1,0,1,0,0,0,0,0,0,0,0
76,Female,160160,No,No,No,No,No,Yes,Yes,No,No,No,No,Yes,No,No,No,Yes,0,0,0,0,0,0,0,0,0,1,0,0,0,0,0,0,0,0,0,0
75,Female,331092,No,No,Yes,No,Yes,Yes,Yes,No,No,No,Yes,Yes,No,Yes,No,No,0,0,0,0,0,0,0,1,0,0,0,0,0,0,0,0,0,0,0,0
42,Female,319984,No,No,Yes,No,No,Yes,No,No,No,No,Yes,Yes,No,No,No,No,0,0,0,0,0,0,0,1,0,0,0,0,0,0,0,0,0,0,0,0
31,Female,132097,No,No,Yes,No,Yes,No,No,No,Yes,No,Yes,No,No,No,No,No,0,1,0,0,0,0,0,1,1,0,0,0,0,0,0,0,1,0,0,0
12,Male,193234,No,No,Yes,No,No,No,No,No,No,No,No,No,No,Yes,No,Yes,0,0,0,0,0,0,0,0,0,0,0,0,0,0,0,0,0,0,0,0
57,Female,36107,No,No,Yes,Yes,Yes,No,No,Yes,Yes,No,No,No,Yes,Yes,No,Yes,0,0,0,0,0,0,0,0,1,0,1,1,0,1,0,0,0,0,0,0
69,Male,64816,No,No,No,No,Yes,No,No,Yes,Yes,No,Yes,Yes,Yes,Yes,No,Yes,0,0,0,0,1,0,1,1,0,1,0,1,0,1,0,0,0,0,0,0
30,Male,406252,No,No,Yes,No,Yes,No,Yes,No,Yes,No,Yes,Yes,No,Yes,No,Yes,0,0,0,0,0,0,0,0,1,0,0,0,0,0,0,0,1,0,0,1
37,Male,218007,No,No,Yes,No,No,No,No,No,Yes,No,Yes,No,No,Yes,No,No,0,0,0,0,0,0,0,1,1,0,0,0,0,0,0,0,1,0,0,0
52,Male,138248,No,No,No,No,Yes,No,No,Yes,No,No,Yes,Yes,Yes,No,No,Yes,0,0,0,0,0,0,0,1,0,1,0,1,0,0,0,0,0,0,0,0
53,Female,285743,No,No,No,Yes,No,Yes,Yes,Yes,No,No,Yes,No,No,Yes,No,Yes,0,0,0,0,0,0,0,1,0,0,0,0,0,0,0,0,0,0,0,0
62,Female,303497,No,No,No,No,Yes,No,No,Yes,Yes,No,No,No,No,Yes,No,Yes,0,0,0,0,0,0,0,0,0,0,0,0,0,0,0,0,0,0,0,0
17,Female,496567,Yes,No,Yes,No,Yes,Yes,No,Yes,Yes,Yes,No,No,Yes,Yes,Yes,No,0,0,0,0,0,0,0,0,0,0,0,0,0,0,0,1,0,0,0,0
44,Female,292169,No,No,Yes,Yes,No,No,Yes,No,No,Yes,Yes,No,No,No,No,Yes,0,0,0,0,0,0,0,1,0,0,0,0,1,0,0,0,0,1,0,0
78,Female,333644,No,No,Yes,No,No,Yes,No,No,Yes,No,Yes,No,Yes,No,No,No,0,0,0,0,0,0,0,1,1,0,1,0,0,0,0,0,1,0,0,0
57,Female,33746,No,No,No,Yes,No,Yes,Yes,No,Yes,No,No,Yes,No,Yes,No,No,0,0,0,0,0,0,0,0,0,1,0,0,0,1,0,0,0,0,0,0
2,Male,440174,Yes,Yes,Yes,No,Yes,No,No,No,Yes,No,No,Yes,No,Yes,No,Yes,0,0,0,0,0,0,0,0,0,0,0,0,0,0,0,0,0,0,0,0
18,Female,100743,Yes,Yes,Yes,No,Yes,Yes,No,No,No,No,Yes,No,Yes,No,No,No,1,0,0,0,0,0,0,1,0,0,1,1,0,0,0,0,0,0,0,0
4,Female,56921,Yes,Yes,Yes,No,No,Yes,No,No,No,No,No,No,Yes,No,Yes,Yes,0,0,0,0,0,0,0,0,0,0,0,1,0,0,0,0,0,0,0,0
17,Female,347506,No,No,Yes,No,No,Yes,Yes,Yes,Yes,Yes,No,No,Yes,No,Yes,Yes,0,0,0,0,0,0,0,0,0,0,0,0,0,0,0,0,0,0,0,0
73,Female,69548,No,No,Yes,No,No,Yes,No,No,No,No,Yes,No,Yes,No,No,Yes,0,1,0,0,1,0,0,1,0,0,1,1,0,0,0,0,0,0,0,0
50,Female,99783,No,No,Yes,No,No,No,No,No,No,No,No,Yes,Yes,Yes,No,Yes,0,0,0,0,0,0,0,0,0,1,1,1,0,0,0,0,0,0,0,0
20,Female,158830,Yes,Yes,Yes,No,Yes,No,No,Yes,Yes,No,Yes,Yes,Yes,No,No,No,1,0,0,0,0,0,0,1,1,1,1,1,0,0,0,1,1,0,0,0
10,Male,205426,Yes,No,Yes,No,No,No,Yes,Yes,Yes,No,No,Yes,Yes,No,No,No,0,0,0,0,0,0,0,0,0,0,0,1,0,0,1,1,0,0,0,0
64,Female,409008,No,No,No,Yes,Yes,Yes,No,Yes,No,No,Yes,Yes,Yes,No,No,No,0,0,0,0,0,0,0,0,0,0,1,0,0,0,0,0,0,0,0,0
9,Male,433266,Yes,Yes,No,No,Yes,No,No,No,Yes,No,No,Yes,Yes,Yes,No,Yes,0,0,0,0,0,0,0,0,0,0,0,0,0,0,0,0,0,0,0,0
47,Male,80028,No,No,Yes,No,Yes,No,Yes,Yes,No,No,No,Yes,No,No,No,Yes,0,0,0,0,0,0,0,0,0,1,0,0,0,0,0,0,0,0,0,0
68,Male,419625,No,No,No,No,Yes,No,No,No,Yes,No,Yes,No,Yes,No,No,Yes,0,0,0,0,0,0,0,0,0,0,0,0,0,0,0,0,0,0,0,0
55,Female,260143,No,No,Yes,No,No,No,Yes,Yes,No,No,No,Yes,Yes,Yes,No,No,0,0,0,0,0,0,0,0,0,1,1,0,0,0,0,0,0,0,0,0
54,Female,60557,No,No,Yes,Yes,No,Yes,No,No,No,No,No,No,No,Yes,No,No,0,0,0,0,0,0,0,0,0,0,0,0,0,1,0,0,0,0,0,0
76,Female,462138,No,No,Yes,No,Yes,Yes,No,No,Yes,No,Yes,Yes,No,Yes,No,No,0,0,0,0,0,0,0,0,1,0,0,0,0,0,0,0,1,0,0,0
31,Female,373149,No,No,No,No,No,No,Yes,No,Yes,Yes,Yes,Yes,Yes,No,No,Yes,0,0,0,0,0,0,0,1,0,0,1,0,1,0,0,0,0,1,0,0
60,Male,482021,No,No,No,No,Yes,No,Yes,Yes,No,No,No,No,No,Yes,No,Yes,0,0,0,0,0,0,0,0,0,0,0,0,0,0,0,0,0,0,0,0
43,Female,426752,No,No,No,No,No,No,Yes,Yes,No,Yes,Yes,No,No,No,No,Yes,0,0,0,0,0,0,0,0,0,0,0,0,1,0,0,0,0,1,0,0
53,Female,166128,No,No,Yes,No,Yes,Yes,Yes,No,Yes,No,Yes,No,Yes,Yes,No,Yes,0,1,0,0,0,0,0,1,1,0,1,1,0,0,0,0,1,0,0,0
29,Female,96077,No,No,No,Yes,No,No,No,No,Yes,No,No,No,Yes,No,No,No,0,0,0,0,0,0,0,0,0,0,1,1,0,0,0,0,0,0,0,0
69,Female,357997,No,No,No,No,Yes,No,No,No,Yes,No,No,No,Yes,Yes,No,No,0,0,0,0,0,0,0,0,0,0,1,0,0,0,0,0,0,0,0,0
2,Male,293375,Yes,Yes,Yes,No,Yes,No,Yes,No,Yes,No,Yes,No,Yes,No,No,No,0,0,0,0,0,0,0,1,0,0,0,0,0,0,0,0,0,0,0,0
17,Female,407145,Yes,No,Yes,No,Yes,Yes,No,Yes,No,No,Yes,No,Yes,Yes,Yes,Yes,0,0,0,0,0,0,0,0,0,0,0,0,0,0,0,1,0,0,0,1
67,Female,212120,No,No,Yes,No,No,Yes,No,No,Yes,No,No,Yes,No,Yes,No,No,0,0,0,0,0,0,0,0,1,1,0,0,0,0,0,0,0,0,0,0
35,Male,466830,No,No,No,No,Yes,No,Yes,No,No,No,Yes,Yes,Yes,Yes,No,Yes,0,0,0,0,0,0,0,0,0,0,0,0,0,0,0,0,0,0,0,0
70,Female,96653,No,No,Yes,Yes,Yes,Yes,Yes,No,No,No,Yes,No,Yes,Yes,No,No,0,1,0,0,0,0,0,1,0,0,1,1,0,0,0,0,0,0,0,0
68,Male,459745,No,No,Yes,No,Yes,No,No,Yes,No,No,No,No,Yes,Yes,No,Yes,0,0,0,0,0,0,0,0,0,0,0,0,0,0,0,0,0,0,0,0
82,Male,414479,No,No,No,No,No,No,Yes,Yes,Yes,No,No,Yes,No,Yes,No,No,0,0,0,0,0,0,0,0,0,0,0,0,0,0,0,0,0,0,0,0
24,Female,437478,Yes,Yes,No,No,Yes,No,No,Yes,Yes,No,No,No,Yes,No,No,No,0,0,0,0,0,0,0,0,0,0,1,0,0,0,0,1,0,0,0,0
3,Male,396347,No,No,No,No,Yes,No,No,No,No,No,Yes,No,No,Yes,No,No,0,0,0,0,0,0,0,1,0,0,0,0,0,0,0,0,0,0,0,0
77,Male,12918,No,No,No,No,Yes,No,No,No,Yes,No,Yes,No,No,No,No,Yes,0,0,0,0,1,0,1,1,0,0,0,0,0,0,0,0,0,0,0,0
33,Male,96711,No,No,No,No,No,No,Yes,Yes,No,No,Yes,Yes,Yes,No,No,No,0,0,0,0,0,0,0,1,0,1,0,1,0,0,0,0,0,0,0,0
54,Female,91483,No,No,Yes,Yes,Yes,Yes,No,No,No,No,Yes,No,Yes,Yes,No,Yes,0,1,0,0,0,0,0,1,0,0,1,1,0,0,0,0,0,0,0,0
61,Female,385411,No,No,Yes,Yes,No,Yes,Yes,Yes,Yes,No,Yes,No,Yes,No,No,No,0,0,0,0,0,0,0,1,1,0,1,0,0,0,0,0,1,0,0,0
61,Male,125818,No,No,Yes,No,No,No,Yes,Yes,No,No,No,No,No,Yes,No,No,0,0,0,0,0,0,0,0,0,0,0,0,0,0,0,0,0,0,0,0
48,Female,452884,No,No,Yes,No,No,No,Yes,Yes,No,No,Yes,No,No,Yes,No,Yes,0,0,0,0,0,0,0,0,0,0,0,0,0,0,0,0,0,0,0,0
21,Female,472826,Yes,No,No,No,No,No,No,No,Yes,Yes,No,Yes,Yes,Yes,No,Yes,0,0,0,0,0,0,0,0,0,0,1,0,1,0,0,0,0,0,0,0
70,Female,402481,No,No,No,No,No,No,Yes,No,Yes,No,No,No,Yes,Yes,No,No,0,0,0,0,0,0,0,0,0,0,1,0,0,0,0,0,0,0,0,0
43,Male,409289,No,No,No,No,No,No,Yes,No,Yes,No,No,No,Yes,Yes,No,Yes,0,0,0,0,0,0,0,0,0,0,0,0,0,0,0,0,0,0,0,0
85,Male,114186,No,No,No,No,Yes,No,Yes,No,Yes,No,Yes,No,Yes,Yes,No,No,0,0,0,0,0,0,0,1,0,0,0,1,0,0,0,0,0,0,0,0
68,Female,194459,No,No,Yes,No,No,Yes,No,No,No,No,No,Yes,Yes,No,No,No,0,0,0,0,0,0,0,0,0,1,1,1,0,0,0,0,0,0,0,0
83,Female,118845,No,No,Yes,Yes,Yes,No,No,Yes,Yes,No,Yes,Yes,No,Yes,No,No,0,1,0,0,0,0,0,1,1,1,0,0,0,0,0,0,1,0,0,0
38,Male,333360,No,No,Yes,No,No,No,No,Yes,Yes,No,Yes,Yes,No,Yes,No,No,0,0,0,0,0,0,0,1,1,0,0,0,0,0,0,0,1,0,0,0
26,Female,298688,No,No,No,Yes,No,No,No,Yes,Yes,No,No,Yes,Yes,Yes,No,No,0,0,0,0,0,0,0,0,0,1,1,0,0,0,0,0,0,0,0,0
80,Female,312714,No,No,Yes,No,No,No,No,No,Yes,No,No,No,Yes,No,No,Yes,0,0,0,0,0,0,0,0,1,0,1,0,0,0,0,0,0,0,0,0
32,Female,492389,No,No,No,Yes,Yes,No,No,Yes,Yes,No,Yes,No,Yes,No,No,No,0,0,0,0,0,0,0,0,0,0,1,0,0,0,0,0,0,0,0,0
21,Female,191721,Yes,No,Yes,No,No,No,Yes,No,No,Yes,Yes,Yes,No,Yes,No,Yes,1,1,0,0,0,0,0,1,0,1,0,0,1,0,1,0,0,1,0,1
7,Female,13611,Yes,No,No,No,Yes,Yes,No,No,Yes,No,No,Yes,Yes,Yes,Yes,Yes,0,0,0,0,0,0,0,0,0,0,0,1,0,0,0,0,0,0,0,0
77,Male,244652,No,No,Yes,No,Yes,No,No,Yes,No,No,Yes,Yes,Yes,Yes,No,No,0,0,0,0,0,0,0,1,0,1,0,1,0,0,0,0,0,0,0,0
65,Female,222331,No,No,Yes,Yes,No,No,No,Yes,Yes,No,Yes,No,Yes,No,No,No,0,1,0,0,0,0,0,1,1,0,1,1,0,0,0,0,1,0,0,0
70,Male,189284,No,No,No,No,No,No,Yes,No,Yes,No,No,No,Yes,Yes,No,Yes,0,0,0,0,0,0,0,0,0,0,0,1,0,0,0,0,0,0,0,0
52,Female,472571,No,No,No,Yes,No,No,Yes,Yes,No,No,No,No,Yes,No,No,No,0,0,0,0,0,0,0,0,0,0,1,0,0,0,0,0,0,0,0,0
30,Female,411629,No,No,Yes,No,No,Yes,Yes,No,No,Yes,No,Yes,No,Yes,No,No,0,0,0,0,0,0,0,0,0,0,0,0,1,0,0,0,0,0,0,0
13,Male,137587,No,No,Yes,No,Yes,No,No,No,Yes,No,Yes,No,Yes,Yes,No,Yes,0,0,0,0,0,0,0,1,0,0,0,1,0,0,0,0,0,0,0,0
61,Male,300286,No,No,Yes,No,Yes,No,Yes,No,Yes,No,No,No,No,Yes,No,No,0,0,0,0,0,0,0,0,1,0,0,0,0,0,0,0,0,0,0,0
30,Female,207862,No,No,No,Yes,No,No,No,No,Yes,Yes,Yes,No,Yes,Yes,No,No,0,1,0,0,0,0,0,1,0,0,1,1,1,0,0,0,0,1,0,0
24,Male,56036,No,No,Yes,No,Yes,No,Yes,No,No,No,No,Yes,Yes,No,No,No,0,0,0,0,0,0,0,0,0,1,0,1,0,0,0,0,0,0,0,0
51,Male,158943,No,No,No,No,No,No,Yes,No,No,No,No,Yes,No,No,No,No,0,0,0,0,0,0,0,0,0,1,0,0,0,0,0,0,0,0,0,0
61,Male,185122,No,No,Yes,No,Yes,No,Yes,Yes,No,No,Yes,No,No,Yes,No,Yes,0,0,0,0,0,0,0,1,0,0,0,0,0,0,0,0,0,0,0,0
25,Female,402867,No,No,Yes,No,Yes,Yes,Yes,Yes,Yes,No,Yes,No,No,Yes,No,No,0,0,0,0,0,0,0,0,1,0,0,0,0,0,0,0,1,0,0,0
68,Male,119878,No,No,No,No,Yes,No,Yes,No,No,No,No,No,Yes,No,No,No,0,0,0,0,0,0,0,0,0,0,0,1,0,0,0,0,0,0,0,0
15,Male,60063,No,No,No,No,Yes,No,No,Yes,Yes,No,Yes,No,No,No,No,Yes,0,0,0,0,0,0,0,1,0,0,0,0,0,0,0,0,0,0,0,0
19,Female,63341,Yes,Yes,Yes,No,Yes,Yes,Yes,No,Yes,No,Yes,Yes,Yes,Yes,No,No,1,0,0,0,0,0,1,1,1,1,1,1,0,1,1,0,1,0,0,0
44,Female,382276,No,No,Yes,Yes,No,No,Yes,No,Yes,No,Yes,No,No,No,No,No,0,0,0,0,0,0,0,1,1,0,0,0,0,0,0,0,1,0,0,0
41,Male,170702,No,No,No,No,Yes,No,No,Yes,No,No,No,No,No,Yes,No,No,0,0,0,0,0,0,0,0,0,0,0,0,0,0,0,0,0,0,0,0
32,Female,105024,No,No,Yes,No,No,No,No,Yes,Yes,No,No,No,Yes,No,No,No,0,0,0,0,0,0,0,0,1,0,1,1,0,0,0,0,0,0,0,0
61,Female,373441,No,No,Yes,No,Yes,Yes,Yes,No,Yes,No,Yes,Yes,Yes,No,No,Yes,0,0,0,0,0,0,0,1,1,0,1,0,0,0,0,0,1,0,0,0
33,Male,321538,No,No,No,No,Yes,No,No,No,Yes,No,Yes,No,No,No,No,No,0,0,0,0,0,0,0,1,0,0,0,0,0,0,0,0,0,0,0,0
20,Female,487702,Yes,Yes,No,No,No,No,Yes,No,No,No,No,No,Yes,No,No,Yes,0,0,0,0,0,0,0,0,0,0,1,0,0,0,1,0,0,0,0,0
47,Male,181401,No,No,Yes,No,Yes,No,Yes,No,No,No,Yes,No,No,Yes,No,No,0,0,0,0,0,0,0,1,0,0,0,0,0,0,0,0,0,0,0,0
44,Male,271976,No,No,Yes,No,Yes,No,Yes,No,Yes,No,Yes,Yes,Yes,No,No,Yes,0,0,0,0,0,0,0,1,1,1,0,0,0,0,0,0,1,0,0,0
16,Male,98289,Yes,Yes,No,No,No,No,Yes,Yes,Yes,No,No,No,Yes,No,No,Yes,0,0,0,0,0,0,0,0,0,0,0,1,0,0,1,1,0,0,0,0
8,Male,273954,Yes,Yes,No,No,No,No,No,No,Yes,No,No,No,No,Yes,No,No,0,0,0,0,0,0,0,0,0,0,0,0,0,0,0,0,0,0,0,0
74,Male,486998,No,No,No,No,Yes,No,No,Yes,Yes,No,No,No,Yes,No,No,No,0,0,0,0,0,0,0,0,0,0,0,0,0,0,0,0,0,0,0,0
44,Female,445273,No,No,No,No,Yes,No,No,Yes,Yes,No,Yes,Yes,Yes,No,No,Yes,0,0,0,0,0,0,0,0,0,0,1,0,0,0,0,0,0,0,0,0
70,Female,429249,No,No,Yes,Yes,No,Yes,Yes,Yes,No,No,Yes,No,No,Yes,No,Yes,0,0,0,0,0,0,0,0,0,0,0,0,0,0,0,0,0,0,0,0
28,Male,489577,No,No,Yes,No,No,No,No,No,Yes,No,No,Yes,No,No,No,No,0,0,0,0,0,0,0,0,1,0,0,0,0,0,0,0,0,0,0,0
26,Male,212085,No,No,No,No,Yes,No,Yes,Yes,No,No,Yes,Yes,Yes,No,No,No,0,0,0,0,0,0,0,1,0,1,0,1,0,0,0,0,0,0,0,0
82,Female,60169,No,No,Yes,Yes,Yes,No,Yes,No,Yes,No,Yes,Yes,No,Yes,No,No,0,1,0,0,1,1,1,1,1,1,0,0,0,1,0,0,1,0,0,0
28,Female,164949,No,No,Yes,Yes,Yes,Yes,Yes,No,Yes,No,Yes,Yes,No,Yes,No,Yes,0,1,0,0,0,0,0,1,1,1,0,0,0,0,0,0,1,0,0,1
39,Female,351543,No,No,Yes,No,No,Yes,No,Yes,Yes,No,No,Yes,No,No,No,Yes,0,0,0,0,0,0,0,0,1,0,0,0,0,0,0,0,0,0,0,0
70,Female,239641,No,No,No,No,Yes,Yes,No,Yes,Yes,No,Yes,Yes,Yes,Yes,No,No,0,1,0,0,0,0,0,1,0,1,1,1,0,0,0,0,0,0,0,0
68,Male,64876,No,No,No,No,No,No,Yes,No,No,No,No,Yes,Yes,No,No,Yes,0,0,0,0,0,0,0,0,0,1,0,1,0,0,0,0,0,0,0,0
62,Male,146152,No,No,No,No,No,No,No,No,No,No,No,Yes,No,No,No,Yes,0,0,0,0,0,0,0,0,0,1,0,0,0,0,0,0,0,0,0,0
13,Male,136643,Yes,Yes,Yes,No,Yes,No,Yes,Yes,Yes,No,No,No,No,No,No,Yes,0,0,0,0,0,0,0,0,0,0,0,0,0,0,1,1,0,0,0,0
58,Female,36173,No,No,No,No,Yes,Yes,Yes,No,Yes,No,No,No,No,Yes,No,No,0,0,0,0,0,0,0,0,0,0,0,0,0,1,0,0,0,0,0,0
52,Male,489048,No,No,No,No,Yes,No,Yes,No,No,No,Yes,No,Yes,Yes,No,Yes,0,0,0,0,0,0,0,0,0,0,0,0,0,0,0,0,0,0,0,0
15,Male,252975,No,No,Yes,No,No,No,Yes,No,Yes,No,No,No,Yes,No,No,Yes,0,0,0,0,0,0,0,0,0,0,0,0,0,0,0,0,0,0,0,0
82,Male,471658,No,No,Yes,No,Yes,No,Yes,Yes,No,No,Yes,Yes,Yes,Yes,No,Yes,0,0,0,0,0,0,0,0,0,0,0,0,0,0,0,0,0,0,0,0
41,Male,102785,No,No,No,No,Yes,No,Yes,Yes,No,No,No,No,Yes,No,No,Yes,0,0,0,0,0,0,0,0,0,0,0,1,0,0,0,0,0,0,0,0
24,Female,182175,No,No,Yes,Yes,No,Yes,Yes,No,No,No,Yes,No,Yes,Yes,No,Yes,0,1,0,0,0,0,0,1,0,0,1,1,0,0,0,0,0,0,0,1
29,Male,442656,No,No,Yes,No,Yes,No,No,Yes,No,No,No,No,Yes,No,No,No,0,0,0,0,0,0,0,0,0,0,0,0,0,0,0,0,0,0,0,0
78,Female,355871,No,No,Yes,Yes,Yes,No,Yes,Yes,Yes,No,No,Yes,Yes,No,No,Yes,0,0,0,0,0,0,0,0,1,0,1,0,0,0,0,0,0,0,0,0
50,Female,264730,No,No,No,Yes,Yes,Yes,No,No,Yes,No,No,Yes,No,Yes,No,Yes,0,0,0,0,0,0,0,0,0,1,0,0,0,0,0,0,0,0,0,0
78,Female,289676,No,No,Yes,Yes,Yes,Yes,No,No,Yes,No,Yes,No,No,No,No,No,0,0,0,0,0,0,0,1,1,0,0,0,0,0,0,0,1,0,0,0
26,Male,257321,No,No,No,No,No,No,Yes,Yes,Yes,No,Yes,Yes,Yes,Yes,No,Yes,0,0,0,0,0,0,0,1,0,1,0,0,0,0,0,0,0,0,0,1
34,Male,108835,No,No,Yes,No,Yes,No,Yes,Yes,Yes,No,No,No,No,No,No,No,0,0,0,0,0,0,0,0,1,0,0,0,0,0,0,0,0,0,0,0
58,Female,442975,No,No,No,Yes,Yes,Yes,No,Yes,No,No,Yes,Yes,No,No,No,Yes,0,0,0,0,0,0,0,0,0,0,0,0,0,0,0,0,0,0,0,0
83,Female,260390,No,No,Yes,Yes,Yes,No,No,No,Yes,No,Yes,Yes,No,Yes,No,Yes,0,0,0,0,0,0,0,1,1,1,0,0,0,0,0,0,1,0,0,0
69,Male,402881,No,No,Yes,No,No,No,No,No,No,No,Yes,No,Yes,Yes,No,Yes,0,0,0,0,0,0,0,0,0,0,0,0,0,0,0,0,0,0,0,0
72,Male,278108,No,No,Yes,No,Yes,No,Yes,Yes,Yes,No,No,Yes,Yes,No,No,Yes,0,0,0,0,0,0,0,0,1,1,0,0,0,0,0,0,0,0,0,0
8,Male,119002,Yes,No,Yes,No,Yes,No,Yes,No,Yes,No,No,Yes,No,Yes,No,No,0,0,0,0,0,0,0,0,0,0,0,0,0,0,1,0,0,0,0,0
4,Male,83900,No,No,Yes,No,Yes,No,Yes,No,Yes,No,Yes,Yes,No,No,No,Yes,0,0,0,0,0,0,0,1,0,0,0,0,0,0,0,0,0,0,0,0
72,Female,63133,No,No,No,No,No,Yes,No,No,Yes,No,No,No,Yes,No,No,Yes,0,0,0,0,0,0,0,0,0,0,1,1,0,0,0,0,0,0,0,0
41,Male,333713,No,No,No,No,Yes,No,No,No,Yes,No,Yes,No,No,No,No,No,0,0,0,0,0,0,0,1,0,0,0,0,0,0,0,0,0,0,0,0
8,Male,96617,Yes,Yes,Yes,No,No,No,No,No,No,No,No,No,No,Yes,No,No,0,0,0,0,0,0,0,0,0,0,0,0,0,0,0,0,0,0,0,0
15,Male,349216,No,No,Yes,No,Yes,No,Yes,No,Yes,No,Yes,No,No,Yes,No,No,0,0,0,0,0,0,0,1,0,0,0,0,0,0,0,0,0,0,0,0
13,Male,239241,Yes,Yes,No,No,Yes,No,No,No,No,No,No,No,No,No,No,Yes,0,0,0,0,0,0,0,0,0,0,0,0,0,0,0,0,0,0,0,0
26,Female,192503,No,No,No,Yes,No,Yes,No,Yes,Yes,Yes,Yes,Yes,Yes,No,No,No,0,1,0,0,0,0,0,1,0,1,1,1,1,0,0,0,0,1,0,0
65,Female,423642,No,No,No,No,Yes,No,Yes,Yes,Yes,No,Yes,Yes,Yes,Yes,No,Yes,0,0,0,0,0,0,0,0,0,0,1,0,0,0,0,0,0,0,0,0
50,Male,235918,No,No,Yes,No,No,No,No,No,Yes,No,No,No,Yes,No,No,No,0,0,0,0,0,0,0,0,1,0,0,1,0,0,0,0,0,0,0,0
84,Female,453425,No,No,No,Yes,No,No,Yes,Yes,No,No,Yes,No,No,No,No,No,0,0,0,0,0,0,0,0,0,0,0,0,0,0,0,0,0,0,0,0
14,Male,363351,Yes,Yes,Yes,No,Yes,No,Yes,Yes,No,No,Yes,No,No,No,No,No,0,0,0,1,0,0,0,1,0,0,0,0,0,0,1,1,0,0,0,0
52,Female,193241,No,No,Yes,No,Yes,No,No,Yes,Yes,No,Yes,No,Yes,Yes,No,Yes,0,1,0,0,0,0,0,1,1,0,1,1,0,0,0,0,1,0,0,0
32,Male,73889,No,No,No,No,Yes,No,Yes,No,Yes,No,Yes,Yes,No,No,No,No,0,0,0,0,0,0,1,1,0,1,0,0,0,0,0,0,0,0,0,0
24,Female,213371,No,No,Yes,No,No,No,No,No,No,No,No,Yes,No,No,No,Yes,0,0,0,0,0,0,0,0,0,1,0,0,0,0,0,0,0,0,0,0
21,Male,158665,No,No,No,No,No,No,Yes,No,No,No,No,Yes,Yes,Yes,No,Yes,0,0,0,0,0,0,0,0,0,1,0,1,0,0,0,0,0,0,0,0
33,Female,97310,No,No,No,Yes,Yes,Yes,Yes,Yes,Yes,No,Yes,No,No,No,No,No,0,1,0,0,0,0,0,1,0,0,0,0,0,0,0,0,0,0,0,0
69,Male,300385,No,No,No,No,Yes,No,Yes,Yes,Yes,No,Yes,Yes,Yes,No,No,No,0,0,0,0,0,0,0,1,0,0,0,0,0,0,0,0,0,0,0,0
40,Female,150973,No,No,No,Yes,No,No,Yes,No,Yes,No,Yes,No,Yes,No,No,No,0,1,0,0,0,0,0,1,0,0,1,1,0,0,0,0,0,0,0,0
32,Male,199276,No,No,Yes,No,Yes,No,Yes,Yes,Yes,No,Yes,No,Yes,No,No,Yes,0,0,0,0,0,0,0,1,1,0,0,1,0,0,0,0,1,0,0,0
38,Female,100604,No,No,Yes,Yes,Yes,Yes,Yes,Yes,Yes,Yes,No,No,No,No,No,No,0,0,0,0,0,0,0,0,1,0,0,0,1,0,0,0,0,0,0,0
39,Female,19034,No,No,Yes,Yes,Yes,Yes,Yes,No,No,No,Yes,No,Yes,No,No,No,0,1,0,0,0,1,1,1,0,0,1,1,0,0,0,0,0,0,0,0
34,Female,166430,No,No,No,Yes,No,Yes,Yes,Yes,Yes,Yes,Yes,Yes,No,No,No,Yes,0,1,0,0,0,0,0,1,0,1,0,0,1,0,0,0,0,1,0,0
79,Male,472046,No,No,No,No,No,No,No,No,Yes,No,Yes,No,No,No,No,Yes,0,0,0,0,0,0,0,0,0,0,0,0,0,0,0,0,0,0,0,0
27,Male,390776,No,No,Yes,No,Yes,No,No,Yes,No,No,Yes,No,No,Yes,No,Yes,0,0,0,0,0,0,0,1,0,0,0,0,0,0,0,0,0,0,0,1
40,Female,214575,No,No,No,Yes,Yes,Yes,Yes,Yes,No,No,No,Yes,No,No,No,No,0,0,0,0,0,0,0,0,0,1,0,0,0,0,0,0,0,0,0,0
66,Male,63497,No,No,Yes,No,No,No,Yes,No,No,No,Yes,No,No,Yes,No,Yes,0,0,0,0,1,0,0,1,0,0,0,0,0,1,0,0,0,0,0,0
55,Female,40267,No,No,No,No,No,Yes,No,Yes,No,No,No,No,No,No,No,No,0,0,0,0,0,0,0,0,0,0,0,0,0,0,0,0,0,0,0,0
40,Female,434373,No,No,Yes,Yes,Yes,Yes,Yes,No,No,Yes,Yes,Yes,No,Yes,No,Yes,0,0,0,0,0,0,0,0,0,0,0,0,1,0,0,0,0,1,0,0
36,Female,255460,No,No,No,Yes,Yes,Yes,No,No,Yes,No,Yes,Yes,No,Yes,No,No,0,0,0,0,0,0,0,1,0,1,0,0,0,0,0,0,0,0,0,0
11,Male,166175,Yes,Yes,Yes,No,No,No,No,Yes,Yes,No,Yes,No,No,No,No,Yes,0,0,0,1,0,0,0,1,0,0,0,0,0,0,0,1,0,0,0,0
43,Female,297763,No,No,No,Yes,Yes,Yes,No,Yes,No,No,No,No,No,No,No,No,0,0,0,0,0,0,0,0,0,0,0,0,0,0,0,0,0,0,0,0
64,Male,462427,No,No,No,No,Yes,No,No,No,No,No,No,No,Yes,Yes,No,Yes,0,0,0,0,0,0,0,0,0,0,0,0,0,0,0,0,0,0,0,0
15,Female,340787,Yes,Yes,No,No,Yes,No,No,No,No,Yes,No,Yes,Yes,Yes,Yes,No,0,0,0,0,0,0,0,0,0,0,0,0,0,0,0,0,0,0,0,0
68,Female,38558,No,No,No,No,No,No,No,No,Yes,No,Yes,No,No,No,No,No,0,1,0,0,1,0,0,1,0,0,0,0,0,0,0,0,0,0,0,0
31,Male,400914,No,No,Yes,No,Yes,No,No,Yes,No,No,Yes,No,No,Yes,No,Yes,0,0,0,0,0,0,0,0,0,0,0,0,0,0,0,0,0,0,0,0
28,Female,405166,No,No,No,No,Yes,No,Yes,Yes,Yes,Yes,Yes,No,Yes,No,No,No,0,0,0,0,0,0,0,0,0,0,1,0,1,0,0,0,0,1,0,0
42,Male,149993,No,No,Yes,No,No,No,Yes,No,No,No,No,No,No,No,No,No,0,0,0,0,0,0,0,0,0,0,0,0,0,0,0,0,0,0,0,0
26,Male,316604,No,No,No,No,Yes,No,No,No,No,No,No,Yes,No,No,No,No,0,0,0,0,0,0,0,0,0,0,0,0,0,0,0,0,0,0,0,0
75,Male,309200,No,No,Yes,No,No,No,No,No,Yes,No,Yes,No,Yes,Yes,No,Yes,0,0,0,0,0,0,0,1,1,0,0,0,0,0,0,0,1,0,0,0
11,Male,461544,No,No,Yes,No,Yes,No,No,Yes,No,No,Yes,Yes,No,Yes,No,Yes,0,0,0,0,0,0,0,0,0,0,0,0,0,0,0,0,0,0,0,0
31,Male,422665,No,No,Yes,No,No,No,Yes,Yes,No,No,Yes,Yes,No,No,No,No,0,0,0,0,0,0,0,0,0,0,0,0,0,0,0,0,0,0,0,0
38,Female,119303,No,No,No,No,No,Yes,Yes,Yes,No,No,Yes,Yes,No,Yes,No,No,0,1,0,0,0,0,0,1,0,1,0,0,0,0,0,0,0,0,0,0
64,Female,313778,No,No,No,Yes,Yes,Yes,No,Yes,No,No,Yes,Yes,Yes,Yes,No,No,0,0,0,0,0,0,0,1,0,0,1,0,0,0,0,0,0,0,0,0
69,Male,227286,No,No,No,No,Yes,No,Yes,Yes,Yes,No,Yes,Yes,No,No,No,Yes,0,0,0,0,0,0,0,1,0,1,0,0,0,0,0,0,0,0,0,0
22,Male,450957,No,No,Yes,No,Yes,No,Yes,No,No,No,Yes,Yes,No,No,No,Yes,0,0,0,0,0,0,0,0,0,0,0,0,0,0,0,0,0,0,0,1
72,Female,477649,No,No,Yes,Yes,No,No,Yes,No,Yes,No,Yes,Yes,Yes,Yes,No,Yes,0,0,0,0,0,0,0,0,1,0,1,0,0,0,0,0,1,0,0,0
33,Female,252032,No,No,Yes,No,Yes,Yes,Yes,No,Yes,No,Yes,No,Yes,No,No,Yes,0,0,0,0,0,0,0,1,1,0,1,0,0,0,0,0,1,0,0,0
75,Female,123969,No,No,No,No,No,No,Yes,Yes,No,No,No,Yes,No,No,No,No,0,0,0,0,0,0,0,0,0,1,0,0,0,0,0,0,0,0,0,0
74,Female,469067,No,No,No,Yes,No,Yes,No,Yes,No,No,No,Yes,No,No,No,No,0,0,0,0,0,0,0,0,0,0,0,0,0,0,0,0,0,0,0,0
38,Male,281683,No,No,No,No,Yes,No,Yes,No,No,No,No,No,No,Yes,No,Yes,0,0,0,0,0,0,0,0,0,0,0,0,0,0,0,0,0,0,0,0
68,Female,411052,No,No,No,No,No,No,No,Yes,Yes,No,No,No,No,No,No,Yes,0,0,0,0,0,0,0,0,0,0,0,0,0,0,0,0,0,0,0,0
44,Male,219928,No,No,No,No,Yes,No,No,Yes,No,No,Yes,Yes,Yes,Yes,No,No,0,0,0,0,0,0,0,1,0,1,0,1,0,0,0,0,0,0,0,0
32,Male,165697,No,No,Yes,No,No,No,No,No,No,No,Yes,Yes,Yes,Yes,No,Yes,0,0,0,0,0,0,0,1,0,1,0,1,0,0,0,0,0,0,0,0
49,Male,426474,No,No,No,No,Yes,No,No,No,No,No,No,No,No,No,No,No,0,0,0,0,0,0,0,0,0,0,0,0,0,0,0,0,0,0,0,0
44,Male,121786,No,No,Yes,No,Yes,No,No,Yes,No,No,Yes,No,No,Yes,No,No,0,0,0,0,0,0,0,1,0,0,0,0,0,0,0,0,0,0,0,0
61,Female,173014,No,No,No,No,Yes,No,No,Yes,Yes,No,Yes,Yes,No,No,No,Yes,0,1,0,0,0,0,0,1,0,1,0,0,0,0,0,0,0,0,0,0
24,Male,177926,No,No,Yes,No,No,No,Yes,Yes,Yes,No,No,Yes,No,Yes,No,Yes,0,0,0,0,0,0,0,0,1,1,0,0,0,0,0,0,0,0,0,0
49,Male,69075,No,No,No,No,Yes,No,No,No,Yes,No,No,No,No,Yes,No,No,0,0,0,0,0,0,0,0,0,0,0,0,0,1,0,0,0,0,0,0
14,Female,45060,No,No,No,No,Yes,Yes,Yes,No,Yes,No,No,Yes,Yes,Yes,Yes,No,0,0,0,0,0,0,0,0,0,0,0,1,0,0,0,0,0,0,0,0
54,Female,34381,No,No,Yes,Yes,Yes,No,Yes,Yes,Yes,No,No,Yes,Yes,Yes,No,No,0,0,0,0,0,0,0,0,1,1,1,1,0,1,0,0,0,0,0,0
45,Male,437953,No,No,No,No,No,No,No,No,Yes,No,Yes,Yes,Yes,Yes,No,No,0,0,0,0,0,0,0,0,0,0,0,0,0,0,0,0,0,0,0,0
45,Male,328945,No,No,No,No,No,No,No,No,No,No,Yes,Yes,No,Yes,No,Yes,0,0,0,0,0,0,0,1,0,0,0,0,0,0,0,0,0,0,0,0
40,Male,191363,No,No,No,No,Yes,No,Yes,Yes,Yes,No,No,No,Yes,No,No,Yes,0,0,0,0,0,0,0,0,0,0,0,1,0,0,0,0,0,0,0,0
34,Female,93899,No,No,No,Yes,Yes,Yes,Yes,Yes,No,Yes,Yes,No,Yes,Yes,No,Yes,0,1,0,0,0,0,0,1,0,0,1,1,1,0,0,0,0,1,0,0
51,Female,126331,No,No,No,Yes,No,Yes,Yes,Yes,No,No,No,Yes,No,Yes,No,No,0,0,0,0,0,0,0,0,0,1,0,0,0,0,0,0,0,0,0,0
24,Female,144642,Yes,Yes,Yes,Yes,Yes,Yes,Yes,Yes,No,No,No,Yes,No,Yes,No,No,0,0,0,0,0,0,0,0,0,1,0,0,0,0,1,1,0,0,0,0
24,Female,442541,Yes,No,Yes,Yes,Yes,Yes,Yes,No,No,No,No,No,Yes,Yes,No,Yes,0,0,0,0,0,0,0,0,0,0,1,0,0,0,1,0,0,0,0,0
38,Female,193398,No,No,No,No,No,No,Yes,No,No,No,Yes,No,Yes,Yes,No,Yes,0,1,0,0,0,0,0,1,0,0,1,1,0,0,0,0,0,0,0,0
75,Female,223907,No,No,No,Yes,No,Yes,No,Yes,Yes,No,Yes,No,No,No,No,Yes,0,1,0,0,0,0,0,1,0,0,0,0,0,0,0,0,0,0,0,0
32,Female,311085,No,No,Yes,Yes,Yes,Yes,Yes,Yes,No,No,Yes,Yes,No,Yes,No,Yes,0,0,0,0,0,0,0,1,0,0,0,0,0,0,0,0,0,0,0,0
67,Female,68624,No,No,Yes,No,No,No,No,Yes,Yes,No,No,Yes,No,No,No,Yes,0,0,0,0,0,0,0,0,1,1,0,0,0,0,0,0,0,0,0,0
72,Female,54739,No,No,Yes,No,Yes,Yes,Yes,Yes,Yes,No,No,Yes,Yes,No,No,No,0,0,0,0,0,0,0,0,1,1,1,1,0,0,0,0,0,0,0,0
54,Female,330193,No,No,No,Yes,No,No,Yes,Yes,No,No,No,No,Yes,No,No,Yes,0,0,0,0,0,0,0,0,0,0,1,0,0,0,0,0,0,0,0,0
84,Female,232530,No,No,No,No,Yes,No,No,No,Yes,No,Yes,Yes,No,No,No,No,0,1,0,0,0,0,0,1,0,1,0,0,0,0,0,0,0,0,0,0
72,Female,474144,No,No,No,Yes,No,No,Yes,No,No,No,No,No,No,No,No,Yes,0,0,0,0,0,0,0,0,0,0,0,0,0,0,0,0,0,0,0,0
25,Male,18928,Yes,No,No,No,No,No,No,No,No,No,Yes,No,No,Yes,No,No,0,0,0,0,0,0,0,1,0,0,0,0,0,1,0,0,0,0,0,0
28,Female,330275,No,No,Yes,Yes,No,No,Yes,No,Yes,No,Yes,Yes,No,No,No,Yes,0,0,0,0,0,0,0,1,1,0,0,0,0,0,0,0,1,0,0,1
52,Female,451322,No,No,Yes,No,No,No,Yes,No,Yes,No,No,Yes,Yes,No,No,No,0,0,0,0,0,0,0,0,1,0,1,0,0,0,0,0,0,0,0,0
60,Male,252045,No,No,Yes,No,Yes,No,No,Yes,Yes,No,Yes,Yes,No,Yes,No,No,0,0,0,0,0,0,0,1,1,1,0,0,0,0,0,0,1,0,0,0
62,Female,190559,No,No,Yes,Yes,No,Yes,No,Yes,No,No,No,Yes,No,Yes,No,Yes,0,0,0,0,0,0,0,0,0,1,0,0,0,0,0,0,0,0,0,0
72,Female,450295,No,No,No,Yes,Yes,Yes,No,No,No,No,Yes,Yes,No,No,No,No,0,0,0,0,0,0,0,0,0,0,0,0,0,0,0,0,0,0,0,0
85,Female,203835,No,No,Yes,Yes,Yes,Yes,Yes,Yes,Yes,No,No,Yes,No,Yes,No,No,0,0,0,0,0,0,0,0,1,1,0,0,0,0,0,0,0,0,0,0
53,Female,163762,No,No,No,Yes,No,Yes,Yes,Yes,Yes,No,Yes,No,Yes,Yes,No,No,0,1,0,0,0,0,0,1,0,0,1,1,0,0,0,0,0,0,0,0
9,Female,253708,No,No,Yes,No,No,Yes,Yes,No,Yes,No,No,No,No,Yes,Yes,No,0,0,0,0,0,0,0,0,0,0,0,0,0,0,0,0,0,0,0,0
44,Female,89089,No,No,No,No,No,No,Yes,Yes,Yes,No,Yes,No,No,Yes,No,No,0,1,0,0,0,0,0,1,0,0,0,0,0,0,0,0,0,0,0,0
58,Male,89926,No,No,Yes,No,No,No,Yes,No,Yes,No,Yes,Yes,No,Yes,No,Yes,0,0,0,0,0,0,0,1,1,1,0,0,0,0,0,0,1,0,0,0
14,Male,111770,Yes,Yes,Yes,No,No,No,No,No,Yes,No,Yes,Yes,Yes,No,No,Yes,0,0,0,1,0,0,0,1,0,0,0,1,0,0,0,0,0,0,0,0
81,Male,244907,No,No,Yes,No,Yes,No,No,No,No,No,Yes,No,No,Yes,No,Yes,0,0,0,0,0,0,0,1,0,0,0,0,0,0,0,0,0,0,0,0
3,Female,421996,No,No,No,No,No,No,No,No,No,No,Yes,No,No,No,Yes,Yes,0,0,0,0,0,0,0,0,0,0,0,0,0,0,0,0,0,0,0,0
80,Female,448489,No,No,Yes,Yes,Yes,No,No,Yes,Yes,No,No,No,Yes,Yes,No,No,0,0,0,0,0,0,0,0,1,0,1,0,0,0,0,0,0,0,0,0
66,Male,349443,No,No,No,No,No,No,Yes,Yes,Yes,No,Yes,No,No,No,No,Yes,0,0,0,0,0,0,0,1,0,0,0,0,0,0,0,0,0,0,0,0
36,Male,167670,No,No,No,No,Yes,No,No,No,No,No,Yes,Yes,Yes,Yes,No,Yes,0,0,0,0,0,0,0,1,0,1,0,1,0,0,0,0,0,0,0,0
18,Female,57179,Yes,No,No,Yes,Yes,Yes,Yes,Yes,No,No,Yes,No,No,Yes,No,Yes,1,0,0,0,0,1,1,1,0,0,0,0,0,1,1,1,0,0,0,1
58,Male,452746,No,No,Yes,No,Yes,No,Yes,No,No,No,No,Yes,No,Yes,No,No,0,0,0,0,0,0,0,0,0,0,0,0,0,0,0,0,0,0,0,0
2,Male,27600,No,No,No,No,Yes,No,No,No,No,No,Yes,No,No,No,No,No,0,0,0,0,0,0,0,1,0,0,0,0,0,0,0,0,0,0,0,0
5,Female,397055,No,No,Yes,No,No,No,Yes,Yes,No,No,No,No,No,Yes,Yes,Yes,0,0,0,0,0,0,0,0,0,0,0,0,0,0,0,0,0,0,0,0
47,Male,260372,No,No,Yes,No,Yes,No,No,No,No,No,Yes,Yes,Yes,Yes,No,No,0,0,0,0,0,0,0,1,0,1,0,0,0,0,0,0,0,0,0,0
47,Female,74437,No,No,No,Yes,No,No,Yes,No,No,No,Yes,No,Yes,No,No,Yes,0,1,0,0,0,1,0,1,0,0,1,1,0,0,0,0,0,0,0,0
4,Male,453188,Yes,No,Yes,No,Yes,No,No,No,No,No,Yes,No,No,No,No,Yes,0,0,0,0,0,0,0,0,0,0,0,0,0,0,0,0,0,0,0,0
54,Female,68218,No,No,No,No,No,No,Yes,No,No,No,No,Yes,Yes,No,No,No,0,0,0,0,0,0,0,0,0,1,1,1,0,0,0,0,0,0,0,0
34,Female,324334,No,No,No,No,Yes,No,Yes,No,No,No,No,Yes,Yes,Yes,No,Yes,0,0,0,0,0,0,0,0,0,0,1,0,0,0,0,0,0,0,0,0
80,Female,370279,No,No,No,No,No,Yes,No,No,No,No,No,Yes,Yes,Yes,No,No,0,0,0,0,0,0,0,0,0,0,1,0,0,0,0,0,0,0,0,0
63,Male,128342,No,No,Yes,No,Yes,No,No,Yes,Yes,No,Yes,No,No,Yes,No,No,0,0,0,0,0,0,0,1,1,0,0,0,0,0,0,0,1,0,0,0
46,Female,77496,No,No,Yes,No,No,Yes,Yes,Yes,No,No,No,Yes,Yes,Yes,No,No,0,0,0,0,0,0,0,0,0,1,1,1,0,0,0,0,0,0,0,0
72,Female,204742,No,No,Yes,No,No,Yes,No,Yes,No,No,Yes,No,Yes,No,No,Yes,0,1,0,0,0,0,0,1,0,0,1,1,0,0,0,0,0,0,0,0
27,Male,179734,No,No,No,No,Yes,No,No,Yes,Yes,No,Yes,No,Yes,Yes,No,Yes,0,0,0,0,0,0,0,1,0,0,0,1,0,0,0,0,0,0,0,1
66,Male,486024,No,No,Yes,No,Yes,No,No,No,Yes,No,Yes,No,No,Yes,No,Yes,0,0,0,0,0,0,0,0,1,0,0,0,0,0,0,0,1,0,0,0
13,Male,140462,Yes,No,Yes,No,Yes,No,Yes,Yes,No,No,No,No,Yes,No,No,No,0,0,0,0,0,0,0,0,0,0,0,1,0,0,1,1,0,0,0,0
72,Male,283882,No,No,No,No,Yes,No,No,Yes,No,No,No,No,Yes,No,No,Yes,0,0,0,0,0,0,0,0,0,0,0,0,0,0,0,0,0,0,0,0
8,Female,278670,No,No,No,No,No,No,No,Yes,Yes,No,Yes,No,Yes,Yes,Yes,Yes,0,0,0,0,0,0,0,1,0,0,0,0,0,0,0,0,0,0,0,0
60,Female,58823,No,No,Yes,Yes,No,Yes,Yes,No,Yes,No,No,No,Yes,No,No,No,0,0,0,0,0,0,0,0,1,0,1,1,0,0,0,0,0,0,0,0
46,Male,250853,No,No,No,No,No,No,No,Yes,Yes,No,No,Yes,Yes,Yes,No,Yes,0,0,0,0,0,0,0,0,0,1,0,0,0,0,0,0,0,0,0,0
12,Male,353859,No,No,No,No,No,No,No,No,Yes,No,Yes,No,Yes,Yes,No,Yes,0,0,0,0,0,0,0,1,0,0,0,0,0,0,0,0,0,0,0,0
15,Female,328884,Yes,No,Yes,No,Yes,Yes,Yes,Yes,Yes,Yes,Yes,No,No,Yes,Yes,Yes,0,0,0,0,0,0,0,1,0,0,0,0,0,0,1,1,0,0,0,0
35,Male,451594,No,No,No,No,No,No,No,Yes,Yes,No,No,Yes,No,Yes,No,Yes,0,0,0,0,0,0,0,0,0,0,0,0,0,0,0,0,0,0,0,0
30,Male,240944,No,No,No,No,Yes,No,Yes,Yes,Yes,No,Yes,No,Yes,Yes,No,Yes,0,0,0,0,0,0,0,1,0,0,0,1,0,0,0,0,0,0,0,1
61,Male,379447,No,No,Yes,No,No,No,No,No,Yes,No,No,No,No,No,No,Yes,0,0,0,0,0,0,0,0,1,0,0,0,0,0,0,0,0,0,0,0
49,Female,125332,No,No,No,Yes,No,Yes,No,Yes,Yes,No,No,No,Yes,No,No,Yes,0,0,0,0,0,0,0,0,0,0,1,1,0,0,0,0,0,0,0,0
9,Female,386476,Yes,Yes,No,No,Yes,Yes,Yes,No,No,No,No,No,Yes,No,Yes,Yes,0,0,0,0,0,0,0,0,0,0,0,0,0,0,1,0,0,0,0,0
24,Female,326825,No,No,No,Yes,No,No,No,Yes,Yes,Yes,No,No,No,Yes,No,Yes,0,0,0,0,0,0,0,0,0,0,0,0,1,0,0,0,0,0,0,0
45,Male,235614,No,No,Yes,No,Yes,No,Yes,No,Yes,No,No,No,Yes,Yes,No,No,0,0,0,0,0,0,0,0,1,0,0,1,0,0,0,0,0,0,0,0
4,Female,290215,Yes,No,Yes,No,Yes,Yes,No,No,No,No,Yes,No,Yes,No,Yes,Yes,0,0,0,0,0,0,0,1,0,0,0,0,0,0,0,0,0,0,0,0
49,Female,102769,No,No,No,Yes,No,No,Yes,Yes,No,No,Yes,Yes,No,No,No,No,0,1,0,0,0,0,0,1,0,1,0,0,0,0,0,0,0,0,0,0
79,Male,362895,No,No,Yes,No,No,No,No,Yes,No,No,No,No,No,No,No,Yes,0,0,0,0,0,0,0,0,0,0,0,0,0,0,0,0,0,0,0,0
60,Male,370151,No,No,No,No,Yes,No,Yes,No,Yes,No,Yes,Yes,No,Yes,No,Yes,0,0,0,0,0,0,0,1,0,0,0,0,0,0,0,0,0,0,0,0
77,Male,21131,No,No,Yes,No,Yes,No,No,No,No,No,Yes,No,No,No,No,Yes,0,0,0,0,1,0,1,1,0,0,0,0,0,0,0,0,0,0,0,0
66,Male,460288,No,No,Yes,No,Yes,No,Yes,Yes,No,No,No,No,Yes,No,No,No,0,0,0,0,0,0,0,0,0,0,0,0,0,0,0,0,0,0,0,0
26,Male,461949,No,No,No,No,Yes,No,No,No,No,No,Yes,Yes,No,Yes,No,No,0,0,0,0,0,0,0,0,0,0,0,0,0,0,0,0,0,0,0,0
29,Female,394226,No,No,Yes,Yes,Yes,No,Yes,Yes,Yes,No,Yes,Yes,No,Yes,No,Yes,0,0,0,0,0,0,0,1,1,0,0,0,0,0,0,0,1,0,0,1
70,Female,329535,No,No,No,No,Yes,Yes,Yes,Yes,Yes,No,No,No,Yes,Yes,No,Yes,0,0,0,0,0,0,0,0,0,0,1,0,0,0,0,0,0,0,0,0
79,Female,399978,No,No,Yes,No,No,No,No,No,Yes,No,No,Yes,Yes,No,No,Yes,0,0,0,0,0,0,0,0,1,0,1,0,0,0,0,0,0,0,0,0
24,Female,311315,No,No,No,No,Yes,No,No,Yes,Yes,No,No,No,No,Yes,No,Yes,0,0,0,0,0,0,0,0,0,0,0,0,0,0,0,0,0,0,0,0
9,Male,104614,No,No,No,No,No,No,Yes,Yes,No,No,No,No,No,No,No,Yes,0,0,0,0,0,0,0,0,0,0,0,0,0,0,0,0,0,0,0,0
28,Male,413305,No,No,No,No,Yes,No,Yes,No,No,No,No,Yes,No,No,No,Yes,0,0,0,0,0,0,0,0,0,0,0,0,0,0,0,0,0,0,0,0
40,Male,218417,No,No,No,No,Yes,No,Yes,No,Yes,No,No,Yes,Yes,No,No,No,0,0,0,0,0,0,0,0,0,1,0,1,0,0,0,0,0,0,0,0
19,Male,211917,Yes,Yes,No,No,Yes,No,Yes,No,No,No,No,Yes,No,No,No,Yes,0,0,0,0,0,0,0,0,0,1,0,0,0,0,1,0,0,0,0,0
18,Female,302576,No,No,Yes,Yes,Yes,Yes,No,No,No,Yes,No,Yes,No,No,No,No,0,0,0,0,0,0,0,0,0,0,0,0,1,0,0,0,0,0,0,0
82,Male,352469,No,No,No,No,No,No,Yes,No,No,No,Yes,No,No,No,No,No,0,0,0,0,0,0,0,1,0,0,0,0,0,0,0,0,0,0,0,0
13,Male,494228,Yes,No,No,No,Yes,No,No,Yes,No,No,No,Yes,Yes,Yes,No,No,0,0,0,0,0,0,0,0,0,0,0,0,0,0,0,1,0,0,0,0
36,Female,270454,No,No,Yes,No,Yes,No,No,Yes,No,Yes,Yes,Yes,Yes,Yes,No,No,0,0,0,0,0,0,0,1,0,1,1,0,1,0,0,0,0,1,0,0
15,Male,36834,No,No,No,No,No,No,No,No,Yes,No,No,Yes,Yes,Yes,No,No,0,0,0,0,0,0,0,0,0,0,0,1,0,0,0,0,0,0,0,0
9,Female,388755,Yes,Yes,Yes,No,No,Yes,Yes,No,Yes,No,Yes,Yes,Yes,No,Yes,No,0,0,0,1,0,0,0,1,0,0,0,0,0,0,1,0,0,0,0,0
18,Male,79886,Yes,No,No,No,Yes,No,Yes,Yes,Yes,No,Yes,No,Yes,No,No,Yes,0,0,0,0,0,0,0,1,0,0,0,1,0,0,1,1,0,0,0,1
68,Female,355611,No,No,Yes,Yes,Yes,No,No,No,No,No,No,Yes,No,Yes,No,Yes,0,0,0,0,0,0,0,0,0,0,0,0,0,0,0,0,0,0,0,0
13,Male,490988,No,No,Yes,No,Yes,No,Yes,No,Yes,No,No,Yes,No,Yes,No,Yes,0,0,0,0,0,0,0,0,0,0,0,0,0,0,0,0,0,0,0,0
2,Female,476417,Yes,No,No,No,Yes,Yes,No,No,Yes,No,Yes,No,Yes,Yes,Yes,No,0,0,0,0,0,0,0,0,0,0,0,0,0,0,0,0,0,0,0,0
84,Male,145676,No,No,Yes,No,No,No,Yes,Yes,No,No,Yes,No,Yes,No,No,No,0,0,0,0,0,0,0,1,0,0,0,1,0,0,0,0,0,0,0,0
16,Female,18342,No,No,Yes,No,No,No,Yes,No,No,Yes,No,Yes,No,Yes,Yes,No,0,0,0,0,0,0,0,0,0,0,0,0,0,0,0,0,0,0,0,0
23,Female,391471,No,No,No,Yes,No,Yes,No,Yes,No,No,No,No,Yes,Yes,No,Yes,0,0,0,0,0,0,0,0,0,0,1,0,0,0,0,0,0,0,0,0
22,Female,72722,Yes,No,Yes,Yes,No,No,No,No,No,No,No,Yes,No,No,No,No,0,0,0,0,0,0,0,0,0,1,0,0,0,0,0,0,0,0,0,0
9,Male,289563,Yes,No,No,No,No,No,No,Yes,Yes,No,Yes,No,No,Yes,No,No,0,0,0,0,0,0,0,1,0,0,0,0,0,0,0,1,0,0,0,0
58,Female,157610,No,No,No,No,No,Yes,Yes,Yes,No,No,Yes,Yes,Yes,Yes,No,Yes,0,1,0,0,0,0,0,1,0,1,1,1,0,0,0,0,0,0,0,0
51,Female,461184,No,No,Yes,No,No,No,Yes,Yes,Yes,No,No,Yes,Yes,No,No,No,0,0,0,0,0,0,0,0,1,0,1,0,0,0,0,0,0,0,0,0
69,Female,174619,No,No,No,No,Yes,No,No,Yes,No,No,No,Yes,No,No,No,No,0,0,0,0,0,0,0,0,0,1,0,0,0,0,0,0,0,0,0,0
28,Female,136629,No,No,No,Yes,No,No,No,No,Yes,Yes,Yes,No,No,No,No,No,0,1,0,0,0,0,0,1,0,0,0,0,1,0,0,0,0,1,0,0
34,Male,192574,No,No,No,No,No,No,No,No,No,No,Yes,Yes,No,No,No,Yes,0,0,0,0,0,0,0,1,0,1,0,0,0,0,0,0,0,0,0,0
67,Male,168867,No,No,No,No,Yes,No,Yes,Yes,Yes,No,Yes,Yes,No,No,No,No,0,0,0,0,0,0,0,1,0,1,0,0,0,0,0,0,0,0,0,0
68,Female,186131,No,No,No,Yes,No,Yes,No,No,No,No,Yes,Yes,Yes,Yes,No,Yes,0,1,0,0,0,0,0,1,0,1,1,1,0,0,0,0,0,0,0,0
2,Female,431156,No,No,Yes,No,No,No,Yes,Yes,No,No,No,Yes,Yes,Yes,Yes,No,0,0,0,0,0,0,0,0,0,0,0,0,0,0,0,0,0,0,0,0
82,Male,392590,No,No,Yes,No,Yes,No,Yes,Yes,Yes,No,No,Yes,Yes,No,No,No,0,0,0,0,0,0,0,0,1,0,0,0,0,0,0,0,0,0,0,0
48,Female,369534,No,No,Yes,Yes,Yes,Yes,Yes,No,No,No,No,No,No,Yes,No,No,0,0,0,0,0,0,0,0,0,0,0,0,0,0,0,0,0,0,0,0
30,Female,189937,No,No,No,Yes,No,No,No,Yes,No,No,No,Yes,Yes,No,No,Yes,0,0,0,0,0,0,0,0,0,1,1,1,0,0,0,0,0,0,0,0
64,Male,146867,No,No,Yes,No,Yes,No,Yes,No,Yes,No,Yes,Yes,No,Yes,No,No,0,0,0,0,0,0,0,1,1,1,0,0,0,0,0,0,1,0,0,0
4,Female,208888,No,No,No,No,No,No,No,No,No,No,No,Yes,No,Yes,Yes,Yes,0,0,0,0,0,0,0,0,0,0,0,0,0,0,0,0,0,0,0,0
2,Female,86515,Yes,Yes,Yes,No,No,Yes,Yes,No,No,No,No,Yes,Yes,Yes,Yes,No,0,0,0,0,0,0,0,0,0,0,0,1,0,0,0,0,0,0,0,0
1,Female,371871,No,No,No,No,No,No,No,No,No,No,Yes,Yes,Yes,Yes,Yes,Yes,0,0,0,0,0,0,0,1,0,0,0,0,0,0,0,0,0,0,0,0
68,Male,493237,No,No,Yes,No,Yes,No,Yes,No,Yes,No,Yes,Yes,No,Yes,No,Yes,0,0,0,0,0,0,0,0,1,0,0,0,0,0,0,0,1,0,0,0
85,Male,162881,No,No,Yes,No,No,No,Yes,No,No,No,Yes,No,No,Yes,No,Yes,0,0,0,0,0,0,0,1,0,0,0,0,0,0,0,0,0,0,0,0
34,Female,451557,No,No,No,Yes,No,No,Yes,No,Yes,Yes,Yes,Yes,No,Yes,No,Yes,0,0,0,0,0,0,0,0,0,0,0,0,1,0,0,0,0,1,0,0
65,Male,252595,No,No,No,No,No,No,Yes,Yes,Yes,No,Yes,No,Yes,Yes,No,No,0,0,0,0,0,0,0,1,0,0,0,0,0,0,0,0,0,0,0,0
22,Female,365505,No,No,Yes,No,No,No,Yes,No,Yes,Yes,Yes,Yes,No,Yes,No,No,0,0,0,0,0,0,0,1,1,0,0,0,1,0,0,0,1,1,0,0
10,Male,434626,No,No,Yes,No,No,No,No,No,Yes,No,No,Yes,No,No,No,No,0,0,0,0,0,0,0,0,0,0,0,0,0,0,0,0,0,0,0,0
43,Female,392689,No,No,Yes,Yes,No,Yes,No,No,Yes,No,Yes,No,Yes,Yes,No,Yes,0,0,0,0,0,0,0,1,1,0,1,0,0,0,0,0,1,0,0,0
42,Male,327934,No,No,No,No,Yes,No,Yes,Yes,Yes,No,Yes,No,No,No,No,Yes,0,0,0,0,0,0,0,1,0,0,0,0,0,0,0,0,0,0,0,0
16,Female,34379,Yes,Yes,No,No,No,Yes,No,Yes,No,Yes,Yes,No,No,No,Yes,No,0,0,0,0,0,0,0,1,0,0,0,0,0,0,0,1,0,0,1,0
10,Female,157429,No,No,Yes,No,Yes,No,Yes,No,Yes,No,Yes,Yes,Yes,Yes,Yes,No,0,0,0,0,0,0,0,1,0,0,0,1,0,0,0,0,0,0,0,0
21,Female,151956,Yes,Yes,No,No,Yes,No,Yes,No,Yes,Yes,No,Yes,No,Yes,No,Yes,0,0,0,0,0,0,0,0,0,1,0,0,1,0,1,0,0,0,0,0
73,Male,15836,No,No,No,No,No,No,No,Yes,Yes,No,No,No,Yes,Yes,No,No,0,0,0,0,0,0,0,0,0,0,0,1,0,1,0,0,0,0,0,0
21,Female,259200,Yes,Yes,No,No,Yes,No,No,Yes,No,Yes,No,No,Yes,Yes,No,Yes,0,0,0,0,0,0,0,0,0,0,1,0,1,0,0,1,0,0,0,0
20,Female,98448,Yes,Yes,No,Yes,No,No,Yes,No,Yes,No,No,No,No,No,No,No,0,0,0,0,0,0,0,0,0,0,0,0,0,0,1,0,0,0,0,0
69,Male,464605,No,No,No,No,Yes,No,Yes,No,No,No,Yes,Yes,No,Yes,No,Yes,0,0,0,0,0,0,0,0,0,0,0,0,0,0,0,0,0,0,0,0
29,Male,354969,No,No,Yes,No,No,No,No,Yes,No,No,No,Yes,Yes,No,No,Yes,0,0,0,0,0,0,0,0,0,0,0,0,0,0,0,0,0,0,0,0
56,Male,248865,No,No,Yes,No,No,No,Yes,No,No,No,Yes,Yes,Yes,Yes,No,No,0,0,0,0,0,0,0,1,0,1,0,1,0,0,0,0,0,0,0,0
76,Male,42730,No,No,Yes,No,No,No,No,Yes,Yes,No,Yes,Yes,No,Yes,No,No,0,0,0,0,1,0,0,1,1,1,0,0,0,1,0,0,1,0,0,0
38,Male,126181,No,No,No,No,No,No,No,No,Yes,No,Yes,No,No,No,No,Yes,0,0,0,0,0,0,0,1,0,0,0,0,0,0,0,0,0,0,0,0
43,Female,142611,No,No,Yes,Yes,No,Yes,Yes,No,No,Yes,No,No,No,No,No,No,0,0,0,0,0,0,0,0,0,0,0,0,1,0,0,0,0,0,0,0
38,Female,439572,No,No,Yes,Yes,Yes,Yes,No,No,No,No,Yes,No,Yes,Yes,No,No,0,0,0,0,0,0,0,0,0,0,1,0,0,0,0,0,0,0,0,0
76,Male,41266,No,No,No,No,Yes,No,No,Yes,Yes,No,No,Yes,Yes,No,No,Yes,0,0,0,0,0,0,0,0,0,1,0,1,0,0,0,0,0,0,0,0
1,Female,356950,Yes,Yes,Yes,No,Yes,Yes,Yes,No,Yes,No,No,Yes,No,No,Yes,No,0,0,0,0,0,0,0,0,0,0,0,0,0,0,0,0,0,0,0,0
32,Female,146458,No,No,Yes,Yes,No,Yes,No,No,No,Yes,Yes,Yes,Yes,No,No,Yes,0,1,0,0,0,0,0,1,0,1,1,1,1,0,0,0,0,1,0,0
32,Female,221332,No,No,Yes,No,Yes,Yes,No,Yes,Yes,No,Yes,Yes,Yes,Yes,No,No,0,1,0,0,0,0,0,1,1,1,1,1,0,0,0,0,1,0,0,0
18,Female,381277,No,No,No,No,No,No,No,No,Yes,No,Yes,No,No,Yes,No,Yes,0,0,0,0,0,0,0,1,0,0,0,0,0,0,0,0,0,0,0,1
10,Male,263615,Yes,No,No,No,No,No,No,Yes,No,No,No,No,Yes,No,No,No,0,0,0,0,0,0,0,0,0,0,0,0,0,0,0,1,0,0,0,0
15,Male,434407,Yes,No,No,No,Yes,No,No,Yes,No,No,No,No,No,No,No,Yes,0,0,0,0,0,0,0,0,0,0,0,0,0,0,0,1,0,0,0,0
33,Male,139796,No,No,No,No,No,No,Yes,No,No,No,No,No,Yes,No,No,Yes,0,0,0,0,0,0,0,0,0,0,0,1,0,0,0,0,0,0,0,0
45,Female,100377,No,No,No,No,No,No,No,Yes,Yes,Yes,No,No,Yes,No,No,Yes,0,0,0,0,0,0,0,0,0,0,1,1,1,0,0,0,0,0,0,0
67,Female,343786,No,No,Yes,No,No,No,Yes,Yes,Yes,No,No,No,Yes,No,No,Yes,0,0,0,0,0,0,0,0,1,0,1,0,0,0,0,0,0,0,0,0
9,Male,48866,Yes,No,Yes,No,Yes,No,No,Yes,No,No,No,Yes,Yes,No,No,Yes,0,0,0,0,0,0,0,0,0,0,0,1,0,0,0,1,0,0,0,0
61,Male,41645,No,No,No,No,Yes,No,No,No,Yes,No,No,No,Yes,Yes,No,Yes,0,0,0,0,0,0,0,0,0,0,0,1,0,1,0,0,0,0,0,0
74,Female,70473,No,No,Yes,Yes,No,No,Yes,Yes,Yes,No,No,Yes,Yes,No,No,Yes,0,0,0,0,0,0,0,0,1,1,1,1,0,0,0,0,0,0,0,0
69,Male,79534,No,No,No,No,Yes,No,No,Yes,Yes,No,Yes,No,No,Yes,No,No,0,0,0,0,0,0,0,1,0,0,0,0,0,0,0,0,0,0,0,0
18,Female,236418,No,No,No,No,No,Yes,Yes,No,No,No,No,No,No,Yes,No,No,0,0,0,0,0,0,0,0,0,0,0,0,0,0,0,0,0,0,0,0
56,Male,10277,No,No,Yes,No,Yes,No,Yes,Yes,No,No,No,Yes,No,Yes,No,No,0,0,0,0,0,0,0,0,0,1,0,0,0,1,0,0,0,0,0,0
44,Female,59671,No,No,Yes,No,Yes,No,Yes,Yes,Yes,No,Yes,Yes,Yes,No,No,Yes,0,1,0,0,0,0,1,1,1,1,1,1,0,0,0,0,1,0,0,0
67,Male,316152,No,No,No,No,Yes,No,Yes,No,Yes,No,No,Yes,Yes,No,No,Yes,0,0,0,0,0,0,0,0,0,0,0,0,0,0,0,0,0,0,0,0
35,Female,337603,No,No,No,Yes,No,No,Yes,No,No,No,Yes,Yes,Yes,Yes,No,No,0,0,0,0,0,0,0,1,0,0,1,0,0,0,0,0,0,0,0,0
73,Female,428858,No,No,No,No,No,No,No,No,No,No,Yes,No,Yes,Yes,No,Yes,0,0,0,0,0,0,0,0,0,0,1,0,0,0,0,0,0,0,0,0
26,Female,462731,No,No,No,Yes,No,Yes,Yes,No,No,Yes,No,No,Yes,Yes,No,No,0,0,0,0,0,0,0,0,0,0,1,0,1,0,0,0,0,0,0,0
18,Female,415032,No,No,No,Yes,Yes,Yes,No,No,Yes,Yes,No,Yes,Yes,Yes,No,No,0,0,0,0,0,0,0,0,0,0,1,0,1,0,0,0,0,0,0,0
20,Male,17375,No,No,Yes,No,No,No,No,Yes,No,No,No,No,Yes,No,No,Yes,0,0,0,0,0,0,0,0,0,0,0,1,0,0,0,0,0,0,0,0
48,Male,156844,No,No,No,No,Yes,No,Yes,No,No,No,No,Yes,No,Yes,No,No,0,0,0,0,0,0,0,0,0,1,0,0,0,0,0,0,0,0,0,0
39,Female,285353,No,No,Yes,No,No,Yes,Yes,No,No,No,Yes,Yes,No,No,No,Yes,0,0,0,0,0,0,0,1,0,1,0,0,0,0,0,0,0,0,0,0
46,Male,449281,No,No,No,No,Yes,No,No,Yes,Yes,No,No,Yes,No,No,No,Yes,0,0,0,0,0,0,0,0,0,0,0,0,0,0,0,0,0,0,0,0
83,Female,181362,No,No,No,Yes,No,No,No,No,Yes,No,Yes,Yes,No,No,No,No,0,1,0,0,0,0,0,1,0,1,0,0,0,0,0,0,0,0,0,0
40,Male,205088,No,No,Yes,No,Yes,No,Yes,Yes,No,No,No,No,Yes,Yes,No,Yes,0,0,0,0,0,0,0,0,0,0,0,1,0,0,0,0,0,0,0,0
29,Male,30060,No,No,No,No,Yes,No,Yes,Yes,Yes,No,No,No,No,No,No,Yes,0,0,0,0,0,0,0,0,0,0,0,0,0,0,0,0,0,0,0,0
37,Female,65711,No,No,No,No,No,Yes,No,Yes,No,Yes,No,Yes,Yes,No,No,No,0,0,0,0,0,0,0,0,0,1,1,1,1,0,0,0,0,0,0,0
12,Male,175240,No,No,Yes,No,Yes,No,No,Yes,No,No,Yes,No,Yes,Yes,No,No,0,0,0,0,0,0,0,1,0,0,0,1,0,0,0,0,0,0,0,0
63,Male,53755,No,No,No,No,Yes,No,No,Yes,Yes,No,Yes,No,Yes,Yes,No,No,0,0,0,0,1,0,1,1,0,0,0,1,0,1,0,0,0,0,0,0
81,Female,253441,No,No,No,Yes,No,No,No,Yes,Yes,No,Yes,No,Yes,No,No,Yes,0,0,0,0,0,0,0,1,0,0,1,0,0,0,0,0,0,0,0,0
81,Male,250859,No,No,Yes,No,Yes,No,Yes,No,Yes,No,Yes,No,No,Yes,No,No,0,0,0,0,0,0,0,1,1,0,0,0,0,0,0,0,1,0,0,0
50,Male,205735,No,No,Yes,No,No,No,No,No,No,No,No,Yes,Yes,Yes,No,No,0,0,0,0,0,0,0,0,0,1,0,1,0,0,0,0,0,0,0,0
52,Female,285434,No,No,No,No,No,Yes,No,No,Yes,No,No,Yes,Yes,Yes,No,No,0,0,0,0,0,0,0,0,0,1,1,0,0,0,0,0,0,0,0,0
68,Female,366446,No,No,Yes,Yes,Yes,Yes,No,Yes,Yes,No,Yes,No,Yes,Yes,No,No,0,0,0,0,0,0,0,1,1,0,1,0,0,0,0,0,1,0,0,0
70,Female,55992,No,No,No,No,Yes,Yes,Yes,Yes,Yes,No,No,Yes,Yes,No,No,No,0,0,0,0,0,0,0,0,0,1,1,1,0,0,0,0,0,0,0,0
78,Female,214585,No,No,Yes,Yes,No,No,Yes,Yes,No,No,No,No,Yes,No,No,Yes,0,0,0,0,0,0,0,0,0,0,1,1,0,0,0,0,0,0,0,0
3,Male,171558,No,No,No,No,No,No,Yes,No,Yes,No,Yes,No,Yes,No,No,No,0,0,0,0,0,0,0,1,0,0,0,1,0,0,0,0,0,0,0,0
49,Female,142248,No,No,No,No,Yes,No,No,No,No,No,Yes,Yes,No,Yes,No,No,0,1,0,0,0,0,0,1,0,1,0,0,0,0,0,0,0,0,0,0
52,Male,207459,No,No,Yes,No,Yes,No,Yes,Yes,Yes,No,Yes,No,Yes,Yes,No,No,0,0,0,0,0,0,0,1,1,0,0,1,0,0,0,0,1,0,0,0
40,Female,78013,No,No,No,Yes,Yes,No,Yes,Yes,Yes,No,Yes,No,Yes,Yes,No,No,0,1,0,0,0,0,0,1,0,0,1,1,0,0,0,0,0,0,0,0
75,Male,299600,No,No,Yes,No,No,No,Yes,No,Yes,No,Yes,No,Yes,Yes,No,Yes,0,0,0,0,0,0,0,1,1,0,0,0,0,0,0,0,1,0,0,0
85,Female,439612,No,No,No,Yes,No,No,No,Yes,Yes,No,No,Yes,Yes,No,No,No,0,0,0,0,0,0,0,0,0,0,1,0,0,0,0,0,0,0,0,0
2,Female,315927,No,No,Yes,No,Yes,Yes,No,No,Yes,No,Yes,No,No,Yes,Yes,Yes,0,0,0,0,0,0,0,1,0,0,0,0,0,0,0,0,0,0,0,0
53,Female,357626,No,No,Yes,Yes,No,Yes,Yes,No,No,No,Yes,No,No,No,No,Yes,0,0,0,0,0,0,0,1,0,0,0,0,0,0,0,0,0,0,0,0
67,Female,428184,No,No,Yes,Yes,Yes,No,No,No,Yes,No,Yes,No,No,Yes,No,Yes,0,0,0,0,0,0,0,0,1,0,0,0,0,0,0,0,1,0,0,0
64,Female,256061,No,No,No,No,Yes,No,No,Yes,No,No,Yes,No,Yes,Yes,No,No,0,0,0,0,0,0,0,1,0,0,1,0,0,0,0,0,0,0,0,0
48,Female,101312,No,No,No,No,No,Yes,No,Yes,No,No,Yes,Yes,Yes,Yes,No,No,0,1,0,0,0,0,0,1,0,1,1,1,0,0,0,0,0,0,0,0
25,Female,425650,No,No,Yes,Yes,Yes,No,No,No,Yes,Yes,No,No,Yes,Yes,No,No,0,0,0,0,0,0,0,0,1,0,1,0,1,0,0,0,0,0,0,0
43,Female,244277,No,No,Yes,Yes,No,No,Yes,No,Yes,No,Yes,No,No,Yes,No,No,0,1,0,0,0,0,0,1,1,0,0,0,0,0,0,0,1,0,0,0
9,Male,368098,No,No,Yes,No,No,No,No,Yes,Yes,No,No,No,No,No,No,No,0,0,0,0,0,0,0,0,0,0,0,0,0,0,0,0,0,0,0,0
85,Female,470408,No,No,Yes,No,No,Yes,Yes,Yes,No,No,No,No,No,Yes,No,Yes,0,0,0,0,0,0,0,0,0,0,0,0,0,0,0,0,0,0,0,0
76,Male,428714,No,No,Yes,No,Yes,No,Yes,No,Yes,No,No,No,Yes,No,No,Yes,0,0,0,0,0,0,0,0,1,0,0,0,0,0,0,0,0,0,0,0
70,Male,196521,No,No,Yes,No,Yes,No,Yes,Yes,Yes,No,Yes,No,Yes,Yes,No,Yes,0,0,0,0,0,0,0,1,1,0,0,1,0,0,0,0,1,0,0,0
27,Female,95993,No,No,No,Yes,No,Yes,Yes,Yes,Yes,Yes,No,Yes,No,No,No,No,0,0,0,0,0,0,0,0,0,1,0,0,1,0,0,0,0,0,0,0
43,Female,358243,No,No,No,Yes,No,Yes,Yes,Yes,No,Yes,No,Yes,No,Yes,No,No,0,0,0,0,0,0,0,0,0,0,0,0,1,0,0,0,0,0,0,0
85,Male,268724,No,No,No,No,Yes,No,Yes,Yes,No,No,Yes,No,No,Yes,No,Yes,0,0,0,0,0,0,0,1,0,0,0,0,0,0,0,0,0,0,0,0
9,Male,317663,No,No,No,No,No,No,Yes,Yes,No,No,Yes,Yes,No,No,No,Yes,0,0,0,0,0,0,0,1,0,0,0,0,0,0,0,0,0,0,0,0
33,Male,83694,No,No,No,No,No,No,No,Yes,Yes,No,Yes,Yes,Yes,Yes,No,No,0,0,0,0,0,0,0,1,0,1,0,1,0,0,0,0,0,0,0,0
43,Female,189064,No,No,No,No,No,No,Yes,Yes,No,No,No,Yes,No,Yes,No,No,0,0,0,0,0,0,0,0,0,1,0,0,0,0,0,0,0,0,0,0
77,Male,421684,No,No,No,No,Yes,No,Yes,No,No,No,No,No,No,No,No,No,0,0,0,0,0,0,0,0,0,0,0,0,0,0,0,0,0,0,0,0
20,Female,495634,Yes,Yes,No,No,Yes,No,Yes,Yes,Yes,Yes,No,No,Yes,No,No,Yes,0,0,0,0,0,0,0,0,0,0,1,0,1,0,1,1,0,0,0,0
1,Female,414446,Yes,Yes,Yes,No,No,No,Yes,Yes,No,No,No,No,Yes,No,Yes,Yes,0,0,0,0,0,0,0,0,0,0,0,0,0,0,0,0,0,0,0,0
47,Female,380480,No,No,Yes,No,No,No,No,Yes,No,No,No,No,No,No,No,Yes,0,0,0,0,0,0,0,0,0,0,0,0,0,0,0,0,0,0,0,0
43,Male,397159,No,No,Yes,No,Yes,No,Yes,No,No,No,Yes,No,Yes,No,No,Yes,0,0,0,0,0,0,0,1,0,0,0,0,0,0,0,0,0,0,0,0
75,Female,261660,No,No,No,No,No,Yes,Yes,No,Yes,No,No,Yes,Yes,No,No,No,0,0,0,0,0,0,0,0,0,1,1,0,0,0,0,0,0,0,0,0
65,Female,53088,No,No,Yes,No,Yes,No,No,Yes,No,No,No,No,No,No,No,Yes,0,0,0,0,0,0,0,0,0,0,0,0,0,0,0,0,0,0,0,0
74,Male,356501,No,No,Yes,No,No,No,No,Yes,No,No,No,Yes,Yes,Yes,No,Yes,0,0,0,0,0,0,0,0,0,0,0,0,0,0,0,0,0,0,0,0
83,Male,16584,No,No,Yes,No,Yes,No,Yes,No,No,No,Yes,No,Yes,Yes,No,No,0,0,0,0,1,0,1,1,0,0,0,1,0,1,0,0,0,0,0,0
50,Male,158636,No,No,Yes,No,Yes,No,Yes,No,No,No,Yes,No,Yes,No,No,No,0,0,0,0,0,0,0,1,0,0,0,1,0,0,0,0,0,0,0,0
62,Male,308414,No,No,No,No,No,No,Yes,No,No,No,Yes,Yes,No,No,No,No,0,0,0,0,0,0,0,1,0,0,0,0,0,0,0,0,0,0,0,0
27,Female,16992,No,No,Yes,No,Yes,Yes,Yes,No,Yes,No,No,Yes,No,No,No,Yes,0,0,0,0,0,0,0,0,1,1,0,0,0,0,0,0,0,0,0,0
54,Female,152868,No,No,No,Yes,Yes,No,No,No,Yes,No,Yes,Yes,No,Yes,No,No,0,1,0,0,0,0,0,1,0,1,0,0,0,0,0,0,0,0,0,0
70,Female,96718,No,No,No,Yes,No,No,Yes,Yes,Yes,No,No,Yes,Yes,No,No,Yes,0,0,0,0,0,0,0,0,0,1,1,1,0,0,0,0,0,0,0,0
12,Female,229668,No,No,Yes,No,No,No,No,Yes,No,No,Yes,Yes,No,No,Yes,No,0,0,0,0,0,0,0,1,0,0,0,0,0,0,0,0,0,0,0,0
59,Male,230886,No,No,No,No,Yes,No,Yes,Yes,Yes,No,No,No,Yes,No,No,Yes,0,0,0,0,0,0,0,0,0,0,0,1,0,0,0,0,0,0,0,0
9,Female,59540,Yes,No,No,No,No,Yes,Yes,Yes,No,No,Yes,Yes,No,Yes,Yes,Yes,0,0,0,0,0,0,0,1,0,0,0,0,0,0,1,1,0,0,1,0
21,Male,92510,Yes,Yes,No,No,No,No,Yes,Yes,No,No,No,Yes,No,Yes,No,Yes,0,0,0,0,0,0,0,0,0,1,0,0,0,0,1,1,0,0,0,0
28,Female,151573,No,No,No,No,Yes,No,No,Yes,Yes,Yes,Yes,Yes,No,No,No,Yes,0,1,0,0,0,0,0,1,0,1,0,0,1,0,0,0,0,1,0,1
70,Male,15127,No,No,No,No,Yes,No,Yes,No,Yes,No,Yes,No,Yes,Yes,No,No,0,0,0,0,1,0,1,1,0,0,0,1,0,1,0,0,0,0,0,0
34,Female,382481,No,No,No,Yes,Yes,Yes,No,No,Yes,Yes,No,Yes,No,No,No,Yes,0,0,0,0,0,0,0,0,0,0,0,0,1,0,0,0,0,0,0,0
28,Female,392386,No,No,No,Yes,Yes,No,No,No,No,No,No,No,No,Yes,No,No,0,0,0,0,0,0,0,0,0,0,0,0,0,0,0,0,0,0,0,0
14,Male,119255,Yes,No,Yes,No,Yes,No,Yes,Yes,Yes,No,Yes,No,Yes,No,No,No,0,0,0,0,0,0,0,1,0,0,0,1,0,0,1,1,0,0,0,0
63,Male,411781,No,No,No,No,Yes,No,No,Yes,Yes,No,Yes,No,No,No,No,Yes,0,0,0,0,0,0,0,0,0,0,0,0,0,0,0,0,0,0,0,0
62,Female,123390,No,No,Yes,Yes,No,No,No,No,Yes,No,No,Yes,No,Yes,No,No,0,0,0,0,0,0,0,0,1,1,0,0,0,0,0,0,0,0,0,0
77,Female,162953,No,No,Yes,Yes,Yes,Yes,No,No,No,No,Yes,Yes,No,No,No,No,0,1,0,0,0,0,0,1,0,1,0,0,0,0,0,0,0,0,0,0
33,Female,13809,No,No,No,No,No,Yes,Yes,No,No,Yes,Yes,No,No,No,No,No,0,1,0,0,0,0,0,1,0,0,0,0,1,0,0,0,0,1,0,0
34,Female,70303,No,No,Yes,Yes,Yes,No,No,Yes,Yes,No,Yes,No,No,Yes,No,No,0,1,0,0,0,1,1,1,1,0,0,0,0,1,0,0,1,0,0,0
20,Female,477068,Yes,Yes,No,No,Yes,No,Yes,Yes,No,No,No,Yes,Yes,No,No,Yes,0,0,0,0,0,0,0,0,0,0,1,0,0,0,1,1,0,0,0,0
80,Male,194226,No,No,No,No,Yes,No,Yes,Yes,Yes,No,No,No,Yes,Yes,No,Yes,0,0,0,0,0,0,0,0,0,0,0,1,0,0,0,0,0,0,0,0
34,Female,327787,No,No,No,Yes,No,Yes,No,Yes,Yes,No,Yes,Yes,Yes,Yes,No,No,0,0,0,0,0,0,0,1,0,0,1,0,0,0,0,0,0,0,0,0
26,Male,307627,No,No,Yes,No,No,No,No,Yes,Yes,No,No,No,Yes,Yes,No,No,0,0,0,0,0,0,0,0,1,0,0,0,0,0,0,0,0,0,0,0
83,Male,225547,No,No,No,No,No,No,No,No,Yes,No,Yes,Yes,Yes,No,No,Yes,0,0,0,0,0,0,0,1,0,1,0,1,0,0,0,0,0,0,0,0
3,Female,435954,Yes,No,Yes,No,Yes,Yes,No,Yes,No,No,No,Yes,No,No,Yes,Yes,0,0,0,0,0,0,0,0,0,0,0,0,0,0,0,0,0,0,0,0
65,Female,484888,No,No,No,Yes,Yes,No,Yes,No,Yes,No,No,No,No,Yes,No,Yes,0,0,0,0,0,0,0,0,0,0,0,0,0,0,0,0,0,0,0,0
69,Male,235985,No,No,Yes,No,Yes,No,No,Yes,No,No,No,Yes,No,Yes,No,Yes,0,0,0,0,0,0,0,0,0,1,0,0,0,0,0,0,0,0,0,0
59,Female,362249,No,No,No,Yes,Yes,Yes,No,Yes,Yes,No,Yes,No,Yes,No,No,Yes,0,0,0,0,0,0,0,1,0,0,1,0,0,0,0,0,0,0,0,0
65,Male,299888,No,No,No,No,Yes,No,Yes,No,Yes,No,No,Yes,No,No,No,No,0,0,0,0,0,0,0,0,0,1,0,0,0,0,0,0,0,0,0,0
40,Male,230213,No,No,Yes,No,Yes,No,No,Yes,Yes,No,Yes,No,Yes,Yes,No,No,0,0,0,0,0,0,0,1,1,0,0,1,0,0,0,0,1,0,0,0
56,Male,377552,No,No,No,No,Yes,No,No,No,Yes,No,No,No,Yes,Yes,No,Yes,0,0,0,0,0,0,0,0,0,0,0,0,0,0,0,0,0,0,0,0
65,Female,204746,No,No,No,Yes,Yes,No,No,Yes,Yes,No,Yes,No,No,No,No,Yes,0,1,0,0,0,0,0,1,0,0,0,0,0,0,0,0,0,0,0,0
17,Male,96200,No,No,Yes,No,Yes,No,Yes,Yes,Yes,No,No,No,Yes,No,No,No,0,0,0,0,0,0,0,0,0,0,0,1,0,0,0,0,0,0,0,0
83,Male,276784,No,No,No,No,No,No,No,Yes,No,No,Yes,Yes,Yes,No,No,Yes,0,0,0,0,0,0,0,1,0,1,0,0,0,0,0,0,0,0,0,0
11,Female,369374,Yes,Yes,No,No,No,Yes,Yes,Yes,Yes,No,Yes,Yes,Yes,No,Yes,Yes,0,0,0,1,0,0,0,1,0,0,0,0,0,0,1,1,0,0,0,0
66,Male,397215,No,No,Yes,No,Yes,No,No,Yes,No,No,Yes,No,Yes,No,No,No,0,0,0,0,0,0,0,1,0,0,0,0,0,0,0,0,0,0,0,0
16,Female,67244,No,No,Yes,No,Yes,No,No,No,Yes,No,No,Yes,No,No,Yes,Yes,0,0,0,0,0,0,0,0,0,0,0,0,0,0,0,0,0,0,0,0
15,Male,470612,No,No,No,No,Yes,No,No,No,Yes,No,Yes,No,Yes,Yes,No,No,0,0,0,0,0,0,0,0,0,0,0,0,0,0,0,0,0,0,0,0
67,Female,291549,No,No,No,Yes,No,No,No,No,No,No,Yes,Yes,Yes,Yes,No,Yes,0,0,0,0,0,0,0,1,0,1,1,0,0,0,0,0,0,0,0,0
41,Male,132687,No,No,Yes,No,No,No,Yes,Yes,No,No,No,No,Yes,No,No,Yes,0,0,0,0,0,0,0,0,0,0,0,1,0,0,0,0,0,0,0,0
21,Male,469399,Yes,No,No,No,Yes,No,No,No,Yes,No,Yes,Yes,Yes,No,No,Yes,0,0,0,0,0,0,0,0,0,0,0,0,0,0,0,0,0,0,0,1
71,Female,377384,No,No,Yes,Yes,No,No,Yes,No,No,No,Yes,Yes,No,No,No,No,0,0,0,0,0,0,0,1,0,0,0,0,0,0,0,0,0,0,0,0
73,Male,205117,No,No,Yes,No,Yes,No,No,Yes,Yes,No,Yes,No,No,No,No,Yes,0,0,0,0,0,0,0,1,1,0,0,0,0,0,0,0,1,0,0,0
58,Male,95522,No,No,Yes,No,No,No,Yes,No,No,No,No,No,No,Yes,No,No,0,0,0,0,0,0,0,0,0,0,0,0,0,0,0,0,0,0,0,0
84,Male,245567,No,No,No,No,Yes,No,Yes,Yes,Yes,No,No,No,Yes,Yes,No,Yes,0,0,0,0,0,0,0,0,0,0,0,1,0,0,0,0,0,0,0,0
23,Female,22540,No,No,No,Yes,Yes,Yes,No,Yes,No,Yes,No,Yes,Yes,Yes,No,Yes,0,0,0,0,0,0,0,0,0,1,1,1,1,1,0,0,0,0,0,0
55,Male,279890,No,No,Yes,No,Yes,No,No,Yes,No,No,No,Yes,No,No,No,Yes,0,0,0,0,0,0,0,0,0,1,0,0,0,0,0,0,0,0,0,0
64,Male,367244,No,No,No,No,Yes,No,Yes,No,Yes,No,Yes,Yes,No,Yes,No,Yes,0,0,0,0,0,0,0,1,0,0,0,0,0,0,0,0,0,0,0,0
10,Female,399228,No,No,Yes,No,Yes,Yes,No,No,No,No,No,No,Yes,Yes,Yes,No,0,0,0,0,0,0,0,0,0,0,0,0,0,0,0,0,0,0,0,0
73,Male,50639,No,No,No,No,No,No,No,No,No,No,No,No,Yes,No,No,No,0,0,0,0,0,0,0,0,0,0,0,1,0,0,0,0,0,0,0,0
85,Male,91630,No,No,Yes,No,No,No,No,No,No,No,Yes,No,Yes,Yes,No,Yes,0,0,0,0,0,0,0,1,0,0,0,1,0,0,0,0,0,0,0,0
25,Female,466807,No,No,Yes,No,Yes,No,No,No,No,Yes,Yes,Yes,Yes,Yes,No,No,0,0,0,0,0,0,0,0,0,0,1,0,1,0,0,0,0,1,0,0
78,Female,173485,No,No,Yes,Yes,Yes,No,No,Yes,Yes,No,Yes,No,Yes,No,No,No,0,1,0,0,0,0,0,1,1,0,1,1,0,0,0,0,1,0,0,0
45,Male,93710,No,No,Yes,No,Yes,No,No,No,Yes,No,No,No,Yes,Yes,No,Yes,0,0,0,0,0,0,0,0,1,0,0,1,0,0,0,0,0,0,0,0
65,Female,207298,No,No,No,Yes,Yes,Yes,Yes,No,No,No,No,Yes,No,Yes,No,Yes,0,0,0,0,0,0,0,0,0,1,0,0,0,0,0,0,0,0,0,0
9,Male,91379,No,No,Yes,No,Yes,No,No,Yes,Yes,No,Yes,No,Yes,No,No,Yes,0,0,0,0,0,0,0,1,0,0,0,1,0,0,0,0,0,0,0,0
68,Male,397591,No,No,No,No,Yes,No,Yes,No,Yes,No,No,Yes,No,Yes,No,No,0,0,0,0,0,0,0,0,0,0,0,0,0,0,0,0,0,0,0,0
30,Male,343516,No,No,No,No,No,No,Yes,No,No,No,Yes,Yes,Yes,Yes,No,No,0,0,0,0,0,0,0,1,0,0,0,0,0,0,0,0,0,0,0,0
56,Male,239590,No,No,No,No,No,No,No,Yes,No,No,No,No,No,Yes,No,No,0,0,0,0,0,0,0,0,0,0,0,0,0,0,0,0,0,0,0,0
5,Female,136101,Yes,No,Yes,No,No,No,Yes,No,No,No,Yes,Yes,Yes,No,Yes,No,0,0,0,0,0,0,0,1,0,0,0,1,0,0,1,0,0,0,0,0
7,Male,98190,Yes,No,Yes,No,No,No,Yes,Yes,Yes,No,Yes,No,Yes,No,No,No,0,0,0,0,0,0,0,1,0,0,0,1,0,0,1,1,0,0,0,0
16,Male,166273,No,No,Yes,No,Yes,No,No,Yes,No,No,Yes,Yes,Yes,Yes,No,Yes,0,0,0,0,0,0,0,1,0,0,0,1,0,0,0,0,0,0,0,0
1,Female,280413,Yes,No,No,No,Yes,Yes,Yes,No,No,No,No,Yes,No,Yes,Yes,Yes,0,0,0,0,0,0,0,0,0,0,0,0,0,0,0,0,0,0,0,0
44,Female,285471,No,No,No,Yes,Yes,Yes,Yes,No,Yes,Yes,No,Yes,No,No,No,No,0,0,0,0,0,0,0,0,0,1,0,0,1,0,0,0,0,0,0,0
80,Female,108508,No,No,Yes,No,Yes,No,Yes,No,No,No,Yes,Yes,Yes,No,No,No,0,1,0,0,0,0,0,1,0,1,1,1,0,0,0,0,0,0,0,0
77,Female,322867,No,No,Yes,No,No,Yes,Yes,Yes,Yes,No,No,No,No,Yes,No,No,0,0,0,0,0,0,0,0,1,0,0,0,0,0,0,0,0,0,0,0
44,Male,251104,No,No,No,No,No,No,No,Yes,No,No,Yes,Yes,No,No,No,Yes,0,0,0,0,0,0,0,1,0,1,0,0,0,0,0,0,0,0,0,0
75,Female,52101,No,No,No,No,No,Yes,No,Yes,No,No,Yes,Yes,No,Yes,No,Yes,0,1,0,0,1,0,0,1,0,1,0,0,0,1,0,0,0,0,0,0
45,Female,438549,No,No,Yes,Yes,Yes,No,Yes,No,No,No,Yes,No,Yes,No,No,Yes,0,0,0,0,0,0,0,0,0,0,1,0,0,0,0,0,0,0,0,0
74,Female,358734,No,No,Yes,No,Yes,No,Yes,No,Yes,No,Yes,Yes,No,Yes,No,Yes,0,0,0,0,0,0,0,1,1,0,0,0,0,0,0,0,1,0,0,0
55,Male,213231,No,No,No,No,Yes,No,Yes,No,Yes,No,No,No,Yes,Yes,No,Yes,0,0,0,0,0,0,0,0,0,0,0,1,0,0,0,0,0,0,0,0
4,Female,429448,Yes,Yes,Yes,No,No,No,No,No,Yes,No,No,Yes,Yes,No,Yes,Yes,0,0,0,0,0,0,0,0,0,0,0,0,0,0,0,0,0,0,0,0
65,Male,268240,No,No,Yes,No,No,No,Yes,Yes,No,No,Yes,Yes,No,No,No,Yes,0,0,0,0,0,0,0,1,0,1,0,0,0,0,0,0,0,0,0,0
54,Female,315877,No,No,No,No,Yes,No,No,No,Yes,No,Yes,No,Yes,Yes,No,Yes,0,0,0,0,0,0,0,1,0,0,1,0,0,0,0,0,0,0,0,0
48,Male,309858,No,No,No,No,No,No,Yes,Yes,No,No,Yes,No,No,No,No,No,0,0,0,0,0,0,0,1,0,0,0,0,0,0,0,0,0,0,0,0
20,Male,229676,Yes,Yes,Yes,No,Yes,No,No,Yes,No,No,No,No,Yes,No,No,No,0,0,0,0,0,0,0,0,0,0,0,1,0,0,0,1,0,0,0,0
64,Female,41854,No,No,No,Yes,Yes,No,Yes,No,No,No,No,No,No,No,No,No,0,0,0,0,0,0,0,0,0,0,0,0,0,0,0,0,0,0,0,0
26,Female,163596,No,No,Yes,No,No,No,Yes,No,No,No,Yes,No,Yes,Yes,No,Yes,0,1,0,0,0,0,0,1,0,0,1,1,0,0,0,0,0,0,0,1
8,Female,488333,Yes,No,No,No,No,No,Yes,Yes,Yes,No,No,Yes,No,Yes,Yes,Yes,0,0,0,0,0,0,0,0,0,0,0,0,0,0,1,1,0,0,0,0
1,Male,160014,Yes,Yes,No,No,Yes,No,No,Yes,Yes,No,No,No,No,No,No,No,0,0,0,0,0,0,0,0,0,0,0,0,0,0,0,0,0,0,0,0
30,Male,179147,No,No,Yes,No,Yes,No,No,No,Yes,No,No,No,No,No,No,Yes,0,0,0,0,0,0,0,0,1,0,0,0,0,0,0,0,0,0,0,0
70,Female,79577,No,No,Yes,Yes,No,Yes,Yes,No,Yes,No,No,Yes,No,Yes,No,No,0,0,0,0,0,0,0,0,1,1,0,0,0,0,0,0,0,0,0,0
70,Female,93681,No,No,No,No,No,Yes,Yes,No,No,No,Yes,No,Yes,Yes,No,No,0,1,0,0,0,0,0,1,0,0,1,1,0,0,0,0,0,0,0,0
17,Male,211551,Yes,Yes,No,No,Yes,No,Yes,No,Yes,No,Yes,No,No,Yes,No,Yes,0,0,0,0,0,0,0,1,0,0,0,0,0,0,1,0,0,0,0,1
31,Male,11584,No,No,No,No,Yes,No,Yes,Yes,No,No,No,Yes,Yes,No,No,Yes,0,0,0,0,0,0,0,0,0,1,0,1,0,0,0,0,0,0,0,0
41,Male,410213,No,No,No,No,Yes,No,Yes,Yes,No,No,No,No,Yes,Yes,No,No,0,0,0,0,0,0,0,0,0,0,0,0,0,0,0,0,0,0,0,0
48,Male,175642,No,No,No,No,Yes,No,No,No,Yes,No,Yes,No,No,Yes,No,No,0,0,0,0,0,0,0,1,0,0,0,0,0,0,0,0,0,0,0,0
54,Male,151946,No,No,No,No,Yes,No,No,Yes,No,No,No,Yes,Yes,Yes,No,Yes,0,0,0,0,0,0,0,0,0,1,0,1,0,0,0,0,0,0,0,0
26,Male,60333,No,No,No,No,Yes,No,No,No,No,No,No,No,Yes,Yes,No,Yes,0,0,0,0,0,0,0,0,0,0,0,1,0,1,0,0,0,0,0,0
7,Male,124963,No,No,No,No,Yes,No,No,No,No,No,No,Yes,Yes,Yes,No,No,0,0,0,0,0,0,0,0,0,0,0,1,0,0,0,0,0,0,0,0
15,Male,308664,Yes,No,No,No,Yes,No,Yes,No,Yes,No,Yes,Yes,No,No,No,Yes,0,0,0,0,0,0,0,1,0,0,0,0,0,0,1,0,0,0,0,0
17,Female,91020,Yes,No,Yes,No,Yes,No,No,No,Yes,No,Yes,Yes,No,Yes,Yes,Yes,0,0,0,0,0,0,0,1,0,0,0,0,0,0,0,0,0,0,0,1
6,Female,313404,Yes,Yes,No,No,No,Yes,Yes,Yes,Yes,No,No,No,Yes,Yes,Yes,No,0,0,0,0,0,0,0,0,0,0,0,0,0,0,1,1,0,0,0,0
51,Female,199040,No,No,Yes,Yes,No,Yes,No,No,Yes,No,Yes,Yes,No,No,No,No,0,1,0,0,0,0,0,1,1,1,0,0,0,0,0,0,1,0,0,0
53,Female,296714,No,No,Yes,No,No,No,No,Yes,No,No,No,No,No,No,No,Yes,0,0,0,0,0,0,0,0,0,0,0,0,0,0,0,0,0,0,0,0
16,Male,321844,Yes,No,No,No,No,No,No,No,Yes,No,No,Yes,Yes,No,No,No,0,0,0,0,0,0,0,0,0,0,0,0,0,0,0,0,0,0,0,0
38,Male,280602,No,No,No,No,Yes,No,No,Yes,No,No,Yes,No,No,Yes,No,No,0,0,0,0,0,0,0,1,0,0,0,0,0,0,0,0,0,0,0,0
21,Female,337409,Yes,No,Yes,Yes,Yes,No,Yes,Yes,Yes,Yes,No,Yes,No,No,No,Yes,0,0,0,0,0,0,0,0,1,0,0,0,1,0,1,1,0,0,0,0
50,Male,371299,No,No,Yes,No,No,No,Yes,Yes,Yes,No,Yes,No,Yes,Yes,No,Yes,0,0,0,0,0,0,0,1,1,0,0,0,0,0,0,0,1,0,0,0
71,Female,219879,No,No,No,No,No,Yes,Yes,Yes,No,No,Yes,No,No,No,No,Yes,0,1,0,0,0,0,0,1,0,0,0,0,0,0,0,0,0,0,0,0
16,Female,310184,Yes,No,Yes,No,Yes,No,Yes,Yes,Yes,Yes,No,Yes,No,Yes,Yes,Yes,0,0,0,0,0,0,0,0,0,0,0,0,0,0,1,1,0,0,0,0
7,Female,226553,Yes,No,Yes,No,No,No,Yes,Yes,No,No,Yes,No,Yes,Yes,Yes,Yes,0,0,0,0,0,0,0,1,0,0,0,1,0,0,1,1,0,0,0,0
13,Female,101331,No,No,No,No,Yes,No,No,No,Yes,No,Yes,No,No,No,Yes,Yes,0,0,0,0,0,0,0,1,0,0,0,0,0,0,0,0,0,0,0,0
60,Female,492249,No,No,No,Yes,No,No,No,Yes,No,No,Yes,Yes,Yes,No,No,Yes,0,0,0,0,0,0,0,0,0,0,1,0,0,0,0,0,0,0,0,0
46,Female,102052,No,No,No,Yes,No,Yes,No,Yes,No,No,No,No,Yes,Yes,No,Yes,0,0,0,0,0,0,0,0,0,0,1,1,0,0,0,0,0,0,0,0
51,Male,34764,No,No,Yes,No,No,No,Yes,Yes,No,No,No,Yes,Yes,Yes,No,Yes,0,0,0,0,0,0,0,0,0,1,0,1,0,1,0,0,0,0,0,0
52,Female,34649,No,No,No,No,No,Yes,Yes,No,No,No,Yes,Yes,Yes,No,No,Yes,0,1,0,0,0,0,0,1,0,1,1,1,0,0,0,0,0,0,0,0
5,Female,478362,Yes,Yes,No,No,No,Yes,No,No,No,No,Yes,Yes,No,Yes,Yes,Yes,0,0,0,1,0,0,0,0,0,0,0,0,0,0,0,0,0,0,0,0
23,Female,303796,Yes,Yes,Yes,Yes,Yes,Yes,No,Yes,Yes,Yes,Yes,No,No,Yes,No,No,0,0,0,0,0,0,0,1,1,0,0,0,1,0,0,1,1,1,0,0
36,Female,385427,No,No,Yes,Yes,Yes,Yes,Yes,No,Yes,Yes,Yes,Yes,No,No,No,Yes,0,0,0,0,0,0,0,1,1,0,0,0,1,0,0,0,1,1,0,0
56,Female,193118,No,No,No,Yes,Yes,No,Yes,Yes,No,No,Yes,No,No,Yes,No,No,0,1,0,0,0,0,0,1,0,0,0,0,0,0,0,0,0,0,0,0
27,Male,100155,No,No,No,No,No,No,Yes,No,Yes,No,Yes,No,Yes,No,No,Yes,0,0,0,0,0,0,0,1,0,0,0,1,0,0,0,0,0,0,0,1
10,Female,43430,No,No,Yes,No,No,No,No,Yes,Yes,No,Yes,No,Yes,Yes,Yes,No,0,0,0,0,0,0,0,1,0,0,0,1,0,0,0,0,0,0,1,0
39,Male,355077,No,No,Yes,No,No,No,Yes,No,No,No,Yes,Yes,Yes,Yes,No,No,0,0,0,0,0,0,0,1,0,0,0,0,0,0,0,0,0,0,0,0
1,Male,47591,No,No,No,No,No,No,Yes,No,No,No,No,No,Yes,Yes,No,No,0,0,0,0,0,0,0,0,0,0,0,1,0,0,0,0,0,0,0,0
45,Male,258347,No,No,Yes,No,No,No,Yes,Yes,No,No,No,Yes,Yes,Yes,No,Yes,0,0,0,0,0,0,0,0,0,1,0,0,0,0,0,0,0,0,0,0
55,Male,230815,No,No,No,No,No,No,Yes,No,No,No,Yes,No,No,Yes,No,No,0,0,0,0,0,0,0,1,0,0,0,0,0,0,0,0,0,0,0,0
61,Female,92485,No,No,Yes,Yes,Yes,No,Yes,No,Yes,No,No,No,No,Yes,No,No,0,0,0,0,0,0,0,0,1,0,0,0,0,0,0,0,0,0,0,0
67,Male,313197,No,No,Yes,No,Yes,No,Yes,Yes,No,No,No,No,No,Yes,No,No,0,0,0,0,0,0,0,0,0,0,0,0,0,0,0,0,0,0,0,0
6,Male,205595,No,No,No,No,Yes,No,Yes,Yes,No,No,No,Yes,Yes,Yes,No,Yes,0,0,0,0,0,0,0,0,0,0,0,1,0,0,0,0,0,0,0,0
62,Female,93093,No,No,Yes,No,Yes,Yes,Yes,Yes,Yes,No,Yes,No,Yes,Yes,No,Yes,0,1,0,0,0,0,0,1,1,0,1,1,0,0,0,0,1,0,0,0
85,Male,271892,No,No,No,No,Yes,No,No,No,Yes,No,No,Yes,No,Yes,No,No,0,0,0,0,0,0,0,0,0,1,0,0,0,0,0,0,0,0,0,0
27,Female,374513,No,No,No,Yes,No,No,No,No,Yes,Yes,Yes,Yes,No,Yes,No,No,0,0,0,0,0,0,0,1,0,0,0,0,1,0,0,0,0,1,0,0
77,Male,288442,No,No,No,No,No,No,No,Yes,No,No,No,No,Yes,No,No,Yes,0,0,0,0,0,0,0,0,0,0,0,0,0,0,0,0,0,0,0,0
64,Female,232257,No,No,No,No,No,No,Yes,Yes,Yes,No,Yes,No,No,No,No,No,0,1,0,0,0,0,0,1,0,0,0,0,0,0,0,0,0,0,0,0
46,Female,42673,No,No,Yes,No,Yes,No,Yes,No,Yes,No,No,Yes,No,Yes,No,No,0,0,0,0,0,0,0,0,1,1,0,0,0,1,0,0,0,0,0,0
84,Male,150102,No,No,No,No,No,No,No,Yes,No,No,Yes,Yes,No,No,No,Yes,0,0,0,0,0,0,0,1,0,1,0,0,0,0,0,0,0,0,0,0
30,Male,240631,No,No,No,No,Yes,No,Yes,Yes,No,No,Yes,Yes,No,No,No,Yes,0,0,0,0,0,0,0,1,0,1,0,0,0,0,0,0,0,0,0,1
52,Female,305802,No,No,Yes,Yes,Yes,No,No,No,No,No,No,No,Yes,Yes,No,Yes,0,0,0,0,0,0,0,0,0,0,1,0,0,0,0,0,0,0,0,0
52,Female,404657,No,No,No,No,Yes,Yes,No,Yes,Yes,No,No,Yes,Yes,Yes,No,No,0,0,0,0,0,0,0,0,0,0,1,0,0,0,0,0,0,0,0,0
12,Male,253724,No,No,Yes,No,No,No,Yes,Yes,No,No,Yes,No,Yes,Yes,No,Yes,0,0,0,0,0,0,0,1,0,0,0,0,0,0,0,0,0,0,0,0
20,Female,339586,Yes,No,Yes,No,No,Yes,Yes,Yes,No,Yes,No,Yes,Yes,No,No,Yes,0,0,0,0,0,0,0,0,0,0,1,0,1,0,1,1,0,0,0,0
4,Female,495707,Yes,No,No,No,Yes,Yes,No,No,Yes,No,No,No,No,No,Yes,Yes,0,0,0,0,0,0,0,0,0,0,0,0,0,0,0,0,0,0,0,0
77,Female,386191,No,No,Yes,No,Yes,Yes,No,No,No,No,No,Yes,No,Yes,No,Yes,0,0,0,0,0,0,0,0,0,0,0,0,0,0,0,0,0,0,0,0
58,Male,111560,No,No,No,No,Yes,No,No,No,No,No,Yes,No,No,Yes,No,No,0,0,0,0,0,0,0,1,0,0,0,0,0,0,0,0,0,0,0,0
26,Male,474103,No,No,Yes,No,No,No,Yes,No,No,No,Yes,Yes,Yes,No,No,No,0,0,0,0,0,0,0,0,0,0,0,0,0,0,0,0,0,0,0,0
60,Female,57282,No,No,Yes,No,No,No,Yes,Yes,Yes,No,Yes,Yes,Yes,Yes,No,Yes,0,1,0,0,1,0,0,1,1,1,1,1,0,1,0,0,1,0,0,0
22,Female,265199,No,No,Yes,No,No,No,No,No,No,No,No,Yes,No,No,No,Yes,0,0,0,0,0,0,0,0,0,1,0,0,0,0,0,0,0,0,0,0
37,Male,496260,No,No,No,No,No,No,Yes,No,Yes,No,No,No,No,No,No,Yes,0,0,0,0,0,0,0,0,0,0,0,0,0,0,0,0,0,0,0,0
4,Female,217719,No,No,Yes,No,No,Yes,Yes,No,Yes,No,No,No,No,No,Yes,No,0,0,0,0,0,0,0,0,0,0,0,0,0,0,0,0,0,0,0,0
38,Female,185796,No,No,No,No,No,No,Yes,No,Yes,Yes,No,No,Yes,No,No,No,0,0,0,0,0,0,0,0,0,0,1,1,1,0,0,0,0,0,0,0
11,Male,381098,No,No,Yes,No,No,No,Yes,Yes,Yes,No,Yes,Yes,No,No,No,Yes,0,0,0,0,0,0,0,1,0,0,0,0,0,0,0,0,0,0,0,0
11,Female,11938,No,No,Yes,No,No,No,No,No,Yes,No,No,Yes,No,No,Yes,Yes,0,0,0,0,0,0,0,0,0,0,0,0,0,0,0,0,0,0,0,0
29,Male,131786,No,No,Yes,No,No,No,No,No,No,No,No,Yes,No,Yes,No,No,0,0,0,0,0,0,0,0,0,1,0,0,0,0,0,0,0,0,0,0
56,Female,433110,No,No,Yes,Yes,Yes,No,No,Yes,Yes,No,No,No,Yes,No,No,No,0,0,0,0,0,0,0,0,1,0,1,0,0,0,0,0,0,0,0,0
35,Female,103760,No,No,Yes,Yes,Yes,No,Yes,No,Yes,Yes,No,Yes,Yes,No,No,No,0,0,0,0,0,0,0,0,1,1,1,1,1,0,0,0,0,0,0,0
37,Male,334562,No,No,No,No,No,No,No,No,Yes,No,No,No,Yes,No,No,No,0,0,0,0,0,0,0,0,0,0,0,0,0,0,0,0,0,0,0,0
70,Male,63668,No,No,Yes,No,Yes,No,Yes,Yes,No,No,Yes,Yes,Yes,No,No,Yes,0,0,0,0,1,0,1,1,0,1,0,1,0,0,0,0,0,0,0,0
80,Male,335781,No,No,No,No,No,No,Yes,No,No,No,No,Yes,Yes,Yes,No,No,0,0,0,0,0,0,0,0,0,0,0,0,0,0,0,0,0,0,0,0
9,Female,418637,Yes,Yes,No,No,Yes,No,No,No,No,No,Yes,Yes,Yes,Yes,Yes,No,0,0,0,1,0,0,0,0,0,0,0,0,0,0,0,0,0,0,0,0
6,Male,412504,No,No,Yes,No,No,No,No,No,No,No,No,No,Yes,No,No,Yes,0,0,0,0,0,0,0,0,0,0,0,0,0,0,0,0,0,0,0,0
64,Female,98315,No,No,Yes,Yes,No,Yes,Yes,No,Yes,No,Yes,No,Yes,Yes,No,No,0,1,0,0,0,0,0,1,1,0,1,1,0,0,0,0,1,0,0,0
33,Male,66231,No,No,No,No,Yes,No,Yes,No,Yes,No,No,No,No,No,No,Yes,0,0,0,0,0,0,0,0,0,0,0,0,0,0,0,0,0,0,0,0
11,Female,464273,Yes,Yes,No,No,No,No,No,No,Yes,No,Yes,No,Yes,Yes,Yes,No,0,0,0,1,0,0,0,0,0,0,0,0,0,0,0,0,0,0,0,0
73,Female,466264,No,No,No,No,Yes,No,Yes,Yes,Yes,No,Yes,No,No,Yes,No,No,0,0,0,0,0,0,0,0,0,0,0,0,0,0,0,0,0,0,0,0
23,Male,119206,Yes,No,No,No,No,No,Yes,No,Yes,No,No,Yes,Yes,No,No,No,0,0,0,0,0,0,0,0,0,1,0,1,0,0,1,0,0,0,0,0
6,Female,393155,Yes,Yes,No,No,No,Yes,No,No,Yes,No,Yes,Yes,No,No,Yes,Yes,0,0,0,1,0,0,0,1,0,0,0,0,0,0,0,0,0,0,0,0
1,Male,250856,No,No,Yes,No,Yes,No,No,Yes,No,No,Yes,Yes,Yes,Yes,No,Yes,0,0,0,0,0,0,0,1,0,0,0,0,0,0,0,0,0,0,0,0
75,Male,133473,No,No,No,No,Yes,No,No,No,No,No,Yes,No,No,No,No,No,0,0,0,0,0,0,0,1,0,0,0,0,0,0,0,0,0,0,0,0
10,Male,150239,No,No,No,No,No,No,Yes,Yes,No,No,No,No,Yes,No,No,Yes,0,0,0,0,0,0,0,0,0,0,0,1,0,0,0,0,0,0,0,0
30,Female,405490,No,No,No,Yes,No,No,Yes,No,Yes,No,No,Yes,No,Yes,No,Yes,0,0,0,0,0,0,0,0,0,0,0,0,0,0,0,0,0,0,0,0
55,Female,228596,No,No,No,Yes,Yes,No,Yes,No,Yes,No,No,Yes,No,No,No,No,0,0,0,0,0,0,0,0,0,1,0,0,0,0,0,0,0,0,0,0
56,Female,47357,No,No,No,Yes,No,No,No,No,Yes,No,Yes,No,Yes,No,No,No,0,1,0,0,0,1,0,1,0,0,1,1,0,0,0,0,0,0,0,0
73,Male,441912,No,No,No,No,No,No,Yes,Yes,No,No,No,Yes,Yes,No,No,Yes,0,0,0,0,0,0,0,0,0,0,0,0,0,0,0,0,0,0,0,0
3,Male,193142,No,No,No,No,No,No,No,Yes,Yes,No,No,No,Yes,Yes,No,No,0,0,0,0,0,0,0,0,0,0,0,1,0,0,0,0,0,0,0,0
82,Male,397335,No,No,Yes,No,No,No,Yes,Yes,Yes,No,No,Yes,No,No,No,Yes,0,0,0,0,0,0,0,0,1,0,0,0,0,0,0,0,0,0,0,0
77,Female,316137,No,No,Yes,Yes,No,Yes,Yes,Yes,Yes,No,Yes,No,Yes,Yes,No,Yes,0,0,0,0,0,0,0,1,1,0,1,0,0,0,0,0,1,0,0,0
4,Female,165133,Yes,No,Yes,No,Yes,No,No,Yes,Yes,No,No,No,No,No,Yes,Yes,0,0,0,0,0,0,0,0,0,0,0,0,0,0,0,0,0,0,0,0
47,Female,260984,No,No,Yes,No,No,No,No,Yes,No,No,No,No,No,Yes,No,No,0,0,0,0,0,0,0,0,0,0,0,0,0,0,0,0,0,0,0,0
76,Female,258328,No,No,No,Yes,Yes,No,Yes,Yes,No,No,Yes,Yes,Yes,No,No,No,0,0,0,0,0,0,0,1,0,1,1,0,0,0,0,0,0,0,0,0
7,Male,224653,Yes,No,Yes,No,No,No,No,Yes,No,No,No,No,No,No,No,Yes,0,0,0,0,0,0,0,0,0,0,0,0,0,0,0,1,0,0,0,0
43,Female,354490,No,No,No,Yes,Yes,Yes,No,No,No,Yes,No,No,No,Yes,No,No,0,0,0,0,0,0,0,0,0,0,0,0,1,0,0,0,0,0,0,0
10,Male,239768,No,No,No,No,Yes,No,No,No,Yes,No,Yes,Yes,No,No,No,No,0,0,0,0,0,0,0,1,0,0,0,0,0,0,0,0,0,0,0,0
13,Male,174844,No,No,No,No,Yes,No,No,No,Yes,No,No,No,Yes,Yes,No,No,0,0,0,0,0,0,0,0,0,0,0,1,0,0,0,0,0,0,0,0
26,Female,358764,No,No,Yes,No,Yes,Yes,Yes,No,No,No,Yes,Yes,Yes,No,No,No,0,0,0,0,0,0,0,1,0,0,1,0,0,0,0,0,0,0,0,0
16,Female,175545,No,No,Yes,No,Yes,Yes,No,Yes,Yes,Yes,No,No,Yes,No,Yes,No,0,0,0,0,0,0,0,0,0,0,0,1,0,0,0,0,0,0,0,0
30,Female,62414,No,No,Yes,No,Yes,No,No,Yes,Yes,No,Yes,No,No,Yes,No,No,0,1,0,0,0,0,1,1,1,0,0,0,0,1,0,0,1,0,0,0
36,Female,56608,No,No,Yes,No,No,No,No,No,Yes,No,No,Yes,Yes,No,No,Yes,0,0,0,0,0,0,0,0,1,1,1,1,0,0,0,0,0,0,0,0
74,Male,105541,No,No,Yes,No,No,No,Yes,Yes,No,No,No,Yes,Yes,No,No,Yes,0,0,0,0,0,0,0,0,0,1,0,1,0,0,0,0,0,0,0,0
25,Female,201068,No,No,No,Yes,Yes,No,Yes,Yes,Yes,No,No,No,Yes,No,No,Yes,0,0,0,0,0,0,0,0,0,0,1,1,0,0,0,0,0,0,0,0
82,Female,399764,No,No,Yes,No,No,Yes,Yes,No,Yes,No,Yes,Yes,No,No,No,No,0,0,0,0,0,0,0,1,1,0,0,0,0,0,0,0,1,0,0,0
26,Female,101660,No,No,Yes,Yes,Yes,Yes,No,Yes,No,No,No,No,No,No,No,Yes,0,0,0,0,0,0,0,0,0,0,0,0,0,0,0,0,0,0,0,0
24,Female,49414,No,No,No,Yes,Yes,Yes,No,No,Yes,No,Yes,No,No,Yes,No,No,0,1,0,0,0,1,1,1,0,0,0,0,0,1,0,0,0,0,0,0
59,Male,27396,No,No,Yes,No,No,No,Yes,Yes,Yes,No,No,No,Yes,No,No,Yes,0,0,0,0,0,0,0,0,1,0,0,1,0,0,0,0,0,0,0,0
11,Male,230087,No,No,Yes,No,No,No,Yes,Yes,No,No,No,No,No,No,No,Yes,0,0,0,0,0,0,0,0,0,0,0,0,0,0,0,0,0,0,0,0
32,Male,23224,No,No,No,No,Yes,No,Yes,No,Yes,No,Yes,Yes,Yes,Yes,No,No,0,0,0,0,0,0,1,1,0,1,0,1,0,1,0,0,0,0,0,0
39,Male,280298,No,No,No,No,Yes,No,No,No,Yes,No,Yes,No,Yes,Yes,No,No,0,0,0,0,0,0,0,1,0,0,0,0,0,0,0,0,0,0,0,0
39,Female,277139,No,No,No,Yes,No,No,No,Yes,Yes,Yes,No,No,Yes,No,No,No,0,0,0,0,0,0,0,0,0,0,1,0,1,0,0,0,0,0,0,0
41,Female,481429,No,No,Yes,No,Yes,No,No,Yes,Yes,Yes,Yes,No,Yes,Yes,No,Yes,0,0,0,0,0,0,0,0,1,0,1,0,1,0,0,0,1,1,0,0
8,Male,80144,Yes,Yes,No,No,Yes,No,No,Yes,No,No,Yes,Yes,Yes,Yes,No,No,0,0,0,1,0,0,0,1,0,0,0,1,0,0,0,1,0,0,0,0
47,Male,165068,No,No,No,No,No,No,Yes,Yes,No,No,No,No,Yes,Yes,No,Yes,0,0,0,0,0,0,0,0,0,0,0,1,0,0,0,0,0,0,0,0
43,Male,152675,No,No,No,No,Yes,No,No,No,No,No,Yes,No,Yes,No,No,No,0,0,0,0,0,0,0,1,0,0,0,1,0,0,0,0,0,0,0,0
62,Female,134819,No,No,Yes,No,Yes,Yes,Yes,Yes,Yes,No,Yes,Yes,No,No,No,No,0,1,0,0,0,0,0,1,1,1,0,0,0,0,0,0,1,0,0,0
11,Male,29239,Yes,Yes,Yes,No,No,No,Yes,Yes,Yes,No,Yes,No,No,Yes,No,No,0,0,0,1,0,0,0,1,0,0,0,0,0,0,1,1,0,0,0,0
50,Female,308005,No,No,Yes,Yes,Yes,No,No,No,Yes,No,Yes,No,No,Yes,No,No,0,0,0,0,0,0,0,1,1,0,0,0,0,0,0,0,1,0,0,0
49,Male,143625,No,No,Yes,No,Yes,No,Yes,Yes,No,No,Yes,No,Yes,No,No,Yes,0,0,0,0,0,0,0,1,0,0,0,1,0,0,0,0,0,0,0,0
83,Male,195605,No,No,Yes,No,No,No,Yes,Yes,Yes,No,Yes,No,No,No,No,No,0,0,0,0,0,0,0,1,1,0,0,0,0,0,0,0,1,0,0,0
19,Male,70315,Yes,No,Yes,No,Yes,No,No,Yes,No,No,No,No,Yes,No,No,Yes,0,0,0,0,0,0,0,0,0,0,0,1,0,0,0,1,0,0,0,0
69,Female,31544,No,No,No,No,No,Yes,No,No,No,No,Yes,No,No,Yes,No,Yes,0,1,0,0,1,0,0,1,0,0,0,0,0,1,0,0,0,0,0,0
2,Male,476942,No,No,Yes,No,No,No,No,Yes,No,No,Yes,Yes,Yes,Yes,No,Yes,0,0,0,0,0,0,0,0,0,0,0,0,0,0,0,0,0,0,0,0
49,Male,210350,No,No,Yes,No,No,No,Yes,No,Yes,No,No,Yes,Yes,Yes,No,Yes,0,0,0,0,0,0,0,0,1,1,0,1,0,0,0,0,0,0,0,0
76,Male,495928,No,No,No,No,Yes,No,No,Yes,Yes,No,Yes,No,No,No,No,No,0,0,0,0,0,0,0,0,0,0,0,0,0,0,0,0,0,0,0,0
31,Male,181434,No,No,No,No,No,No,No,Yes,No,No,No,Yes,No,No,No,Yes,0,0,0,0,0,0,0,0,0,1,0,0,0,0,0,0,0,0,0,0
3,Male,347289,No,No,No,No,Yes,No,Yes,No,Yes,No,No,Yes,Yes,No,No,Yes,0,0,0,0,0,0,0,0,0,0,0,0,0,0,0,0,0,0,0,0
26,Male,388516,No,No,No,No,No,No,No,No,No,No,Yes,No,No,No,No,No,0,0,0,0,0,0,0,1,0,0,0,0,0,0,0,0,0,0,0,0
10,Male,257617,Yes,Yes,Yes,No,No,No,Yes,Yes,No,No,Yes,No,No,Yes,No,Yes,0,0,0,1,0,0,0,1,0,0,0,0,0,0,1,1,0,0,0,0
83,Female,463612,No,No,No,No,Yes,Yes,No,No,No,No,No,Yes,No,No,No,No,0,0,0,0,0,0,0,0,0,0,0,0,0,0,0,0,0,0,0,0
5,Female,135878,Yes,No,Yes,No,No,No,Yes,No,Yes,No,Yes,Yes,Yes,No,Yes,Yes,0,0,0,0,0,0,0,1,0,0,0,1,0,0,1,0,0,0,0,0
74,Male,282704,No,No,No,No,Yes,No,No,Yes,No,No,No,No,No,Yes,No,Yes,0,0,0,0,0,0,0,0,0,0,0,0,0,0,0,0,0,0,0,0
85,Female,467517,No,No,No,No,No,Yes,No,Yes,No,No,Yes,Yes,No,No,No,No,0,0,0,0,0,0,0,0,0,0,0,0,0,0,0,0,0,0,0,0
4,Male,128244,No,No,Yes,No,Yes,No,No,No,No,No,No,No,No,No,No,Yes,0,0,0,0,0,0,0,0,0,0,0,0,0,0,0,0,0,0,0,0
31,Male,125289,No,No,No,No,Yes,No,Yes,No,Yes,No,No,Yes,No,Yes,No,Yes,0,0,0,0,0,0,0,0,0,1,0,0,0,0,0,0,0,0,0,0
59,Female,358150,No,No,No,Yes,No,No,No,Yes,No,No,Yes,No,Yes,No,No,No,0,0,0,0,0,0,0,1,0,0,1,0,0,0,0,0,0,0,0,0
36,Female,381962,No,No,Yes,Yes,Yes,Yes,Yes,No,No,Yes,Yes,Yes,No,No,No,No,0,0,0,0,0,0,0,1,0,0,0,0,1,0,0,0,0,1,0,0
3,Female,321703,Yes,No,Yes,No,Yes,Yes,No,Yes,No,No,Yes,No,Yes,No,Yes,Yes,0,0,0,0,0,0,0,1,0,0,0,0,0,0,0,0,0,0,0,0
76,Female,136071,No,No,No,Yes,No,Yes,No,No,No,No,No,No,No,Yes,No,Yes,0,0,0,0,0,0,0,0,0,0,0,0,0,0,0,0,0,0,0,0
6,Male,417209,No,No,Yes,No,No,No,Yes,Yes,No,No,Yes,No,No,Yes,No,Yes,0,0,0,0,0,0,0,0,0,0,0,0,0,0,0,0,0,0,0,0
51,Male,492475,No,No,Yes,No,No,No,No,No,Yes,No,No,Yes,No,Yes,No,No,0,0,0,0,0,0,0,0,1,0,0,0,0,0,0,0,0,0,0,0
67,Female,103114,No,No,No,Yes,No,Yes,No,Yes,No,No,Yes,Yes,Yes,Yes,No,Yes,0,1,0,0,0,0,0,1,0,1,1,1,0,0,0,0,0,0,0,0
42,Female,99770,No,No,No,Yes,Yes,No,No,Yes,No,Yes,Yes,No,Yes,No,No,Yes,0,1,0,0,0,0,0,1,0,0,1,1,1,0,0,0,0,1,0,0
72,Male,292389,No,No,No,No,No,No,Yes,Yes,Yes,No,No,Yes,No,Yes,No,Yes,0,0,0,0,0,0,0,0,0,1,0,0,0,0,0,0,0,0,0,0
62,Male,221236,No,No,No,No,Yes,No,Yes,No,Yes,No,No,Yes,No,No,No,Yes,0,0,0,0,0,0,0,0,0,1,0,0,0,0,0,0,0,0,0,0
19,Male,396946,Yes,Yes,Yes,No,Yes,No,Yes,No,Yes,No,Yes,Yes,Yes,Yes,No,Yes,0,0,1,0,0,0,0,1,1,0,0,0,0,0,1,0,1,0,0,1
57,Male,75752,No,No,No,No,Yes,No,No,Yes,No,No,No,No,Yes,No,No,No,0,0,0,0,0,0,0,0,0,0,0,1,0,0,0,0,0,0,0,0
77,Male,56100,No,No,No,No,Yes,No,No,No,Yes,No,Yes,Yes,No,No,No,No,0,0,0,0,1,0,1,1,0,1,0,0,0,0,0,0,0,0,0,0
63,Female,122293,No,No,Yes,Yes,Yes,No,Yes,Yes,No,No,Yes,Yes,Yes,Yes,No,Yes,0,1,0,0,0,0,0,1,0,1,1,1,0,0,0,0,0,0,0,0
71,Female,262411,No,No,No,No,No,Yes,Yes,No,No,No,No,No,Yes,Yes,No,Yes,0,0,0,0,0,0,0,0,0,0,1,0,0,0,0,0,0,0,0,0
17,Male,399288,Yes,No,Yes,No,Yes,No,Yes,Yes,No,No,No,Yes,Yes,No,No,Yes,0,0,0,0,0,0,0,0,0,0,0,0,0,0,1,1,0,0,0,0
42,Male,275090,No,No,No,No,No,No,No,No,No,No,No,No,Yes,Yes,No,No,0,0,0,0,0,0,0,0,0,0,0,0,0,0,0,0,0,0,0,0
20,Male,161048,Yes,No,No,No,Yes,No,No,No,No,No,No,No,No,Yes,No,Yes,0,0,0,0,0,0,0,0,0,0,0,0,0,0,0,0,0,0,0,0
77,Male,214007,No,No,No,No,Yes,No,No,Yes,No,No,Yes,Yes,No,Yes,No,No,0,0,0,0,0,0,0,1,0,1,0,0,0,0,0,0,0,0,0,0
51,Male,463533,No,No,No,No,No,No,Yes,No,Yes,No,No,Yes,No,No,No,No,0,0,0,0,0,0,0,0,0,0,0,0,0,0,0,0,0,0,0,0
43,Male,417711,No,No,No,No,No,No,Yes,No,Yes,No,Yes,Yes,No,No,No,Yes,0,0,0,0,0,0,0,0,0,0,0,0,0,0,0,0,0,0,0,0
50,Female,120572,No,No,Yes,No,No,Yes,Yes,No,Yes,No,Yes,No,Yes,Yes,No,No,0,1,0,0,0,0,0,1,1,0,1,1,0,0,0,0,1,0,0,0
11,Female,494932,No,No,Yes,No,Yes,No,No,Yes,Yes,No,No,No,No,Yes,Yes,Yes,0,0,0,0,0,0,0,0,0,0,0,0,0,0,0,0,0,0,0,0
34,Male,151825,No,No,Yes,No,No,No,No,No,No,No,Yes,No,Yes,Yes,No,No,0,0,0,0,0,0,0,1,0,0,0,1,0,0,0,0,0,0,0,0
4,Male,174659,No,No,No,No,No,No,Yes,Yes,No,No,No,No,No,No,No,No,0,0,0,0,0,0,0,0,0,0,0,0,0,0,0,0,0,0,0,0
72,Male,494037,No,No,No,No,Yes,No,No,Yes,No,No,Yes,No,No,No,No,Yes,0,0,0,0,0,0,0,0,0,0,0,0,0,0,0,0,0,0,0,0
21,Female,164453,No,No,Yes,Yes,Yes,Yes,No,Yes,Yes,Yes,No,No,No,No,No,Yes,0,0,0,0,0,0,0,0,1,0,0,0,1,0,0,0,0,0,0,0
13,Male,259524,No,No,No,No,No,No,No,No,No,No,Yes,No,Yes,Yes,No,Yes,0,0,0,0,0,0,0,1,0,0,0,0,0,0,0,0,0,0,0,0
66,Female,126386,No,No,Yes,Yes,Yes,No,Yes,No,Yes,No,Yes,No,No,No,No,Yes,0,1,0,0,0,0,0,1,1,0,0,0,0,0,0,0,1,0,0,0
40,Male,380962,No,No,Yes,No,Yes,No,No,Yes,Yes,No,Yes,Yes,Yes,Yes,No,No,0,0,0,0,0,0,0,1,1,0,0,0,0,0,0,0,1,0,0,0
69,Female,329630,No,No,Yes,Yes,No,No,No,No,Yes,No,Yes,Yes,Yes,No,No,Yes,0,0,0,0,0,0,0,1,1,0,1,0,0,0,0,0,1,0,0,0
61,Female,234700,No,No,Yes,Yes,No,No,Yes,No,No,No,No,No,No,Yes,No,No,0,0,0,0,0,0,0,0,0,0,0,0,0,0,0,0,0,0,0,0
64,Female,294572,No,No,No,No,No,Yes,No,No,Yes,No,No,Yes,No,Yes,No,Yes,0,0,0,0,0,0,0,0,0,1,0,0,0,0,0,0,0,0,0,0
58,Female,239941,No,No,No,No,No,Yes,Yes,No,Yes,No,Yes,Yes,Yes,No,No,No,0,1,0,0,0,0,0,1,0,1,1,1,0,0,0,0,0,0,0,0
2,Male,29579,No,No,Yes,No,Yes,No,No,Yes,No,No,No,Yes,Yes,Yes,No,No,0,0,0,0,0,0,0,0,0,0,0,1,0,0,0,0,0,0,0,0
50,Male,102581,No,No,No,No,No,No,Yes,Yes,No,No,Yes,No,No,No,No,Yes,0,0,0,0,0,0,0,1,0,0,0,0,0,0,0,0,0,0,0,0
44,Male,497320,No,No,Yes,No,Yes,No,Yes,No,Yes,No,No,No,Yes,Yes,No,No,0,0,0,0,0,0,0,0,1,0,0,0,0,0,0,0,0,0,0,0
83,Female,408914,No,No,Yes,No,No,No,Yes,No,No,No,Yes,No,No,Yes,No,No,0,0,0,0,0,0,0,0,0,0,0,0,0,0,0,0,0,0,0,0
70,Male,429820,No,No,Yes,No,Yes,No,Yes,Yes,No,No,No,Yes,Yes,No,No,Yes,0,0,0,0,0,0,0,0,0,0,0,0,0,0,0,0,0,0,0,0
22,Female,349163,No,No,No,No,Yes,Yes,Yes,No,No,Yes,No,No,Yes,No,No,Yes,0,0,0,0,0,0,0,0,0,0,1,0,1,0,0,0,0,0,0,0
31,Male,50740,No,No,Yes,No,No,No,No,Yes,Yes,No,No,No,No,Yes,No,Yes,0,0,0,0,0,0,0,0,1,0,0,0,0,1,0,0,0,0,0,0
50,Male,58706,No,No,No,No,Yes,No,Yes,No,Yes,No,Yes,No,Yes,No,No,No,0,0,0,0,0,0,1,1,0,0,0,1,0,0,0,0,0,0,0,0
54,Female,82090,No,No,Yes,No,No,No,No,No,No,No,Yes,No,No,Yes,No,No,0,1,0,0,0,0,0,1,0,0,0,0,0,0,0,0,0,0,0,0
73,Female,402000,No,No,No,No,No,Yes,No,No,Yes,No,Yes,No,Yes,Yes,No,No,0,0,0,0,0,0,0,0,0,0,1,0,0,0,0,0,0,0,0,0
78,Female,216971,No,No,No,No,No,No,Yes,No,Yes,No,Yes,Yes,Yes,Yes,No,No,0,1,0,0,0,0,0,1,0,1,1,1,0,0,0,0,0,0,0,0
68,Male,271101,No,No,Yes,No,Yes,No,No,No,Yes,No,No,No,No,Yes,No,No,0,0,0,0,0,0,0,0,1,0,0,0,0,0,0,0,0,0,0,0
63,Male,437228,No,No,Yes,No,Yes,No,Yes,No,No,No,Yes,Yes,No,Yes,No,Yes,0,0,0,0,0,0,0,0,0,0,0,0,0,0,0,0,0,0,0,0
75,Female,144222,No,No,Yes,No,Yes,No,Yes,No,No,No,No,No,No,Yes,No,No,0,0,0,0,0,0,0,0,0,0,0,0,0,0,0,0,0,0,0,0
37,Male,124614,No,No,No,No,Yes,No,Yes,No,No,No,Yes,No,No,Yes,No,No,0,0,0,0,0,0,0,1,0,0,0,0,0,0,0,0,0,0,0,0
63,Male,120254,No,No,No,No,No,No,Yes,Yes,Yes,No,No,Yes,No,Yes,No,Yes,0,0,0,0,0,0,0,0,0,1,0,0,0,0,0,0,0,0,0,0
73,Male,62040,No,No,No,No,Yes,No,No,No,No,No,No,No,No,No,No,No,0,0,0,0,0,0,0,0,0,0,0,0,0,0,0,0,0,0,0,0
34,Female,67202,No,No,Yes,No,Yes,No,No,Yes,Yes,Yes,Yes,No,No,Yes,No,Yes,0,1,0,0,0,0,1,1,1,0,0,0,1,1,0,0,1,1,0,0
75,Male,29269,No,No,Yes,No,No,No,Yes,Yes,No,No,No,No,Yes,No,No,Yes,0,0,0,0,0,0,0,0,0,0,0,1,0,0,0,0,0,0,0,0
3,Female,418555,Yes,Yes,No,No,Yes,No,No,No,Yes,No,Yes,Yes,Yes,Yes,Yes,No,0,0,0,0,0,0,0,0,0,0,0,0,0,0,0,0,0,0,0,0
65,Female,491814,No,No,No,No,No,Yes,No,No,Yes,No,No,Yes,Yes,Yes,No,No,0,0,0,0,0,0,0,0,0,0,1,0,0,0,0,0,0,0,0,0
71,Female,379436,No,No,Yes,No,Yes,No,No,No,No,No,Yes,Yes,Yes,Yes,No,Yes,0,0,0,0,0,0,0,1,0,0,1,0,0,0,0,0,0,0,0,0
6,Female,199942,No,No,Yes,No,No,No,No,Yes,Yes,No,Yes,No,No,No,Yes,No,0,0,0,0,0,0,0,1,0,0,0,0,0,0,0,0,0,0,0,0
76,Male,360778,No,No,No,No,Yes,No,Yes,Yes,Yes,No,No,Yes,No,No,No,No,0,0,0,0,0,0,0,0,0,0,0,0,0,0,0,0,0,0,0,0
25,Male,78992,Yes,Yes,Yes,No,Yes,No,No,Yes,No,No,Yes,Yes,No,No,No,No,0,0,1,0,0,0,0,1,0,1,0,0,0,0,0,1,0,0,0,0
32,Male,406648,No,No,Yes,No,Yes,No,Yes,Yes,No,No,No,No,Yes,Yes,No,No,0,0,0,0,0,0,0,0,0,0,0,0,0,0,0,0,0,0,0,0
16,Female,482912,No,No,No,No,No,No,No,No,Yes,Yes,No,Yes,No,No,Yes,No,0,0,0,0,0,0,0,0,0,0,0,0,0,0,0,0,0,0,0,0
1,Male,475868,No,No,Yes,No,No,No,No,Yes,No,No,Yes,Yes,No,No,No,No,0,0,0,0,0,0,0,0,0,0,0,0,0,0,0,0,0,0,0,0
76,Male,351236,No,No,Yes,No,No,No,Yes,No,Yes,No,Yes,No,Yes,No,No,No,0,0,0,0,0,0,0,1,1,0,0,0,0,0,0,0,1,0,0,0
53,Female,109252,No,No,No,No,No,Yes,No,Yes,No,No,No,Yes,No,Yes,No,Yes,0,0,0,0,0,0,0,0,0,1,0,0,0,0,0,0,0,0,0,0
48,Male,274221,No,No,No,No,Yes,No,No,No,Yes,No,Yes,Yes,No,Yes,No,No,0,0,0,0,0,0,0,1,0,1,0,0,0,0,0,0,0,0,0,0
68,Male,42095,No,No,No,No,Yes,No,No,Yes,Yes,No,No,No,No,Yes,No,No,0,0,0,0,0,0,0,0,0,0,0,0,0,1,0,0,0,0,0,0
79,Male,53975,No,No,No,No,Yes,No,No,No,No,No,No,Yes,No,Yes,No,No,0,0,0,0,0,0,0,0,0,1,0,0,0,1,0,0,0,0,0,0
70,Male,237581,No,No,Yes,No,Yes,No,Yes,No,No,No,Yes,Yes,No,No,No,Yes,0,0,0,0,0,0,0,1,0,1,0,0,0,0,0,0,0,0,0,0
45,Male,192376,No,No,Yes,No,No,No,Yes,Yes,No,No,No,Yes,No,No,No,No,0,0,0,0,0,0,0,0,0,1,0,0,0,0,0,0,0,0,0,0
21,Female,228807,Yes,No,No,Yes,No,No,Yes,Yes,No,No,Yes,Yes,Yes,No,No,No,1,1,0,0,0,0,0,1,0,1,1,1,0,0,1,1,0,0,0,0
56,Male,496537,No,No,Yes,No,Yes,No,Yes,Yes,No,No,No,No,No,No,No,No,0,0,0,0,0,0,0,0,0,0,0,0,0,0,0,0,0,0,0,0
79,Male,483413,No,No,Yes,No,No,No,No,Yes,No,No,Yes,Yes,No,Yes,No,No,0,0,0,0,0,0,0,0,0,0,0,0,0,0,0,0,0,0,0,0
21,Female,67398,Yes,Yes,No,No,No,Yes,No,Yes,Yes,Yes,Yes,Yes,No,Yes,No,Yes,1,1,0,0,0,0,0,1,0,1,0,0,1,1,0,1,0,1,0,1
84,Female,447363,No,No,Yes,No,Yes,No,Yes,Yes,No,No,Yes,Yes,No,Yes,No,No,0,0,0,0,0,0,0,0,0,0,0,0,0,0,0,0,0,0,0,0
70,Female,315494,No,No,No,Yes,Yes,Yes,No,Yes,Yes,No,No,Yes,Yes,Yes,No,Yes,0,0,0,0,0,0,0,0,0,0,1,0,0,0,0,0,0,0,0,0
84,Male,36234,No,No,Yes,No,Yes,No,No,No,Yes,No,Yes,No,Yes,No,No,Yes,0,0,0,0,1,0,1,1,1,0,0,1,0,0,0,0,1,0,0,0
41,Male,149117,No,No,No,No,Yes,No,Yes,Yes,No,No,No,No,No,No,No,No,0,0,0,0,0,0,0,0,0,0,0,0,0,0,0,0,0,0,0,0
71,Male,367425,No,No,No,No,Yes,No,No,No,No,No,No,No,No,Yes,No,No,0,0,0,0,0,0,0,0,0,0,0,0,0,0,0,0,0,0,0,0
5,Male,277456,No,No,Yes,No,No,No,No,Yes,Yes,No,Yes,Yes,No,Yes,No,No,0,0,0,0,0,0,0,1,0,0,0,0,0,0,0,0,0,0,0,0
76,Male,248458,No,No,No,No,No,No,No,Yes,Yes,No,Yes,Yes,No,No,No,Yes,0,0,0,0,0,0,0,1,0,1,0,0,0,0,0,0,0,0,0,0
15,Female,440072,Yes,Yes,Yes,No,No,Yes,Yes,No,No,No,No,Yes,Yes,Yes,Yes,Yes,0,0,0,0,0,0,0,0,0,0,0,0,0,0,1,0,0,0,0,0
9,Male,313925,Yes,No,No,No,Yes,No,No,No,Yes,No,Yes,Yes,No,No,No,No,0,0,0,0,0,0,0,1,0,0,0,0,0,0,0,0,0,0,0,0
9,Male,284436,No,No,No,No,No,No,No,No,Yes,No,Yes,Yes,Yes,No,No,No,0,0,0,0,0,0,0,1,0,0,0,0,0,0,0,0,0,0,0,0
55,Male,451188,No,No,Yes,No,No,No,Yes,Yes,No,No,Yes,Yes,No,No,No,Yes,0,0,0,0,0,0,0,0,0,0,0,0,0,0,0,0,0,0,0,0
14,Male,172641,No,No,Yes,No,Yes,No,No,Yes,No,No,Yes,Yes,No,Yes,No,No,0,0,0,0,0,0,0,1,0,0,0,0,0,0,0,0,0,0,0,0
9,Female,370894,Yes,Yes,No,No,No,Yes,Yes,Yes,Yes,No,No,No,Yes,Yes,Yes,Yes,0,0,0,0,0,0,0,0,0,0,0,0,0,0,1,1,0,0,0,0
38,Female,100841,No,No,Yes,No,Yes,Yes,No,No,No,No,No,Yes,No,Yes,No,Yes,0,0,0,0,0,0,0,0,0,1,0,0,0,0,0,0,0,0,0,0
25,Female,244972,No,No,Yes,No,Yes,Yes,Yes,Yes,No,No,Yes,No,Yes,No,No,Yes,0,1,0,0,0,0,0,1,0,0,1,1,0,0,0,0,0,0,0,1
28,Male,344969,No,No,Yes,No,Yes,No,Yes,Yes,Yes,No,No,Yes,No,Yes,No,Yes,0,0,0,0,0,0,0,0,1,0,0,0,0,0,0,0,0,0,0,0
51,Female,347239,No,No,Yes,No,Yes,Yes,No,Yes,No,No,Yes,No,Yes,No,No,No,0,0,0,0,0,0,0,1,0,0,1,0,0,0,0,0,0,0,0,0
70,Female,83235,No,No,No,No,Yes,No,No,No,No,No,No,Yes,Yes,Yes,No,Yes,0,0,0,0,0,0,0,0,0,1,1,1,0,0,0,0,0,0,0,0
39,Female,410139,No,No,Yes,Yes,No,No,No,Yes,Yes,No,No,Yes,No,No,No,Yes,0,0,0,0,0,0,0,0,1,0,0,0,0,0,0,0,0,0,0,0
51,Male,209984,No,No,No,No,No,No,No,Yes,No,No,No,Yes,No,Yes,No,Yes,0,0,0,0,0,0,0,0,0,1,0,0,0,0,0,0,0,0,0,0
78,Female,28933,No,No,Yes,No,Yes,Yes,No,No,Yes,No,Yes,No,Yes,Yes,No,Yes,0,1,0,0,1,0,1,1,1,0,1,1,0,1,0,0,1,0,0,0
16,Male,151654,Yes,No,Yes,No,Yes,No,No,No,No,No,Yes,Yes,No,Yes,No,No,0,0,0,0,0,0,0,1,0,0,0,0,0,0,0,0,0,0,0,0
73,Male,125507,No,No,Yes,No,Yes,No,No,No,Yes,No,Yes,Yes,Yes,No,No,No,0,0,0,0,0,0,0,1,1,1,0,1,0,0,0,0,1,0,0,0
42,Female,344044,No,No,Yes,No,No,No,No,Yes,No,No,No,Yes,No,No,No,Yes,0,0,0,0,0,0,0,0,0,0,0,0,0,0,0,0,0,0,0,0
31,Male,315366,No,No,No,No,Yes,No,Yes,Yes,Yes,No,No,Yes,Yes,Yes,No,No,0,0,0,0,0,0,0,0,0,0,0,0,0,0,0,0,0,0,0,0
76,Male,32952,No,No,Yes,No,Yes,No,Yes,No,Yes,No,Yes,No,Yes,Yes,No,Yes,0,0,0,0,1,0,1,1,1,0,0,1,0,1,0,0,1,0,0,0
25,Male,262701,No,No,No,No,Yes,No,No,No,No,No,Yes,Yes,No,Yes,No,Yes,0,0,0,0,0,0,0,1,0,1,0,0,0,0,0,0,0,0,0,1
47,Female,178894,No,No,Yes,No,No,Yes,No,Yes,Yes,No,No,No,Yes,No,No,Yes,0,0,0,0,0,0,0,0,1,0,1,1,0,0,0,0,0,0,0,0
2,Male,67650,Yes,No,Yes,No,No,No,Yes,No,No,No,Yes,Yes,No,Yes,No,Yes,0,0,0,0,0,0,0,1,0,0,0,0,0,0,0,0,0,0,0,0
76,Female,265816,No,No,No,Yes,No,Yes,Yes,No,Yes,No,Yes,No,No,Yes,No,No,0,0,0,0,0,0,0,1,0,0,0,0,0,0,0,0,0,0,0,0
12,Male,477861,Yes,Yes,Yes,No,No,No,No,Yes,Yes,No,Yes,No,Yes,No,No,Yes,0,0,0,1,0,0,0,0,0,0,0,0,0,0,0,1,0,0,0,0
64,Female,303980,No,No,No,No,Yes,Yes,No,No,No,No,Yes,No,No,Yes,No,Yes,0,0,0,0,0,0,0,1,0,0,0,0,0,0,0,0,0,0,0,0
37,Female,469099,No,No,Yes,Yes,Yes,No,No,No,Yes,No,Yes,No,Yes,No,No,No,0,0,0,0,0,0,0,0,1,0,1,0,0,0,0,0,1,0,0,0
52,Female,330503,No,No,Yes,No,No,Yes,No,No,No,No,Yes,Yes,No,Yes,No,No,0,0,0,0,0,0,0,1,0,0,0,0,0,0,0,0,0,0,0,0
69,Female,93461,No,No,Yes,Yes,No,No,Yes,Yes,Yes,No,No,Yes,Yes,Yes,No,No,0,0,0,0,0,0,0,0,1,1,1,1,0,0,0,0,0,0,0,0
9,Male,311044,No,No,Yes,No,Yes,No,No,No,Yes,No,Yes,Yes,No,No,No,Yes,0,0,0,0,0,0,0,1,0,0,0,0,0,0,0,0,0,0,0,0
75,Male,188490,No,No,Yes,No,Yes,No,No,Yes,No,No,No,Yes,No,Yes,No,No,0,0,0,0,0,0,0,0,0,1,0,0,0,0,0,0,0,0,0,0
40,Male,10767,No,No,Yes,No,No,No,Yes,No,Yes,No,No,Yes,Yes,Yes,No,No,0,0,0,0,0,0,0,0,1,1,0,1,0,1,0,0,0,0,0,0
84,Female,162397,No,No,No,Yes,No,No,No,Yes,No,No,Yes,No,Yes,No,No,Yes,0,1,0,0,0,0,0,1,0,0,1,1,0,0,0,0,0,0,0,0
69,Male,265832,No,No,Yes,No,Yes,No,No,No,Yes,No,No,Yes,Yes,Yes,No,Yes,0,0,0,0,0,0,0,0,1,1,0,0,0,0,0,0,0,0,0,0
64,Female,322388,No,No,Yes,No,Yes,Yes,No,Yes,No,No,No,No,No,Yes,No,No,0,0,0,0,0,0,0,0,0,0,0,0,0,0,0,0,0,0,0,0
13,Female,111307,No,No,Yes,No,Yes,No,Yes,Yes,Yes,No,Yes,No,Yes,No,Yes,No,0,0,0,0,0,0,0,1,0,0,0,1,0,0,0,0,0,0,0,0
18,Female,386905,No,No,No,No,Yes,Yes,No,Yes,No,No,Yes,No,Yes,No,No,Yes,0,0,0,0,0,0,0,1,0,0,1,0,0,0,0,0,0,0,0,1
7,Male,92804,Yes,Yes,No,No,No,No,Yes,No,Yes,No,Yes,Yes,Yes,No,No,Yes,0,0,0,1,0,0,0,1,0,0,0,1,0,0,1,0,0,0,0,0
6,Male,150587,Yes,No,Yes,No,Yes,No,Yes,No,Yes,No,Yes,No,No,Yes,No,No,0,0,0,0,0,0,0,1,0,0,0,0,0,0,1,0,0,0,0,0
24,Female,116496,No,No,No,No,No,Yes,No,Yes,Yes,No,No,Yes,No,Yes,No,No,0,0,0,0,0,0,0,0,0,1,0,0,0,0,0,0,0,0,0,0
33,Female,378000,No,No,No,No,No,No,No,Yes,No,Yes,No,No,No,Yes,No,No,0,0,0,0,0,0,0,0,0,0,0,0,1,0,0,0,0,0,0,0
69,Male,317769,No,No,No,No,Yes,No,No,No,No,No,Yes,Yes,No,No,No,Yes,0,0,0,0,0,0,0,1,0,0,0,0,0,0,0,0,0,0,0,0
62,Male,31455,No,No,Yes,No,No,No,Yes,Yes,No,No,No,Yes,Yes,No,No,No,0,0,0,0,0,0,0,0,0,1,0,1,0,0,0,0,0,0,0,0
80,Female,302707,No,No,Yes,No,No,No,No,Yes,Yes,No,No,No,No,Yes,No,Yes,0,0,0,0,0,0,0,0,1,0,0,0,0,0,0,0,0,0,0,0
54,Male,138962,No,No,Yes,No,Yes,No,Yes,Yes,No,No,Yes,Yes,No,Yes,No,Yes,0,0,0,0,0,0,0,1,0,1,0,0,0,0,0,0,0,0,0,0
43,Male,373647,No,No,No,No,Yes,No,Yes,Yes,Yes,No,No,No,Yes,No,No,No,0,0,0,0,0,0,0,0,0,0,0,0,0,0,0,0,0,0,0,0
1,Female,321903,No,No,Yes,No,No,No,Yes,Yes,Yes,No,No,Yes,Yes,Yes,Yes,Yes,0,0,0,0,0,0,0,0,0,0,0,0,0,0,0,0,0,0,0,0
26,Female,338589,No,No,No,No,Yes,Yes,Yes,Yes,Yes,Yes,No,Yes,No,No,No,No,0,0,0,0,0,0,0,0,0,0,0,0,1,0,0,0,0,0,0,0
45,Female,356526,No,No,Yes,Yes,No,Yes,No,No,Yes,Yes,Yes,Yes,Yes,No,No,No,0,0,0,0,0,0,0,1,1,0,1,0,1,0,0,0,1,1,0,0
3,Female,235946,No,No,No,No,No,Yes,No,Yes,No,No,Yes,Yes,Yes,No,Yes,Yes,0,0,0,0,0,0,0,1,0,0,0,1,0,0,0,0,0,0,0,0
74,Male,396229,No,No,Yes,No,Yes,No,Yes,No,Yes,No,No,No,Yes,No,No,Yes,0,0,0,0,0,0,0,0,1,0,0,0,0,0,0,0,0,0,0,0
75,Female,300665,No,No,No,No,Yes,No,Yes,Yes,Yes,No,No,No,No,No,No,Yes,0,0,0,0,0,0,0,0,0,0,0,0,0,0,0,0,0,0,0,0
1,Male,257051,No,No,Yes,No,No,No,No,Yes,Yes,No,No,Yes,No,Yes,No,Yes,0,0,0,0,0,0,0,0,0,0,0,0,0,0,0,0,0,0,0,0
50,Female,331339,No,No,Yes,Yes,Yes,No,No,No,No,No,Yes,Yes,No,Yes,No,Yes,0,0,0,0,0,0,0,1,0,0,0,0,0,0,0,0,0,0,0,0
53,Female,160880,No,No,No,No,No,No,Yes,Yes,No,No,Yes,Yes,No,No,No,Yes,0,1,0,0,0,0,0,1,0,1,0,0,0,0,0,0,0,0,0,0
45,Female,363827,No,No,No,No,Yes,Yes,Yes,Yes,No,Yes,No,Yes,No,No,No,Yes,0,0,0,0,0,0,0,0,0,0,0,0,1,0,0,0,0,0,0,0
40,Female,474725,No,No,No,Yes,No,Yes,No,No,No,No,No,Yes,No,Yes,No,Yes,0,0,0,0,0,0,0,0,0,0,0,0,0,0,0,0,0,0,0,0
76,Male,338496,No,No,No,No,Yes,No,No,Yes,Yes,No,Yes,Yes,Yes,No,No,No,0,0,0,0,0,0,0,1,0,0,0,0,0,0,0,0,0,0,0,0
44,Female,129489,No,No,No,Yes,No,No,No,Yes,No,Yes,No,Yes,No,Yes,No,Yes,0,0,0,0,0,0,0,0,0,1,0,0,1,0,0,0,0,0,0,0
13,Male,51432,Yes,Yes,No,No,Yes,No,No,No,Yes,No,Yes,No,No,Yes,No,No,0,0,0,1,0,0,0,1,0,0,0,0,0,0,0,0,0,0,0,0
11,Male,160212,Yes,No,Yes,No,Yes,No,No,No,Yes,No,Yes,No,No,Yes,No,Yes,0,0,0,0,0,0,0,1,0,0,0,0,0,0,0,0,0,0,0,0
44,Male,287340,No,No,No,No,Yes,No,No,No,Yes,No,No,Yes,No,No,No,No,0,0,0,0,0,0,0,0,0,1,0,0,0,0,0,0,0,0,0,0
44,Female,420911,No,No,No,Yes,Yes,Yes,No,Yes,No,No,Yes,Yes,No,Yes,No,Yes,0,0,0,0,0,0,0,0,0,0,0,0,0,0,0,0,0,0,0,0
19,Male,366693,Yes,Yes,No,No,No,No,Yes,Yes,Yes,No,No,Yes,No,Yes,No,No,0,0,0,0,0,0,0,0,0,0,0,0,0,0,1,1,0,0,0,0
18,Female,438608,No,No,Yes,Yes,Yes,Yes,Yes,No,No,No,No,Yes,Yes,Yes,No,No,0,0,0,0,0,0,0,0,0,0,1,0,0,0,0,0,0,0,0,0
75,Female,118284,No,No,Yes,Yes,Yes,No,Yes,Yes,No,No,Yes,No,No,No,No,No,0,1,0,0,0,0,0,1,0,0,0,0,0,0,0,0,0,0,0,0
43,Male,162967,No,No,Yes,No,Yes,No,No,No,Yes,No,No,Yes,No,No,No,Yes,0,0,0,0,0,0,0,0,1,1,0,0,0,0,0,0,0,0,0,0
48,Male,76956,No,No,No,No,No,No,Yes,Yes,No,No,Yes,Yes,Yes,No,No,Yes,0,0,0,0,0,0,0,1,0,1,0,1,0,0,0,0,0,0,0,0
57,Female,425273,No,No,No,Yes,No,No,No,Yes,Yes,No,No,Yes,No,Yes,No,No,0,0,0,0,0,0,0,0,0,0,0,0,0,0,0,0,0,0,0,0
29,Female,472010,No,No,Yes,No,No,Yes,No,No,No,Yes,No,No,No,No,No,Yes,0,0,0,0,0,0,0,0,0,0,0,0,1,0,0,0,0,0,0,0
81,Male,125153,No,No,No,No,Yes,No,No,No,No,No,No,Yes,No,Yes,No,No,0,0,0,0,0,0,0,0,0,1,0,0,0,0,0,0,0,0,0,0
33,Male,181066,No,No,Yes,No,No,No,No,No,No,No,Yes,No,Yes,Yes,No,No,0,0,0,0,0,0,0,1,0,0,0,1,0,0,0,0,0,0,0,0
15,Female,59055,Yes,No,Yes,No,No,Yes,No,No,Yes,No,No,No,Yes,Yes,Yes,No,0,0,0,0,0,0,0,0,0,0,0,1,0,0,0,0,0,0,0,0
34,Female,403919,No,No,No,No,Yes,No,Yes,Yes,No,Yes,Yes,Yes,Yes,No,No,Yes,0,0,0,0,0,0,0,0,0,0,1,0,1,0,0,0,0,1,0,0
14,Male,247101,Yes,No,No,No,Yes,No,No,No,Yes,No,Yes,No,No,Yes,No,No,0,0,0,0,0,0,0,1,0,0,0,0,0,0,0,0,0,0,0,0
14,Male,42924,No,No,Yes,No,No,No,No,Yes,Yes,No,No,No,No,No,No,No,0,0,0,0,0,0,0,0,0,0,0,0,0,0,0,0,0,0,0,0
32,Male,21764,No,No,No,No,Yes,No,Yes,Yes,No,No,Yes,No,No,No,No,Yes,0,0,0,0,0,0,1,1,0,0,0,0,0,0,0,0,0,0,0,0
68,Male,273664,No,No,No,No,Yes,No,Yes,Yes,Yes,No,No,No,No,Yes,No,No,0,0,0,0,0,0,0,0,0,0,0,0,0,0,0,0,0,0,0,0
27,Male,438773,No,No,No,No,No,No,Yes,Yes,Yes,No,No,No,No,No,No,No,0,0,0,0,0,0,0,0,0,0,0,0,0,0,0,0,0,0,0,0
58,Female,375122,No,No,No,Yes,Yes,No,Yes,Yes,No,No,No,No,No,Yes,No,No,0,0,0,0,0,0,0,0,0,0,0,0,0,0,0,0,0,0,0,0
66,Female,251182,No,No,Yes,Yes,No,Yes,No,Yes,No,No,No,Yes,No,Yes,No,Yes,0,0,0,0,0,0,0,0,0,1,0,0,0,0,0,0,0,0,0,0
29,Female,99804,No,No,Yes,Yes,No,No,No,No,Yes,Yes,Yes,Yes,Yes,Yes,No,Yes,0,1,0,0,0,0,0,1,1,1,1,1,1,0,0,0,1,1,0,1
36,Female,14084,No,No,Yes,Yes,Yes,No,Yes,Yes,No,No,No,Yes,Yes,Yes,No,No,0,0,0,0,0,0,0,0,0,1,1,1,0,1,0,0,0,0,0,0
24,Female,403548,No,No,No,No,No,Yes,Yes,Yes,No,Yes,Yes,No,No,Yes,No,Yes,0,0,0,0,0,0,0,0,0,0,0,0,1,0,0,0,0,1,0,1
10,Male,172099,Yes,Yes,No,No,No,No,Yes,No,No,No,Yes,Yes,Yes,Yes,No,Yes,0,0,0,1,0,0,0,1,0,0,0,1,0,0,1,0,0,0,0,0
76,Female,85644,No,No,Yes,Yes,No,Yes,Yes,Yes,No,No,No,No,No,No,No,No,0,0,0,0,0,0,0,0,0,0,0,0,0,0,0,0,0,0,0,0
48,Female,71424,No,No,Yes,No,Yes,Yes,Yes,No,Yes,No,No,No,No,Yes,No,Yes,0,0,0,0,0,0,0,0,1,0,0,0,0,1,0,0,0,0,0,0
30,Male,38508,No,No,Yes,No,No,No,Yes,No,Yes,No,No,No,No,Yes,No,Yes,0,0,0,0,0,0,0,0,1,0,0,0,0,1,0,0,0,0,0,0
73,Female,238350,No,No,No,No,Yes,Yes,Yes,Yes,No,No,Yes,Yes,Yes,No,No,No,0,1,0,0,0,0,0,1,0,1,1,1,0,0,0,0,0,0,0,0
68,Male,175847,No,No,Yes,No,No,No,No,No,Yes,No,No,No,Yes,Yes,No,No,0,0,0,0,0,0,0,0,1,0,0,1,0,0,0,0,0,0,0,0
73,Male,61743,No,No,No,No,No,No,Yes,Yes,Yes,No,Yes,Yes,No,No,No,No,0,0,0,0,1,0,0,1,0,1,0,0,0,0,0,0,0,0,0,0
33,Male,323104,No,No,Yes,No,Yes,No,No,Yes,No,No,No,No,Yes,No,No,Yes,0,0,0,0,0,0,0,0,0,0,0,0,0,0,0,0,0,0,0,0
47,Female,93103,No,No,Yes,Yes,No,Yes,No,Yes,Yes,No,No,No,No,Yes,No,Yes,0,0,0,0,0,0,0,0,1,0,0,0,0,0,0,0,0,0,0,0
74,Male,314138,No,No,Yes,No,No,No,Yes,No,Yes,No,No,Yes,Yes,No,No,Yes,0,0,0,0,0,0,0,0,1,0,0,0,0,0,0,0,0,0,0,0
21,Male,133733,Yes,No,No,No,No,No,Yes,Yes,Yes,No,Yes,Yes,No,Yes,No,No,0,0,0,0,0,0,0,1,0,1,0,0,0,0,1,1,0,0,0,0
49,Female,251458,No,No,No,No,No,No,No,Yes,No,No,No,No,Yes,No,No,Yes,0,0,0,0,0,0,0,0,0,0,1,0,0,0,0,0,0,0,0,0
77,Female,117382,No,No,Yes,No,No,No,Yes,Yes,No,No,No,No,Yes,No,No,Yes,0,0,0,0,0,0,0,0,0,0,1,1,0,0,0,0,0,0,0,0
82,Female,104651,No,No,Yes,No,No,Yes,No,No,Yes,No,No,No,Yes,Yes,No,Yes,0,0,0,0,0,0,0,0,1,0,1,1,0,0,0,0,0,0,0,0
40,Male,413381,No,No,Yes,No,Yes,No,Yes,Yes,No,No,Yes,Yes,No,Yes,No,No,0,0,0,0,0,0,0,0,0,0,0,0,0,0,0,0,0,0,0,0
34,Female,91566,No,No,No,Yes,Yes,No,No,No,Yes,Yes,Yes,No,No,No,No,No,0,1,0,0,0,0,0,1,0,0,0,0,1,0,0,0,0,1,0,0
69,Male,130854,No,No,No,No,No,No,No,Yes,No,No,No,No,Yes,Yes,No,No,0,0,0,0,0,0,0,0,0,0,0,1,0,0,0,0,0,0,0,0
8,Female,380861,No,No,No,No,Yes,No,No,No,Yes,No,Yes,Yes,Yes,Yes,Yes,Yes,0,0,0,0,0,0,0,1,0,0,0,0,0,0,0,0,0,0,0,0
52,Male,186657,No,No,No,No,No,No,No,No,Yes,No,Yes,Yes,Yes,No,No,Yes,0,0,0,0,0,0,0,1,0,1,0,1,0,0,0,0,0,0,0,0
67,Female,23810,No,No,Yes,No,Yes,No,No,Yes,No,No,Yes,No,No,Yes,No,Yes,0,1,0,0,1,0,1,1,0,0,0,0,0,1,0,0,0,0,0,0
56,Male,298179,No,No,No,No,No,No,Yes,No,No,No,No,No,No,Yes,No,Yes,0,0,0,0,0,0,0,0,0,0,0,0,0,0,0,0,0,0,0,0
37,Male,217256,No,No,No,No,No,No,No,Yes,Yes,No,Yes,Yes,No,Yes,No,Yes,0,0,0,0,0,0,0,1,0,1,0,0,0,0,0,0,0,0,0,0
41,Female,170315,No,No,No,Yes,No,No,No,No,No,No,Yes,No,No,No,No,Yes,0,1,0,0,0,0,0,1,0,0,0,0,0,0,0,0,0,0,0,0
14,Female,354033,Yes,Yes,No,No,No,No,No,Yes,No,No,Yes,Yes,No,No,Yes,Yes,0,0,0,1,0,0,0,1,0,0,0,0,0,0,0,1,0,0,0,0
11,Male,44562,No,No,Yes,No,No,No,Yes,Yes,No,No,Yes,No,No,No,No,No,0,0,0,0,0,0,0,1,0,0,0,0,0,0,0,0,0,0,0,0
27,Female,275515,No,No,Yes,No,Yes,Yes,No,No,No,No,No,No,Yes,No,No,Yes,0,0,0,0,0,0,0,0,0,0,1,0,0,0,0,0,0,0,0,0
69,Female,349288,No,No,No,No,Yes,Yes,Yes,No,Yes,No,No,Yes,No,Yes,No,No,0,0,0,0,0,0,0,0,0,0,0,0,0,0,0,0,0,0,0,0
4,Female,188355,Yes,No,No,No,Yes,No,No,No,Yes,No,Yes,No,No,Yes,Yes,No,0,0,0,0,0,0,0,1,0,0,0,0,0,0,0,0,0,0,0,0
40,Female,87011,No,No,Yes,Yes,No,No,Yes,Yes,Yes,Yes,Yes,No,No,No,No,Yes,0,1,0,0,0,0,0,1,1,0,0,0,1,0,0,0,1,1,0,0
59,Female,475765,No,No,No,Yes,No,No,No,No,No,No,Yes,No,No,No,No,Yes,0,0,0,0,0,0,0,0,0,0,0,0,0,0,0,0,0,0,0,0
1,Male,289654,Yes,No,Yes,No,Yes,No,Yes,Yes,Yes,No,Yes,Yes,Yes,Yes,No,No,0,0,0,0,0,0,0,1,0,0,0,0,0,0,0,0,0,0,0,0
63,Female,480230,No,No,No,Yes,Yes,Yes,Yes,Yes,No,No,No,No,No,Yes,No,Yes,0,0,0,0,0,0,0,0,0,0,0,0,0,0,0,0,0,0,0,0
76,Male,307728,No,No,No,No,Yes,No,No,Yes,No,No,Yes,No,Yes,Yes,No,No,0,0,0,0,0,0,0,1,0,0,0,0,0,0,0,0,0,0,0,0
56,Male,105236,No,No,No,No,Yes,No,Yes,No,No,No,Yes,Yes,Yes,Yes,No,No,0,0,0,0,0,0,0,1,0,1,0,1,0,0,0,0,0,0,0,0
53,Female,473713,No,No,Yes,No,Yes,Yes,No,No,No,No,No,No,Yes,No,No,No,0,0,0,0,0,0,0,0,0,0,1,0,0,0,0,0,0,0,0,0
3,Female,322090,No,No,Yes,No,No,No,No,Yes,No,No,No,Yes,No,Yes,Yes,No,0,0,0,0,0,0,0,0,0,0,0,0,0,0,0,0,0,0,0,0
53,Male,379690,No,No,No,No,No,No,No,Yes,No,No,Yes,Yes,Yes,Yes,No,No,0,0,0,0,0,0,0,1,0,0,0,0,0,0,0,0,0,0,0,0
26,Female,333497,No,No,Yes,Yes,Yes,No,No,No,No,Yes,No,No,No,Yes,No,No,0,0,0,0,0,0,0,0,0,0,0,0,1,0,0,0,0,0,0,0
50,Male,72069,No,No,Yes,No,No,No,No,Yes,No,No,Yes,Yes,No,No,No,Yes,0,0,0,0,0,0,0,1,0,1,0,0,0,0,0,0,0,0,0,0
14,Male,280535,Yes,Yes,No,No,No,No,Yes,Yes,No,No,No,No,No,Yes,No,Yes,0,0,0,0,0,0,0,0,0,0,0,0,0,0,1,1,0,0,0,0
38,Female,60044,No,No,Yes,No,No,No,Yes,No,No,No,Yes,Yes,Yes,Yes,No,No,0,1,0,0,0,0,0,1,0,1,1,1,0,1,0,0,0,0,0,0
70,Female,233389,No,No,Yes,No,No,Yes,No,Yes,No,No,No,Yes,Yes,Yes,No,No,0,0,0,0,0,0,0,0,0,1,1,1,0,0,0,0,0,0,0,0
63,Female,41673,No,No,Yes,No,Yes,No,Yes,No,No,No,No,Yes,No,No,No,Yes,0,0,0,0,0,0,0,0,0,1,0,0,0,0,0,0,0,0,0,0
42,Male,49974,No,No,No,No,No,No,No,No,Yes,No,Yes,Yes,No,Yes,No,No,0,0,0,0,0,0,0,1,0,1,0,0,0,1,0,0,0,0,0,0
57,Female,495440,No,No,No,Yes,No,No,No,Yes,No,No,No,No,No,No,No,Yes,0,0,0,0,0,0,0,0,0,0,0,0,0,0,0,0,0,0,0,0
76,Female,153166,No,No,No,Yes,Yes,No,Yes,Yes,Yes,No,No,No,Yes,No,No,No,0,0,0,0,0,0,0,0,0,0,1,1,0,0,0,0,0,0,0,0
23,Female,469237,Yes,Yes,No,No,No,No,Yes,Yes,Yes,Yes,No,No,No,No,No,No,0,0,0,0,0,0,0,0,0,0,0,0,1,0,1,1,0,0,0,0
11,Male,497345,No,No,No,No,Yes,No,Yes,Yes,No,No,Yes,Yes,Yes,Yes,No,No,0,0,0,0,0,0,0,0,0,0,0,0,0,0,0,0,0,0,0,0
19,Female,33530,Yes,Yes,Yes,Yes,Yes,No,No,No,Yes,Yes,No,No,Yes,No,No,No,0,0,0,0,0,0,0,0,1,0,1,1,1,0,0,0,0,0,0,0
9,Female,329788,No,No,Yes,No,No,No,No,No,No,No,Yes,Yes,Yes,Yes,Yes,No,0,0,0,0,0,0,0,1,0,0,0,0,0,0,0,0,0,0,0,0
33,Female,480714,No,No,No,Yes,No,No,No,Yes,Yes,Yes,Yes,No,No,Yes,No,No,0,0,0,0,0,0,0,0,0,0,0,0,1,0,0,0,0,1,0,0
64,Female,264270,No,No,Yes,No,No,Yes,No,Yes,Yes,No,Yes,Yes,No,No,No,No,0,0,0,0,0,0,0,1,1,1,0,0,0,0,0,0,1,0,0,0
69,Female,396677,No,No,Yes,Yes,Yes,No,Yes,No,Yes,No,No,Yes,Yes,Yes,No,Yes,0,0,0,0,0,0,0,0,1,0,1,0,0,0,0,0,0,0,0,0
22,Male,164488,No,No,No,No,No,No,Yes,No,No,No,Yes,Yes,Yes,No,No,Yes,0,0,0,0,0,0,0,1,0,1,0,1,0,0,0,0,0,0,0,1
65,Male,63090,No,No,Yes,No,Yes,No,Yes,Yes,Yes,No,Yes,No,No,Yes,No,Yes,0,0,0,0,1,0,1,1,1,0,0,0,0,1,0,0,1,0,0,0
57,Male,85590,No,No,No,No,No,No,Yes,No,Yes,No,No,Yes,Yes,No,No,Yes,0,0,0,0,0,0,0,0,0,1,0,1,0,0,0,0,0,0,0,0
23,Female,493091,Yes,Yes,No,Yes,No,No,No,No,No,Yes,No,No,Yes,No,No,No,0,0,0,0,0,0,0,0,0,0,1,0,1,0,0,0,0,0,0,0
22,Female,303318,No,No,Yes,Yes,No,No,No,No,Yes,No,Yes,No,No,Yes,No,No,0,0,0,0,0,0,0,1,1,0,0,0,0,0,0,0,1,0,0,0
83,Female,404562,No,No,No,No,Yes,No,Yes,Yes,No,No,No,No,No,Yes,No,No,0,0,0,0,0,0,0,0,0,0,0,0,0,0,0,0,0,0,0,0
78,Female,466547,No,No,No,No,Yes,No,Yes,No,Yes,No,Yes,No,Yes,Yes,No,Yes,0,0,0,0,0,0,0,0,0,0,1,0,0,0,0,0,0,0,0,0
61,Male,474246,No,No,No,No,Yes,No,No,Yes,Yes,No,No,No,No,No,No,No,0,0,0,0,0,0,0,0,0,0,0,0,0,0,0,0,0,0,0,0
34,Male,56968,No,No,Yes,No,No,No,No,Yes,Yes,No,No,No,No,No,No,No,0,0,0,0,0,0,0,0,1,0,0,0,0,0,0,0,0,0,0,0
84,Male,310232,No,No,Yes,No,No,No,No,No,Yes,No,Yes,No,No,No,No,No,0,0,0,0,0,0,0,1,1,0,0,0,0,0,0,0,1,0,0,0
41,Female,73642,No,No,Yes,Yes,No,No,Yes,No,No,No,No,Yes,No,Yes,No,Yes,0,0,0,0,0,0,0,0,0,1,0,0,0,1,0,0,0,0,0,0
14,Male,261421,No,No,No,No,Yes,No,Yes,No,No,No,No,Yes,Yes,Yes,No,No,0,0,0,0,0,0,0,0,0,0,0,0,0,0,0,0,0,0,0,0
42,Male,412939,No,No,Yes,No,No,No,No,No,No,No,No,Yes,Yes,No,No,Yes,0,0,0,0,0,0,0,0,0,0,0,0,0,0,0,0,0,0,0,0
84,Male,428245,No,No,Yes,No,No,No,No,No,Yes,No,No,No,Yes,Yes,No,Yes,0,0,0,0,0,0,0,0,1,0,0,0,0,0,0,0,0,0,0,0
11,Male,283691,Yes,Yes,No,No,Yes,No,Yes,Yes,No,No,No,Yes,No,No,No,Yes,0,0,0,0,0,0,0,0,0,0,0,0,0,0,1,1,0,0,0,0
50,Male,24826,No,No,Yes,No,No,No,Yes,Yes,Yes,No,Yes,Yes,Yes,No,No,Yes,0,0,0,0,0,0,0,1,1,1,0,1,0,0,0,0,1,0,0,0
78,Female,44413,No,No,Yes,No,No,Yes,No,Yes,Yes,No,No,Yes,Yes,Yes,No,Yes,0,0,0,0,0,0,0,0,1,1,1,1,0,1,0,0,0,0,0,0
27,Male,357504,No,No,No,No,Yes,No,No,Yes,No,No,No,Yes,Yes,No,No,No,0,0,0,0,0,0,0,0,0,0,0,0,0,0,0,0,0,0,0,0
13,Female,433947,Yes,No,No,No,Yes,Yes,No,Yes,Yes,No,No,No,Yes,Yes,Yes,Yes,0,0,0,0,0,0,0,0,0,0,0,0,0,0,0,1,0,0,0,0
82,Male,162740,No,No,No,No,Yes,No,No,Yes,No,No,Yes,No,No,Yes,No,Yes,0,0,0,0,0,0,0,1,0,0,0,0,0,0,0,0,0,0,0,0
73,Female,265054,No,No,Yes,No,Yes,No,No,Yes,No,No,Yes,Yes,No,No,No,Yes,0,0,0,0,0,0,0,1,0,1,0,0,0,0,0,0,0,0,0,0
30,Male,235497,No,No,No,No,Yes,No,Yes,No,No,No,No,Yes,No,Yes,No,Yes,0,0,0,0,0,0,0,0,0,1,0,0,0,0,0,0,0,0,0,0
51,Female,217675,No,No,No,Yes,Yes,Yes,Yes,Yes,No,No,No,No,Yes,Yes,No,No,0,0,0,0,0,0,0,0,0,0,1,1,0,0,0,0,0,0,0,0
7,Female,177194,Yes,Yes,No,No,No,No,No,No,Yes,No,Yes,No,No,No,Yes,Yes,0,0,0,1,0,0,0,1,0,0,0,0,0,0,0,0,0,0,0,0
10,Female,343351,No,No,Yes,No,No,No,Yes,Yes,Yes,No,Yes,Yes,Yes,No,Yes,No,0,0,0,0,0,0,0,1,0,0,0,0,0,0,0,0,0,0,0,0
22,Female,221415,Yes,No,No,No,No,No,Yes,No,No,Yes,No,Yes,No,Yes,No,No,0,0,0,0,0,0,0,0,0,1,0,0,1,0,1,0,0,0,0,0
73,Male,247727,No,No,No,No,Yes,No,Yes,Yes,Yes,No,Yes,No,No,Yes,No,No,0,0,0,0,0,0,0,1,0,0,0,0,0,0,0,0,0,0,0,0
80,Male,71107,No,No,No,No,Yes,No,No,Yes,Yes,No,No,Yes,Yes,No,No,No,0,0,0,0,0,0,0,0,0,1,0,1,0,0,0,0,0,0,0,0
42,Male,147124,No,No,No,No,Yes,No,Yes,No,No,No,Yes,No,No,Yes,No,No,0,0,0,0,0,0,0,1,0,0,0,0,0,0,0,0,0,0,0,0
67,Male,426848,No,No,No,No,No,No,No,Yes,Yes,No,No,No,Yes,No,No,No,0,0,0,0,0,0,0,0,0,0,0,0,0,0,0,0,0,0,0,0
6,Male,10203,Yes,Yes,No,No,Yes,No,Yes,Yes,No,No,No,Yes,No,Yes,No,Yes,0,0,0,0,0,0,0,0,0,0,0,0,0,0,1,1,0,0,0,0
84,Male,121060,No,No,No,No,Yes,No,No,Yes,Yes,No,No,No,No,Yes,No,No,0,0,0,0,0,0,0,0,0,0,0,0,0,0,0,0,0,0,0,0
60,Female,164052,No,No,No,Yes,Yes,No,Yes,No,Yes,No,No,No,Yes,Yes,No,No,0,0,0,0,0,0,0,0,0,0,1,1,0,0,0,0,0,0,0,0
30,Male,420420,No,No,No,No,No,No,No,Yes,No,No,No,Yes,No,No,No,Yes,0,0,0,0,0,0,0,0,0,0,0,0,0,0,0,0,0,0,0,0
11,Female,27192,No,No,Yes,No,Yes,Yes,No,Yes,Yes,No,No,Yes,Yes,Yes,Yes,No,0,0,0,0,0,0,0,0,0,0,0,1,0,0,0,0,0,0,0,0
56,Female,435271,No,No,Yes,No,No,Yes,Yes,Yes,No,No,Yes,Yes,Yes,Yes,No,Yes,0,0,0,0,0,0,0,0,0,0,1,0,0,0,0,0,0,0,0,0
21,Male,152751,Yes,No,Yes,No,Yes,No,Yes,No,Yes,No,Yes,No,No,Yes,No,No,0,0,0,0,0,0,0,1,1,0,0,0,0,0,1,0,1,0,0,0
53,Male,380506,No,No,No,No,No,No,Yes,Yes,Yes,No,Yes,No,Yes,Yes,No,No,0,0,0,0,0,0,0,1,0,0,0,0,0,0,0,0,0,0,0,0
25,Male,303828,No,No,Yes,No,Yes,No,Yes,Yes,Yes,No,Yes,Yes,No,No,No,Yes,0,0,0,0,0,0,0,1,1,0,0,0,0,0,0,0,1,0,0,1
15,Female,162422,Yes,No,Yes,No,No,Yes,Yes,No,Yes,Yes,No,Yes,No,No,Yes,No,0,0,0,0,0,0,0,0,0,0,0,0,0,0,1,0,0,0,0,0
71,Female,113963,No,No,No,Yes,No,No,Yes,Yes,No,No,No,Yes,No,Yes,No,Yes,0,0,0,0,0,0,0,0,0,1,0,0,0,0,0,0,0,0,0,0
9,Male,191117,No,No,No,No,No,No,No,Yes,Yes,No,No,Yes,Yes,No,No,Yes,0,0,0,0,0,0,0,0,0,0,0,1,0,0,0,0,0,0,0,0
66,Male,166316,No,No,Yes,No,No,No,No,No,No,No,No,No,Yes,No,No,No,0,0,0,0,0,0,0,0,0,0,0,1,0,0,0,0,0,0,0,0
50,Female,221778,No,No,Yes,Yes,Yes,Yes,Yes,Yes,Yes,No,Yes,Yes,Yes,No,No,No,0,1,0,0,0,0,0,1,1,1,1,1,0,0,0,0,1,0,0,0
13,Male,189477,No,No,No,No,No,No,No,No,No,No,No,Yes,No,No,No,No,0,0,0,0,0,0,0,0,0,0,0,0,0,0,0,0,0,0,0,0
67,Female,481212,No,No,No,No,Yes,Yes,Yes,No,Yes,No,No,Yes,Yes,No,No,Yes,0,0,0,0,0,0,0,0,0,0,1,0,0,0,0,0,0,0,0,0
27,Female,107372,No,No,No,No,No,No,No,Yes,No,No,No,No,Yes,No,No,No,0,0,0,0,0,0,0,0,0,0,1,1,0,0,0,0,0,0,0,0
67,Male,491570,No,No,Yes,No,No,No,Yes,Yes,No,No,Yes,No,No,No,No,Yes,0,0,0,0,0,0,0,0,0,0,0,0,0,0,0,0,0,0,0,0
20,Male,253640,No,No,No,No,Yes,No,Yes,Yes,Yes,No,Yes,No,Yes,No,No,Yes,0,0,0,0,0,0,0,1,0,0,0,0,0,0,0,0,0,0,0,1
52,Female,17355,No,No,Yes,No,No,Yes,Yes,Yes,Yes,No,No,Yes,No,No,No,No,0,0,0,0,0,0,0,0,1,1,0,0,0,0,0,0,0,0,0,0
8,Male,315987,No,No,No,No,Yes,No,No,No,No,No,No,Yes,No,No,No,No,0,0,0,0,0,0,0,0,0,0,0,0,0,0,0,0,0,0,0,0
78,Male,371414,No,No,Yes,No,No,No,No,No,No,No,No,Yes,No,No,No,Yes,0,0,0,0,0,0,0,0,0,0,0,0,0,0,0,0,0,0,0,0
71,Male,423443,No,No,No,No,No,No,Yes,No,No,No,Yes,Yes,Yes,No,No,No,0,0,0,0,0,0,0,0,0,0,0,0,0,0,0,0,0,0,0,0
53,Male,108345,No,No,Yes,No,No,No,Yes,Yes,Yes,No,No,Yes,Yes,No,No,Yes,0,0,0,0,0,0,0,0,1,1,0,1,0,0,0,0,0,0,0,0
46,Female,69751,No,No,Yes,Yes,No,No,No,No,Yes,No,No,No,Yes,No,No,No,0,0,0,0,0,0,0,0,1,0,1,1,0,0,0,0,0,0,0,0
1,Female,124521,Yes,No,Yes,No,Yes,Yes,Yes,No,Yes,No,Yes,Yes,Yes,No,Yes,No,0,0,0,0,0,0,0,1,0,0,0,1,0,0,0,0,0,0,0,0
70,Female,77538,No,No,No,Yes,Yes,Yes,Yes,Yes,No,No,No,No,No,No,No,Yes,0,0,0,0,0,0,0,0,0,0,0,0,0,0,0,0,0,0,0,0
40,Female,161550,No,No,Yes,No,No,Yes,Yes,No,Yes,No,Yes,No,No,No,No,No,0,1,0,0,0,0,0,1,1,0,0,0,0,0,0,0,1,0,0,0
74,Female,427534,No,No,Yes,No,Yes,No,No,Yes,No,No,Yes,No,No,Yes,No,No,0,0,0,0,0,0,0,0,0,0,0,0,0,0,0,0,0,0,0,0
2,Female,448940,No,No,No,No,Yes,No,Yes,Yes,No,No,Yes,Yes,Yes,Yes,Yes,No,0,0,0,0,0,0,0,0,0,0,0,0,0,0,0,0,0,0,0,0
73,Female,163157,No,No,Yes,Yes,Yes,Yes,Yes,No,Yes,No,Yes,Yes,Yes,No,No,Yes,0,1,0,0,0,0,0,1,1,1,1,1,0,0,0,0,1,0,0,0
46,Male,96442,No,No,Yes,No,Yes,No,Yes,No,No,No,No,Yes,Yes,No,No,No,0,0,0,0,0,0,0,0,0,1,0,1,0,0,0,0,0,0,0,0
10,Male,326681,Yes,No,No,No,Yes,No,Yes,No,Yes,No,Yes,Yes,No,Yes,No,No,0,0,0,0,0,0,0,1,0,0,0,0,0,0,1,0,0,0,0,0
63,Male,411581,No,No,No,No,Yes,No,Yes,Yes,No,No,Yes,Yes,No,Yes,No,Yes,0,0,0,0,0,0,0,0,0,0,0,0,0,0,0,0,0,0,0,0
66,Female,428862,No,No,Yes,No,Yes,No,No,No,Yes,No,No,No,No,No,No,Yes,0,0,0,0,0,0,0,0,1,0,0,0,0,0,0,0,0,0,0,0
49,Female,107467,No,No,No,Yes,Yes,Yes,No,No,No,No,Yes,No,Yes,No,No,No,0,1,0,0,0,0,0,1,0,0,1,1,0,0,0,0,0,0,0,0
71,Male,235379,No,No,No,No,Yes,No,Yes,Yes,No,No,Yes,No,No,Yes,No,Yes,0,0,0,0,0,0,0,1,0,0,0,0,0,0,0,0,0,0,0,0
70,Male,421958,No,No,Yes,No,Yes,No,No,No,No,No,No,Yes,No,No,No,No,0,0,0,0,0,0,0,0,0,0,0,0,0,0,0,0,0,0,0,0
37,Male,208402,No,No,No,No,No,No,Yes,Yes,Yes,No,Yes,No,Yes,No,No,No,0,0,0,0,0,0,0,1,0,0,0,1,0,0,0,0,0,0,0,0
70,Male,391836,No,No,No,No,No,No,Yes,No,No,No,No,No,No,Yes,No,Yes,0,0,0,0,0,0,0,0,0,0,0,0,0,0,0,0,0,0,0,0
35,Female,322839,No,No,Yes,Yes,Yes,No,No,No,Yes,No,No,Yes,Yes,No,No,No,0,0,0,0,0,0,0,0,1,0,1,0,0,0,0,0,0,0,0,0
31,Male,48301,No,No,No,No,Yes,No,No,No,Yes,No,Yes,No,Yes,No,No,No,0,0,0,0,0,0,1,1,0,0,0,1,0,0,0,0,0,0,0,0
14,Male,429371,No,No,No,No,Yes,No,Yes,Yes,No,No,Yes,No,No,Yes,No,No,0,0,0,0,0,0,0,0,0,0,0,0,0,0,0,0,0,0,0,0
23,Male,290866,Yes,No,Yes,No,No,No,Yes,Yes,No,No,No,Yes,Yes,No,No,Yes,0,0,0,0,0,0,0,0,0,1,0,0,0,0,1,1,0,0,0,0
39,Female,431915,No,No,Yes,No,Yes,Yes,No,Yes,Yes,No,No,No,Yes,No,No,No,0,0,0,0,0,0,0,0,1,0,1,0,0,0,0,0,0,0,0,0
4,Female,453589,No,No,Yes,No,No,Yes,Yes,No,Yes,No,No,No,Yes,No,Yes,Yes,0,0,0,0,0,0,0,0,0,0,0,0,0,0,0,0,0,0,0,0
23,Female,324716,No,No,Yes,Yes,Yes,No,No,No,No,No,No,Yes,No,Yes,No,Yes,0,0,0,0,0,0,0,0,0,0,0,0,0,0,0,0,0,0,0,0
51,Male,173634,No,No,No,No,No,No,Yes,No,No,No,No,No,No,Yes,No,Yes,0,0,0,0,0,0,0,0,0,0,0,0,0,0,0,0,0,0,0,0
47,Female,128703,No,No,No,No,Yes,No,No,Yes,No,No,Yes,No,Yes,Yes,No,No,0,1,0,0,0,0,0,1,0,0,1,1,0,0,0,0,0,0,0,0
38,Male,484094,No,No,No,No,No,No,Yes,Yes,Yes,No,No,No,No,Yes,No,Yes,0,0,0,0,0,0,0,0,0,0,0,0,0,0,0,0,0,0,0,0
61,Male,162173,No,No,Yes,No,No,No,No,No,Yes,No,Yes,Yes,No,Yes,No,No,0,0,0,0,0,0,0,1,1,1,0,0,0,0,0,0,1,0,0,0
75,Male,295931,No,No,No,No,No,No,Yes,Yes,Yes,No,Yes,Yes,Yes,No,No,No,0,0,0,0,0,0,0,1,0,1,0,0,0,0,0,0,0,0,0,0
19,Female,462693,Yes,No,Yes,Yes,No,No,Yes,No,Yes,Yes,Yes,Yes,Yes,No,No,No,0,0,0,0,0,0,0,0,1,0,1,0,1,0,1,0,1,1,0,0
20,Female,81375,Yes,No,No,Yes,Yes,Yes,Yes,No,No,No,No,No,Yes,Yes,No,Yes,0,0,0,0,0,0,0,0,0,0,1,1,0,0,1,0,0,0,0,0
6,Female,426098,No,No,No,No,No,No,No,Yes,Yes,No,Yes,Yes,Yes,Yes,Yes,No,0,0,0,0,0,0,0,0,0,0,0,0,0,0,0,0,0,0,0,0
35,Female,188399,No,No,Yes,Yes,No,No,Yes,Yes,No,No,No,Yes,No,No,No,Yes,0,0,0,0,0,0,0,0,0,1,0,0,0,0,0,0,0,0,0,0
21,Female,386415,No,No,No,Yes,No,No,Yes,Yes,No,Yes,Yes,Yes,Yes,No,No,Yes,0,0,0,0,0,0,0,1,0,0,1,0,1,0,0,0,0,1,0,1
60,Male,377093,No,No,No,No,No,No,No,No,Yes,No,No,Yes,No,No,No,Yes,0,0,0,0,0,0,0,0,0,0,0,0,0,0,0,0,0,0,0,0
53,Male,115503,No,No,No,No,No,No,No,Yes,Yes,No,No,Yes,No,Yes,No,Yes,0,0,0,0,0,0,0,0,0,1,0,0,0,0,0,0,0,0,0,0
57,Female,314188,No,No,No,No,No,No,No,No,No,No,No,Yes,Yes,Yes,No,Yes,0,0,0,0,0,0,0,0,0,0,1,0,0,0,0,0,0,0,0,0
53,Male,267414,No,No,No,No,Yes,No,No,No,Yes,No,No,No,Yes,No,No,No,0,0,0,0,0,0,0,0,0,0,0,0,0,0,0,0,0,0,0,0
34,Male,283474,No,No,Yes,No,No,No,No,Yes,No,No,No,Yes,Yes,No,No,Yes,0,0,0,0,0,0,0,0,0,1,0,0,0,0,0,0,0,0,0,0
42,Female,165946,No,No,No,No,No,No,No,Yes,No,No,Yes,No,Yes,Yes,No,Yes,0,1,0,0,0,0,0,1,0,0,1,1,0,0,0,0,0,0,0,0
40,Female,16411,No,No,No,No,Yes,Yes,Yes,Yes,Yes,No,No,No,Yes,Yes,No,No,0,0,0,0,0,0,0,0,0,0,1,1,0,1,0,0,0,0,0,0
68,Male,391675,No,No,Yes,No,Yes,No,No,Yes,Yes,No,No,No,No,No,No,Yes,0,0,0,0,0,0,0,0,1,0,0,0,0,0,0,0,0,0,0,0
53,Male,45437,No,No,Yes,No,No,No,Yes,Yes,Yes,No,Yes,Yes,No,No,No,Yes,0,0,0,0,0,0,0,1,1,1,0,0,0,0,0,0,1,0,0,0
51,Female,78087,No,No,Yes,Yes,Yes,No,No,Yes,Yes,No,Yes,No,Yes,Yes,No,Yes,0,1,0,0,0,0,0,1,1,0,1,1,0,0,0,0,1,0,0,0
13,Female,228042,No,No,Yes,No,No,No,No,Yes,No,No,No,Yes,Yes,No,Yes,Yes,0,0,0,0,0,0,0,0,0,0,0,1,0,0,0,0,0,0,0,0
34,Female,395236,No,No,No,Yes,Yes,No,No,Yes,Yes,Yes,Yes,Yes,Yes,Yes,No,No,0,0,0,0,0,0,0,1,0,0,1,0,1,0,0,0,0,1,0,0
19,Female,462947,Yes,Yes,No,No,No,No,No,No,Yes,Yes,No,No,No,No,No,Yes,0,0,0,0,0,0,0,0,0,0,0,0,1,0,0,0,0,0,0,0
55,Male,111967,No,No,Yes,No,No,No,No,No,Yes,No,No,Yes,No,No,No,Yes,0,0,0,0,0,0,0,0,1,1,0,0,0,0,0,0,0,0,0,0
30,Female,355196,No,No,No,Yes,Yes,Yes,Yes,Yes,Yes,Yes,No,No,Yes,Yes,No,No,0,0,0,0,0,0,0,0,0,0,1,0,1,0,0,0,0,0,0,0
36,Male,349778,No,No,No,No,Yes,No,Yes,Yes,Yes,No,Yes,Yes,Yes,No,No,Yes,0,0,0,0,0,0,0,1,0,0,0,0,0,0,0,0,0,0,0,0
72,Male,370688,No,No,No,No,No,No,Yes,Yes,Yes,No,No,No,No,Yes,No,Yes,0,0,0,0,0,0,0,0,0,0,0,0,0,0,0,0,0,0,0,0
15,Male,236214,Yes,Yes,No,No,No,No,No,No,Yes,No,Yes,Yes,Yes,Yes,No,No,0,0,0,1,0,0,0,1,0,0,0,1,0,0,0,0,0,0,0,0
70,Female,137550,No,No,No,Yes,Yes,Yes,No,Yes,No,No,Yes,Yes,Yes,No,No,No,0,1,0,0,0,0,0,1,0,1,1,1,0,0,0,0,0,0,0,0
45,Male,48877,No,No,Yes,No,Yes,No,Yes,No,No,No,Yes,Yes,No,No,No,Yes,0,0,0,0,0,0,1,1,0,1,0,0,0,0,0,0,0,0,0,0
85,Female,381730,No,No,Yes,No,No,Yes,Yes,Yes,No,No,No,No,Yes,Yes,No,Yes,0,0,0,0,0,0,0,0,0,0,1,0,0,0,0,0,0,0,0,0
55,Female,429917,No,No,No,No,No,Yes,No,Yes,Yes,No,Yes,Yes,Yes,Yes,No,No,0,0,0,0,0,0,0,0,0,0,1,0,0,0,0,0,0,0,0,0
29,Female,421768,No,No,No,No,No,No,No,No,No,No,No,No,Yes,No,No,No,0,0,0,0,0,0,0,0,0,0,1,0,0,0,0,0,0,0,0,0
1,Male,425452,No,No,No,No,No,No,Yes,Yes,Yes,No,No,Yes,No,No,No,No,0,0,0,0,0,0,0,0,0,0,0,0,0,0,0,0,0,0,0,0
71,Male,489063,No,No,No,No,No,No,Yes,Yes,No,No,Yes,No,No,Yes,No,Yes,0,0,0,0,0,0,0,0,0,0,0,0,0,0,0,0,0,0,0,0
82,Male,388096,No,No,Yes,No,Yes,No,No,Yes,Yes,No,Yes,Yes,No,Yes,No,No,0,0,0,0,0,0,0,1,1,0,0,0,0,0,0,0,1,0,0,0
3,Male,480923,Yes,No,Yes,No,Yes,No,Yes,Yes,Yes,No,No,Yes,Yes,Yes,No,No,0,0,0,0,0,0,0,0,0,0,0,0,0,0,0,0,0,0,0,0
8,Female,211834,No,No,Yes,No,No,No,Yes,No,No,No,No,No,Yes,Yes,Yes,Yes,0,0,0,0,0,0,0,0,0,0,0,1,0,0,0,0,0,0,0,0
58,Male,27642,No,No,Yes,No,No,No,Yes,Yes,Yes,No,Yes,Yes,No,Yes,No,No,0,0,0,0,0,0,0,1,1,1,0,0,0,1,0,0,1,0,0,0
49,Female,452266,No,No,No,No,Yes,Yes,Yes,Yes,No,No,Yes,No,No,No,No,Yes,0,0,0,0,0,0,0,0,0,0,0,0,0,0,0,0,0,0,0,0
78,Male,98460,No,No,Yes,No,No,No,No,Yes,No,No,Yes,Yes,Yes,No,No,No,0,0,0,0,0,0,0,1,0,1,0,1,0,0,0,0,0,0,0,0
39,Female,455458,No,No,No,Yes,No,No,Yes,Yes,No,No,Yes,Yes,Yes,No,No,No,0,0,0,0,0,0,0,0,0,0,1,0,0,0,0,0,0,0,0,0
66,Male,43205,No,No,No,No,Yes,No,No,Yes,No,No,Yes,No,No,Yes,No,Yes,0,0,0,0,1,0,1,1,0,0,0,0,0,1,0,0,0,0,0,0
27,Female,131914,No,No,No,No,No,No,Yes,No,Yes,Yes,No,No,No,No,No,No,0,0,0,0,0,0,0,0,0,0,0,0,1,0,0,0,0,0,0,0
45,Male,418343,No,No,Yes,No,No,No,No,Yes,Yes,No,Yes,Yes,Yes,Yes,No,Yes,0,0,0,0,0,0,0,0,1,0,0,0,0,0,0,0,1,0,0,0
33,Male,488013,No,No,No,No,Yes,No,Yes,No,No,No,No,Yes,Yes,Yes,No,No,0,0,0,0,0,0,0,0,0,0,0,0,0,0,0,0,0,0,0,0
76,Female,345426,No,No,No,Yes,Yes,Yes,Yes,Yes,Yes,No,Yes,Yes,Yes,No,No,No,0,0,0,0,0,0,0,1,0,0,1,0,0,0,0,0,0,0,0,0
43,Male,478333,No,No,No,No,Yes,No,No,Yes,No,No,No,Yes,No,Yes,No,No,0,0,0,0,0,0,0,0,0,0,0,0,0,0,0,0,0,0,0,0
63,Female,444752,No,No,No,Yes,No,No,No,No,Yes,No,Yes,Yes,No,No,No,Yes,0,0,0,0,0,0,0,0,0,0,0,0,0,0,0,0,0,0,0,0
8,Male,370736,No,No,No,No,No,No,Yes,No,No,No,Yes,Yes,No,Yes,No,Yes,0,0,0,0,0,0,0,1,0,0,0,0,0,0,0,0,0,0,0,0
48,Male,341304,No,No,No,No,No,No,Yes,Yes,No,No,No,Yes,No,No,No,Yes,0,0,0,0,0,0,0,0,0,0,0,0,0,0,0,0,0,0,0,0
1,Male,381686,Yes,Yes,Yes,No,No,No,Yes,Yes,Yes,No,Yes,Yes,No,Yes,No,No,0,0,0,0,0,0,0,1,0,0,0,0,0,0,0,0,0,0,0,0
34,Female,256859,No,No,No,No,Yes,No,Yes,No,Yes,Yes,Yes,Yes,Yes,Yes,No,No,0,0,0,0,0,0,0,1,0,1,1,0,1,0,0,0,0,1,0,0
29,Male,359362,No,No,Yes,No,No,No,Yes,No,No,No,Yes,No,No,No,No,No,0,0,0,0,0,0,0,1,0,0,0,0,0,0,0,0,0,0,0,0
38,Female,71507,No,No,Yes,No,Yes,No,Yes,Yes,Yes,No,No,No,Yes,No,No,No,0,0,0,0,0,0,0,0,1,0,1,1,0,0,0,0,0,0,0,0
21,Male,158409,No,No,No,No,No,No,Yes,No,Yes,No,Yes,No,Yes,Yes,No,Yes,0,0,0,0,0,0,0,1,0,0,0,1,0,0,0,0,0,0,0,1
47,Female,320758,No,No,No,Yes,No,No,No,No,No,No,No,Yes,Yes,No,No,No,0,0,0,0,0,0,0,0,0,0,1,0,0,0,0,0,0,0,0,0
46,Male,285046,No,No,No,No,Yes,No,No,No,Yes,No,Yes,No,No,No,No,Yes,0,0,0,0,0,0,0,1,0,0,0,0,0,0,0,0,0,0,0,0
26,Female,135008,No,No,No,No,Yes,No,Yes,Yes,Yes,Yes,Yes,No,No,No,No,No,0,1,0,0,0,0,0,1,0,0,0,0,1,0,0,0,0,1,0,0
50,Male,264777,No,No,Yes,No,Yes,No,No,Yes,No,No,Yes,Yes,No,No,No,No,0,0,0,0,0,0,0,1,0,1,0,0,0,0,0,0,0,0,0,0
50,Male,241016,No,No,Yes,No,Yes,No,No,No,Yes,No,No,No,Yes,No,No,Yes,0,0,0,0,0,0,0,0,1,0,0,1,0,0,0,0,0,0,0,0
82,Male,241294,No,No,Yes,No,Yes,No,No,Yes,No,No,No,Yes,No,No,No,No,0,0,0,0,0,0,0,0,0,1,0,0,0,0,0,0,0,0,0,0
74,Female,230250,No,No,Yes,Yes,No,Yes,Yes,Yes,No,No,Yes,No,Yes,No,No,Yes,0,1,0,0,0,0,0,1,0,0,1,1,0,0,0,0,0,0,0,0
70,Female,423759,No,No,No,Yes,Yes,No,Yes,Yes,Yes,No,No,No,Yes,No,No,No,0,0,0,0,0,0,0,0,0,0,1,0,0,0,0,0,0,0,0,0
31,Female,390494,No,No,Yes,No,Yes,Yes,No,Yes,Yes,No,No,Yes,Yes,No,No,No,0,0,0,0,0,0,0,0,1,0,1,0,0,0,0,0,0,0,0,0
77,Male,449836,No,No,No,No,No,No,Yes,No,No,No,No,Yes,Yes,No,No,Yes,0,0,0,0,0,0,0,0,0,0,0,0,0,0,0,0,0,0,0,0
17,Male,470805,Yes,No,No,No,No,No,Yes,No,Yes,No,Yes,No,No,Yes,No,No,0,0,0,0,0,0,0,0,0,0,0,0,0,0,1,0,0,0,0,0
56,Female,259123,No,No,Yes,Yes,No,Yes,No,Yes,Yes,No,No,Yes,Yes,Yes,No,Yes,0,0,0,0,0,0,0,0,1,1,1,0,0,0,0,0,0,0,0,0
67,Female,462681,No,No,Yes,No,No,Yes,No,No,Yes,No,No,No,No,No,No,No,0,0,0,0,0,0,0,0,1,0,0,0,0,0,0,0,0,0,0,0
35,Male,267954,No,No,Yes,No,No,No,Yes,No,Yes,No,No,No,No,Yes,No,Yes,0,0,0,0,0,0,0,0,1,0,0,0,0,0,0,0,0,0,0,0
20,Male,304384,No,No,Yes,No,Yes,No,Yes,Yes,No,No,No,No,No,No,No,Yes,0,0,0,0,0,0,0,0,0,0,0,0,0,0,0,0,0,0,0,0
36,Male,182554,No,No,Yes,No,No,No,Yes,Yes,Yes,No,Yes,No,Yes,No,No,Yes,0,0,0,0,0,0,0,1,1,0,0,1,0,0,0,0,1,0,0,0
61,Female,147572,No,No,No,No,Yes,No,Yes,Yes,No,No,No,Yes,No,No,No,Yes,0,0,0,0,0,0,0,0,0,1,0,0,0,0,0,0,0,0,0,0
11,Female,294864,No,No,No,No,No,No,No,Yes,No,No,No,No,No,Yes,Yes,Yes,0,0,0,0,0,0,0,0,0,0,0,0,0,0,0,0,0,0,0,0
61,Female,53781,No,No,Yes,No,Yes,Yes,No,Yes,Yes,No,Yes,No,No,No,No,Yes,0,1,0,0,1,0,1,1,1,0,0,0,0,0,0,0,1,0,0,0
31,Male,256597,No,No,No,No,No,No,No,No,No,No,Yes,Yes,No,No,No,Yes,0,0,0,0,0,0,0,1,0,1,0,0,0,0,0,0,0,0,0,0
47,Female,203601,No,No,No,Yes,Yes,No,Yes,Yes,Yes,No,Yes,Yes,No,No,No,No,0,1,0,0,0,0,0,1,0,1,0,0,0,0,0,0,0,0,0,0
37,Female,436650,No,No,Yes,No,Yes,Yes,No,Yes,Yes,No,No,Yes,No,No,No,Yes,0,0,0,0,0,0,0,0,1,0,0,0,0,0,0,0,0,0,0,0
64,Male,23775,No,No,No,No,No,No,Yes,No,Yes,No,No,No,Yes,No,No,Yes,0,0,0,0,0,0,0,0,0,0,0,1,0,0,0,0,0,0,0,0
34,Male,74864,No,No,Yes,No,Yes,No,Yes,Yes,No,No,No,Yes,No,Yes,No,No,0,0,0,0,0,0,0,0,0,1,0,0,0,1,0,0,0,0,0,0
26,Female,446711,No,No,Yes,Yes,No,No,No,Yes,No,No,No,Yes,Yes,Yes,No,Yes,0,0,0,0,0,0,0,0,0,0,1,0,0,0,0,0,0,0,0,0
22,Female,352772,Yes,Yes,No,No,Yes,Yes,Yes,No,Yes,Yes,No,Yes,Yes,No,No,No,0,0,0,0,0,0,0,0,0,0,1,0,1,0,1,0,0,0,0,0
8,Male,273761,No,No,No,No,No,No,Yes,No,No,No,No,No,No,No,No,Yes,0,0,0,0,0,0,0,0,0,0,0,0,0,0,0,0,0,0,0,0
54,Female,402489,No,No,Yes,No,Yes,Yes,Yes,Yes,Yes,No,Yes,Yes,Yes,Yes,No,Yes,0,0,0,0,0,0,0,0,1,0,1,0,0,0,0,0,1,0,0,0
76,Male,25191,No,No,No,No,Yes,No,No,Yes,No,No,No,Yes,Yes,Yes,No,Yes,0,0,0,0,0,0,0,0,0,1,0,1,0,1,0,0,0,0,0,0
75,Male,464955,No,No,Yes,No,Yes,No,Yes,No,No,No,No,No,Yes,No,No,Yes,0,0,0,0,0,0,0,0,0,0,0,0,0,0,0,0,0,0,0,0
58,Male,339445,No,No,Yes,No,Yes,No,Yes,No,No,No,No,Yes,Yes,No,No,Yes,0,0,0,0,0,0,0,0,0,0,0,0,0,0,0,0,0,0,0,0
8,Female,286465,No,No,No,No,No,No,Yes,Yes,Yes,No,No,Yes,Yes,No,Yes,Yes,0,0,0,0,0,0,0,0,0,0,0,0,0,0,0,0,0,0,0,0
68,Male,204305,No,No,No,No,No,No,No,Yes,Yes,No,Yes,Yes,Yes,No,No,No,0,0,0,0,0,0,0,1,0,1,0,1,0,0,0,0,0,0,0,0
62,Female,381383,No,No,No,Yes,No,Yes,Yes,No,No,No,Yes,Yes,Yes,No,No,Yes,0,0,0,0,0,0,0,1,0,0,1,0,0,0,0,0,0,0,0,0
45,Male,265888,No,No,Yes,No,Yes,No,No,Yes,No,No,Yes,No,Yes,Yes,No,No,0,0,0,0,0,0,0,1,0,0,0,0,0,0,0,0,0,0,0,0
35,Male,350278,No,No,No,No,No,No,No,Yes,Yes,No,No,No,No,Yes,No,Yes,0,0,0,0,0,0,0,0,0,0,0,0,0,0,0,0,0,0,0,0
16,Male,172641,Yes,Yes,No,No,Yes,No,Yes,No,Yes,No,Yes,No,Yes,Yes,No,No,0,0,0,0,0,0,0,1,0,0,0,1,0,0,1,0,0,0,0,0
60,Female,101561,No,No,Yes,Yes,Yes,No,No,Yes,Yes,No,No,Yes,Yes,No,No,No,0,0,0,0,0,0,0,0,1,1,1,1,0,0,0,0,0,0,0,0
15,Male,129094,No,No,Yes,No,Yes,No,Yes,Yes,No,No,No,Yes,Yes,No,No,Yes,0,0,0,0,0,0,0,0,0,0,0,1,0,0,0,0,0,0,0,0
9,Male,140755,Yes,No,No,No,Yes,No,Yes,Yes,Yes,No,No,No,Yes,Yes,No,No,0,0,0,0,0,0,0,0,0,0,0,1,0,0,1,1,0,0,0,0
4,Female,69541,Yes,Yes,Yes,No,No,Yes,No,No,No,No,Yes,No,Yes,No,Yes,Yes,0,0,0,0,0,0,0,1,0,0,0,1,0,0,0,0,0,0,1,0
53,Male,350514,No,No,No,No,Yes,No,No,No,No,No,No,No,No,No,No,Yes,0,0,0,0,0,0,0,0,0,0,0,0,0,0,0,0,0,0,0,0
35,Female,251895,No,No,Yes,No,Yes,Yes,No,Yes,Yes,No,No,No,No,No,No,Yes,0,0,0,0,0,0,0,0,1,0,0,0,0,0,0,0,0,0,0,0
72,Female,265230,No,No,Yes,Yes,Yes,No,No,Yes,Yes,No,Yes,Yes,No,No,No,No,0,0,0,0,0,0,0,1,1,1,0,0,0,0,0,0,1,0,0,0
27,Male,170278,No,No,No,No,Yes,No,No,No,Yes,No,Yes,Yes,Yes,No,No,No,0,0,0,0,0,0,0,1,0,1,0,1,0,0,0,0,0,0,0,0
81,Female,382172,No,No,Yes,No,No,Yes,Yes,No,Yes,No,Yes,Yes,No,Yes,No,No,0,0,0,0,0,0,0,1,1,0,0,0,0,0,0,0,1,0,0,0
17,Female,21877,Yes,No,No,No,No,No,No,Yes,Yes,Yes,No,Yes,Yes,Yes,Yes,Yes,0,0,0,0,0,0,0,0,0,0,0,1,0,0,0,1,0,0,0,0
25,Male,397518,Yes,No,Yes,No,Yes,No,Yes,Yes,No,No,Yes,Yes,Yes,No,No,Yes,0,0,0,0,0,0,0,1,0,0,0,0,0,0,1,1,0,0,0,1
58,Male,356657,No,No,No,No,No,No,No,No,No,No,Yes,No,No,No,No,No,0,0,0,0,0,0,0,1,0,0,0,0,0,0,0,0,0,0,0,0
16,Male,494311,Yes,Yes,Yes,No,Yes,No,No,Yes,No,No,Yes,No,Yes,Yes,No,No,0,0,0,0,0,0,0,0,0,0,0,0,0,0,0,1,0,0,0,0
38,Female,497032,No,No,No,No,Yes,Yes,No,No,No,Yes,Yes,No,Yes,No,No,Yes,0,0,0,0,0,0,0,0,0,0,1,0,1,0,0,0,0,1,0,0
22,Male,107254,Yes,No,No,No,No,No,Yes,No,Yes,No,No,Yes,Yes,No,No,No,0,0,0,0,0,0,0,0,0,1,0,1,0,0,1,0,0,0,0,0
26,Male,74557,No,No,No,No,No,No,Yes,No,Yes,No,No,No,No,No,No,Yes,0,0,0,0,0,0,0,0,0,0,0,0,0,0,0,0,0,0,0,0
11,Male,156505,No,No,No,No,Yes,No,Yes,No,Yes,No,No,No,No,No,No,No,0,0,0,0,0,0,0,0,0,0,0,0,0,0,0,0,0,0,0,0
42,Female,300640,No,No,Yes,No,No,Yes,Yes,No,No,No,Yes,Yes,No,No,No,Yes,0,0,0,0,0,0,0,1,0,0,0,0,0,0,0,0,0,0,0,0
27,Female,175981,No,No,Yes,Yes,Yes,No,Yes,No,Yes,No,No,Yes,Yes,Yes,No,No,0,0,0,0,0,0,0,0,1,1,1,1,0,0,0,0,0,0,0,0
44,Female,64870,No,No,No,No,Yes,No,Yes,No,Yes,Yes,No,No,No,Yes,No,No,0,0,0,0,0,0,0,0,0,0,0,0,1,1,0,0,0,0,0,0
67,Male,192455,No,No,No,No,No,No,Yes,Yes,Yes,No,Yes,Yes,No,No,No,Yes,0,0,0,0,0,0,0,1,0,1,0,0,0,0,0,0,0,0,0,0
10,Male,59609,No,No,Yes,No,No,No,Yes,Yes,No,No,Yes,Yes,No,No,No,No,0,0,0,0,0,0,0,1,0,0,0,0,0,0,0,0,0,0,0,0
6,Male,346724,Yes,No,No,No,No,No,Yes,Yes,Yes,No,No,No,Yes,No,No,Yes,0,0,0,0,0,0,0,0,0,0,0,0,0,0,1,1,0,0,0,0
81,Male,178432,No,No,Yes,No,No,No,Yes,Yes,No,No,No,Yes,No,Yes,No,Yes,0,0,0,0,0,0,0,0,0,1,0,0,0,0,0,0,0,0,0,0
66,Male,373544,No,No,Yes,No,Yes,No,No,No,Yes,No,Yes,Yes,No,No,No,No,0,0,0,0,0,0,0,1,1,0,0,0,0,0,0,0,1,0,0,0
5,Male,213680,No,No,No,No,No,No,No,Yes,Yes,No,No,No,No,Yes,No,No,0,0,0,0,0,0,0,0,0,0,0,0,0,0,0,0,0,0,0,0
50,Male,171140,No,No,No,No,Yes,No,No,No,No,No,Yes,Yes,No,Yes,No,Yes,0,0,0,0,0,0,0,1,0,1,0,0,0,0,0,0,0,0,0,0
17,Male,432069,Yes,Yes,Yes,No,No,No,No,No,No,No,No,Yes,Yes,Yes,No,No,0,0,0,0,0,0,0,0,0,0,0,0,0,0,0,0,0,0,0,0
41,Male,212806,No,No,No,No,Yes,No,Yes,No,Yes,No,Yes,No,Yes,Yes,No,No,0,0,0,0,0,0,0,1,0,0,0,1,0,0,0,0,0,0,0,0
82,Male,328566,No,No,No,No,No,No,No,Yes,No,No,No,No,No,No,No,Yes,0,0,0,0,0,0,0,0,0,0,0,0,0,0,0,0,0,0,0,0
27,Male,108246,No,No,No,No,Yes,No,Yes,Yes,Yes,No,No,Yes,Yes,Yes,No,No,0,0,0,0,0,0,0,0,0,1,0,1,0,0,0,0,0,0,0,0
62,Female,283617,No,No,No,No,Yes,No,Yes,No,No,No,Yes,Yes,Yes,No,No,No,0,0,0,0,0,0,0,1,0,1,1,0,0,0,0,0,0,0,0,0
11,Male,14483,No,No,Yes,No,No,No,No,No,No,No,No,No,No,No,No,No,0,0,0,0,0,0,0,0,0,0,0,0,0,0,0,0,0,0,0,0
46,Female,38131,No,No,Yes,No,Yes,No,Yes,No,Yes,No,No,No,No,No,No,Yes,0,0,0,0,0,0,0,0,1,0,0,0,0,0,0,0,0,0,0,0
43,Female,344821,No,No,No,No,No,Yes,No,No,Yes,Yes,Yes,Yes,Yes,No,No,Yes,0,0,0,0,0,0,0,1,0,0,1,0,1,0,0,0,0,1,0,0
29,Male,114860,No,No,Yes,No,Yes,No,Yes,No,No,No,Yes,Yes,Yes,No,No,Yes,0,0,0,0,0,0,0,1,0,1,0,1,0,0,0,0,0,0,0,1
29,Male,454231,No,No,Yes,No,Yes,No,Yes,Yes,Yes,No,No,Yes,No,Yes,No,Yes,0,0,0,0,0,0,0,0,1,0,0,0,0,0,0,0,0,0,0,0
28,Female,157795,No,No,Yes,No,No,Yes,No,Yes,No,Yes,Yes,No,Yes,No,No,No,0,1,0,0,0,0,0,1,0,0,1,1,1,0,0,0,0,1,0,0
4,Female,448784,Yes,No,No,No,Yes,Yes,No,No,No,No,No,No,No,Yes,Yes,Yes,0,0,0,0,0,0,0,0,0,0,0,0,0,0,0,0,0,0,0,0
13,Male,355316,Yes,Yes,No,No,Yes,No,No,Yes,Yes,No,Yes,No,Yes,Yes,No,No,0,0,0,1,0,0,0,1,0,0,0,0,0,0,0,1,0,0,0,0
8,Male,68762,Yes,Yes,No,No,Yes,No,No,No,No,No,Yes,No,No,Yes,No,No,0,0,0,1,0,0,0,1,0,0,0,0,0,0,0,0,0,0,0,0
54,Male,276160,No,No,No,No,No,No,Yes,No,No,No,Yes,Yes,No,No,No,No,0,0,0,0,0,0,0,1,0,1,0,0,0,0,0,0,0,0,0,0
57,Female,28924,No,No,Yes,Yes,Yes,Yes,Yes,No,Yes,No,No,Yes,No,No,No,Yes,0,0,0,0,0,0,0,0,1,1,0,0,0,0,0,0,0,0,0,0
14,Female,38450,Yes,Yes,No,No,No,No,No,Yes,No,No,No,No,No,Yes,Yes,No,0,0,0,0,0,0,0,0,0,0,0,0,0,0,0,1,0,0,0,0
67,Male,449143,No,No,No,No,No,No,No,No,Yes,No,Yes,Yes,No,Yes,No,Yes,0,0,0,0,0,0,0,0,0,0,0,0,0,0,0,0,0,0,0,0
47,Male,410862,No,No,Yes,No,Yes,No,Yes,Yes,Yes,No,Yes,Yes,No,No,No,No,0,0,0,0,0,0,0,0,1,0,0,0,0,0,0,0,1,0,0,0
50,Male,119267,No,No,Yes,No,Yes,No,No,No,Yes,No,Yes,Yes,Yes,Yes,No,Yes,0,0,0,0,0,0,0,1,1,1,0,1,0,0,0,0,1,0,0,0
14,Male,247198,No,No,No,No,Yes,No,Yes,No,No,No,No,No,Yes,Yes,No,Yes,0,0,0,0,0,0,0,0,0,0,0,1,0,0,0,0,0,0,0,0
29,Female,415928,No,No,No,Yes,No,Yes,No,Yes,Yes,Yes,Yes,Yes,No,Yes,No,Yes,0,0,0,0,0,0,0,0,0,0,0,0,1,0,0,0,0,1,0,1
30,Male,28572,No,No,Yes,No,No,No,No,Yes,No,No,No,Yes,Yes,Yes,No,No,0,0,0,0,0,0,0,0,0,1,0,1,0,1,0,0,0,0,0,0
43,Female,448114,No,No,No,No,Yes,Yes,Yes,No,Yes,Yes,No,Yes,No,Yes,No,Yes,0,0,0,0,0,0,0,0,0,0,0,0,1,0,0,0,0,0,0,0
15,Male,26873,No,No,No,No,Yes,No,Yes,No,No,No,No,No,Yes,Yes,No,No,0,0,0,0,0,0,0,0,0,0,0,1,0,0,0,0,0,0,0,0
85,Female,468147,No,No,No,No,Yes,Yes,No,Yes,Yes,No,Yes,Yes,Yes,No,No,No,0,0,0,0,0,0,0,0,0,0,1,0,0,0,0,0,0,0,0,0
47,Female,128479,No,No,No,Yes,No,No,No,Yes,No,No,No,No,No,Yes,No,Yes,0,0,0,0,0,0,0,0,0,0,0,0,0,0,0,0,0,0,0,0
3,Male,328285,Yes,No,No,No,Yes,No,No,No,Yes,No,Yes,No,Yes,Yes,No,No,0,0,0,0,0,0,0,1,0,0,0,0,0,0,0,0,0,0,0,0
9,Male,288215,Yes,No,No,No,Yes,No,No,Yes,Yes,No,Yes,Yes,No,No,No,Yes,0,0,0,0,0,0,0,1,0,0,0,0,0,0,0,1,0,0,0,0
32,Female,95248,No,No,No,Yes,Yes,Yes,Yes,No,Yes,No,No,Yes,No,Yes,No,No,0,0,0,0,0,0,0,0,0,1,0,0,0,0,0,0,0,0,0,0
79,Female,209952,No,No,Yes,No,No,No,No,No,No,No,No,No,Yes,No,No,No,0,0,0,0,0,0,0,0,0,0,1,1,0,0,0,0,0,0,0,0
68,Male,113132,No,No,No,No,Yes,No,Yes,No,Yes,No,Yes,Yes,No,No,No,Yes,0,0,0,0,0,0,0,1,0,1,0,0,0,0,0,0,0,0,0,0
45,Male,305127,No,No,No,No,Yes,No,No,No,No,No,Yes,No,Yes,No,No,Yes,0,0,0,0,0,0,0,1,0,0,0,0,0,0,0,0,0,0,0,0
51,Male,170489,No,No,Yes,No,No,No,No,Yes,No,No,Yes,Yes,Yes,No,No,Yes,0,0,0,0,0,0,0,1,0,1,0,1,0,0,0,0,0,0,0,0
13,Male,453280,Yes,Yes,Yes,No,No,No,No,No,No,No,Yes,Yes,No,No,No,No,0,0,0,1,0,0,0,0,0,0,0,0,0,0,0,0,0,0,0,0
1,Male,404338,Yes,No,Yes,No,Yes,No,Yes,Yes,No,No,No,No,No,No,No,Yes,0,0,0,0,0,0,0,0,0,0,0,0,0,0,0,0,0,0,0,0
47,Male,113742,No,No,No,No,Yes,No,Yes,No,No,No,No,Yes,Yes,No,No,Yes,0,0,0,0,0,0,0,0,0,1,0,1,0,0,0,0,0,0,0,0
32,Female,391351,No,No,No,No,Yes,Yes,No,No,No,No,Yes,Yes,Yes,No,No,No,0,0,0,0,0,0,0,1,0,0,1,0,0,0,0,0,0,0,0,0
51,Female,120949,No,No,Yes,No,Yes,Yes,Yes,Yes,Yes,No,No,Yes,No,No,No,No,0,0,0,0,0,0,0,0,1,1,0,0,0,0,0,0,0,0,0,0
85,Male,483070,No,No,No,No,Yes,No,Yes,Yes,Yes,No,Yes,Yes,No,No,No,Yes,0,0,0,0,0,0,0,0,0,0,0,0,0,0,0,0,0,0,0,0
63,Female,189826,No,No,No,Yes,No,Yes,No,No,Yes,No,Yes,Yes,No,Yes,No,Yes,0,1,0,0,0,0,0,1,0,1,0,0,0,0,0,0,0,0,0,0
55,Female,53978,No,No,Yes,Yes,Yes,No,Yes,No,Yes,No,Yes,No,Yes,No,No,No,0,1,0,0,0,1,1,1,1,0,1,1,0,0,0,0,1,0,0,0
53,Male,254854,No,No,No,No,No,No,Yes,No,Yes,No,Yes,No,Yes,No,No,Yes,0,0,0,0,0,0,0,1,0,0,0,0,0,0,0,0,0,0,0,0
36,Female,201762,No,No,No,No,Yes,No,No,Yes,Yes,Yes,No,No,No,Yes,No,No,0,0,0,0,0,0,0,0,0,0,0,0,1,0,0,0,0,0,0,0
69,Female,403005,No,No,No,Yes,Yes,No,Yes,No,No,No,Yes,Yes,Yes,No,No,Yes,0,0,0,0,0,0,0,0,0,0,1,0,0,0,0,0,0,0,0,0
69,Female,374141,No,No,Yes,Yes,Yes,Yes,Yes,No,No,No,Yes,Yes,Yes,No,No,Yes,0,0,0,0,0,0,0,1,0,0,1,0,0,0,0,0,0,0,0,0
75,Male,280643,No,No,No,No,No,No,Yes,Yes,Yes,No,Yes,No,No,No,No,No,0,0,0,0,0,0,0,1,0,0,0,0,0,0,0,0,0,0,0,0
51,Female,138852,No,No,No,Yes,No,No,Yes,Yes,Yes,No,No,Yes,No,Yes,No,Yes,0,0,0,0,0,0,0,0,0,1,0,0,0,0,0,0,0,0,0,0
37,Male,137622,No,No,Yes,No,No,No,Yes,No,Yes,No,No,Yes,No,No,No,No,0,0,0,0,0,0,0,0,1,1,0,0,0,0,0,0,0,0,0,0
23,Male,78796,Yes,No,Yes,No,No,No,Yes,No,No,No,Yes,Yes,No,No,No,Yes,0,0,0,0,0,0,0,1,0,1,0,0,0,0,1,0,0,0,0,1
18,Male,183337,No,No,No,No,No,No,Yes,Yes,Yes,No,No,No,Yes,No,No,Yes,0,0,0,0,0,0,0,0,0,0,0,1,0,0,0,0,0,0,0,0
77,Male,53306,No,No,No,No,No,No,No,No,No,No,Yes,Yes,No,No,No,Yes,0,0,0,0,1,0,0,1,0,1,0,0,0,0,0,0,0,0,0,0
4,Female,24998,Yes,Yes,Yes,No,Yes,No,No,Yes,No,No,No,No,Yes,Yes,Yes,No,0,0,0,0,0,0,0,0,0,0,0,1,0,0,0,0,0,0,0,0
15,Male,449353,Yes,Yes,Yes,No,Yes,No,Yes,No,No,No,No,No,No,Yes,No,No,0,0,0,0,0,0,0,0,0,0,0,0,0,0,1,0,0,0,0,0
59,Male,301631,No,No,No,No,Yes,No,Yes,No,Yes,No,No,Yes,Yes,Yes,No,Yes,0,0,0,0,0,0,0,0,0,0,0,0,0,0,0,0,0,0,0,0
48,Male,110379,No,No,No,No,No,No,No,No,Yes,No,No,No,Yes,No,No,Yes,0,0,0,0,0,0,0,0,0,0,0,1,0,0,0,0,0,0,0,0
67,Female,47361,No,No,Yes,Yes,Yes,Yes,Yes,Yes,No,No,No,No,No,Yes,No,No,0,0,0,0,0,0,0,0,0,0,0,0,0,1,0,0,0,0,0,0
85,Male,443053,No,No,Yes,No,No,No,Yes,Yes,Yes,No,No,Yes,No,Yes,No,Yes,0,0,0,0,0,0,0,0,1,0,0,0,0,0,0,0,0,0,0,0
30,Male,437681,No,No,No,No,Yes,No,No,No,No,No,No,No,No,Yes,No,No,0,0,0,0,0,0,0,0,0,0,0,0,0,0,0,0,0,0,0,0
7,Male,212380,No,No,No,No,No,No,No,No,No,No,No,No,Yes,Yes,No,Yes,0,0,0,0,0,0,0,0,0,0,0,1,0,0,0,0,0,0,0,0
18,Female,449872,No,No,No,Yes,Yes,Yes,Yes,Yes,No,Yes,Yes,No,Yes,No,No,Yes,0,0,0,0,0,0,0,0,0,0,1,0,1,0,0,0,0,1,0,1
3,Female,342394,Yes,No,Yes,No,No,Yes,Yes,Yes,No,No,No,No,No,Yes,Yes,No,0,0,0,0,0,0,0,0,0,0,0,0,0,0,0,0,0,0,0,0
72,Male,498000,No,No,No,No,No,No,No,Yes,No,No,Yes,No,Yes,No,No,Yes,0,0,0,0,0,0,0,0,0,0,0,0,0,0,0,0,0,0,0,0
64,Male,136215,No,No,No,No,Yes,No,No,Yes,No,No,Yes,No,Yes,No,No,No,0,0,0,0,0,0,0,1,0,0,0,1,0,0,0,0,0,0,0,0
75,Male,484871,No,No,Yes,No,No,No,Yes,Yes,No,No,No,Yes,No,No,No,Yes,0,0,0,0,0,0,0,0,0,0,0,0,0,0,0,0,0,0,0,0
49,Female,32857,No,No,No,No,No,No,No,Yes,No,No,Yes,No,Yes,Yes,No,No,0,1,0,0,0,0,0,1,0,0,1,1,0,1,0,0,0,0,0,0
18,Female,79342,No,No,No,No,No,Yes,Yes,Yes,Yes,No,Yes,Yes,Yes,Yes,No,Yes,0,0,0,0,0,0,0,1,0,1,1,1,0,0,0,0,0,0,0,1
35,Female,401607,No,No,Yes,Yes,No,Yes,Yes,Yes,Yes,Yes,Yes,No,Yes,No,No,No,0,0,0,0,0,0,0,0,1,0,1,0,1,0,0,0,1,1,0,0
45,Female,133872,No,No,No,Yes,No,Yes,Yes,No,Yes,Yes,Yes,Yes,No,Yes,No,No,0,1,0,0,0,0,0,1,0,1,0,0,1,0,0,0,0,1,0,0
77,Female,340214,No,No,No,Yes,Yes,No,Yes,No,Yes,No,No,Yes,Yes,No,No,Yes,0,0,0,0,0,0,0,0,0,0,1,0,0,0,0,0,0,0,0,0
80,Female,369701,No,No,No,No,No,Yes,No,No,No,No,No,No,Yes,No,No,Yes,0,0,0,0,0,0,0,0,0,0,1,0,0,0,0,0,0,0,0,0
82,Female,20910,No,No,No,No,No,Yes,Yes,No,Yes,No,No,No,No,No,No,No,0,0,0,0,0,0,0,0,0,0,0,0,0,0,0,0,0,0,0,0
33,Male,327374,No,No,Yes,No,Yes,No,No,No,Yes,No,No,Yes,No,Yes,No,Yes,0,0,0,0,0,0,0,0,1,0,0,0,0,0,0,0,0,0,0,0
27,Male,484227,No,No,No,No,Yes,No,Yes,No,Yes,No,Yes,No,Yes,No,No,Yes,0,0,0,0,0,0,0,0,0,0,0,0,0,0,0,0,0,0,0,1
71,Female,190785,No,No,Yes,No,No,No,No,Yes,Yes,No,No,No,Yes,Yes,No,Yes,0,0,0,0,0,0,0,0,1,0,1,1,0,0,0,0,0,0,0,0
48,Female,314567,No,No,No,Yes,Yes,No,Yes,Yes,No,No,No,Yes,No,No,No,Yes,0,0,0,0,0,0,0,0,0,0,0,0,0,0,0,0,0,0,0,0
80,Female,41539,No,No,No,Yes,Yes,No,No,No,Yes,No,No,No,No,Yes,No,No,0,0,0,0,0,0,0,0,0,0,0,0,0,1,0,0,0,0,0,0
71,Male,46524,No,No,No,No,Yes,No,Yes,Yes,No,No,Yes,No,Yes,No,No,No,0,0,0,0,1,0,1,1,0,0,0,1,0,0,0,0,0,0,0,0
82,Female,21412,No,No,Yes,Yes,Yes,No,No,Yes,Yes,No,Yes,Yes,Yes,Yes,No,Yes,0,1,0,0,1,1,1,1,1,1,1,1,0,1,0,0,1,0,0,0
69,Male,119870,No,No,No,No,Yes,No,No,Yes,Yes,No,Yes,Yes,Yes,No,No,No,0,0,0,0,0,0,0,1,0,1,0,1,0,0,0,0,0,0,0,0
25,Male,216652,No,No,Yes,No,No,No,No,Yes,Yes,No,Yes,No,Yes,No,No,Yes,0,0,0,0,0,0,0,1,1,0,0,1,0,0,0,0,1,0,0,1
61,Female,446136,No,No,No,Yes,Yes,Yes,Yes,Yes,Yes,No,No,Yes,No,Yes,No,Yes,0,0,0,0,0,0,0,0,0,0,0,0,0,0,0,0,0,0,0,0
18,Female,388205,Yes,Yes,Yes,Yes,Yes,Yes,Yes,Yes,Yes,No,No,No,No,Yes,No,Yes,0,0,0,0,0,0,0,0,1,0,0,0,0,0,1,1,0,0,0,0
35,Male,212724,No,No,No,No,No,No,No,Yes,Yes,No,No,No,Yes,No,No,Yes,0,0,0,0,0,0,0,0,0,0,0,1,0,0,0,0,0,0,0,0
16,Female,168332,Yes,Yes,No,No,Yes,Yes,No,Yes,Yes,No,No,No,Yes,No,Yes,No,0,0,0,0,0,0,0,0,0,0,0,1,0,0,0,1,0,0,0,0
1,Male,491483,Yes,No,No,No,No,No,No,Yes,No,No,Yes,No,Yes,No,No,No,0,0,0,0,0,0,0,0,0,0,0,0,0,0,0,0,0,0,0,0
56,Male,461908,No,No,Yes,No,No,No,Yes,Yes,No,No,No,No,No,No,No,Yes,0,0,0,0,0,0,0,0,0,0,0,0,0,0,0,0,0,0,0,0
15,Male,282739,Yes,Yes,No,No,Yes,No,Yes,Yes,Yes,No,Yes,No,Yes,Yes,No,No,0,0,0,1,0,0,0,1,0,0,0,0,0,0,1,1,0,0,0,0
3,Female,167000,Yes,Yes,No,No,No,Yes,No,Yes,No,No,Yes,No,Yes,Yes,Yes,Yes,0,0,0,0,0,0,0,1,0,0,0,1,0,0,0,0,0,0,0,0
23,Female,413784,No,No,No,No,Yes,No,No,Yes,No,No,Yes,Yes,Yes,Yes,No,No,0,0,0,0,0,0,0,0,0,0,1,0,0,0,0,0,0,0,0,0
64,Male,116213,No,No,Yes,No,No,No,Yes,Yes,Yes,No,Yes,Yes,Yes,No,No,Yes,0,0,0,0,0,0,0,1,1,1,0,1,0,0,0,0,1,0,0,0
9,Male,378953,No,No,No,No,Yes,No,No,Yes,Yes,No,No,No,Yes,Yes,No,Yes,0,0,0,0,0,0,0,0,0,0,0,0,0,0,0,0,0,0,0,0
9,Male,198031,No,No,Yes,No,Yes,No,No,No,Yes,No,Yes,No,Yes,No,No,No,0,0,0,0,0,0,0,1,0,0,0,1,0,0,0,0,0,0,0,0
53,Female,263218,No,No,No,Yes,Yes,No,Yes,No,Yes,No,Yes,Yes,Yes,No,No,No,0,0,0,0,0,0,0,1,0,1,1,0,0,0,0,0,0,0,0,0
7,Female,339126,Yes,Yes,Yes,No,Yes,No,No,No,No,No,Yes,Yes,Yes,No,Yes,Yes,0,0,0,1,0,0,0,1,0,0,0,0,0,0,0,0,0,0,0,0
18,Female,185566,Yes,Yes,No,Yes,No,No,Yes,No,No,Yes,No,Yes,No,No,No,Yes,0,0,0,0,0,0,0,0,0,1,0,0,1,0,1,0,0,0,0,0
33,Male,69315,No,No,Yes,No,Yes,No,Yes,No,Yes,No,No,Yes,No,No,No,Yes,0,0,0,0,0,0,0,0,1,1,0,0,0,0,0,0,0,0,0,0
34,Male,373761,No,No,No,No,Yes,No,Yes,No,Yes,No,Yes,No,Yes,Yes,No,No,0,0,0,0,0,0,0,1,0,0,0,0,0,0,0,0,0,0,0,0
2,Female,457491,Yes,Yes,No,No,Yes,Yes,No,No,No,No,Yes,Yes,No,No,Yes,No,0,0,0,0,0,0,0,0,0,0,0,0,0,0,0,0,0,0,0,0
83,Female,257895,No,No,No,Yes,Yes,Yes,No,No,No,No,No,Yes,Yes,Yes,No,No,0,0,0,0,0,0,0,0,0,1,1,0,0,0,0,0,0,0,0,0
82,Female,294655,No,No,Yes,No,Yes,No,No,No,Yes,No,Yes,Yes,No,Yes,No,No,0,0,0,0,0,0,0,1,1,1,0,0,0,0,0,0,1,0,0,0
70,Male,26782,No,No,Yes,No,Yes,No,Yes,Yes,No,No,No,No,No,Yes,No,Yes,0,0,0,0,0,0,0,0,0,0,0,0,0,1,0,0,0,0,0,0
28,Male,365694,No,No,Yes,No,No,No,Yes,Yes,No,No,Yes,No,Yes,No,No,No,0,0,0,0,0,0,0,1,0,0,0,0,0,0,0,0,0,0,0,0
24,Male,179744,No,No,Yes,No,No,No,Yes,No,No,No,Yes,Yes,Yes,Yes,No,No,0,0,0,0,0,0,0,1,0,1,0,1,0,0,0,0,0,0,0,0
25,Female,212892,Yes,No,Yes,Yes,Yes,No,No,No,Yes,No,No,Yes,Yes,Yes,No,Yes,0,0,0,0,0,0,0,0,1,1,1,1,0,0,0,0,0,0,0,0
4,Female,408187,No,No,No,No,Yes,Yes,Yes,Yes,No,No,Yes,Yes,No,Yes,Yes,No,0,0,0,0,0,0,0,0,0,0,0,0,0,0,0,0,0,0,0,0
75,Female,119433,No,No,Yes,No,Yes,Yes,Yes,No,No,No,No,No,No,Yes,No,No,0,0,0,0,0,0,0,0,0,0,0,0,0,0,0,0,0,0,0,0
62,Female,37910,No,No,Yes,No,Yes,Yes,Yes,No,Yes,No,No,Yes,No,No,No,No,0,0,0,0,0,0,0,0,1,1,0,0,0,0,0,0,0,0,0,0
40,Male,342207,No,No,No,No,No,No,Yes,Yes,Yes,No,No,Yes,Yes,Yes,No,Yes,0,0,0,0,0,0,0,0,0,0,0,0,0,0,0,0,0,0,0,0
13,Male,91048,No,No,Yes,No,Yes,No,No,Yes,Yes,No,No,No,Yes,No,No,No,0,0,0,0,0,0,0,0,0,0,0,1,0,0,0,0,0,0,0,0
44,Male,31862,No,No,Yes,No,No,No,No,No,No,No,No,No,Yes,Yes,No,Yes,0,0,0,0,0,0,0,0,0,0,0,1,0,1,0,0,0,0,0,0
44,Female,48991,No,No,Yes,No,No,No,Yes,Yes,No,No,No,No,Yes,Yes,No,Yes,0,0,0,0,0,0,0,0,0,0,1,1,0,1,0,0,0,0,0,0
83,Male,64612,No,No,No,No,Yes,No,No,No,Yes,No,No,No,Yes,No,No,No,0,0,0,0,0,0,0,0,0,0,0,1,0,0,0,0,0,0,0,0
37,Male,352061,No,No,Yes,No,Yes,No,No,Yes,Yes,No,No,Yes,No,No,No,No,0,0,0,0,0,0,0,0,1,0,0,0,0,0,0,0,0,0,0,0
18,Male,345719,No,No,No,No,No,No,Yes,Yes,No,No,Yes,No,No,No,No,No,0,0,0,0,0,0,0,1,0,0,0,0,0,0,0,0,0,0,0,0
8,Male,47701,No,No,Yes,No,No,No,No,No,No,No,No,No,No,Yes,No,Yes,0,0,0,0,0,0,0,0,0,0,0,0,0,0,0,0,0,0,0,0
44,Male,303084,No,No,No,No,Yes,No,No,Yes,Yes,No,Yes,No,No,Yes,No,No,0,0,0,0,0,0,0,1,0,0,0,0,0,0,0,0,0,0,0,0
19,Female,146027,No,No,No,Yes,Yes,Yes,No,No,Yes,No,No,Yes,No,No,No,No,0,0,0,0,0,0,0,0,0,1,0,0,0,0,0,0,0,0,0,0
30,Male,12498,No,No,No,No,No,No,Yes,Yes,Yes,No,Yes,No,Yes,No,No,Yes,0,0,0,0,0,0,0,1,0,0,0,1,0,0,0,0,0,0,0,1
80,Female,146528,No,No,No,Yes,No,Yes,Yes,Yes,Yes,No,No,Yes,Yes,No,No,No,0,0,0,0,0,0,0,0,0,1,1,1,0,0,0,0,0,0,0,0
10,Female,472263,No,No,Yes,No,Yes,No,Yes,No,No,No,Yes,Yes,Yes,No,Yes,No,0,0,0,0,0,0,0,0,0,0,0,0,0,0,0,0,0,0,0,0
21,Male,342551,Yes,Yes,Yes,No,Yes,No,No,No,Yes,No,No,Yes,No,Yes,No,Yes,0,0,0,0,0,0,0,0,1,0,0,0,0,0,0,0,0,0,0,0
9,Female,458442,No,No,Yes,No,No,Yes,No,No,Yes,No,Yes,Yes,No,Yes,Yes,Yes,0,0,0,0,0,0,0,0,0,0,0,0,0,0,0,0,0,0,0,0
57,Female,131455,No,No,Yes,Yes,Yes,Yes,No,No,Yes,No,No,Yes,Yes,No,No,Yes,0,0,0,0,0,0,0,0,1,1,1,1,0,0,0,0,0,0,0,0
17,Male,471121,No,No,No,No,Yes,No,No,Yes,No,No,Yes,Yes,No,Yes,No,Yes,0,0,0,0,0,0,0,0,0,0,0,0,0,0,0,0,0,0,0,1
40,Female,273508,No,No,Yes,Yes,Yes,Yes,Yes,Yes,No,No,No,Yes,No,Yes,No,Yes,0,0,0,0,0,0,0,0,0,1,0,0,0,0,0,0,0,0,0,0
8,Female,406559,No,No,Yes,No,Yes,Yes,Yes,Yes,Yes,No,Yes,Yes,Yes,No,Yes,No,0,0,0,0,0,0,0,0,0,0,0,0,0,0,0,0,0,0,0,0
13,Male,44191,No,No,No,No,Yes,No,No,Yes,No,No,Yes,No,Yes,No,No,Yes,0,0,0,0,0,0,0,1,0,0,0,1,0,0,0,0,0,0,0,0
77,Male,453459,No,No,No,No,No,No,No,No,Yes,No,Yes,No,No,No,No,No,0,0,0,0,0,0,0,0,0,0,0,0,0,0,0,0,0,0,0,0
65,Male,488662,No,No,Yes,No,Yes,No,No,No,Yes,No,Yes,No,No,Yes,No,No,0,0,0,0,0,0,0,0,1,0,0,0,0,0,0,0,1,0,0,0
41,Female,323492,No,No,No,No,Yes,Yes,Yes,No,No,Yes,Yes,Yes,Yes,No,No,No,0,0,0,0,0,0,0,1,0,0,1,0,1,0,0,0,0,1,0,0
26,Male,94073,No,No,Yes,No,Yes,No,No,Yes,No,No,Yes,Yes,No,Yes,No,Yes,0,0,0,0,0,0,0,1,0,1,0,0,0,0,0,0,0,0,0,1
51,Female,200553,No,No,No,No,Yes,No,No,No,Yes,No,Yes,No,No,Yes,No,No,0,1,0,0,0,0,0,1,0,0,0,0,0,0,0,0,0,0,0,0
34,Female,450256,No,No,No,Yes,No,Yes,No,No,Yes,No,No,No,No,Yes,No,No,0,0,0,0,0,0,0,0,0,0,0,0,0,0,0,0,0,0,0,0
7,Female,255944,Yes,No,Yes,No,Yes,Yes,Yes,No,No,No,Yes,No,No,Yes,Yes,Yes,0,0,0,0,0,0,0,1,0,0,0,0,0,0,1,0,0,0,0,0
48,Male,279118,No,No,Yes,No,Yes,No,Yes,No,No,No,No,Yes,No,No,No,No,0,0,0,0,0,0,0,0,0,1,0,0,0,0,0,0,0,0,0,0
29,Female,484869,No,No,Yes,Yes,No,Yes,Yes,No,Yes,No,Yes,Yes,No,No,No,No,0,0,0,0,0,0,0,0,1,0,0,0,0,0,0,0,1,0,0,0
40,Male,473819,No,No,Yes,No,No,No,No,Yes,Yes,No,Yes,No,No,No,No,No,0,0,0,0,0,0,0,0,1,0,0,0,0,0,0,0,1,0,0,0
43,Male,463038,No,No,No,No,No,No,Yes,Yes,No,No,No,Yes,Yes,Yes,No,Yes,0,0,0,0,0,0,0,0,0,0,0,0,0,0,0,0,0,0,0,0
63,Female,165462,No,No,Yes,No,Yes,Yes,Yes,Yes,No,No,Yes,No,Yes,No,No,Yes,0,1,0,0,0,0,0,1,0,0,1,1,0,0,0,0,0,0,0,0
9,Female,212057,Yes,Yes,Yes,No,Yes,No,No,No,Yes,No,Yes,No,No,No,Yes,No,0,0,0,1,0,0,0,1,0,0,0,0,0,0,0,0,0,0,0,0
76,Female,16733,No,No,No,Yes,No,No,Yes,Yes,Yes,No,No,No,Yes,Yes,No,Yes,0,0,0,0,0,0,0,0,0,0,1,1,0,1,0,0,0,0,0,0
35,Male,392183,No,No,No,No,No,No,Yes,Yes,No,No,Yes,No,No,Yes,No,Yes,0,0,0,0,0,0,0,1,0,0,0,0,0,0,0,0,0,0,0,0
26,Female,462714,No,No,Yes,No,Yes,Yes,No,Yes,Yes,Yes,No,Yes,No,No,No,Yes,0,0,0,0,0,0,0,0,1,0,0,0,1,0,0,0,0,0,0,0
83,Male,86943,No,No,Yes,No,No,No,No,Yes,No,No,Yes,No,No,Yes,No,No,0,0,0,0,0,0,0,1,0,0,0,0,0,0,0,0,0,0,0,0
67,Female,180805,No,No,No,No,No,Yes,No,Yes,Yes,No,No,No,No,No,No,No,0,0,0,0,0,0,0,0,0,0,0,0,0,0,0,0,0,0,0,0
84,Female,90417,No,No,Yes,No,No,Yes,No,Yes,No,No,No,No,Yes,Yes,No,Yes,0,0,0,0,0,0,0,0,0,0,1,1,0,0,0,0,0,0,0,0
41,Female,388900,No,No,No,Yes,No,Yes,Yes,No,No,Yes,Yes,No,Yes,No,No,No,0,0,0,0,0,0,0,1,0,0,1,0,1,0,0,0,0,1,0,0
85,Female,99363,No,No,No,No,Yes,Yes,Yes,Yes,Yes,No,Yes,Yes,Yes,No,No,Yes,0,1,0,0,0,0,0,1,0,1,1,1,0,0,0,0,0,0,0,0
3,Male,461530,Yes,Yes,Yes,No,Yes,No,No,Yes,Yes,No,No,No,Yes,No,No,No,0,0,0,0,0,0,0,0,0,0,0,0,0,0,0,0,0,0,0,0
31,Female,484513,No,No,No,Yes,No,Yes,Yes,No,No,Yes,No,No,No,No,No,No,0,0,0,0,0,0,0,0,0,0,0,0,1,0,0,0,0,0,0,0
22,Male,406828,Yes,Yes,No,No,No,No,Yes,No,Yes,No,No,Yes,No,No,No,Yes,0,0,0,0,0,0,0,0,0,0,0,0,0,0,1,0,0,0,0,0
85,Female,157145,No,No,No,Yes,Yes,No,No,Yes,No,No,No,Yes,No,Yes,No,Yes,0,0,0,0,0,0,0,0,0,1,0,0,0,0,0,0,0,0,0,0
37,Female,252062,No,No,No,No,Yes,No,Yes,No,Yes,Yes,Yes,No,No,Yes,No,Yes,0,0,0,0,0,0,0,1,0,0,0,0,1,0,0,0,0,1,0,0
72,Female,193589,No,No,Yes,Yes,No,Yes,Yes,No,Yes,No,No,No,Yes,No,No,No,0,0,0,0,0,0,0,0,1,0,1,1,0,0,0,0,0,0,0,0
10,Male,28472,Yes,Yes,No,No,No,No,No,Yes,Yes,No,Yes,No,Yes,Yes,No,Yes,0,0,0,1,0,0,0,1,0,0,0,1,0,0,0,1,0,0,0,0
35,Male,363878,No,No,Yes,No,No,No,No,No,No,No,Yes,No,Yes,Yes,No,Yes,0,0,0,0,0,0,0,1,0,0,0,0,0,0,0,0,0,0,0,0
10,Female,410984,No,No,No,No,No,No,Yes,Yes,No,No,No,No,Yes,Yes,Yes,No,0,0,0,0,0,0,0,0,0,0,0,0,0,0,0,0,0,0,0,0
67,Male,373605,No,No,Yes,No,Yes,No,No,Yes,Yes,No,No,No,Yes,Yes,No,No,0,0,0,0,0,0,0,0,1,0,0,0,0,0,0,0,0,0,0,0
70,Female,12843,No,No,No,No,No,Yes,No,Yes,No,No,No,Yes,Yes,No,No,No,0,0,0,0,0,0,0,0,0,1,1,1,0,0,0,0,0,0,0,0
27,Female,353097,No,No,Yes,No,No,No,Yes,No,Yes,Yes,No,Yes,Yes,No,No,Yes,0,0,0,0,0,0,0,0,1,0,1,0,1,0,0,0,0,0,0,0
81,Male,162159,No,No,Yes,No,No,No,No,No,Yes,No,No,Yes,Yes,No,No,No,0,0,0,0,0,0,0,0,1,1,0,1,0,0,0,0,0,0,0,0
62,Female,34410,No,No,Yes,Yes,Yes,Yes,No,Yes,No,No,Yes,No,No,No,No,No,0,1,0,0,1,1,1,1,0,0,0,0,0,0,0,0,0,0,0,0
15,Female,55835,Yes,No,No,No,Yes,Yes,Yes,No,Yes,No,Yes,No,Yes,No,Yes,Yes,0,0,0,0,0,0,0,1,0,0,0,1,0,0,1,0,0,0,1,0
83,Female,183767,No,No,Yes,Yes,Yes,Yes,Yes,No,Yes,No,No,Yes,Yes,Yes,No,Yes,0,0,0,0,0,0,0,0,1,1,1,1,0,0,0,0,0,0,0,0
2,Male,184019,No,No,No,No,Yes,No,No,No,Yes,No,Yes,Yes,Yes,No,No,No,0,0,0,0,0,0,0,1,0,0,0,1,0,0,0,0,0,0,0,0
80,Male,427921,No,No,Yes,No,Yes,No,Yes,No,Yes,No,No,No,No,Yes,No,No,0,0,0,0,0,0,0,0,1,0,0,0,0,0,0,0,0,0,0,0
7,Female,202876,No,No,No,No,Yes,No,Yes,No,No,No,No,Yes,Yes,Yes,Yes,No,0,0,0,0,0,0,0,0,0,0,0,1,0,0,0,0,0,0,0,0
5,Male,246766,Yes,No,No,No,Yes,No,No,No,No,No,Yes,No,No,Yes,No,No,0,0,0,0,0,0,0,1,0,0,0,0,0,0,0,0,0,0,0,0
6,Male,333645,No,No,No,No,Yes,No,No,No,Yes,No,Yes,Yes,No,Yes,No,No,0,0,0,0,0,0,0,1,0,0,0,0,0,0,0,0,0,0,0,0
32,Female,175682,No,No,Yes,Yes,No,No,Yes,No,Yes,Yes,No,No,No,No,No,Yes,0,0,0,0,0,0,0,0,1,0,0,0,1,0,0,0,0,0,0,0
80,Female,24333,No,No,Yes,Yes,No,No,Yes,Yes,No,No,Yes,Yes,No,Yes,No,Yes,0,1,0,0,1,1,0,1,0,1,0,0,0,1,0,0,0,0,0,0
47,Male,394717,No,No,No,No,No,No,Yes,Yes,Yes,No,No,Yes,No,Yes,No,Yes,0,0,0,0,0,0,0,0,0,0,0,0,0,0,0,0,0,0,0,0
61,Female,336331,No,No,No,Yes,No,Yes,Yes,No,No,No,No,No,No,Yes,No,No,0,0,0,0,0,0,0,0,0,0,0,0,0,0,0,0,0,0,0,0
53,Female,190648,No,No,Yes,No,No,Yes,No,Yes,No,No,Yes,Yes,No,Yes,No,Yes,0,1,0,0,0,0,0,1,0,1,0,0,0,0,0,0,0,0,0,0
35,Female,232314,No,No,Yes,Yes,No,No,Yes,No,No,Yes,No,No,Yes,Yes,No,No,0,0,0,0,0,0,0,0,0,0,1,1,1,0,0,0,0,0,0,0
50,Male,359253,No,No,Yes,No,No,No,No,No,Yes,No,No,No,Yes,No,No,Yes,0,0,0,0,0,0,0,0,1,0,0,0,0,0,0,0,0,0,0,0
8,Male,385285,Yes,No,No,No,Yes,No,Yes,Yes,Yes,No,No,No,No,No,No,Yes,0,0,0,0,0,0,0,0,0,0,0,0,0,0,1,1,0,0,0,0
32,Female,383795,No,No,Yes,Yes,Yes,Yes,Yes,Yes,Yes,No,No,No,Yes,Yes,No,No,0,0,0,0,0,0,0,0,1,0,1,0,0,0,0,0,0,0,0,0
46,Female,39497,No,No,No,Yes,No,Yes,Yes,Yes,No,No,No,Yes,No,No,No,No,0,0,0,0,0,0,0,0,0,1,0,0,0,0,0,0,0,0,0,0
8,Male,186488,No,No,Yes,No,Yes,No,Yes,Yes,No,No,No,Yes,No,Yes,No,No,0,0,0,0,0,0,0,0,0,0,0,0,0,0,0,0,0,0,0,0
26,Male,241212,No,No,Yes,No,No,No,Yes,Yes,No,No,No,No,Yes,No,No,No,0,0,0,0,0,0,0,0,0,0,0,1,0,0,0,0,0,0,0,0
51,Female,206936,No,No,No,Yes,No,No,Yes,Yes,Yes,No,Yes,Yes,Yes,No,No,No,0,1,0,0,0,0,0,1,0,1,1,1,0,0,0,0,0,0,0,0
6,Female,296137,Yes,No,No,No,No,Yes,Yes,Yes,Yes,No,No,Yes,No,No,Yes,No,0,0,0,0,0,0,0,0,0,0,0,0,0,0,1,1,0,0,0,0
69,Female,91736,No,No,No,Yes,Yes,Yes,No,Yes,Yes,No,Yes,No,No,Yes,No,Yes,0,1,0,0,0,0,0,1,0,0,0,0,0,0,0,0,0,0,0,0
51,Female,427195,No,No,Yes,Yes,Yes,No,No,No,Yes,No,Yes,No,Yes,Yes,No,Yes,0,0,0,0,0,0,0,0,1,0,1,0,0,0,0,0,1,0,0,0
81,Male,295642,No,No,No,No,No,No,No,No,No,No,No,Yes,Yes,No,No,Yes,0,0,0,0,0,0,0,0,0,1,0,0,0,0,0,0,0,0,0,0
30,Male,161733,No,No,Yes,No,No,No,Yes,No,Yes,No,Yes,Yes,No,Yes,No,No,0,0,0,0,0,0,0,1,1,1,0,0,0,0,0,0,1,0,0,0
12,Male,445005,No,No,No,No,No,No,Yes,Yes,No,No,No,Yes,No,Yes,No,Yes,0,0,0,0,0,0,0,0,0,0,0,0,0,0,0,0,0,0,0,0
8,Male,34973,Yes,No,No,No,Yes,No,Yes,No,Yes,No,Yes,Yes,Yes,No,No,No,0,0,0,0,0,0,0,1,0,0,0,1,0,0,1,0,0,0,0,0
62,Male,213548,No,No,Yes,No,Yes,No,No,No,Yes,No,Yes,No,Yes,No,No,Yes,0,0,0,0,0,0,0,1,1,0,0,1,0,0,0,0,1,0,0,0
53,Male,193632,No,No,Yes,No,No,No,Yes,No,No,No,Yes,No,No,Yes,No,No,0,0,0,0,0,0,0,1,0,0,0,0,0,0,0,0,0,0,0,0
48,Male,258441,No,No,Yes,No,No,No,No,Yes,Yes,No,No,Yes,Yes,No,No,No,0,0,0,0,0,0,0,0,1,1,0,0,0,0,0,0,0,0,0,0
61,Male,189103,No,No,No,No,No,No,No,No,No,No,Yes,Yes,No,Yes,No,No,0,0,0,0,0,0,0,1,0,1,0,0,0,0,0,0,0,0,0,0
26,Male,53782,No,No,No,No,No,No,No,No,No,No,No,No,No,Yes,No,No,0,0,0,0,0,0,0,0,0,0,0,0,0,1,0,0,0,0,0,0
53,Female,238803,No,No,Yes,Yes,No,Yes,Yes,Yes,Yes,No,Yes,No,Yes,Yes,No,Yes,0,1,0,0,0,0,0,1,1,0,1,1,0,0,0,0,1,0,0,0
7,Male,205125,Yes,No,Yes,No,Yes,No,Yes,Yes,No,No,Yes,Yes,Yes,Yes,No,Yes,0,0,0,0,0,0,0,1,0,0,0,1,0,0,1,1,0,0,0,0
12,Male,312110,Yes,No,Yes,No,Yes,No,Yes,Yes,No,No,No,No,No,No,No,Yes,0,0,0,0,0,0,0,0,0,0,0,0,0,0,1,1,0,0,0,0
72,Male,25858,No,No,Yes,No,No,No,Yes,Yes,No,No,No,Yes,No,Yes,No,No,0,0,0,0,0,0,0,0,0,1,0,0,0,1,0,0,0,0,0,0
53,Male,130615,No,No,Yes,No,No,No,Yes,No,No,No,No,No,No,Yes,No,No,0,0,0,0,0,0,0,0,0,0,0,0,0,0,0,0,0,0,0,0
67,Male,393411,No,No,No,No,Yes,No,No,No,Yes,No,No,Yes,No,Yes,No,No,0,0,0,0,0,0,0,0,0,0,0,0,0,0,0,0,0,0,0,0
60,Female,63312,No,No,No,Yes,No,No,No,Yes,Yes,No,No,Yes,Yes,No,No,Yes,0,0,0,0,0,0,0,0,0,1,1,1,0,0,0,0,0,0,0,0
63,Female,129762,No,No,Yes,No,No,No,Yes,No,No,No,Yes,No,Yes,Yes,No,No,0,1,0,0,0,0,0,1,0,0,1,1,0,0,0,0,0,0,0,0
66,Female,214596,No,No,No,Yes,No,Yes,Yes,No,No,No,Yes,Yes,No,Yes,No,Yes,0,1,0,0,0,0,0,1,0,1,0,0,0,0,0,0,0,0,0,0
74,Female,498435,No,No,No,No,Yes,No,No,Yes,Yes,No,Yes,Yes,Yes,No,No,No,0,0,0,0,0,0,0,0,0,0,1,0,0,0,0,0,0,0,0,0
51,Female,16500,No,No,Yes,Yes,Yes,No,No,Yes,Yes,No,No,No,Yes,Yes,No,No,0,0,0,0,0,0,0,0,1,0,1,1,0,1,0,0,0,0,0,0
49,Male,281155,No,No,Yes,No,Yes,No,Yes,No,No,No,Yes,No,Yes,Yes,No,Yes,0,0,0,0,0,0,0,1,0,0,0,0,0,0,0,0,0,0,0,0
12,Male,232815,No,No,Yes,No,Yes,No,No,Yes,No,No,No,Yes,No,Yes,No,No,0,0,0,0,0,0,0,0,0,0,0,0,0,0,0,0,0,0,0,0
64,Male,88302,No,No,Yes,No,No,No,Yes,Yes,Yes,No,No,Yes,No,No,No,No,0,0,0,0,0,0,0,0,1,1,0,0,0,0,0,0,0,0,0,0
77,Female,91899,No,No,No,No,No,Yes,Yes,Yes,No,No,No,Yes,No,No,No,No,0,0,0,0,0,0,0,0,0,1,0,0,0,0,0,0,0,0,0,0
65,Male,188188,No,No,No,No,Yes,No,Yes,No,No,No,Yes,No,Yes,Yes,No,Yes,0,0,0,0,0,0,0,1,0,0,0,1,0,0,0,0,0,0,0,0
68,Female,33291,No,No,Yes,Yes,No,Yes,Yes,No,No,No,Yes,Yes,Yes,No,No,No,0,1,0,0,1,1,0,1,0,1,1,1,0,0,0,0,0,0,0,0
77,Female,494982,No,No,Yes,No,Yes,No,Yes,Yes,Yes,No,Yes,Yes,Yes,No,No,Yes,0,0,0,0,0,0,0,0,1,0,1,0,0,0,0,0,1,0,0,0
53,Female,19036,No,No,Yes,No,Yes,No,Yes,Yes,Yes,No,Yes,No,No,Yes,No,No,0,1,0,0,0,0,1,1,1,0,0,0,0,1,0,0,1,0,0,0
61,Male,411983,No,No,No,No,Yes,No,No,No,Yes,No,No,No,Yes,Yes,No,No,0,0,0,0,0,0,0,0,0,0,0,0,0,0,0,0,0,0,0,0
50,Female,331592,No,No,Yes,Yes,No,Yes,Yes,Yes,No,No,Yes,No,Yes,Yes,No,No,0,0,0,0,0,0,0,1,0,0,1,0,0,0,0,0,0,0,0,0
6,Male,328613,No,No,Yes,No,Yes,No,No,Yes,No,No,Yes,Yes,Yes,Yes,No,No,0,0,0,0,0,0,0,1,0,0,0,0,0,0,0,0,0,0,0,0
6,Female,159538,Yes,Yes,No,No,Yes,No,Yes,No,No,No,No,Yes,No,Yes,Yes,No,0,0,0,0,0,0,0,0,0,0,0,0,0,0,1,0,0,0,0,0
55,Male,227482,No,No,Yes,No,Yes,No,No,No,No,No,No,No,No,Yes,No,No,0,0,0,0,0,0,0,0,0,0,0,0,0,0,0,0,0,0,0,0
52,Male,345600,No,No,Yes,No,No,No,No,No,Yes,No,No,Yes,Yes,Yes,No,Yes,0,0,0,0,0,0,0,0,1,0,0,0,0,0,0,0,0,0,0,0
19,Female,138647,Yes,Yes,No,Yes,Yes,No,Yes,Yes,Yes,No,No,Yes,No,Yes,No,Yes,0,0,0,0,0,0,0,0,0,1,0,0,0,0,1,1,0,0,0,0
47,Male,227411,No,No,Yes,No,Yes,No,No,Yes,Yes,No,No,No,No,No,No,Yes,0,0,0,0,0,0,0,0,1,0,0,0,0,0,0,0,0,0,0,0
6,Female,12126,No,No,Yes,No,Yes,No,Yes,No,No,No,No,No,No,No,Yes,No,0,0,0,0,0,0,0,0,0,0,0,0,0,0,0,0,0,0,0,0
85,Male,477070,No,No,No,No,No,No,No,No,Yes,No,Yes,Yes,Yes,Yes,No,Yes,0,0,0,0,0,0,0,0,0,0,0,0,0,0,0,0,0,0,0,0
46,Male,129108,No,No,No,No,No,No,Yes,Yes,Yes,No,Yes,Yes,Yes,No,No,Yes,0,0,0,0,0,0,0,1,0,1,0,1,0,0,0,0,0,0,0,0
7,Male,474009,Yes,Yes,Yes,No,Yes,No,Yes,No,Yes,No,No,No,No,No,No,No,0,0,0,0,0,0,0,0,0,0,0,0,0,0,1,0,0,0,0,0
64,Female,74654,No,No,No,No,Yes,Yes,Yes,Yes,Yes,No,Yes,No,No,Yes,No,No,0,1,0,0,1,0,1,1,0,0,0,0,0,1,0,0,0,0,0,0
71,Female,223441,No,No,Yes,No,Yes,No,Yes,No,Yes,No,Yes,Yes,Yes,Yes,No,Yes,0,1,0,0,0,0,0,1,1,1,1,1,0,0,0,0,1,0,0,0
65,Male,117709,No,No,Yes,No,Yes,No,No,Yes,No,No,Yes,Yes,No,Yes,No,Yes,0,0,0,0,0,0,0,1,0,1,0,0,0,0,0,0,0,0,0,0
75,Male,250185,No,No,No,No,No,No,Yes,Yes,Yes,No,No,No,No,No,No,Yes,0,0,0,0,0,0,0,0,0,0,0,0,0,0,0,0,0,0,0,0
38,Female,380048,No,No,Yes,Yes,Yes,No,Yes,No,No,Yes,No,Yes,No,Yes,No,No,0,0,0,0,0,0,0,0,0,0,0,0,1,0,0,0,0,0,0,0
75,Male,353840,No,No,No,No,No,No,No,No,No,No,Yes,Yes,No,Yes,No,Yes,0,0,0,0,0,0,0,1,0,0,0,0,0,0,0,0,0,0,0,0
20,Female,233492,No,No,Yes,Yes,Yes,No,No,Yes,No,Yes,No,Yes,Yes,Yes,No,Yes,0,0,0,0,0,0,0,0,0,1,1,1,1,0,0,0,0,0,0,0
79,Male,465652,No,No,No,No,No,No,Yes,Yes,Yes,No,No,No,Yes,No,No,No,0,0,0,0,0,0,0,0,0,0,0,0,0,0,0,0,0,0,0,0
54,Female,106522,No,No,Yes,Yes,No,No,Yes,Yes,Yes,No,No,No,No,Yes,No,No,0,0,0,0,0,0,0,0,1,0,0,0,0,0,0,0,0,0,0,0
9,Female,182976,No,No,No,No,No,No,No,Yes,Yes,No,No,No,No,Yes,Yes,Yes,0,0,0,0,0,0,0,0,0,0,0,0,0,0,0,0,0,0,0,0
17,Female,417906,No,No,Yes,No,Yes,No,No,Yes,Yes,No,Yes,Yes,Yes,No,Yes,No,0,0,0,0,0,0,0,0,0,0,0,0,0,0,0,0,0,0,0,0
63,Male,107249,No,No,No,No,Yes,No,No,Yes,No,No,Yes,No,Yes,Yes,No,Yes,0,0,0,0,0,0,0,1,0,0,0,1,0,0,0,0,0,0,0,0
11,Male,281560,Yes,No,No,No,Yes,No,No,Yes,No,No,No,No,Yes,Yes,No,Yes,0,0,0,0,0,0,0,0,0,0,0,0,0,0,0,1,0,0,0,0
66,Female,283867,No,No,No,Yes,No,No,No,Yes,No,No,Yes,Yes,No,Yes,No,Yes,0,0,0,0,0,0,0,1,0,1,0,0,0,0,0,0,0,0,0,0
77,Male,405933,No,No,No,No,No,No,Yes,No,Yes,No,Yes,No,Yes,No,No,Yes,0,0,0,0,0,0,0,0,0,0,0,0,0,0,0,0,0,0,0,0
4,Female,173520,Yes,No,No,No,No,No,No,Yes,Yes,No,No,No,Yes,Yes,Yes,No,0,0,0,0,0,0,0,0,0,0,0,1,0,0,0,0,0,0,0,0
7,Male,391318,No,No,Yes,No,No,No,Yes,Yes,Yes,No,No,No,No,No,No,Yes,0,0,0,0,0,0,0,0,0,0,0,0,0,0,0,0,0,0,0,0
32,Male,495630,No,No,Yes,No,No,No,Yes,No,Yes,No,Yes,Yes,No,Yes,No,No,0,0,0,0,0,0,0,0,1,0,0,0,0,0,0,0,1,0,0,0
49,Female,176563,No,No,No,No,No,No,Yes,No,No,No,Yes,Yes,No,Yes,No,Yes,0,1,0,0,0,0,0,1,0,1,0,0,0,0,0,0,0,0,0,0
76,Male,417413,No,No,Yes,No,No,No,No,Yes,Yes,No,No,No,No,No,No,No,0,0,0,0,0,0,0,0,1,0,0,0,0,0,0,0,0,0,0,0
28,Female,70347,No,No,No,Yes,No,Yes,Yes,No,Yes,No,No,Yes,Yes,Yes,No,Yes,0,0,0,0,0,0,0,0,0,1,1,1,0,1,0,0,0,0,0,0
40,Male,236696,No,No,No,No,Yes,No,No,Yes,No,No,Yes,Yes,Yes,Yes,No,Yes,0,0,0,0,0,0,0,1,0,1,0,1,0,0,0,0,0,0,0,0
71,Male,32607,No,No,Yes,No,No,No,No,No,No,No,No,Yes,No,No,No,No,0,0,0,0,0,0,0,0,0,1,0,0,0,0,0,0,0,0,0,0
60,Female,458251,No,No,No,No,No,Yes,No,Yes,Yes,No,No,Yes,Yes,Yes,No,Yes,0,0,0,0,0,0,0,0,0,0,1,0,0,0,0,0,0,0,0,0
48,Male,383589,No,No,Yes,No,No,No,Yes,No,Yes,No,No,Yes,Yes,No,No,Yes,0,0,0,0,0,0,0,0,1,0,0,0,0,0,0,0,0,0,0,0
1,Female,167348,Yes,Yes,Yes,No,Yes,Yes,No,No,Yes,No,No,No,No,Yes,Yes,No,0,0,0,0,0,0,0,0,0,0,0,0,0,0,0,0,0,0,0,0
7,Male,289796,No,No,No,No,Yes,No,No,Yes,No,No,Yes,Yes,No,Yes,No,No,0,0,0,0,0,0,0,1,0,0,0,0,0,0,0,0,0,0,0,0
69,Female,473249,No,No,Yes,No,Yes,Yes,No,No,Yes,No,Yes,Yes,Yes,Yes,No,Yes,0,0,0,0,0,0,0,0,1,0,1,0,0,0,0,0,1,0,0,0
16,Female,188126,Yes,Yes,Yes,No,No,Yes,No,No,No,Yes,Yes,Yes,Yes,Yes,Yes,No,0,0,0,0,0,0,0,1,0,0,0,1,0,0,0,0,0,0,0,0
10,Female,35984,Yes,No,No,No,Yes,Yes,No,No,Yes,No,No,Yes,Yes,Yes,Yes,No,0,0,0,0,0,0,0,0,0,0,0,1,0,0,0,0,0,0,0,0
50,Female,451054,No,No,Yes,Yes,No,Yes,No,No,No,No,Yes,No,No,No,No,No,0,0,0,0,0,0,0,0,0,0,0,0,0,0,0,0,0,0,0,0
73,Female,239517,No,No,Yes,No,Yes,Yes,No,Yes,No,No,No,Yes,Yes,No,No,No,0,0,0,0,0,0,0,0,0,1,1,1,0,0,0,0,0,0,0,0
70,Female,199872,No,No,Yes,Yes,No,Yes,No,Yes,No,No,No,Yes,No,Yes,No,No,0,0,0,0,0,0,0,0,0,1,0,0,0,0,0,0,0,0,0,0
62,Male,53040,No,No,No,No,Yes,No,Yes,No,No,No,No,Yes,No,No,No,No,0,0,0,0,0,0,0,0,0,1,0,0,0,0,0,0,0,0,0,0
20,Male,24725,Yes,Yes,Yes,No,Yes,No,No,Yes,Yes,No,Yes,Yes,Yes,Yes,No,Yes,0,0,1,0,0,0,1,1,1,1,0,1,0,1,0,1,1,0,0,1
29,Female,150009,No,No,No,Yes,No,Yes,Yes,No,Yes,No,No,Yes,Yes,Yes,No,No,0,0,0,0,0,0,0,0,0,1,1,1,0,0,0,0,0,0,0,0
61,Male,140176,No,No,No,No,Yes,No,No,Yes,Yes,No,No,No,No,No,No,Yes,0,0,0,0,0,0,0,0,0,0,0,0,0,0,0,0,0,0,0,0
22,Female,300147,Yes,No,Yes,Yes,No,No,Yes,No,No,No,Yes,Yes,No,No,No,No,0,0,0,0,0,0,0,1,0,0,0,0,0,0,1,0,0,0,0,0
1,Male,140318,Yes,Yes,No,No,Yes,No,Yes,Yes,Yes,No,No,Yes,Yes,No,No,Yes,0,0,0,0,0,0,0,0,0,0,0,1,0,0,0,0,0,0,0,0
10,Male,382519,No,No,No,No,No,No,Yes,No,No,No,No,No,No,No,No,No,0,0,0,0,0,0,0,0,0,0,0,0,0,0,0,0,0,0,0,0
14,Male,148063,No,No,No,No,Yes,No,No,Yes,Yes,No,Yes,Yes,Yes,No,No,No,0,0,0,0,0,0,0,1,0,0,0,1,0,0,0,0,0,0,0,0
24,Female,48364,No,No,No,Yes,Yes,Yes,Yes,Yes,No,Yes,No,No,Yes,No,No,No,0,0,0,0,0,0,0,0,0,0,1,1,1,0,0,0,0,0,0,0
8,Male,128084,Yes,No,Yes,No,Yes,No,No,Yes,Yes,No,Yes,Yes,Yes,Yes,No,No,0,0,0,0,0,0,0,1,0,0,0,1,0,0,0,1,0,0,0,0
10,Female,295652,Yes,No,Yes,No,No,Yes,Yes,No,No,No,Yes,Yes,No,Yes,Yes,Yes,0,0,0,0,0,0,0,1,0,0,0,0,0,0,1,0,0,0,0,0
44,Male,315787,No,No,No,No,Yes,No,No,Yes,No,No,Yes,Yes,Yes,No,No,Yes,0,0,0,0,0,0,0,1,0,0,0,0,0,0,0,0,0,0,0,0
31,Male,296138,No,No,Yes,No,No,No,Yes,No,Yes,No,Yes,Yes,Yes,No,No,Yes,0,0,0,0,0,0,0,1,1,1,0,0,0,0,0,0,1,0,0,0
17,Female,495792,No,No,Yes,No,Yes,Yes,Yes,No,Yes,No,No,No,No,Yes,Yes,No,0,0,0,0,0,0,0,0,0,0,0,0,0,0,0,0,0,0,0,0
78,Female,391938,No,No,No,No,No,Yes,No,Yes,Yes,No,Yes,Yes,No,Yes,No,No,0,0,0,0,0,0,0,1,0,0,0,0,0,0,0,0,0,0,0,0
56,Male,442183,No,No,Yes,No,No,No,No,Yes,Yes,No,Yes,Yes,No,No,No,No,0,0,0,0,0,0,0,0,1,0,0,0,0,0,0,0,1,0,0,0
48,Male,418848,No,No,Yes,No,Yes,No,No,Yes,Yes,No,No,Yes,Yes,No,No,No,0,0,0,0,0,0,0,0,1,0,0,0,0,0,0,0,0,0,0,0
29,Female,345655,No,No,No,No,Yes,Yes,No,Yes,Yes,Yes,Yes,Yes,No,Yes,No,Yes,0,0,0,0,0,0,0,1,0,0,0,0,1,0,0,0,0,1,0,1
3,Female,321911,Yes,Yes,Yes,No,Yes,Yes,No,Yes,No,No,Yes,Yes,Yes,Yes,Yes,Yes,0,0,0,0,0,0,0,1,0,0,0,0,0,0,0,0,0,0,0,0
17,Female,263298,No,No,No,No,No,No,Yes,Yes,Yes,No,No,Yes,Yes,No,Yes,Yes,0,0,0,0,0,0,0,0,0,0,0,0,0,0,0,0,0,0,0,0
33,Male,317865,No,No,No,No,No,No,Yes,No,Yes,No,No,No,No,Yes,No,Yes,0,0,0,0,0,0,0,0,0,0,0,0,0,0,0,0,0,0,0,0
8,Male,362250,Yes,No,No,No,No,No,Yes,Yes,Yes,No,Yes,No,Yes,Yes,No,Yes,0,0,0,0,0,0,0,1,0,0,0,0,0,0,1,1,0,0,0,0
57,Male,16913,No,No,Yes,No,No,No,Yes,Yes,No,No,Yes,Yes,Yes,Yes,No,Yes,0,0,0,0,0,0,0,1,0,1,0,1,0,1,0,0,0,0,0,0
31,Male,479098,No,No,No,No,No,No,No,Yes,Yes,No,Yes,No,Yes,Yes,No,No,0,0,0,0,0,0,0,0,0,0,0,0,0,0,0,0,0,0,0,0
64,Female,13819,No,No,No,No,Yes,Yes,Yes,Yes,Yes,No,Yes,Yes,Yes,No,No,Yes,0,1,0,0,1,0,1,1,0,1,1,1,0,0,0,0,0,0,0,0
51,Male,114401,No,No,No,No,Yes,No,No,No,No,No,No,Yes,Yes,No,No,Yes,0,0,0,0,0,0,0,0,0,1,0,1,0,0,0,0,0,0,0,0
14,Male,206649,Yes,No,No,No,No,No,Yes,Yes,No,No,Yes,Yes,No,No,No,No,0,0,0,0,0,0,0,1,0,0,0,0,0,0,1,1,0,0,0,0
29,Female,199326,No,No,Yes,No,Yes,No,Yes,Yes,No,Yes,No,No,Yes,No,No,Yes,0,0,0,0,0,0,0,0,0,0,1,1,1,0,0,0,0,0,0,0
37,Male,224089,No,No,Yes,No,Yes,No,No,Yes,Yes,No,No,No,No,Yes,No,No,0,0,0,0,0,0,0,0,1,0,0,0,0,0,0,0,0,0,0,0
76,Male,209027,No,No,Yes,No,Yes,No,Yes,Yes,Yes,No,No,No,No,Yes,No,Yes,0,0,0,0,0,0,0,0,1,0,0,0,0,0,0,0,0,0,0,0
27,Male,445285,No,No,No,No,Yes,No,No,Yes,Yes,No,Yes,No,Yes,Yes,No,No,0,0,0,0,0,0,0,0,0,0,0,0,0,0,0,0,0,0,0,0
83,Male,462956,No,No,No,No,Yes,No,Yes,Yes,Yes,No,No,Yes,No,No,No,No,0,0,0,0,0,0,0,0,0,0,0,0,0,0,0,0,0,0,0,0
41,Female,378180,No,No,No,Yes,Yes,Yes,Yes,No,Yes,No,No,Yes,Yes,Yes,No,Yes,0,0,0,0,0,0,0,0,0,0,1,0,0,0,0,0,0,0,0,0
22,Male,31293,No,No,Yes,No,Yes,No,No,Yes,Yes,No,Yes,Yes,Yes,Yes,No,No,0,0,0,0,0,0,1,1,1,1,0,1,0,1,0,0,1,0,0,0
9,Male,205601,Yes,Yes,No,No,No,No,No,Yes,No,No,No,No,No,Yes,No,No,0,0,0,0,0,0,0,0,0,0,0,0,0,0,0,1,0,0,0,0
75,Female,106131,No,No,No,Yes,No,No,Yes,No,Yes,No,Yes,Yes,No,No,No,No,0,1,0,0,0,0,0,1,0,1,0,0,0,0,0,0,0,0,0,0
70,Female,296151,No,No,No,Yes,Yes,No,Yes,Yes,No,No,Yes,No,No,Yes,No,No,0,0,0,0,0,0,0,1,0,0,0,0,0,0,0,0,0,0,0,0
55,Male,172998,No,No,No,No,Yes,No,Yes,No,No,No,Yes,Yes,Yes,Yes,No,Yes,0,0,0,0,0,0,0,1,0,1,0,1,0,0,0,0,0,0,0,0
84,Male,133708,No,No,Yes,No,No,No,Yes,No,Yes,No,No,Yes,No,No,No,Yes,0,0,0,0,0,0,0,0,1,1,0,0,0,0,0,0,0,0,0,0
68,Female,433246,No,No,No,Yes,Yes,No,No,No,No,No,Yes,No,No,Yes,No,Yes,0,0,0,0,0,0,0,0,0,0,0,0,0,0,0,0,0,0,0,0
69,Female,185387,No,No,Yes,Yes,No,Yes,No,No,Yes,No,No,No,No,Yes,No,No,0,0,0,0,0,0,0,0,1,0,0,0,0,0,0,0,0,0,0,0
53,Female,66589,No,No,Yes,Yes,Yes,No,No,Yes,No,No,No,Yes,No,No,No,No,0,0,0,0,0,0,0,0,0,1,0,0,0,0,0,0,0,0,0,0
69,Male,190232,No,No,Yes,No,No,No,No,No,Yes,No,No,No,Yes,No,No,Yes,0,0,0,0,0,0,0,0,1,0,0,1,0,0,0,0,0,0,0,0
21,Male,394522,No,No,No,No,No,No,Yes,No,No,No,Yes,Yes,Yes,Yes,No,No,0,0,0,0,0,0,0,1,0,0,0,0,0,0,0,0,0,0,0,0
50,Female,445485,No,No,No,Yes,No,Yes,Yes,Yes,Yes,No,No,Yes,No,Yes,No,No,0,0,0,0,0,0,0,0,0,0,0,0,0,0,0,0,0,0,0,0
24,Female,406205,No,No,No,Yes,No,Yes,Yes,Yes,Yes,No,Yes,Yes,Yes,No,No,No,0,0,0,0,0,0,0,0,0,0,1,0,0,0,0,0,0,0,0,0
82,Male,422208,No,No,No,No,Yes,No,No,No,No,No,No,Yes,No,No,No,No,0,0,0,0,0,0,0,0,0,0,0,0,0,0,0,0,0,0,0,0
82,Male,355282,No,No,No,No,No,No,Yes,No,Yes,No,Yes,Yes,No,Yes,No,No,0,0,0,0,0,0,0,1,0,0,0,0,0,0,0,0,0,0,0,0
37,Male,176187,No,No,Yes,No,No,No,Yes,No,No,No,Yes,Yes,Yes,No,No,No,0,0,0,0,0,0,0,1,0,1,0,1,0,0,0,0,0,0,0,0
74,Female,53242,No,No,Yes,Yes,No,Yes,No,No,No,No,Yes,Yes,Yes,Yes,No,No,0,1,0,0,1,1,0,1,0,1,1,1,0,1,0,0,0,0,0,0
33,Female,280635,No,No,No,Yes,No,Yes,No,No,Yes,Yes,Yes,Yes,No,No,No,No,0,0,0,0,0,0,0,1,0,1,0,0,1,0,0,0,0,1,0,0
22,Female,274131,Yes,No,No,Yes,Yes,Yes,Yes,Yes,No,No,Yes,Yes,Yes,No,No,Yes,0,0,0,0,0,0,0,1,0,1,1,0,0,0,1,1,0,0,0,1
4,Female,352079,Yes,Yes,Yes,No,Yes,No,Yes,Yes,Yes,No,Yes,Yes,Yes,No,Yes,No,0,0,0,0,0,0,0,1,0,0,0,0,0,0,0,0,0,0,0,0
70,Male,453407,No,No,Yes,No,Yes,No,No,Yes,Yes,No,No,No,No,Yes,No,No,0,0,0,0,0,0,0,0,1,0,0,0,0,0,0,0,0,0,0,0
84,Female,159811,No,No,Yes,Yes,No,Yes,Yes,No,Yes,No,Yes,Yes,Yes,No,No,No,0,1,0,0,0,0,0,1,1,1,1,1,0,0,0,0,1,0,0,0
59,Female,74732,No,No,No,Yes,No,Yes,Yes,No,No,No,No,Yes,Yes,No,No,Yes,0,0,0,0,0,0,0,0,0,1,1,1,0,0,0,0,0,0,0,0
10,Male,482497,No,No,No,No,Yes,No,No,Yes,Yes,No,Yes,Yes,No,Yes,No,Yes,0,0,0,0,0,0,0,0,0,0,0,0,0,0,0,0,0,0,0,0
76,Male,407426,No,No,No,No,Yes,No,Yes,No,No,No,Yes,Yes,Yes,Yes,No,No,0,0,0,0,0,0,0,0,0,0,0,0,0,0,0,0,0,0,0,0
82,Female,374247,No,No,No,Yes,No,Yes,No,Yes,Yes,No,Yes,No,No,Yes,No,No,0,0,0,0,0,0,0,1,0,0,0,0,0,0,0,0,0,0,0,0
61,Male,423619,No,No,Yes,No,No,No,Yes,No,No,No,No,No,No,No,No,No,0,0,0,0,0,0,0,0,0,0,0,0,0,0,0,0,0,0,0,0
12,Female,299049,Yes,Yes,No,No,Yes,Yes,Yes,Yes,No,No,Yes,Yes,No,Yes,Yes,Yes,0,0,0,1,0,0,0,1,0,0,0,0,0,0,1,1,0,0,0,0
27,Female,81763,No,No,No,Yes,No,No,Yes,Yes,Yes,No,Yes,No,No,No,No,Yes,0,1,0,0,0,0,0,1,0,0,0,0,0,0,0,0,0,0,0,1
17,Female,33800,No,No,No,No,Yes,Yes,Yes,No,Yes,No,Yes,Yes,Yes,No,Yes,No,0,0,0,0,0,0,0,1,0,0,0,1,0,0,0,0,0,0,1,0
1,Male,296189,Yes,Yes,No,No,Yes,No,Yes,Yes,Yes,No,No,No,No,Yes,No,Yes,0,0,0,0,0,0,0,0,0,0,0,0,0,0,0,0,0,0,0,0
55,Male,105091,No,No,Yes,No,No,No,Yes,Yes,Yes,No,Yes,Yes,No,Yes,No,No,0,0,0,0,0,0,0,1,1,1,0,0,0,0,0,0,1,0,0,0
18,Male,29323,No,No,No,No,Yes,No,Yes,No,Yes,No,Yes,No,No,No,No,No,0,0,0,0,0,0,1,1,0,0,0,0,0,0,0,0,0,0,0,0
12,Male,202827,Yes,No,No,No,No,No,Yes,Yes,Yes,No,No,Yes,No,No,No,Yes,0,0,0,0,0,0,0,0,0,0,0,0,0,0,1,1,0,0,0,0
12,Female,169635,No,No,No,No,No,No,Yes,Yes,No,No,No,Yes,Yes,Yes,Yes,Yes,0,0,0,0,0,0,0,0,0,0,0,1,0,0,0,0,0,0,0,0
2,Female,135046,Yes,Yes,Yes,No,No,Yes,No,No,No,No,Yes,Yes,No,Yes,Yes,No,0,0,0,0,0,0,0,1,0,0,0,0,0,0,0,0,0,0,0,0
61,Female,379133,No,No,Yes,Yes,No,No,Yes,No,Yes,No,No,No,No,No,No,No,0,0,0,0,0,0,0,0,1,0,0,0,0,0,0,0,0,0,0,0
77,Female,16822,No,No,No,No,Yes,No,Yes,No,Yes,No,No,No,Yes,Yes,No,No,0,0,0,0,0,0,0,0,0,0,1,1,0,1,0,0,0,0,0,0
30,Female,103203,No,No,No,Yes,Yes,No,No,Yes,No,Yes,No,Yes,No,Yes,No,No,0,0,0,0,0,0,0,0,0,1,0,0,1,0,0,0,0,0,0,0
69,Male,31967,No,No,No,No,No,No,Yes,Yes,Yes,No,Yes,No,Yes,Yes,No,No,0,0,0,0,1,0,0,1,0,0,0,1,0,1,0,0,0,0,0,0
4,Female,131827,No,No,No,No,No,No,Yes,Yes,No,No,No,No,No,Yes,Yes,No,0,0,0,0,0,0,0,0,0,0,0,0,0,0,0,0,0,0,0,0
11,Male,398780,Yes,Yes,No,No,No,No,No,No,Yes,No,No,Yes,No,No,No,No,0,0,0,0,0,0,0,0,0,0,0,0,0,0,0,0,0,0,0,0
54,Female,259305,No,No,Yes,Yes,No,Yes,Yes,Yes,No,No,No,No,Yes,Yes,No,No,0,0,0,0,0,0,0,0,0,0,1,0,0,0,0,0,0,0,0,0
37,Female,245946,No,No,No,Yes,No,No,No,No,Yes,No,No,No,Yes,Yes,No,Yes,0,0,0,0,0,0,0,0,0,0,1,1,0,0,0,0,0,0,0,0
28,Female,354054,No,No,No,Yes,No,Yes,Yes,Yes,No,Yes,No,No,Yes,Yes,No,Yes,0,0,0,0,0,0,0,0,0,0,1,0,1,0,0,0,0,0,0,0
55,Female,446127,No,No,Yes,No,No,Yes,Yes,Yes,No,No,Yes,Yes,Yes,No,No,No,0,0,0,0,0,0,0,0,0,0,1,0,0,0,0,0,0,0,0,0
83,Female,326469,No,No,Yes,No,Yes,No,Yes,No,Yes,No,No,No,Yes,No,No,No,0,0,0,0,0,0,0,0,1,0,1,0,0,0,0,0,0,0,0,0
26,Male,107789,No,No,No,No,No,No,Yes,Yes,Yes,No,Yes,Yes,No,No,No,Yes,0,0,0,0,0,0,0,1,0,1,0,0,0,0,0,0,0,0,0,1
71,Female,265121,No,No,Yes,No,Yes,Yes,No,Yes,No,No,No,No,Yes,No,No,Yes,0,0,0,0,0,0,0,0,0,0,1,0,0,0,0,0,0,0,0,0
23,Male,474924,Yes,No,No,No,Yes,No,Yes,Yes,Yes,No,Yes,Yes,No,Yes,No,No,0,0,0,0,0,0,0,0,0,0,0,0,0,0,1,1,0,0,0,0
65,Male,206116,No,No,Yes,No,No,No,Yes,No,No,No,Yes,Yes,No,No,No,No,0,0,0,0,0,0,0,1,0,1,0,0,0,0,0,0,0,0,0,0
44,Female,272472,No,No,Yes,Yes,No,Yes,Yes,Yes,Yes,No,Yes,Yes,Yes,No,No,Yes,0,0,0,0,0,0,0,1,1,1,1,0,0,0,0,0,1,0,0,0
16,Female,153755,No,No,No,No,No,No,No,No,Yes,Yes,No,Yes,Yes,Yes,Yes,Yes,0,0,0,0,0,0,0,0,0,0,0,1,0,0,0,0,0,0,0,0
3,Male,19446,Yes,No,No,No,No,No,Yes,No,No,No,Yes,Yes,No,Yes,No,No,0,0,0,0,0,0,0,1,0,0,0,0,0,0,0,0,0,0,0,0
3,Female,122136,No,No,Yes,No,Yes,Yes,No,Yes,Yes,No,No,No,No,Yes,Yes,No,0,0,0,0,0,0,0,0,0,0,0,0,0,0,0,0,0,0,0,0
4,Female,164239,Yes,Yes,No,No,Yes,Yes,Yes,No,Yes,No,No,No,Yes,Yes,Yes,No,0,0,0,0,0,0,0,0,0,0,0,1,0,0,0,0,0,0,0,0
66,Female,388966,No,No,No,No,No,No,No,Yes,No,No,No,Yes,No,Yes,No,Yes,0,0,0,0,0,0,0,0,0,0,0,0,0,0,0,0,0,0,0,0
55,Female,149321,No,No,Yes,No,Yes,Yes,No,Yes,Yes,No,No,Yes,Yes,Yes,No,Yes,0,0,0,0,0,0,0,0,1,1,1,1,0,0,0,0,0,0,0,0
56,Male,29937,No,No,No,No,No,No,Yes,No,No,No,Yes,No,Yes,No,No,No,0,0,0,0,0,0,0,1,0,0,0,1,0,0,0,0,0,0,0,0
56,Male,156888,No,No,Yes,No,Yes,No,Yes,No,Yes,No,No,Yes,No,No,No,No,0,0,0,0,0,0,0,0,1,1,0,0,0,0,0,0,0,0,0,0
72,Female,311409,No,No,Yes,No,Yes,No,Yes,No,Yes,No,No,Yes,No,Yes,No,Yes,0,0,0,0,0,0,0,0,1,0,0,0,0,0,0,0,0,0,0,0
49,Male,405878,No,No,Yes,No,No,No,No,No,Yes,No,Yes,No,Yes,No,No,Yes,0,0,0,0,0,0,0,0,1,0,0,0,0,0,0,0,1,0,0,0
8,Male,151853,No,No,No,No,No,No,No,Yes,Yes,No,No,Yes,No,No,No,No,0,0,0,0,0,0,0,0,0,0,0,0,0,0,0,0,0,0,0,0
67,Female,256655,No,No,Yes,Yes,Yes,Yes,Yes,No,No,No,Yes,No,Yes,No,No,Yes,0,0,0,0,0,0,0,1,0,0,1,0,0,0,0,0,0,0,0,0
33,Male,362688,No,No,No,No,No,No,No,Yes,Yes,No,No,Yes,Yes,No,No,Yes,0,0,0,0,0,0,0,0,0,0,0,0,0,0,0,0,0,0,0,0
11,Female,344438,No,No,No,No,No,No,No,No,Yes,No,Yes,Yes,Yes,Yes,Yes,No,0,0,0,0,0,0,0,1,0,0,0,0,0,0,0,0,0,0,0,0
27,Male,283929,No,No,Yes,No,No,No,No,Yes,No,No,Yes,No,No,Yes,No,Yes,0,0,0,0,0,0,0,1,0,0,0,0,0,0,0,0,0,0,0,1
60,Male,250967,No,No,Yes,No,Yes,No,No,Yes,No,No,No,Yes,Yes,Yes,No,No,0,0,0,0,0,0,0,0,0,1,0,0,0,0,0,0,0,0,0,0
41,Female,244967,No,No,Yes,Yes,Yes,No,No,Yes,No,Yes,Yes,No,No,Yes,No,No,0,1,0,0,0,0,0,1,0,0,0,0,1,0,0,0,0,1,0,0
3,Female,122711,Yes,No,No,No,No,Yes,No,Yes,Yes,No,No,Yes,No,Yes,Yes,No,0,0,0,0,0,0,0,0,0,0,0,0,0,0,0,0,0,0,0,0
79,Male,26709,No,No,Yes,No,No,No,Yes,No,Yes,No,No,Yes,Yes,No,No,No,0,0,0,0,0,0,0,0,1,1,0,1,0,0,0,0,0,0,0,0
70,Male,186378,No,No,No,No,Yes,No,No,Yes,Yes,No,No,Yes,Yes,Yes,No,No,0,0,0,0,0,0,0,0,0,1,0,1,0,0,0,0,0,0,0,0
76,Male,154194,No,No,Yes,No,No,No,No,No,No,No,Yes,No,Yes,No,No,No,0,0,0,0,0,0,0,1,0,0,0,1,0,0,0,0,0,0,0,0
13,Male,214699,No,No,Yes,No,Yes,No,Yes,No,Yes,No,No,No,No,Yes,No,No,0,0,0,0,0,0,0,0,0,0,0,0,0,0,0,0,0,0,0,0
42,Male,383241,No,No,No,No,Yes,No,Yes,Yes,No,No,Yes,No,No,No,No,Yes,0,0,0,0,0,0,0,1,0,0,0,0,0,0,0,0,0,0,0,0
2,Female,265027,No,No,Yes,No,No,No,No,No,No,No,Yes,Yes,No,No,Yes,Yes,0,0,0,0,0,0,0,1,0,0,0,0,0,0,0,0,0,0,0,0
47,Female,160149,No,No,No,Yes,Yes,Yes,Yes,Yes,Yes,No,No,No,No,No,No,Yes,0,0,0,0,0,0,0,0,0,0,0,0,0,0,0,0,0,0,0,0
26,Female,443590,No,No,No,Yes,No,Yes,No,No,No,Yes,Yes,No,No,No,No,Yes,0,0,0,0,0,0,0,0,0,0,0,0,1,0,0,0,0,1,0,1
84,Female,329216,No,No,No,No,No,No,No,No,No,No,No,Yes,No,Yes,No,Yes,0,0,0,0,0,0,0,0,0,0,0,0,0,0,0,0,0,0,0,0
56,Male,244768,No,No,Yes,No,Yes,No,No,No,Yes,No,No,Yes,Yes,Yes,No,No,0,0,0,0,0,0,0,0,1,1,0,1,0,0,0,0,0,0,0,0
26,Female,119003,No,No,No,No,No,Yes,No,Yes,No,Yes,Yes,Yes,Yes,No,No,Yes,0,1,0,0,0,0,0,1,0,1,1,1,1,0,0,0,0,1,0,1
44,Male,487231,No,No,Yes,No,No,No,No,Yes,Yes,No,No,No,No,No,No,No,0,0,0,0,0,0,0,0,1,0,0,0,0,0,0,0,0,0,0,0
28,Female,15603,No,No,Yes,Yes,No,Yes,Yes,Yes,No,No,Yes,No,No,No,No,Yes,0,1,0,0,0,1,0,1,0,0,0,0,0,0,0,0,0,0,0,1
26,Female,77026,No,No,Yes,No,Yes,Yes,Yes,No,Yes,No,No,Yes,No,No,No,Yes,0,0,0,0,0,0,0,0,1,1,0,0,0,0,0,0,0,0,0,0
26,Female,18597,No,No,Yes,Yes,No,No,Yes,No,Yes,Yes,Yes,Yes,No,Yes,No,No,0,1,0,0,0,1,0,1,1,1,0,0,1,1,0,0,1,1,0,0
28,Female,431510,No,No,No,No,Yes,Yes,Yes,No,Yes,No,Yes,Yes,Yes,No,No,No,0,0,0,0,0,0,0,0,0,0,1,0,0,0,0,0,0,0,0,0
72,Male,294457,No,No,Yes,No,No,No,Yes,No,Yes,No,No,Yes,No,No,No,Yes,0,0,0,0,0,0,0,0,1,1,0,0,0,0,0,0,0,0,0,0
3,Male,165119,Yes,Yes,Yes,No,No,No,Yes,No,No,No,Yes,No,No,No,No,No,0,0,0,0,0,0,0,1,0,0,0,0,0,0,0,0,0,0,0,0
79,Female,60813,No,No,Yes,Yes,No,No,No,Yes,No,No,Yes,No,Yes,Yes,No,Yes,0,1,0,0,1,1,0,1,0,0,1,1,0,1,0,0,0,0,0,0
84,Female,382041,No,No,Yes,No,No,No,Yes,No,Yes,No,Yes,No,Yes,Yes,No,Yes,0,0,0,0,0,0,0,1,1,0,1,0,0,0,0,0,1,0,0,0
38,Female,311655,No,No,Yes,No,Yes,No,Yes,Yes,Yes,Yes,No,No,Yes,No,No,Yes,0,0,0,0,0,0,0,0,1,0,1,0,1,0,0,0,0,0,0,0
47,Male,157755,No,No,Yes,No,Yes,No,No,Yes,Yes,No,Yes,Yes,Yes,No,No,Yes,0,0,0,0,0,0,0,1,1,1,0,1,0,0,0,0,1,0,0,0
28,Female,137326,No,No,No,Yes,No,No,No,No,No,Yes,Yes,No,Yes,Yes,No,No,0,1,0,0,0,0,0,1,0,0,1,1,1,0,0,0,0,1,0,0
24,Female,258488,Yes,Yes,No,No,Yes,Yes,Yes,Yes,Yes,No,No,Yes,No,No,No,Yes,0,0,0,0,0,0,0,0,0,1,0,0,0,0,1,1,0,0,0,0
41,Male,253866,No,No,Yes,No,Yes,No,No,Yes,No,No,No,No,No,No,No,Yes,0,0,0,0,0,0,0,0,0,0,0,0,0,0,0,0,0,0,0,0
24,Female,494572,Yes,No,Yes,No,Yes,No,No,Yes,Yes,No,No,No,No,No,No,Yes,0,0,0,0,0,0,0,0,1,0,0,0,0,0,0,1,0,0,0,0
74,Female,346053,No,No,Yes,Yes,No,Yes,No,Yes,No,No,Yes,No,Yes,No,No,Yes,0,0,0,0,0,0,0,1,0,0,1,0,0,0,0,0,0,0,0,0
16,Male,71305,Yes,No,Yes,No,Yes,No,No,Yes,No,No,Yes,No,Yes,Yes,No,No,0,0,0,0,0,0,0,1,0,0,0,1,0,0,0,1,0,0,0,0
37,Male,488753,No,No,No,No,Yes,No,Yes,Yes,No,No,No,Yes,Yes,No,No,No,0,0,0,0,0,0,0,0,0,0,0,0,0,0,0,0,0,0,0,0
54,Male,176205,No,No,Yes,No,No,No,Yes,Yes,Yes,No,Yes,Yes,No,No,No,Yes,0,0,0,0,0,0,0,1,1,1,0,0,0,0,0,0,1,0,0,0
52,Male,231465,No,No,Yes,No,Yes,No,Yes,No,Yes,No,No,Yes,Yes,No,No,No,0,0,0,0,0,0,0,0,1,1,0,1,0,0,0,0,0,0,0,0
66,Female,248137,No,No,No,No,No,No,No,Yes,Yes,No,Yes,No,No,Yes,No,Yes,0,1,0,0,0,0,0,1,0,0,0,0,0,0,0,0,0,0,0,0
71,Male,401876,No,No,Yes,No,Yes,No,Yes,No,No,No,No,Yes,Yes,No,No,No,0,0,0,0,0,0,0,0,0,0,0,0,0,0,0,0,0,0,0,0
67,Male,247858,No,No,No,No,Yes,No,No,Yes,Yes,No,Yes,No,No,No,No,No,0,0,0,0,0,0,0,1,0,0,0,0,0,0,0,0,0,0,0,0
69,Male,349631,No,No,No,No,Yes,No,No,Yes,Yes,No,No,Yes,Yes,Yes,No,Yes,0,0,0,0,0,0,0,0,0,0,0,0,0,0,0,0,0,0,0,0
82,Male,252050,No,No,Yes,No,Yes,No,Yes,No,Yes,No,No,No,No,Yes,No,Yes,0,0,0,0,0,0,0,0,1,0,0,0,0,0,0,0,0,0,0,0
53,Female,127534,No,No,Yes,Yes,No,No,Yes,Yes,No,No,No,Yes,No,Yes,No,No,0,0,0,0,0,0,0,0,0,1,0,0,0,0,0,0,0,0,0,0
63,Female,265158,No,No,No,No,No,Yes,Yes,No,Yes,No,No,No,Yes,No,No,Yes,0,0,0,0,0,0,0,0,0,0,1,0,0,0,0,0,0,0,0,0
17,Female,326867,Yes,No,No,No,No,Yes,No,Yes,No,No,Yes,No,Yes,No,Yes,Yes,0,0,0,0,0,0,0,1,0,0,0,0,0,0,0,1,0,0,0,1
72,Male,147450,No,No,No,No,No,No,No,Yes,No,No,No,Yes,No,Yes,No,Yes,0,0,0,0,0,0,0,0,0,1,0,0,0,0,0,0,0,0,0,0
57,Male,247660,No,No,No,No,No,No,No,Yes,No,No,Yes,Yes,Yes,Yes,No,Yes,0,0,0,0,0,0,0,1,0,1,0,1,0,0,0,0,0,0,0,0
61,Male,255977,No,No,No,No,No,No,No,No,No,No,Yes,No,Yes,Yes,No,Yes,0,0,0,0,0,0,0,1,0,0,0,0,0,0,0,0,0,0,0,0
75,Male,84085,No,No,Yes,No,Yes,No,Yes,No,No,No,Yes,Yes,No,No,No,No,0,0,0,0,0,0,0,1,0,1,0,0,0,0,0,0,0,0,0,0
24,Female,216348,Yes,Yes,No,Yes,No,Yes,Yes,No,No,No,Yes,Yes,No,Yes,No,No,1,1,0,0,0,0,0,1,0,1,0,0,0,0,1,0,0,0,0,0
66,Male,297547,No,No,No,No,Yes,No,No,No,No,No,Yes,Yes,Yes,Yes,No,Yes,0,0,0,0,0,0,0,1,0,1,0,0,0,0,0,0,0,0,0,0
23,Male,190597,No,No,Yes,No,Yes,No,No,Yes,No,No,Yes,Yes,No,No,No,No,0,0,0,0,0,0,0,1,0,1,0,0,0,0,0,0,0,0,0,0
18,Male,136303,Yes,No,No,No,Yes,No,No,Yes,No,No,Yes,No,No,Yes,No,Yes,0,0,0,0,0,0,0,1,0,0,0,0,0,0,0,1,0,0,0,1
63,Female,81656,No,No,Yes,Yes,No,Yes,No,No,No,No,Yes,No,Yes,No,No,No,0,1,0,0,0,0,0,1,0,0,1,1,0,0,0,0,0,0,0,0
84,Male,26512,No,No,Yes,No,Yes,No,No,No,Yes,No,No,Yes,No,Yes,No,Yes,0,0,0,0,0,0,0,0,1,1,0,0,0,1,0,0,0,0,0,0
3,Female,300870,Yes,No,No,No,No,No,Yes,No,No,No,Yes,No,Yes,Yes,Yes,No,0,0,0,0,0,0,0,1,0,0,0,0,0,0,0,0,0,0,0,0
20,Female,66479,No,No,No,No,Yes,Yes,Yes,Yes,Yes,Yes,No,No,No,Yes,No,No,0,0,0,0,0,0,0,0,0,0,0,0,1,1,0,0,0,0,0,0
75,Male,185324,No,No,No,No,No,No,No,Yes,No,No,Yes,No,No,No,No,Yes,0,0,0,0,0,0,0,1,0,0,0,0,0,0,0,0,0,0,0,0
16,Male,422844,No,No,Yes,No,No,No,No,No,No,No,No,No,No,Yes,No,No,0,0,0,0,0,0,0,0,0,0,0,0,0,0,0,0,0,0,0,0
58,Male,492740,No,No,Yes,No,No,No,Yes,No,Yes,No,Yes,Yes,Yes,No,No,Yes,0,0,0,0,0,0,0,0,1,0,0,0,0,0,0,0,1,0,0,0
67,Female,417711,No,No,Yes,Yes,No,Yes,Yes,Yes,Yes,No,Yes,Yes,No,No,No,Yes,0,0,0,0,0,0,0,0,1,0,0,0,0,0,0,0,1,0,0,0
45,Male,377830,No,No,No,No,Yes,No,Yes,No,No,No,Yes,No,Yes,No,No,Yes,0,0,0,0,0,0,0,1,0,0,0,0,0,0,0,0,0,0,0,0
85,Male,462996,No,No,Yes,No,No,No,No,Yes,No,No,Yes,No,No,Yes,No,No,0,0,0,0,0,0,0,0,0,0,0,0,0,0,0,0,0,0,0,0
23,Male,13758,Yes,Yes,No,No,No,No,Yes,No,No,No,Yes,No,Yes,Yes,No,No,0,0,1,0,0,0,0,1,0,0,0,1,0,1,1,0,0,0,0,0
18,Female,146071,Yes,No,No,No,Yes,Yes,Yes,No,Yes,No,No,Yes,Yes,No,No,Yes,0,0,0,0,0,0,0,0,0,1,1,1,0,0,1,0,0,0,0,0
43,Female,151145,No,No,Yes,No,No,Yes,No,Yes,Yes,Yes,Yes,No,No,No,No,No,0,1,0,0,0,0,0,1,1,0,0,0,1,0,0,0,1,1,0,0
16,Female,435108,No,No,No,No,No,No,Yes,No,No,No,No,No,No,Yes,Yes,Yes,0,0,0,0,0,0,0,0,0,0,0,0,0,0,0,0,0,0,0,0
78,Male,413077,No,No,No,No,No,No,Yes,Yes,No,No,Yes,Yes,No,No,No,No,0,0,0,0,0,0,0,0,0,0,0,0,0,0,0,0,0,0,0,0
33,Male,360901,No,No,No,No,No,No,Yes,Yes,No,No,No,Yes,Yes,No,No,No,0,0,0,0,0,0,0,0,0,0,0,0,0,0,0,0,0,0,0,0
73,Male,87322,No,No,Yes,No,No,No,No,No,Yes,No,No,Yes,No,No,No,No,0,0,0,0,0,0,0,0,1,1,0,0,0,0,0,0,0,0,0,0
82,Female,45201,No,No,No,Yes,No,Yes,No,Yes,Yes,No,No,Yes,Yes,No,No,No,0,0,0,0,0,0,0,0,0,1,1,1,0,0,0,0,0,0,0,0
30,Male,325702,No,No,Yes,No,Yes,No,Yes,Yes,No,No,No,No,No,No,No,No,0,0,0,0,0,0,0,0,0,0,0,0,0,0,0,0,0,0,0,0
36,Male,273907,No,No,Yes,No,Yes,No,No,Yes,Yes,No,Yes,Yes,Yes,Yes,No,No,0,0,0,0,0,0,0,1,1,1,0,0,0,0,0,0,1,0,0,0
19,Female,282456,Yes,No,No,Yes,No,Yes,Yes,Yes,Yes,Yes,No,Yes,Yes,No,No,Yes,0,0,0,0,0,0,0,0,0,1,1,0,1,0,1,1,0,0,0,0
26,Female,133111,No,No,No,No,No,Yes,Yes,No,No,No,No,No,Yes,No,No,No,0,0,0,0,0,0,0,0,0,0,1,1,0,0,0,0,0,0,0,0
65,Male,192344,No,No,No,No,No,No,No,No,Yes,No,No,Yes,Yes,Yes,No,Yes,0,0,0,0,0,0,0,0,0,1,0,1,0,0,0,0,0,0,0,0
12,Female,460883,Yes,No,No,No,No,Yes,Yes,Yes,No,No,No,Yes,Yes,No,Yes,Yes,0,0,0,0,0,0,0,0,0,0,0,0,0,0,1,1,0,0,0,0
8,Male,226129,No,No,Yes,No,No,No,Yes,Yes,No,No,Yes,No,No,No,No,Yes,0,0,0,0,0,0,0,1,0,0,0,0,0,0,0,0,0,0,0,0
78,Female,135685,No,No,No,Yes,No,No,Yes,Yes,No,No,Yes,Yes,No,Yes,No,No,0,1,0,0,0,0,0,1,0,1,0,0,0,0,0,0,0,0,0,0
53,Female,136371,No,No,Yes,No,No,Yes,Yes,No,No,No,Yes,Yes,Yes,Yes,No,Yes,0,1,0,0,0,0,0,1,0,1,1,1,0,0,0,0,0,0,0,0
77,Female,446208,No,No,Yes,No,No,Yes,No,Yes,Yes,No,No,Yes,No,Yes,No,No,0,0,0,0,0,0,0,0,1,0,0,0,0,0,0,0,0,0,0,0
8,Female,25754,No,No,No,No,No,No,No,Yes,Yes,No,No,Yes,No,No,Yes,No,0,0,0,0,0,0,0,0,0,0,0,0,0,0,0,0,0,0,0,0
16,Male,479394,Yes,No,Yes,No,Yes,No,Yes,Yes,No,No,No,Yes,No,Yes,No,No,0,0,0,0,0,0,0,0,0,0,0,0,0,0,1,1,0,0,0,0
70,Male,63629,No,No,No,No,Yes,No,Yes,Yes,No,No,Yes,Yes,No,No,No,No,0,0,0,0,1,0,1,1,0,1,0,0,0,0,0,0,0,0,0,0
8,Female,314442,No,No,No,No,No,Yes,No,Yes,Yes,No,Yes,Yes,No,Yes,Yes,Yes,0,0,0,0,0,0,0,1,0,0,0,0,0,0,0,0,0,0,0,0
80,Female,123854,No,No,No,No,No,Yes,Yes,No,Yes,No,No,Yes,Yes,Yes,No,Yes,0,0,0,0,0,0,0,0,0,1,1,1,0,0,0,0,0,0,0,0
48,Female,384184,No,No,Yes,Yes,Yes,Yes,Yes,No,Yes,No,No,Yes,No,No,No,No,0,0,0,0,0,0,0,0,1,0,0,0,0,0,0,0,0,0,0,0
82,Female,205452,No,No,Yes,Yes,Yes,Yes,Yes,No,No,No,Yes,Yes,Yes,No,No,Yes,0,1,0,0,0,0,0,1,0,1,1,1,0,0,0,0,0,0,0,0
72,Male,184962,No,No,No,No,Yes,No,Yes,No,Yes,No,Yes,No,No,No,No,Yes,0,0,0,0,0,0,0,1,0,0,0,0,0,0,0,0,0,0,0,0
12,Male,419162,Yes,No,Yes,No,No,No,No,No,Yes,No,No,No,Yes,Yes,No,No,0,0,0,0,0,0,0,0,0,0,0,0,0,0,0,0,0,0,0,0
1,Male,235949,No,No,No,No,No,No,No,No,Yes,No,Yes,Yes,No,Yes,No,Yes,0,0,0,0,0,0,0,1,0,0,0,0,0,0,0,0,0,0,0,0
27,Female,341293,No,No,Yes,Yes,Yes,Yes,Yes,No,Yes,Yes,Yes,Yes,Yes,No,No,No,0,0,0,0,0,0,0,1,1,0,1,0,1,0,0,0,1,1,0,0
16,Male,333958,No,No,Yes,No,No,No,No,Yes,No,No,Yes,No,No,No,No,Yes,0,0,0,0,0,0,0,1,0,0,0,0,0,0,0,0,0,0,0,0
15,Female,253263,Yes,Yes,No,No,No,Yes,Yes,Yes,Yes,No,No,No,No,No,Yes,No,0,0,0,0,0,0,0,0,0,0,0,0,0,0,1,1,0,0,0,0
11,Female,79398,No,No,No,No,Yes,No,No,Yes,Yes,No,Yes,No,Yes,Yes,Yes,Yes,0,0,0,0,0,0,0,1,0,0,0,1,0,0,0,0,0,0,0,0
43,Female,107442,No,No,Yes,Yes,No,Yes,Yes,Yes,Yes,No,No,No,No,Yes,No,Yes,0,0,0,0,0,0,0,0,1,0,0,0,0,0,0,0,0,0,0,0
60,Male,29123,No,No,Yes,No,No,No,Yes,Yes,No,No,No,Yes,No,No,No,Yes,0,0,0,0,0,0,0,0,0,1,0,0,0,0,0,0,0,0,0,0
66,Male,234731,No,No,Yes,No,Yes,No,Yes,No,No,No,No,No,Yes,Yes,No,No,0,0,0,0,0,0,0,0,0,0,0,1,0,0,0,0,0,0,0,0
75,Male,417610,No,No,No,No,Yes,No,No,Yes,Yes,No,Yes,Yes,Yes,No,No,No,0,0,0,0,0,0,0,0,0,0,0,0,0,0,0,0,0,0,0,0
78,Male,279503,No,No,Yes,No,No,No,Yes,No,No,No,No,Yes,No,No,No,Yes,0,0,0,0,0,0,0,0,0,1,0,0,0,0,0,0,0,0,0,0
45,Female,402940,No,No,No,Yes,No,No,Yes,Yes,No,No,Yes,No,No,Yes,No,Yes,0,0,0,0,0,0,0,0,0,0,0,0,0,0,0,0,0,0,0,0
23,Female,191858,Yes,No,No,Yes,No,No,Yes,Yes,No,Yes,Yes,No,No,No,No,No,1,1,0,0,0,0,0,1,0,0,0,0,1,0,1,1,0,1,0,0
64,Male,231775,No,No,No,No,No,No,Yes,Yes,No,No,Yes,Yes,Yes,No,No,Yes,0,0,0,0,0,0,0,1,0,1,0,1,0,0,0,0,0,0,0,0
5,Male,424609,Yes,Yes,Yes,No,Yes,No,Yes,No,No,No,No,No,Yes,No,No,Yes,0,0,0,0,0,0,0,0,0,0,0,0,0,0,1,0,0,0,0,0
69,Female,60697,No,No,No,Yes,No,No,Yes,Yes,Yes,No,No,No,Yes,Yes,No,Yes,0,0,0,0,0,0,0,0,0,0,1,1,0,1,0,0,0,0,0,0
39,Female,460730,No,No,No,Yes,No,Yes,Yes,Yes,Yes,No,No,No,No,Yes,No,Yes,0,0,0,0,0,0,0,0,0,0,0,0,0,0,0,0,0,0,0,0
25,Female,87776,No,No,No,Yes,No,No,Yes,Yes,Yes,No,No,No,No,Yes,No,No,0,0,0,0,0,0,0,0,0,0,0,0,0,0,0,0,0,0,0,0
69,Female,96552,No,No,No,No,Yes,No,No,No,No,No,No,Yes,No,Yes,No,No,0,0,0,0,0,0,0,0,0,1,0,0,0,0,0,0,0,0,0,0
45,Female,259084,No,No,Yes,No,Yes,No,No,No,No,No,No,Yes,Yes,No,No,Yes,0,0,0,0,0,0,0,0,0,1,1,0,0,0,0,0,0,0,0,0
59,Female,279561,No,No,No,Yes,Yes,No,No,No,Yes,No,No,Yes,Yes,No,No,Yes,0,0,0,0,0,0,0,0,0,1,1,0,0,0,0,0,0,0,0,0
56,Male,130528,No,No,Yes,No,No,No,No,Yes,Yes,No,No,Yes,No,Yes,No,Yes,0,0,0,0,0,0,0,0,1,1,0,0,0,0,0,0,0,0,0,0
70,Female,412655,No,No,Yes,Yes,No,No,Yes,Yes,No,No,No,Yes,No,Yes,No,No,0,0,0,0,0,0,0,0,0,0,0,0,0,0,0,0,0,0,0,0
73,Female,404583,No,No,Yes,No,No,Yes,No,Yes,No,No,No,Yes,No,Yes,No,No,0,0,0,0,0,0,0,0,0,0,0,0,0,0,0,0,0,0,0,0
7,Male,235411,No,No,No,No,No,No,Yes,Yes,Yes,No,Yes,Yes,No,Yes,No,No,0,0,0,0,0,0,0,1,0,0,0,0,0,0,0,0,0,0,0,0
29,Male,224449,No,No,Yes,No,No,No,No,No,No,No,No,Yes,Yes,Yes,No,Yes,0,0,0,0,0,0,0,0,0,1,0,1,0,0,0,0,0,0,0,0
59,Female,367479,No,No,Yes,No,Yes,No,No,No,No,No,Yes,Yes,No,No,No,No,0,0,0,0,0,0,0,1,0,0,0,0,0,0,0,0,0,0,0,0
75,Male,367048,No,No,No,No,Yes,No,Yes,Yes,Yes,No,No,No,Yes,No,No,No,0,0,0,0,0,0,0,0,0,0,0,0,0,0,0,0,0,0,0,0
58,Male,34032,No,No,No,No,No,No,Yes,Yes,Yes,No,No,Yes,No,No,No,No,0,0,0,0,0,0,0,0,0,1,0,0,0,0,0,0,0,0,0,0
36,Male,439737,No,No,No,No,No,No,Yes,Yes,No,No,No,Yes,Yes,No,No,Yes,0,0,0,0,0,0,0,0,0,0,0,0,0,0,0,0,0,0,0,0
83,Male,29048,No,No,Yes,No,Yes,No,No,Yes,Yes,No,No,No,No,Yes,No,No,0,0,0,0,0,0,0,0,1,0,0,0,0,1,0,0,0,0,0,0
81,Male,196229,No,No,Yes,No,No,No,No,Yes,No,No,No,No,No,No,No,No,0,0,0,0,0,0,0,0,0,0,0,0,0,0,0,0,0,0,0,0
75,Female,186551,No,No,Yes,Yes,No,Yes,No,No,Yes,No,Yes,No,Yes,No,No,Yes,0,1,0,0,0,0,0,1,1,0,1,1,0,0,0,0,1,0,0,0
68,Female,201322,No,No,No,Yes,Yes,No,No,No,No,No,No,Yes,Yes,No,No,No,0,0,0,0,0,0,0,0,0,1,1,1,0,0,0,0,0,0,0,0
61,Female,130410,No,No,Yes,Yes,No,No,Yes,Yes,Yes,No,Yes,Yes,No,Yes,No,No,0,1,0,0,0,0,0,1,1,1,0,0,0,0,0,0,1,0,0,0
70,Female,413236,No,No,Yes,No,No,Yes,No,No,No,No,No,Yes,Yes,No,No,No,0,0,0,0,0,0,0,0,0,0,1,0,0,0,0,0,0,0,0,0
29,Male,328257,No,No,No,No,Yes,No,Yes,Yes,Yes,No,Yes,No,Yes,No,No,No,0,0,0,0,0,0,0,1,0,0,0,0,0,0,0,0,0,0,0,0
63,Female,221289,No,No,No,Yes,No,Yes,No,No,No,No,Yes,Yes,Yes,No,No,Yes,0,1,0,0,0,0,0,1,0,1,1,1,0,0,0,0,0,0,0,0
29,Male,428909,No,No,No,No,No,No,No,No,No,No,No,No,No,Yes,No,Yes,0,0,0,0,0,0,0,0,0,0,0,0,0,0,0,0,0,0,0,0
49,Male,170975,No,No,No,No,Yes,No,Yes,No,No,No,No,Yes,Yes,Yes,No,No,0,0,0,0,0,0,0,0,0,1,0,1,0,0,0,0,0,0,0,0
42,Male,47406,No,No,Yes,No,No,No,No,No,Yes,No,Yes,No,Yes,No,No,No,0,0,0,0,0,0,0,1,1,0,0,1,0,0,0,0,1,0,0,0
60,Male,129895,No,No,No,No,Yes,No,No,Yes,Yes,No,Yes,Yes,Yes,Yes,No,No,0,0,0,0,0,0,0,1,0,1,0,1,0,0,0,0,0,0,0,0
76,Male,23831,No,No,Yes,No,No,No,Yes,Yes,No,No,Yes,Yes,Yes,Yes,No,No,0,0,0,0,1,0,0,1,0,1,0,1,0,1,0,0,0,0,0,0
57,Male,109424,No,No,Yes,No,No,No,No,No,Yes,No,Yes,No,Yes,No,No,No,0,0,0,0,0,0,0,1,1,0,0,1,0,0,0,0,1,0,0,0
56,Female,256846,No,No,Yes,Yes,Yes,Yes,Yes,No,Yes,No,No,No,No,Yes,No,Yes,0,0,0,0,0,0,0,0,1,0,0,0,0,0,0,0,0,0,0,0
63,Male,262897,No,No,No,No,No,No,Yes,Yes,Yes,No,No,No,Yes,No,No,Yes,0,0,0,0,0,0,0,0,0,0,0,0,0,0,0,0,0,0,0,0
21,Male,15684,No,No,No,No,Yes,No,Yes,No,Yes,No,No,Yes,No,Yes,No,Yes,0,0,0,0,0,0,0,0,0,1,0,0,0,1,0,0,0,0,0,0
63,Male,116741,No,No,No,No,Yes,No,Yes,No,Yes,No,No,Yes,Yes,No,No,Yes,0,0,0,0,0,0,0,0,0,1,0,1,0,0,0,0,0,0,0,0
59,Female,99054,No,No,Yes,No,No,No,Yes,No,Yes,No,Yes,Yes,Yes,No,No,No,0,1,0,0,0,0,0,1,1,1,1,1,0,0,0,0,1,0,0,0
50,Male,340084,No,No,No,No,No,No,Yes,No,Yes,No,No,No,Yes,No,No,Yes,0,0,0,0,0,0,0,0,0,0,0,0,0,0,0,0,0,0,0,0
15,Male,491718,Yes,No,No,No,No,No,Yes,No,No,No,No,Yes,Yes,Yes,No,Yes,0,0,0,0,0,0,0,0,0,0,0,0,0,0,1,0,0,0,0,0
1,Male,342473,Yes,No,No,No,Yes,No,Yes,Yes,Yes,No,Yes,No,Yes,Yes,No,Yes,0,0,0,0,0,0,0,1,0,0,0,0,0,0,0,0,0,0,0,0
46,Male,265636,No,No,No,No,Yes,No,Yes,Yes,Yes,No,No,Yes,Yes,No,No,Yes,0,0,0,0,0,0,0,0,0,1,0,0,0,0,0,0,0,0,0,0
49,Female,475117,No,No,No,Yes,Yes,No,No,Yes,No,No,No,Yes,Yes,Yes,No,Yes,0,0,0,0,0,0,0,0,0,0,1,0,0,0,0,0,0,0,0,0
39,Female,233169,No,No,No,Yes,No,Yes,Yes,No,No,No,Yes,No,No,Yes,No,No,0,1,0,0,0,0,0,1,0,0,0,0,0,0,0,0,0,0,0,0
23,Female,75144,Yes,Yes,Yes,No,Yes,Yes,No,No,Yes,Yes,No,No,Yes,Yes,No,Yes,0,0,0,0,0,0,0,0,1,0,1,1,1,0,0,0,0,0,0,0
9,Male,377572,No,No,Yes,No,No,No,Yes,No,Yes,No,No,Yes,Yes,Yes,No,No,0,0,0,0,0,0,0,0,0,0,0,0,0,0,0,0,0,0,0,0
51,Male,431254,No,No,Yes,No,Yes,No,Yes,Yes,Yes,No,No,No,Yes,Yes,No,Yes,0,0,0,0,0,0,0,0,1,0,0,0,0,0,0,0,0,0,0,0
71,Female,398905,No,No,No,Yes,No,No,Yes,No,Yes,No,No,Yes,Yes,No,No,Yes,0,0,0,0,0,0,0,0,0,0,1,0,0,0,0,0,0,0,0,0
22,Male,120723,No,No,Yes,No,No,No,No,No,No,No,Yes,Yes,No,Yes,No,No,0,0,0,0,0,0,0,1,0,1,0,0,0,0,0,0,0,0,0,0
76,Female,160992,No,No,No,Yes,No,No,Yes,Yes,No,No,Yes,No,No,Yes,No,No,0,1,0,0,0,0,0,1,0,0,0,0,0,0,0,0,0,0,0,0
61,Female,151247,No,No,No,Yes,No,No,Yes,No,No,No,No,Yes,No,No,No,Yes,0,0,0,0,0,0,0,0,0,1,0,0,0,0,0,0,0,0,0,0
76,Male,493271,No,No,Yes,No,Yes,No,No,Yes,Yes,No,No,No,Yes,No,No,No,0,0,0,0,0,0,0,0,1,0,0,0,0,0,0,0,0,0,0,0
62,Male,334972,No,No,Yes,No,No,No,No,No,Yes,No,Yes,Yes,Yes,Yes,No,Yes,0,0,0,0,0,0,0,1,1,0,0,0,0,0,0,0,1,0,0,0
58,Male,344868,No,No,Yes,No,Yes,No,No,Yes,Yes,No,Yes,Yes,Yes,Yes,No,Yes,0,0,0,0,0,0,0,1,1,0,0,0,0,0,0,0,1,0,0,0
81,Male,280414,No,No,No,No,Yes,No,Yes,Yes,Yes,No,Yes,No,No,Yes,No,Yes,0,0,0,0,0,0,0,1,0,0,0,0,0,0,0,0,0,0,0,0
41,Male,427209,No,No,No,No,No,No,Yes,Yes,Yes,No,Yes,Yes,Yes,Yes,No,No,0,0,0,0,0,0,0,0,0,0,0,0,0,0,0,0,0,0,0,0
66,Male,421031,No,No,Yes,No,Yes,No,Yes,Yes,No,No,No,No,No,No,No,Yes,0,0,0,0,0,0,0,0,0,0,0,0,0,0,0,0,0,0,0,0
9,Female,321025,No,No,No,No,Yes,Yes,No,Yes,No,No,No,Yes,Yes,No,Yes,Yes,0,0,0,0,0,0,0,0,0,0,0,0,0,0,0,0,0,0,0,0
58,Female,314341,No,No,No,Yes,Yes,Yes,Yes,Yes,Yes,No,No,Yes,Yes,Yes,No,No,0,0,0,0,0,0,0,0,0,0,1,0,0,0,0,0,0,0,0,0
56,Male,358323,No,No,No,No,No,No,No,Yes,Yes,No,Yes,Yes,No,Yes,No,Yes,0,0,0,0,0,0,0,1,0,0,0,0,0,0,0,0,0,0,0,0
53,Female,24020,No,No,Yes,Yes,Yes,No,Yes,Yes,Yes,No,No,Yes,Yes,No,No,Yes,0,0,0,0,0,0,0,0,1,1,1,1,0,0,0,0,0,0,0,0
64,Male,76965,No,No,No,No,Yes,No,Yes,No,Yes,No,No,Yes,No,No,No,No,0,0,0,0,0,0,0,0,0,1,0,0,0,0,0,0,0,0,0,0
50,Female,124966,No,No,No,Yes,Yes,Yes,No,Yes,Yes,No,Yes,No,Yes,Yes,No,Yes,0,1,0,0,0,0,0,1,0,0,1,1,0,0,0,0,0,0,0,0
37,Male,334814,No,No,Yes,No,No,No,Yes,Yes,No,No,No,No,No,No,No,Yes,0,0,0,0,0,0,0,0,0,0,0,0,0,0,0,0,0,0,0,0
43,Female,158035,No,No,No,Yes,No,Yes,No,No,Yes,Yes,Yes,No,No,No,No,No,0,1,0,0,0,0,0,1,0,0,0,0,1,0,0,0,0,1,0,0
18,Male,312480,Yes,Yes,Yes,No,Yes,No,No,No,Yes,No,No,Yes,No,Yes,No,Yes,0,0,0,0,0,0,0,0,1,0,0,0,0,0,0,0,0,0,0,0
17,Female,265058,No,No,Yes,No,No,No,Yes,Yes,No,No,No,Yes,No,Yes,Yes,Yes,0,0,0,0,0,0,0,0,0,0,0,0,0,0,0,0,0,0,0,0
7,Female,408244,No,No,No,No,Yes,Yes,Yes,Yes,No,No,Yes,No,Yes,No,Yes,No,0,0,0,0,0,0,0,0,0,0,0,0,0,0,0,0,0,0,0,0
20,Female,337820,Yes,No,No,Yes,Yes,No,Yes,No,No,Yes,Yes,No,Yes,No,No,Yes,0,0,0,0,0,0,0,1,0,0,1,0,1,0,1,0,0,1,0,1
10,Male,410988,Yes,Yes,No,No,No,No,No,Yes,No,No,Yes,No,No,Yes,No,No,0,0,0,1,0,0,0,0,0,0,0,0,0,0,0,1,0,0,0,0
56,Female,239819,No,No,Yes,Yes,Yes,Yes,No,Yes,Yes,No,No,Yes,No,Yes,No,No,0,0,0,0,0,0,0,0,1,1,0,0,0,0,0,0,0,0,0,0
45,Female,270158,No,No,Yes,Yes,Yes,No,No,Yes,Yes,Yes,Yes,Yes,No,No,No,No,0,0,0,0,0,0,0,1,1,1,0,0,1,0,0,0,1,1,0,0
55,Female,45519,No,No,Yes,Yes,No,Yes,Yes,Yes,No,No,No,No,Yes,Yes,No,Yes,0,0,0,0,0,0,0,0,0,0,1,1,0,1,0,0,0,0,0,0
53,Male,368444,No,No,Yes,No,No,No,Yes,Yes,No,No,Yes,Yes,No,Yes,No,No,0,0,0,0,0,0,0,1,0,0,0,0,0,0,0,0,0,0,0,0
50,Female,266846,No,No,No,Yes,No,Yes,Yes,Yes,Yes,No,Yes,No,Yes,Yes,No,Yes,0,0,0,0,0,0,0,1,0,0,1,0,0,0,0,0,0,0,0,0
58,Male,412178,No,No,Yes,No,No,No,Yes,No,Yes,No,Yes,No,Yes,Yes,No,No,0,0,0,0,0,0,0,0,1,0,0,0,0,0,0,0,1,0,0,0
73,Female,433422,No,No,Yes,No,Yes,Yes,Yes,Yes,No,No,No,No,No,Yes,No,No,0,0,0,0,0,0,0,0,0,0,0,0,0,0,0,0,0,0,0,0
11,Female,429981,No,No,No,No,Yes,No,No,No,Yes,No,Yes,Yes,Yes,Yes,Yes,Yes,0,0,0,0,0,0,0,0,0,0,0,0,0,0,0,0,0,0,0,0
47,Female,240599,No,No,No,Yes,Yes,Yes,Yes,No,No,No,No,Yes,No,No,No,No,0,0,0,0,0,0,0,0,0,1,0,0,0,0,0,0,0,0,0,0
51,Female,192483,No,No,Yes,Yes,Yes,Yes,Yes,No,Yes,No,Yes,No,Yes,Yes,No,No,0,1,0,0,0,0,0,1,1,0,1,1,0,0,0,0,1,0,0,0
79,Male,475714,No,No,No,No,Yes,No,No,No,No,No,Yes,No,No,No,No,No,0,0,0,0,0,0,0,0,0,0,0,0,0,0,0,0,0,0,0,0
8,Male,114761,Yes,No,Yes,No,Yes,No,No,Yes,No,No,No,No,Yes,Yes,No,Yes,0,0,0,0,0,0,0,0,0,0,0,1,0,0,0,1,0,0,0,0
41,Male,162237,No,No,No,No,No,No,No,No,No,No,No,No,Yes,Yes,No,Yes,0,0,0,0,0,0,0,0,0,0,0,1,0,0,0,0,0,0,0,0
8,Female,20180,No,No,No,No,Yes,No,Yes,No,Yes,No,No,No,No,No,Yes,Yes,0,0,0,0,0,0,0,0,0,0,0,0,0,0,0,0,0,0,0,0
53,Male,35161,No,No,No,No,No,No,No,Yes,No,No,No,No,Yes,Yes,No,Yes,0,0,0,0,0,0,0,0,0,0,0,1,0,1,0,0,0,0,0,0
26,Female,247102,No,No,Yes,No,No,Yes,No,Yes,Yes,No,Yes,Yes,No,No,No,Yes,0,1,0,0,0,0,0,1,1,1,0,0,0,0,0,0,1,0,0,1
56,Male,99763,No,No,Yes,No,Yes,No,Yes,No,Yes,No,No,Yes,Yes,Yes,No,No,0,0,0,0,0,0,0,0,1,1,0,1,0,0,0,0,0,0,0,0
65,Female,361204,No,No,No,Yes,Yes,No,No,Yes,Yes,No,Yes,Yes,No,Yes,No,No,0,0,0,0,0,0,0,1,0,0,0,0,0,0,0,0,0,0,0,0
66,Female,366904,No,No,Yes,No,Yes,No,Yes,Yes,Yes,No,No,Yes,No,Yes,No,No,0,0,0,0,0,0,0,0,1,0,0,0,0,0,0,0,0,0,0,0
5,Male,468612,Yes,Yes,Yes,No,Yes,No,Yes,Yes,No,No,Yes,Yes,No,No,No,Yes,0,0,0,1,0,0,0,0,0,0,0,0,0,0,1,1,0,0,0,0
28,Female,308711,No,No,No,No,Yes,Yes,Yes,No,No,No,Yes,Yes,No,Yes,No,No,0,0,0,0,0,0,0,1,0,0,0,0,0,0,0,0,0,0,0,0
85,Female,219371,No,No,No,Yes,Yes,No,Yes,Yes,Yes,No,Yes,No,Yes,Yes,No,Yes,0,1,0,0,0,0,0,1,0,0,1,1,0,0,0,0,0,0,0,0
22,Female,489690,Yes,No,No,No,Yes,No,Yes,No,No,Yes,Yes,Yes,No,Yes,No,Yes,0,0,0,0,0,0,0,0,0,0,0,0,1,0,1,0,0,1,0,1
83,Male,341036,No,No,Yes,No,No,No,No,Yes,Yes,No,Yes,No,No,Yes,No,Yes,0,0,0,0,0,0,0,1,1,0,0,0,0,0,0,0,1,0,0,0
9,Male,184154,Yes,No,Yes,No,Yes,No,Yes,No,Yes,No,Yes,No,Yes,Yes,No,Yes,0,0,0,0,0,0,0,1,0,0,0,1,0,0,1,0,0,0,0,0
59,Female,160630,No,No,Yes,Yes,No,No,No,No,Yes,No,No,Yes,No,No,No,Yes,0,0,0,0,0,0,0,0,1,1,0,0,0,0,0,0,0,0,0,0
4,Female,345821,No,No,Yes,No,No,Yes,Yes,Yes,No,No,No,No,No,Yes,Yes,Yes,0,0,0,0,0,0,0,0,0,0,0,0,0,0,0,0,0,0,0,0
67,Male,323116,No,No,No,No,Yes,No,Yes,No,Yes,No,Yes,Yes,No,No,No,Yes,0,0,0,0,0,0,0,1,0,0,0,0,0,0,0,0,0,0,0,0
24,Male,101682,No,No,Yes,No,No,No,Yes,No,No,No,Yes,No,Yes,No,No,Yes,0,0,0,0,0,0,0,1,0,0,0,1,0,0,0,0,0,0,0,1
2,Female,295014,Yes,No,Yes,No,Yes,No,No,No,No,No,Yes,Yes,Yes,No,Yes,Yes,0,0,0,0,0,0,0,1,0,0,0,0,0,0,0,0,0,0,0,0
64,Female,203017,No,No,No,No,No,Yes,Yes,No,No,No,Yes,Yes,No,No,No,Yes,0,1,0,0,0,0,0,1,0,1,0,0,0,0,0,0,0,0,0,0
23,Female,293762,Yes,No,Yes,Yes,No,Yes,Yes,Yes,Yes,Yes,No,Yes,No,No,No,Yes,0,0,0,0,0,0,0,0,1,1,0,0,1,0,1,1,0,0,0,0
84,Female,111795,No,No,No,No,No,Yes,No,No,No,No,No,Yes,No,Yes,No,Yes,0,0,0,0,0,0,0,0,0,1,0,0,0,0,0,0,0,0,0,0
43,Female,227829,No,No,No,Yes,Yes,No,Yes,Yes,Yes,No,Yes,Yes,Yes,Yes,No,Yes,0,1,0,0,0,0,0,1,0,1,1,1,0,0,0,0,0,0,0,0
2,Male,380403,No,No,Yes,No,No,No,Yes,No,Yes,No,Yes,Yes,Yes,Yes,No,No,0,0,0,0,0,0,0,1,0,0,0,0,0,0,0,0,0,0,0,0
4,Female,468212,No,No,Yes,No,Yes,Yes,Yes,No,Yes,No,Yes,Yes,No,No,Yes,No,0,0,0,0,0,0,0,0,0,0,0,0,0,0,0,0,0,0,0,0
39,Female,321952,No,No,Yes,Yes,Yes,No,No,Yes,Yes,No,No,No,No,No,No,Yes,0,0,0,0,0,0,0,0,1,0,0,0,0,0,0,0,0,0,0,0
58,Female,398477,No,No,Yes,Yes,No,Yes,No,No,No,No,Yes,No,No,Yes,No,No,0,0,0,0,0,0,0,1,0,0,0,0,0,0,0,0,0,0,0,0
80,Female,427650,No,No,No,No,No,Yes,No,No,Yes,No,Yes,No,No,Yes,No,Yes,0,0,0,0,0,0,0,0,0,0,0,0,0,0,0,0,0,0,0,0
11,Female,429223,Yes,No,No,No,Yes,No,No,No,No,No,No,Yes,Yes,Yes,Yes,Yes,0,0,0,0,0,0,0,0,0,0,0,0,0,0,0,0,0,0,0,0
43,Male,269699,No,No,Yes,No,No,No,Yes,Yes,Yes,No,No,No,Yes,No,No,Yes,0,0,0,0,0,0,0,0,1,0,0,0,0,0,0,0,0,0,0,0
3,Female,405124,No,No,Yes,No,No,Yes,No,Yes,No,No,No,No,No,Yes,Yes,No,0,0,0,0,0,0,0,0,0,0,0,0,0,0,0,0,0,0,0,0
79,Female,407295,No,No,Yes,No,Yes,No,No,No,No,No,Yes,No,Yes,Yes,No,Yes,0,0,0,0,0,0,0,0,0,0,1,0,0,0,0,0,0,0,0,0
62,Male,194067,No,No,No,No,Yes,No,Yes,No,Yes,No,No,No,No,No,No,No,0,0,0,0,0,0,0,0,0,0,0,0,0,0,0,0,0,0,0,0
62,Female,370003,No,No,No,Yes,Yes,Yes,No,No,Yes,No,Yes,Yes,Yes,No,No,Yes,0,0,0,0,0,0,0,1,0,0,1,0,0,0,0,0,0,0,0,0
23,Male,364991,Yes,No,No,No,No,No,Yes,No,Yes,No,No,Yes,Yes,Yes,No,Yes,0,0,0,0,0,0,0,0,0,0,0,0,0,0,1,0,0,0,0,0
48,Male,14365,No,No,No,No,No,No,Yes,No,Yes,No,No,Yes,No,No,No,No,0,0,0,0,0,0,0,0,0,1,0,0,0,0,0,0,0,0,0,0
50,Female,244798,No,No,Yes,No,Yes,No,No,Yes,No,No,Yes,No,Yes,Yes,No,Yes,0,1,0,0,0,0,0,1,0,0,1,1,0,0,0,0,0,0,0,0
17,Male,412100,No,No,No,No,Yes,No,No,No,Yes,No,Yes,No,No,Yes,No,Yes,0,0,0,0,0,0,0,0,0,0,0,0,0,0,0,0,0,0,0,1
43,Female,91520,No,No,Yes,Yes,No,Yes,Yes,Yes,Yes,No,Yes,No,No,Yes,No,No,0,1,0,0,0,0,0,1,1,0,0,0,0,0,0,0,1,0,0,0
55,Male,143200,No,No,No,No,No,No,Yes,No,Yes,No,No,Yes,No,No,No,No,0,0,0,0,0,0,0,0,0,1,0,0,0,0,0,0,0,0,0,0
19,Female,231559,No,No,No,No,Yes,Yes,Yes,Yes,No,No,No,Yes,No,No,No,Yes,0,0,0,0,0,0,0,0,0,1,0,0,0,0,0,0,0,0,0,0
35,Female,42696,No,No,Yes,No,Yes,Yes,Yes,Yes,No,No,No,No,Yes,No,No,No,0,0,0,0,0,0,0,0,0,0,1,1,0,0,0,0,0,0,0,0
38,Male,24748,No,No,No,No,No,No,No,No,No,No,Yes,No,No,Yes,No,Yes,0,0,0,0,0,0,0,1,0,0,0,0,0,1,0,0,0,0,0,0
36,Female,159062,No,No,Yes,Yes,No,No,Yes,Yes,No,Yes,Yes,No,Yes,Yes,No,No,0,1,0,0,0,0,0,1,0,0,1,1,1,0,0,0,0,1,0,0
17,Male,119726,No,No,Yes,No,No,No,No,Yes,Yes,No,No,No,Yes,Yes,No,No,0,0,0,0,0,0,0,0,0,0,0,1,0,0,0,0,0,0,0,0
16,Female,358963,Yes,No,Yes,No,Yes,No,Yes,Yes,No,No,Yes,No,No,Yes,Yes,Yes,0,0,0,0,0,0,0,1,0,0,0,0,0,0,1,1,0,0,0,0
64,Female,77091,No,No,Yes,Yes,Yes,Yes,No,No,No,No,Yes,No,Yes,Yes,No,No,0,1,0,0,0,0,0,1,0,0,1,1,0,0,0,0,0,0,0,0
37,Female,422271,No,No,No,Yes,No,Yes,No,No,Yes,Yes,No,No,No,Yes,No,No,0,0,0,0,0,0,0,0,0,0,0,0,1,0,0,0,0,0,0,0
59,Male,100447,No,No,Yes,No,No,No,Yes,Yes,No,No,Yes,No,No,No,No,Yes,0,0,0,0,0,0,0,1,0,0,0,0,0,0,0,0,0,0,0,0
85,Male,332763,No,No,No,No,No,No,Yes,Yes,No,No,Yes,No,No,Yes,No,No,0,0,0,0,0,0,0,1,0,0,0,0,0,0,0,0,0,0,0,0
78,Female,266924,No,No,No,No,Yes,No,Yes,No,No,No,Yes,Yes,Yes,Yes,No,No,0,0,0,0,0,0,0,1,0,1,1,0,0,0,0,0,0,0,0,0
10,Female,399950,No,No,No,No,Yes,Yes,Yes,Yes,No,No,Yes,Yes,No,No,Yes,No,0,0,0,0,0,0,0,1,0,0,0,0,0,0,0,0,0,0,0,0
40,Male,153449,No,No,No,No,Yes,No,Yes,No,No,No,Yes,Yes,Yes,Yes,No,No,0,0,0,0,0,0,0,1,0,1,0,1,0,0,0,0,0,0,0,0
42,Male,226614,No,No,Yes,No,No,No,Yes,No,Yes,No,No,No,No,Yes,No,Yes,0,0,0,0,0,0,0,0,1,0,0,0,0,0,0,0,0,0,0,0
23,Female,88500,Yes,Yes,No,Yes,No,No,No,No,No,Yes,Yes,Yes,Yes,No,No,Yes,1,1,0,0,0,0,0,1,0,1,1,1,1,0,0,0,0,1,0,1
47,Female,111492,No,No,Yes,No,Yes,Yes,No,No,Yes,No,Yes,No,No,No,No,No,0,1,0,0,0,0,0,1,1,0,0,0,0,0,0,0,1,0,0,0
14,Male,181673,No,No,No,No,No,No,Yes,Yes,No,No,Yes,No,No,Yes,No,No,0,0,0,0,0,0,0,1,0,0,0,0,0,0,0,0,0,0,0,0
54,Male,431461,No,No,Yes,No,Yes,No,Yes,Yes,Yes,No,No,Yes,No,No,No,Yes,0,0,0,0,0,0,0,0,1,0,0,0,0,0,0,0,0,0,0,0
69,Female,201742,No,No,No,Yes,Yes,Yes,Yes,No,Yes,No,No,No,Yes,No,No,No,0,0,0,0,0,0,0,0,0,0,1,1,0,0,0,0,0,0,0,0
59,Male,111229,No,No,Yes,No,Yes,No,Yes,No,Yes,No,No,No,Yes,No,No,Yes,0,0,0,0,0,0,0,0,1,0,0,1,0,0,0,0,0,0,0,0
26,Male,104962,No,No,No,No,No,No,No,No,No,No,No,No,No,Yes,No,No,0,0,0,0,0,0,0,0,0,0,0,0,0,0,0,0,0,0,0,0
66,Female,410962,No,No,No,Yes,No,No,Yes,No,No,No,No,No,No,Yes,No,No,0,0,0,0,0,0,0,0,0,0,0,0,0,0,0,0,0,0,0,0
83,Male,301498,No,No,Yes,No,Yes,No,No,No,No,No,No,No,Yes,Yes,No,No,0,0,0,0,0,0,0,0,0,0,0,0,0,0,0,0,0,0,0,0
72,Male,261430,No,No,Yes,No,No,No,No,No,No,No,No,Yes,No,Yes,No,Yes,0,0,0,0,0,0,0,0,0,1,0,0,0,0,0,0,0,0,0,0
36,Male,348243,No,No,No,No,Yes,No,No,No,No,No,No,Yes,No,Yes,No,No,0,0,0,0,0,0,0,0,0,0,0,0,0,0,0,0,0,0,0,0
75,Female,139240,No,No,Yes,No,No,Yes,No,No,Yes,No,No,Yes,Yes,Yes,No,Yes,0,0,0,0,0,0,0,0,1,1,1,1,0,0,0,0,0,0,0,0
34,Female,400793,No,No,No,No,No,Yes,No,Yes,Yes,No,Yes,Yes,No,Yes,No,Yes,0,0,0,0,0,0,0,0,0,0,0,0,0,0,0,0,0,0,0,0
82,Female,172196,No,No,No,No,Yes,Yes,No,Yes,No,No,Yes,No,Yes,No,No,Yes,0,1,0,0,0,0,0,1,0,0,1,1,0,0,0,0,0,0,0,0
73,Male,188227,No,No,Yes,No,No,No,No,No,Yes,No,Yes,Yes,Yes,Yes,No,Yes,0,0,0,0,0,0,0,1,1,1,0,1,0,0,0,0,1,0,0,0
27,Male,284563,No,No,Yes,No,No,No,No,Yes,Yes,No,Yes,No,No,Yes,No,Yes,0,0,0,0,0,0,0,1,1,0,0,0,0,0,0,0,1,0,0,1
38,Male,397081,No,No,No,No,No,No,Yes,No,No,No,Yes,Yes,No,No,No,No,0,0,0,0,0,0,0,1,0,0,0,0,0,0,0,0,0,0,0,0
73,Male,289741,No,No,No,No,Yes,No,No,Yes,Yes,No,Yes,No,Yes,Yes,No,No,0,0,0,0,0,0,0,1,0,0,0,0,0,0,0,0,0,0,0,0
45,Male,48899,No,No,Yes,No,No,No,No,Yes,Yes,No,Yes,Yes,Yes,Yes,No,Yes,0,0,0,0,0,0,0,1,1,1,0,1,0,1,0,0,1,0,0,0
51,Male,396716,No,No,Yes,No,No,No,Yes,Yes,No,No,No,Yes,No,Yes,No,Yes,0,0,0,0,0,0,0,0,0,0,0,0,0,0,0,0,0,0,0,0
10,Male,179624,Yes,Yes,No,No,No,No,Yes,No,Yes,No,Yes,Yes,No,Yes,No,No,0,0,0,1,0,0,0,1,0,0,0,0,0,0,1,0,0,0,0,0
63,Female,468636,No,No,Yes,Yes,No,No,No,No,No,No,Yes,No,Yes,Yes,No,No,0,0,0,0,0,0,0,0,0,0,1,0,0,0,0,0,0,0,0,0
47,Male,428397,No,No,Yes,No,No,No,No,Yes,Yes,No,No,Yes,Yes,Yes,No,No,0,0,0,0,0,0,0,0,1,0,0,0,0,0,0,0,0,0,0,0
72,Female,42386,No,No,No,Yes,No,No,Yes,No,Yes,No,No,No,No,Yes,No,No,0,0,0,0,0,0,0,0,0,0,0,0,0,1,0,0,0,0,0,0
6,Male,434111,No,No,No,No,No,No,Yes,No,No,No,Yes,No,Yes,Yes,No,No,0,0,0,0,0,0,0,0,0,0,0,0,0,0,0,0,0,0,0,0
51,Male,211768,No,No,Yes,No,No,No,Yes,Yes,No,No,No,No,Yes,Yes,No,No,0,0,0,0,0,0,0,0,0,0,0,1,0,0,0,0,0,0,0,0
21,Female,102624,No,No,No,No,No,Yes,No,Yes,Yes,No,No,Yes,No,Yes,No,No,0,0,0,0,0,0,0,0,0,1,0,0,0,0,0,0,0,0,0,0
1,Male,320210,Yes,Yes,Yes,No,Yes,No,No,No,Yes,No,Yes,Yes,No,Yes,No,No,0,0,0,0,0,0,0,1,0,0,0,0,0,0,0,0,0,0,0,0
19,Female,400390,No,No,Yes,Yes,No,Yes,No,Yes,No,Yes,No,Yes,Yes,No,No,No,0,0,0,0,0,0,0,0,0,0,1,0,1,0,0,0,0,0,0,0
77,Female,414014,No,No,No,No,Yes,Yes,Yes,Yes,Yes,No,Yes,Yes,Yes,No,No,No,0,0,0,0,0,0,0,0,0,0,1,0,0,0,0,0,0,0,0,0
45,Female,484072,No,No,No,Yes,No,Yes,No,Yes,No,No,No,Yes,Yes,No,No,Yes,0,0,0,0,0,0,0,0,0,0,1,0,0,0,0,0,0,0,0,0
77,Female,44134,No,No,Yes,No,Yes,Yes,Yes,No,No,No,Yes,Yes,No,No,No,No,0,1,0,0,1,0,1,1,0,1,0,0,0,0,0,0,0,0,0,0
9,Male,247330,Yes,No,Yes,No,Yes,No,Yes,Yes,No,No,Yes,No,No,Yes,No,Yes,0,0,0,0,0,0,0,1,0,0,0,0,0,0,1,1,0,0,0,0
20,Male,73427,No,No,No,No,Yes,No,Yes,No,No,No,No,No,No,No,No,No,0,0,0,0,0,0,0,0,0,0,0,0,0,0,0,0,0,0,0,0
29,Male,385416,No,No,No,No,Yes,No,No,No,No,No,No,No,Yes,Yes,No,No,0,0,0,0,0,0,0,0,0,0,0,0,0,0,0,0,0,0,0,0
36,Male,377200,No,No,No,No,Yes,No,No,Yes,No,No,No,No,Yes,Yes,No,Yes,0,0,0,0,0,0,0,0,0,0,0,0,0,0,0,0,0,0,0,0
69,Male,234596,No,No,Yes,No,No,No,No,Yes,Yes,No,No,No,Yes,Yes,No,Yes,0,0,0,0,0,0,0,0,1,0,0,1,0,0,0,0,0,0,0,0
34,Male,126736,No,No,Yes,No,Yes,No,Yes,No,Yes,No,Yes,No,Yes,Yes,No,No,0,0,0,0,0,0,0,1,1,0,0,1,0,0,0,0,1,0,0,0
20,Male,420081,No,No,Yes,No,No,No,Yes,No,No,No,Yes,Yes,Yes,Yes,No,Yes,0,0,0,0,0,0,0,0,0,0,0,0,0,0,0,0,0,0,0,1
40,Male,78894,No,No,No,No,Yes,No,Yes,No,No,No,Yes,No,Yes,Yes,No,No,0,0,0,0,0,0,0,1,0,0,0,1,0,0,0,0,0,0,0,0
72,Male,235216,No,No,Yes,No,No,No,No,Yes,Yes,No,Yes,No,No,No,No,Yes,0,0,0,0,0,0,0,1,1,0,0,0,0,0,0,0,1,0,0,0
41,Female,74589,No,No,Yes,No,No,No,No,No,Yes,Yes,No,Yes,No,No,No,No,0,0,0,0,0,0,0,0,1,1,0,0,1,0,0,0,0,0,0,0
81,Male,396335,No,No,Yes,No,Yes,No,No,No,Yes,No,No,No,Yes,No,No,No,0,0,0,0,0,0,0,0,1,0,0,0,0,0,0,0,0,0,0,0
81,Female,55333,No,No,Yes,No,Yes,Yes,Yes,Yes,Yes,No,No,No,No,Yes,No,No,0,0,0,0,0,0,0,0,1,0,0,0,0,1,0,0,0,0,0,0
21,Female,99236,Yes,No,No,Yes,Yes,Yes,No,No,Yes,Yes,Yes,No,Yes,No,No,No,1,1,0,0,0,0,0,1,0,0,1,1,1,0,0,0,0,1,0,0
56,Male,240930,No,No,No,No,No,No,No,Yes,No,No,No,No,Yes,Yes,No,Yes,0,0,0,0,0,0,0,0,0,0,0,1,0,0,0,0,0,0,0,0
64,Male,297719,No,No,Yes,No,No,No,No,No,Yes,No,Yes,No,No,No,No,No,0,0,0,0,0,0,0,1,1,0,0,0,0,0,0,0,1,0,0,0
9,Male,368196,Yes,Yes,Yes,No,Yes,No,Yes,Yes,No,No,Yes,Yes,Yes,No,No,Yes,0,0,0,1,0,0,0,1,0,0,0,0,0,0,1,1,0,0,0,0
62,Female,44070,No,No,Yes,Yes,No,No,Yes,Yes,Yes,No,No,No,Yes,Yes,No,No,0,0,0,0,0,0,0,0,1,0,1,1,0,1,0,0,0,0,0,0
12,Male,263725,No,No,No,No,Yes,No,Yes,Yes,Yes,No,No,No,Yes,No,No,No,0,0,0,0,0,0,0,0,0,0,0,0,0,0,0,0,0,0,0,0
24,Female,169659,No,No,No,No,Yes,No,Yes,No,No,Yes,No,No,No,Yes,No,Yes,0,0,0,0,0,0,0,0,0,0,0,0,1,0,0,0,0,0,0,0
27,Female,223831,No,No,No,No,No,No,Yes,No,Yes,No,Yes,Yes,Yes,Yes,No,No,0,1,0,0,0,0,0,1,0,1,1,1,0,0,0,0,0,0,0,0
57,Male,299213,No,No,No,No,No,No,No,No,Yes,No,No,Yes,No,Yes,No,No,0,0,0,0,0,0,0,0,0,1,0,0,0,0,0,0,0,0,0,0
48,Male,207924,No,No,No,No,Yes,No,No,No,Yes,No,Yes,No,Yes,Yes,No,No,0,0,0,0,0,0,0,1,0,0,0,1,0,0,0,0,0,0,0,0
41,Female,364022,No,No,No,No,Yes,Yes,Yes,No,No,No,No,Yes,No,No,No,No,0,0,0,0,0,0,0,0,0,0,0,0,0,0,0,0,0,0,0,0
61,Male,396382,No,No,No,No,No,No,Yes,No,Yes,No,No,Yes,No,No,No,No,0,0,0,0,0,0,0,0,0,0,0,0,0,0,0,0,0,0,0,0
63,Male,103874,No,No,Yes,No,Yes,No,Yes,No,No,No,No,No,Yes,Yes,No,Yes,0,0,0,0,0,0,0,0,0,0,0,1,0,0,0,0,0,0,0,0
38,Female,215269,No,No,No,No,Yes,Yes,Yes,No,No,No,Yes,Yes,No,No,No,No,0,1,0,0,0,0,0,1,0,1,0,0,0,0,0,0,0,0,0,0
13,Male,69473,No,No,Yes,No,Yes,No,No,No,Yes,No,No,No,Yes,No,No,Yes,0,0,0,0,0,0,0,0,0,0,0,1,0,0,0,0,0,0,0,0
75,Female,448778,No,No,Yes,No,No,Yes,No,No,No,No,Yes,No,No,No,No,No,0,0,0,0,0,0,0,0,0,0,0,0,0,0,0,0,0,0,0,0
9,Female,62865,Yes,Yes,No,No,No,No,Yes,Yes,Yes,No,No,No,Yes,Yes,Yes,No,0,0,0,0,0,0,0,0,0,0,0,1,0,0,1,1,0,0,0,0
50,Male,49638,No,No,No,No,Yes,No,Yes,Yes,Yes,No,Yes,Yes,Yes,No,No,No,0,0,0,0,0,0,1,1,0,1,0,1,0,0,0,0,0,0,0,0
57,Female,228919,No,No,No,Yes,Yes,Yes,No,No,Yes,No,No,Yes,Yes,Yes,No,Yes,0,0,0,0,0,0,0,0,0,1,1,1,0,0,0,0,0,0,0,0
25,Male,475128,No,No,No,No,Yes,No,Yes,No,No,No,No,No,Yes,No,No,Yes,0,0,0,0,0,0,0,0,0,0,0,0,0,0,0,0,0,0,0,0
48,Male,232015,No,No,Yes,No,No,No,No,No,No,No,No,No,No,No,No,No,0,0,0,0,0,0,0,0,0,0,0,0,0,0,0,0,0,0,0,0
6,Male,420603,No,No,No,No,No,No,No,No,Yes,No,Yes,Yes,No,Yes,No,Yes,0,0,0,0,0,0,0,0,0,0,0,0,0,0,0,0,0,0,0,0
35,Male,499248,No,No,No,No,No,No,No,No,No,No,Yes,Yes,Yes,Yes,No,No,0,0,0,0,0,0,0,0,0,0,0,0,0,0,0,0,0,0,0,0
46,Male,136146,No,No,Yes,No,No,No,No,No,Yes,No,No,Yes,Yes,Yes,No,Yes,0,0,0,0,0,0,0,0,1,1,0,1,0,0,0,0,0,0,0,0
66,Male,312145,No,No,Yes,No,No,No,Yes,Yes,Yes,No,No,Yes,Yes,No,No,Yes,0,0,0,0,0,0,0,0,1,0,0,0,0,0,0,0,0,0,0,0
36,Female,435619,No,No,Yes,No,Yes,No,No,Yes,Yes,Yes,Yes,No,No,Yes,No,Yes,0,0,0,0,0,0,0,0,1,0,0,0,1,0,0,0,1,1,0,0
74,Female,81174,No,No,Yes,Yes,Yes,No,No,Yes,No,No,Yes,Yes,No,Yes,No,Yes,0,1,0,0,0,0,0,1,0,1,0,0,0,0,0,0,0,0,0,0
8,Female,480758,No,No,No,No,No,No,No,Yes,No,No,No,Yes,No,No,Yes,No,0,0,0,0,0,0,0,0,0,0,0,0,0,0,0,0,0,0,0,0
60,Male,474824,No,No,Yes,No,No,No,No,Yes,No,No,No,Yes,No,Yes,No,Yes,0,0,0,0,0,0,0,0,0,0,0,0,0,0,0,0,0,0,0,0
25,Female,183072,Yes,Yes,No,Yes,Yes,Yes,Yes,Yes,Yes,No,Yes,Yes,Yes,No,No,No,1,1,0,0,0,0,0,1,0,1,1,1,0,0,1,1,0,0,0,0
41,Female,175805,No,No,Yes,No,Yes,No,No,No,Yes,No,Yes,No,Yes,Yes,No,Yes,0,1,0,0,0,0,0,1,1,0,1,1,0,0,0,0,1,0,0,0
48,Female,203776,No,No,No,No,Yes,No,Yes,Yes,No,No,No,No,Yes,Yes,No,No,0,0,0,0,0,0,0,0,0,0,1,1,0,0,0,0,0,0,0,0
25,Male,113484,Yes,Yes,Yes,No,Yes,No,Yes,No,No,No,Yes,No,Yes,Yes,No,No,0,0,1,0,0,0,0,1,0,0,0,1,0,0,1,0,0,0,0,0
39,Male,478697,No,No,No,No,No,No,No,Yes,No,No,No,No,No,No,No,Yes,0,0,0,0,0,0,0,0,0,0,0,0,0,0,0,0,0,0,0,0
63,Male,166795,No,No,No,No,Yes,No,Yes,No,Yes,No,Yes,No,Yes,Yes,No,No,0,0,0,0,0,0,0,1,0,0,0,1,0,0,0,0,0,0,0,0
21,Male,319479,Yes,Yes,Yes,No,No,No,No,Yes,Yes,No,No,No,Yes,No,No,Yes,0,0,0,0,0,0,0,0,1,0,0,0,0,0,0,1,0,0,0,0
20,Male,303093,No,No,No,No,No,No,No,Yes,No,No,Yes,No,Yes,No,No,Yes,0,0,0,0,0,0,0,1,0,0,0,0,0,0,0,0,0,0,0,1
18,Female,491915,Yes,No,No,No,No,Yes,No,Yes,No,No,Yes,Yes,No,Yes,No,No,0,0,0,0,0,0,0,0,0,0,0,0,0,0,0,1,0,0,0,0
5,Female,288426,No,No,Yes,No,Yes,Yes,Yes,Yes,No,No,Yes,Yes,Yes,Yes,Yes,No,0,0,0,0,0,0,0,1,0,0,0,0,0,0,0,0,0,0,0,0
56,Male,16694,No,No,Yes,No,Yes,No,No,Yes,No,No,Yes,No,Yes,No,No,Yes,0,0,0,0,0,0,1,1,0,0,0,1,0,0,0,0,0,0,0,0
83,Female,435043,No,No,Yes,No,No,Yes,No,No,Yes,No,No,Yes,Yes,No,No,No,0,0,0,0,0,0,0,0,1,0,1,0,0,0,0,0,0,0,0,0
66,Male,475146,No,No,Yes,No,No,No,Yes,Yes,Yes,No,Yes,Yes,No,Yes,No,No,0,0,0,0,0,0,0,0,1,0,0,0,0,0,0,0,1,0,0,0
64,Female,328053,No,No,No,No,No,Yes,No,Yes,Yes,No,Yes,No,No,Yes,No,No,0,0,0,0,0,0,0,1,0,0,0,0,0,0,0,0,0,0,0,0
80,Male,458960,No,No,No,No,No,No,Yes,No,Yes,No,No,No,Yes,Yes,No,No,0,0,0,0,0,0,0,0,0,0,0,0,0,0,0,0,0,0,0,0
33,Female,118389,No,No,Yes,Yes,No,Yes,Yes,No,Yes,No,Yes,Yes,No,Yes,No,No,0,1,0,0,0,0,0,1,1,1,0,0,0,0,0,0,1,0,0,0
81,Female,96255,No,No,No,No,No,No,No,No,Yes,No,Yes,No,No,Yes,No,Yes,0,1,0,0,0,0,0,1,0,0,0,0,0,0,0,0,0,0,0,0
2,Male,448300,No,No,Yes,No,Yes,No,Yes,No,No,No,No,No,No,No,No,No,0,0,0,0,0,0,0,0,0,0,0,0,0,0,0,0,0,0,0,0
28,Female,430858,No,No,Yes,No,No,No,Yes,Yes,No,No,No,Yes,No,No,No,No,0,0,0,0,0,0,0,0,0,0,0,0,0,0,0,0,0,0,0,0
68,Female,322746,No,No,No,Yes,Yes,Yes,No,Yes,No,No,No,Yes,No,No,No,Yes,0,0,0,0,0,0,0,0,0,0,0,0,0,0,0,0,0,0,0,0
33,Female,318170,No,No,Yes,No,No,No,Yes,No,No,No,No,Yes,Yes,Yes,No,No,0,0,0,0,0,0,0,0,0,0,1,0,0,0,0,0,0,0,0,0
46,Female,202726,No,No,No,No,Yes,Yes,No,No,Yes,No,No,Yes,Yes,No,No,No,0,0,0,0,0,0,0,0,0,1,1,1,0,0,0,0,0,0,0,0
78,Female,496674,No,No,Yes,Yes,Yes,Yes,Yes,No,No,No,Yes,No,No,Yes,No,No,0,0,0,0,0,0,0,0,0,0,0,0,0,0,0,0,0,0,0,0
81,Male,105519,No,No,Yes,No,No,No,No,No,Yes,No,No,No,No,Yes,No,Yes,0,0,0,0,0,0,0,0,1,0,0,0,0,0,0,0,0,0,0,0
23,Male,280942,No,No,Yes,No,Yes,No,No,No,Yes,No,No,Yes,No,Yes,No,No,0,0,0,0,0,0,0,0,1,1,0,0,0,0,0,0,0,0,0,0
53,Female,148855,No,No,No,No,Yes,Yes,Yes,Yes,No,No,No,No,Yes,No,No,Yes,0,0,0,0,0,0,0,0,0,0,1,1,0,0,0,0,0,0,0,0
56,Male,428809,No,No,No,No,No,No,No,No,No,No,No,Yes,No,Yes,No,No,0,0,0,0,0,0,0,0,0,0,0,0,0,0,0,0,0,0,0,0
74,Male,468584,No,No,No,No,No,No,Yes,No,Yes,No,No,No,Yes,No,No,No,0,0,0,0,0,0,0,0,0,0,0,0,0,0,0,0,0,0,0,0
65,Male,445778,No,No,Yes,No,Yes,No,No,No,No,No,Yes,Yes,No,Yes,No,Yes,0,0,0,0,0,0,0,0,0,0,0,0,0,0,0,0,0,0,0,0
48,Male,265164,No,No,No,No,Yes,No,No,No,No,No,Yes,Yes,No,Yes,No,Yes,0,0,0,0,0,0,0,1,0,1,0,0,0,0,0,0,0,0,0,0
12,Male,208049,No,No,Yes,No,Yes,No,Yes,Yes,No,No,Yes,No,Yes,No,No,No,0,0,0,0,0,0,0,1,0,0,0,1,0,0,0,0,0,0,0,0
76,Female,401675,No,No,Yes,Yes,No,Yes,No,Yes,No,No,No,Yes,No,No,No,Yes,0,0,0,0,0,0,0,0,0,0,0,0,0,0,0,0,0,0,0,0
30,Male,279393,No,No,Yes,No,Yes,No,No,No,No,No,Yes,No,No,No,No,No,0,0,0,0,0,0,0,1,0,0,0,0,0,0,0,0,0,0,0,0
14,Female,431680,Yes,No,Yes,No,Yes,Yes,Yes,Yes,Yes,No,No,No,Yes,No,Yes,Yes,0,0,0,0,0,0,0,0,0,0,0,0,0,0,1,1,0,0,0,0
8,Male,150744,No,No,Yes,No,No,No,No,Yes,Yes,No,Yes,No,Yes,Yes,No,Yes,0,0,0,0,0,0,0,1,0,0,0,1,0,0,0,0,0,0,0,0
46,Female,316322,No,No,Yes,No,Yes,Yes,No,No,No,No,No,Yes,No,Yes,No,Yes,0,0,0,0,0,0,0,0,0,0,0,0,0,0,0,0,0,0,0,0
69,Female,403606,No,No,No,Yes,No,No,No,No,Yes,No,No,Yes,Yes,No,No,Yes,0,0,0,0,0,0,0,0,0,0,1,0,0,0,0,0,0,0,0,0
23,Male,241058,No,No,Yes,No,Yes,No,No,Yes,Yes,No,Yes,Yes,Yes,Yes,No,Yes,0,0,0,0,0,0,0,1,1,1,0,1,0,0,0,0,1,0,0,1
63,Female,421482,No,No,Yes,Yes,No,Yes,Yes,No,Yes,No,Yes,Yes,No,No,No,No,0,0,0,0,0,0,0,0,1,0,0,0,0,0,0,0,1,0,0,0
9,Female,233094,Yes,No,Yes,No,No,Yes,Yes,No,No,No,Yes,Yes,No,Yes,Yes,No,0,0,0,0,0,0,0,1,0,0,0,0,0,0,1,0,0,0,0,0
40,Female,402796,No,No,No,Yes,No,No,No,No,No,Yes,Yes,No,No,No,No,No,0,0,0,0,0,0,0,0,0,0,0,0,1,0,0,0,0,1,0,0
84,Male,22057,No,No,Yes,No,Yes,No,Yes,Yes,Yes,No,Yes,No,No,No,No,Yes,0,0,0,0,1,0,1,1,1,0,0,0,0,0,0,0,1,0,0,0
33,Male,184631,No,No,No,No,Yes,No,Yes,Yes,No,No,No,No,No,Yes,No,Yes,0,0,0,0,0,0,0,0,0,0,0,0,0,0,0,0,0,0,0,0
7,Male,441313,No,No,No,No,Yes,No,No,Yes,Yes,No,No,Yes,No,Yes,No,Yes,0,0,0,0,0,0,0,0,0,0,0,0,0,0,0,0,0,0,0,0
56,Male,414878,No,No,Yes,No,No,No,Yes,No,No,No,No,No,No,Yes,No,No,0,0,0,0,0,0,0,0,0,0,0,0,0,0,0,0,0,0,0,0
7,Female,372456,Yes,Yes,No,No,Yes,No,No,No,No,No,No,No,No,No,Yes,No,0,0,0,0,0,0,0,0,0,0,0,0,0,0,0,0,0,0,0,0
1,Female,453660,Yes,Yes,No,No,No,No,No,No,Yes,No,No,Yes,Yes,Yes,Yes,No,0,0,0,0,0,0,0,0,0,0,0,0,0,0,0,0,0,0,0,0
50,Female,76124,No,No,Yes,Yes,No,Yes,Yes,No,No,No,Yes,No,No,No,No,No,0,1,0,0,0,0,0,1,0,0,0,0,0,0,0,0,0,0,0,0
6,Male,319219,No,No,Yes,No,Yes,No,Yes,Yes,Yes,No,No,No,No,Yes,No,No,0,0,0,0,0,0,0,0,0,0,0,0,0,0,0,0,0,0,0,0
82,Female,367693,No,No,No,No,No,Yes,Yes,No,Yes,No,Yes,Yes,No,Yes,No,Yes,0,0,0,0,0,0,0,1,0,0,0,0,0,0,0,0,0,0,0,0
70,Male,56758,No,No,No,No,Yes,No,No,No,No,No,Yes,Yes,Yes,Yes,No,No,0,0,0,0,1,0,1,1,0,1,0,1,0,1,0,0,0,0,0,0
62,Male,105786,No,No,Yes,No,No,No,Yes,No,No,No,No,No,No,No,No,Yes,0,0,0,0,0,0,0,0,0,0,0,0,0,0,0,0,0,0,0,0
85,Female,392870,No,No,Yes,Yes,No,No,No,No,Yes,No,No,No,Yes,No,No,No,0,0,0,0,0,0,0,0,1,0,1,0,0,0,0,0,0,0,0,0
23,Male,398711,No,No,Yes,No,Yes,No,No,Yes,No,No,No,No,No,No,No,Yes,0,0,0,0,0,0,0,0,0,0,0,0,0,0,0,0,0,0,0,0
72,Male,293252,No,No,Yes,No,No,No,Yes,Yes,Yes,No,Yes,Yes,Yes,No,No,Yes,0,0,0,0,0,0,0,1,1,1,0,0,0,0,0,0,1,0,0,0
1,Male,74973,Yes,No,No,No,Yes,No,Yes,Yes,Yes,No,Yes,No,No,No,No,No,0,0,0,0,0,0,0,1,0,0,0,0,0,0,0,0,0,0,0,0
57,Male,100081,No,No,Yes,No,No,No,Yes,Yes,Yes,No,Yes,Yes,Yes,No,No,Yes,0,0,0,0,0,0,0,1,1,1,0,1,0,0,0,0,1,0,0,0
14,Female,440461,No,No,Yes,No,No,Yes,Yes,Yes,No,No,Yes,Yes,No,No,Yes,Yes,0,0,0,0,0,0,0,0,0,0,0,0,0,0,0,0,0,0,0,0
4,Female,254994,No,No,No,No,No,Yes,Yes,Yes,No,No,Yes,No,No,No,Yes,Yes,0,0,0,0,0,0,0,1,0,0,0,0,0,0,0,0,0,0,0,0
2,Male,430496,Yes,Yes,No,No,Yes,No,Yes,Yes,No,No,Yes,No,No,No,No,Yes,0,0,0,0,0,0,0,0,0,0,0,0,0,0,0,0,0,0,0,0
49,Female,316240,No,No,No,Yes,No,Yes,Yes,Yes,No,No,Yes,No,Yes,Yes,No,Yes,0,0,0,0,0,0,0,1,0,0,1,0,0,0,0,0,0,0,0,0
9,Male,370409,No,No,Yes,No,Yes,No,No,Yes,Yes,No,Yes,Yes,No,Yes,No,Yes,0,0,0,0,0,0,0,1,0,0,0,0,0,0,0,0,0,0,0,0
64,Male,83030,No,No,Yes,No,No,No,Yes,Yes,No,No,No,No,No,No,No,Yes,0,0,0,0,0,0,0,0,0,0,0,0,0,0,0,0,0,0,0,0
71,Male,239014,No,No,Yes,No,No,No,No,No,Yes,No,No,Yes,Yes,No,No,Yes,0,0,0,0,0,0,0,0,1,1,0,1,0,0,0,0,0,0,0,0
32,Male,117741,No,No,No,No,Yes,No,No,No,No,No,Yes,No,Yes,No,No,No,0,0,0,0,0,0,0,1,0,0,0,1,0,0,0,0,0,0,0,0
75,Male,349382,No,No,Yes,No,No,No,No,Yes,Yes,No,Yes,No,Yes,No,No,Yes,0,0,0,0,0,0,0,1,1,0,0,0,0,0,0,0,1,0,0,0
83,Male,126897,No,No,Yes,No,Yes,No,No,No,Yes,No,No,Yes,Yes,No,No,Yes,0,0,0,0,0,0,0,0,1,1,0,1,0,0,0,0,0,0,0,0
74,Female,282987,No,No,Yes,No,No,No,Yes,No,Yes,No,Yes,Yes,No,Yes,No,Yes,0,0,0,0,0,0,0,1,1,1,0,0,0,0,0,0,1,0,0,0
9,Female,51137,Yes,No,No,No,Yes,Yes,Yes,No,Yes,No,No,No,Yes,Yes,Yes,No,0,0,0,0,0,0,0,0,0,0,0,1,0,0,1,0,0,0,0,0
23,Female,450333,No,No,No,Yes,Yes,Yes,Yes,No,Yes,Yes,No,Yes,Yes,Yes,No,No,0,0,0,0,0,0,0,0,0,0,1,0,1,0,0,0,0,0,0,0
51,Female,144190,No,No,No,Yes,Yes,No,Yes,No,No,No,Yes,Yes,No,No,No,No,0,1,0,0,0,0,0,1,0,1,0,0,0,0,0,0,0,0,0,0
32,Male,450815,No,No,No,No,Yes,No,No,Yes,No,No,No,No,Yes,Yes,No,No,0,0,0,0,0,0,0,0,0,0,0,0,0,0,0,0,0,0,0,0
11,Male,244419,No,No,Yes,No,Yes,No,No,No,Yes,No,No,Yes,Yes,No,No,Yes,0,0,0,0,0,0,0,0,0,0,0,1,0,0,0,0,0,0,0,0
18,Female,260244,No,No,No,No,Yes,Yes,Yes,No,Yes,No,Yes,Yes,No,No,No,Yes,0,0,0,0,0,0,0,1,0,1,0,0,0,0,0,0,0,0,0,1
8,Male,166969,No,No,No,No,Yes,No,No,No,Yes,No,Yes,No,No,No,No,Yes,0,0,0,0,0,0,0,1,0,0,0,0,0,0,0,0,0,0,0,0
51,Male,375565,No,No,No,No,Yes,No,Yes,Yes,Yes,No,No,Yes,Yes,Yes,No,No,0,0,0,0,0,0,0,0,0,0,0,0,0,0,0,0,0,0,0,0
8,Male,222723,No,No,Yes,No,Yes,No,No,No,No,No,No,Yes,No,Yes,No,No,0,0,0,0,0,0,0,0,0,0,0,0,0,0,0,0,0,0,0,0
41,Female,135863,No,No,No,Yes,Yes,Yes,No,Yes,Yes,Yes,Yes,No,No,Yes,No,Yes,0,1,0,0,0,0,0,1,0,0,0,0,1,0,0,0,0,1,0,0
76,Male,133328,No,No,No,No,Yes,No,Yes,No,No,No,No,Yes,No,Yes,No,No,0,0,0,0,0,0,0,0,0,1,0,0,0,0,0,0,0,0,0,0
18,Female,447076,No,No,No,Yes,No,Yes,Yes,Yes,No,Yes,Yes,No,Yes,No,No,Yes,0,0,0,0,0,0,0,0,0,0,1,0,1,0,0,0,0,1,0,1
7,Female,38505,Yes,Yes,No,No,Yes,No,Yes,Yes,Yes,No,Yes,No,Yes,Yes,Yes,No,0,0,0,1,0,0,0,1,0,0,0,1,0,0,1,1,0,0,1,0
25,Female,435756,Yes,No,Yes,No,Yes,Yes,Yes,No,Yes,Yes,Yes,No,Yes,Yes,No,No,0,0,0,0,0,0,0,0,1,0,1,0,1,0,1,0,1,1,0,0
34,Female,345212,No,No,No,Yes,Yes,No,Yes,Yes,Yes,Yes,Yes,No,Yes,Yes,No,No,0,0,0,0,0,0,0,1,0,0,1,0,1,0,0,0,0,1,0,0
1,Male,77555,Yes,Yes,No,No,No,No,No,No,No,No,Yes,No,Yes,Yes,No,No,0,0,0,0,0,0,0,1,0,0,0,1,0,0,0,0,0,0,0,0
72,Male,218220,No,No,Yes,No,No,No,No,Yes,No,No,No,Yes,No,Yes,No,Yes,0,0,0,0,0,0,0,0,0,1,0,0,0,0,0,0,0,0,0,0
14,Female,234781,Yes,Yes,Yes,No,No,No,No,No,Yes,No,No,Yes,Yes,Yes,Yes,No,0,0,0,0,0,0,0,0,0,0,0,1,0,0,0,0,0,0,0,0
4,Female,367723,Yes,No,Yes,No,No,Yes,Yes,Yes,No,No,Yes,No,Yes,No,Yes,Yes,0,0,0,0,0,0,0,1,0,0,0,0,0,0,0,0,0,0,0,0
39,Female,200631,No,No,Yes,No,No,No,No,No,No,Yes,Yes,No,No,No,No,No,0,1,0,0,0,0,0,1,0,0,0,0,1,0,0,0,0,1,0,0
47,Male,62429,No,No,No,No,Yes,No,Yes,Yes,No,No,Yes,No,No,Yes,No,Yes,0,0,0,0,0,0,1,1,0,0,0,0,0,1,0,0,0,0,0,0
33,Male,225892,No,No,Yes,No,Yes,No,No,No,Yes,No,No,Yes,No,No,No,Yes,0,0,0,0,0,0,0,0,1,1,0,0,0,0,0,0,0,0,0,0
26,Male,179136,No,No,No,No,No,No,Yes,Yes,No,No,No,Yes,No,Yes,No,No,0,0,0,0,0,0,0,0,0,1,0,0,0,0,0,0,0,0,0,0
63,Female,216750,No,No,Yes,Yes,No,Yes,No,Yes,Yes,No,No,Yes,Yes,Yes,No,Yes,0,0,0,0,0,0,0,0,1,1,1,1,0,0,0,0,0,0,0,0
16,Male,469589,No,No,No,No,Yes,No,Yes,No,Yes,No,No,Yes,No,No,No,Yes,0,0,0,0,0,0,0,0,0,0,0,0,0,0,0,0,0,0,0,0
59,Male,130420,No,No,No,No,Yes,No,Yes,Yes,Yes,No,Yes,Yes,Yes,Yes,No,No,0,0,0,0,0,0,0,1,0,1,0,1,0,0,0,0,0,0,0,0
21,Male,63141,No,No,No,No,No,No,Yes,Yes,Yes,No,Yes,Yes,Yes,No,No,Yes,0,0,0,0,0,0,0,1,0,1,0,1,0,0,0,0,0,0,0,1
1,Female,199991,Yes,Yes,Yes,No,Yes,Yes,Yes,No,Yes,No,Yes,Yes,No,No,Yes,No,0,0,0,0,0,0,0,1,0,0,0,0,0,0,0,0,0,0,0,0
37,Female,363288,No,No,No,Yes,Yes,No,No,Yes,Yes,Yes,Yes,Yes,No,Yes,No,No,0,0,0,0,0,0,0,1,0,0,0,0,1,0,0,0,0,1,0,0
82,Male,90073,No,No,No,No,No,No,No,Yes,No,No,Yes,No,Yes,No,No,No,0,0,0,0,0,0,0,1,0,0,0,1,0,0,0,0,0,0,0,0
76,Female,59104,No,No,No,No,Yes,No,No,Yes,No,No,Yes,No,Yes,No,No,No,0,1,0,0,1,0,1,1,0,0,1,1,0,0,0,0,0,0,0,0
50,Female,143660,No,No,Yes,No,Yes,Yes,No,No,No,No,Yes,Yes,No,Yes,No,Yes,0,1,0,0,0,0,0,1,0,1,0,0,0,0,0,0,0,0,0,0
7,Male,61512,No,No,No,No,No,No,No,No,No,No,Yes,No,No,Yes,No,No,0,0,0,0,0,0,0,1,0,0,0,0,0,0,0,0,0,0,0,0
33,Male,142610,No,No,No,No,Yes,No,No,No,No,No,No,Yes,No,No,No,No,0,0,0,0,0,0,0,0,0,1,0,0,0,0,0,0,0,0,0,0
13,Male,420724,Yes,No,No,No,No,No,Yes,No,No,No,Yes,Yes,Yes,Yes,No,Yes,0,0,0,0,0,0,0,0,0,0,0,0,0,0,1,0,0,0,0,0
71,Female,260309,No,No,Yes,No,Yes,No,Yes,Yes,Yes,No,No,No,No,No,No,No,0,0,0,0,0,0,0,0,1,0,0,0,0,0,0,0,0,0,0,0
30,Male,303706,No,No,No,No,No,No,No,Yes,Yes,No,Yes,No,No,Yes,No,No,0,0,0,0,0,0,0,1,0,0,0,0,0,0,0,0,0,0,0,0
3,Female,427755,Yes,Yes,No,No,Yes,Yes,Yes,No,No,No,No,Yes,No,Yes,Yes,No,0,0,0,0,0,0,0,0,0,0,0,0,0,0,0,0,0,0,0,0
9,Female,204013,No,No,Yes,No,Yes,Yes,No,Yes,No,No,No,No,No,Yes,Yes,Yes,0,0,0,0,0,0,0,0,0,0,0,0,0,0,0,0,0,0,0,0
63,Female,448757,No,No,No,Yes,No,No,Yes,No,No,No,No,No,Yes,No,No,No,0,0,0,0,0,0,0,0,0,0,1,0,0,0,0,0,0,0,0,0
52,Male,329436,No,No,No,No,Yes,No,No,No,No,No,No,No,No,Yes,No,No,0,0,0,0,0,0,0,0,0,0,0,0,0,0,0,0,0,0,0,0
56,Female,498693,No,No,Yes,Yes,No,Yes,Yes,No,Yes,No,No,Yes,No,No,No,Yes,0,0,0,0,0,0,0,0,1,0,0,0,0,0,0,0,0,0,0,0
41,Male,352564,No,No,Yes,No,Yes,No,No,Yes,Yes,No,No,No,No,Yes,No,Yes,0,0,0,0,0,0,0,0,1,0,0,0,0,0,0,0,0,0,0,0
41,Male,286198,No,No,No,No,No,No,Yes,Yes,Yes,No,No,Yes,No,No,No,Yes,0,0,0,0,0,0,0,0,0,1,0,0,0,0,0,0,0,0,0,0
83,Male,372656,No,No,Yes,No,Yes,No,No,No,Yes,No,No,No,Yes,Yes,No,Yes,0,0,0,0,0,0,0,0,1,0,0,0,0,0,0,0,0,0,0,0
10,Male,245070,Yes,Yes,Yes,No,No,No,Yes,Yes,Yes,No,No,Yes,No,Yes,No,No,0,0,0,0,0,0,0,0,0,0,0,0,0,0,1,1,0,0,0,0
27,Female,256395,No,No,No,Yes,No,No,Yes,Yes,No,No,Yes,Yes,Yes,No,No,Yes,0,0,0,0,0,0,0,1,0,1,1,0,0,0,0,0,0,0,0,1
42,Female,466447,No,No,No,No,No,Yes,No,No,Yes,Yes,Yes,No,Yes,Yes,No,Yes,0,0,0,0,0,0,0,0,0,0,1,0,1,0,0,0,0,1,0,0
9,Female,84260,No,No,Yes,No,No,No,Yes,No,Yes,No,Yes,No,Yes,No,Yes,No,0,0,0,0,0,0,0,1,0,0,0,1,0,0,0,0,0,0,0,0
44,Male,256874,No,No,Yes,No,No,No,Yes,Yes,No,No,No,No,Yes,Yes,No,Yes,0,0,0,0,0,0,0,0,0,0,0,0,0,0,0,0,0,0,0,0
74,Male,137411,No,No,No,No,Yes,No,No,No,Yes,No,No,No,No,Yes,No,No,0,0,0,0,0,0,0,0,0,0,0,0,0,0,0,0,0,0,0,0
29,Female,148199,No,No,Yes,No,No,No,No,No,No,Yes,Yes,No,Yes,Yes,No,No,0,1,0,0,0,0,0,1,0,0,1,1,1,0,0,0,0,1,0,0
20,Female,144802,No,No,No,No,No,No,No,Yes,No,No,Yes,No,Yes,No,No,Yes,0,0,0,0,0,0,0,1,0,0,1,1,0,0,0,0,0,0,0,1
26,Male,202622,No,No,Yes,No,Yes,No,No,No,No,No,Yes,No,No,Yes,No,No,0,0,0,0,0,0,0,1,0,0,0,0,0,0,0,0,0,0,0,0
47,Male,69300,No,No,Yes,No,Yes,No,No,No,Yes,No,No,No,Yes,Yes,No,Yes,0,0,0,0,0,0,0,0,1,0,0,1,0,1,0,0,0,0,0,0
18,Female,82313,Yes,No,Yes,No,Yes,Yes,No,Yes,Yes,Yes,No,Yes,Yes,Yes,No,No,0,0,0,0,0,0,0,0,1,1,1,1,1,0,0,1,0,0,0,0
17,Male,259067,Yes,Yes,Yes,No,No,No,No,Yes,Yes,No,No,Yes,Yes,No,No,No,0,0,0,0,0,0,0,0,0,0,0,0,0,0,0,1,0,0,0,0
5,Female,123937,Yes,No,No,No,No,No,Yes,Yes,Yes,No,Yes,Yes,Yes,No,Yes,Yes,0,0,0,0,0,0,0,1,0,0,0,1,0,0,1,1,0,0,0,0
37,Female,199253,No,No,Yes,No,No,No,Yes,No,No,No,No,No,No,No,No,No,0,0,0,0,0,0,0,0,0,0,0,0,0,0,0,0,0,0,0,0
56,Female,244642,No,No,No,No,Yes,Yes,No,Yes,Yes,No,No,No,No,Yes,No,Yes,0,0,0,0,0,0,0,0,0,0,0,0,0,0,0,0,0,0,0,0
59,Female,414672,No,No,No,Yes,Yes,No,No,Yes,Yes,No,Yes,No,No,No,No,Yes,0,0,0,0,0,0,0,0,0,0,0,0,0,0,0,0,0,0,0,0
85,Female,342129,No,No,Yes,Yes,No,Yes,Yes,No,No,No,Yes,Yes,Yes,No,No,Yes,0,0,0,0,0,0,0,1,0,0,1,0,0,0,0,0,0,0,0,0
63,Female,34381,No,No,No,No,Yes,No,Yes,No,Yes,No,Yes,No,No,Yes,No,Yes,0,1,0,0,1,0,1,1,0,0,0,0,0,1,0,0,0,0,0,0
38,Male,64960,No,No,Yes,No,No,No,Yes,Yes,Yes,No,No,Yes,Yes,No,No,No,0,0,0,0,0,0,0,0,1,1,0,1,0,0,0,0,0,0,0,0
43,Female,446920,No,No,No,No,Yes,No,Yes,No,Yes,Yes,Yes,No,No,Yes,No,Yes,0,0,0,0,0,0,0,0,0,0,0,0,1,0,0,0,0,1,0,0
52,Female,114698,No,No,Yes,No,No,Yes,Yes,Yes,Yes,No,Yes,Yes,No,Yes,No,No,0,1,0,0,0,0,0,1,1,1,0,0,0,0,0,0,1,0,0,0
83,Female,359911,No,No,No,Yes,Yes,No,No,No,No,No,No,Yes,No,No,No,No,0,0,0,0,0,0,0,0,0,0,0,0,0,0,0,0,0,0,0,0
73,Male,374940,No,No,Yes,No,No,No,No,No,No,No,No,No,Yes,No,No,Yes,0,0,0,0,0,0,0,0,0,0,0,0,0,0,0,0,0,0,0,0
42,Male,237229,No,No,No,No,Yes,No,No,No,Yes,No,No,No,No,Yes,No,Yes,0,0,0,0,0,0,0,0,0,0,0,0,0,0,0,0,0,0,0,0
30,Male,372669,No,No,Yes,No,Yes,No,No,No,Yes,No,No,Yes,Yes,Yes,No,No,0,0,0,0,0,0,0,0,1,0,0,0,0,0,0,0,0,0,0,0
36,Female,218412,No,No,No,No,No,No,Yes,No,Yes,No,No,No,No,No,No,No,0,0,0,0,0,0,0,0,0,0,0,0,0,0,0,0,0,0,0,0
71,Male,323869,No,No,Yes,No,Yes,No,No,Yes,No,No,No,No,No,No,No,Yes,0,0,0,0,0,0,0,0,0,0,0,0,0,0,0,0,0,0,0,0
77,Female,443215,No,No,Yes,No,Yes,Yes,No,Yes,No,No,No,No,No,No,No,Yes,0,0,0,0,0,0,0,0,0,0,0,0,0,0,0,0,0,0,0,0
25,Male,330498,No,No,No,No,Yes,No,No,Yes,No,No,Yes,Yes,No,Yes,No,Yes,0,0,0,0,0,0,0,1,0,0,0,0,0,0,0,0,0,0,0,1
71,Female,348575,No,No,No,Yes,No,No,Yes,No,Yes,No,No,Yes,No,No,No,Yes,0,0,0,0,0,0,0,0,0,0,0,0,0,0,0,0,0,0,0,0
41,Female,356003,No,No,No,No,Yes,Yes,Yes,No,Yes,No,No,Yes,No,No,No,Yes,0,0,0,0,0,0,0,0,0,0,0,0,0,0,0,0,0,0,0,0
48,Female,70775,No,No,No,No,Yes,No,No,No,Yes,No,No,Yes,No,No,No,Yes,0,0,0,0,0,0,0,0,0,1,0,0,0,0,0,0,0,0,0,0
75,Male,226733,No,No,Yes,No,No,No,Yes,No,Yes,No,Yes,No,Yes,Yes,No,Yes,0,0,0,0,0,0,0,1,1,0,0,1,0,0,0,0,1,0,0,0
60,Male,78528,No,No,Yes,No,Yes,No,No,No,No,No,No,No,Yes,No,No,Yes,0,0,0,0,0,0,0,0,0,0,0,1,0,0,0,0,0,0,0,0
42,Male,86341,No,No,Yes,No,No,No,No,Yes,Yes,No,Yes,Yes,Yes,Yes,No,No,0,0,0,0,0,0,0,1,1,1,0,1,0,0,0,0,1,0,0,0
79,Female,105882,No,No,Yes,Yes,No,No,No,Yes,Yes,No,No,No,Yes,Yes,No,No,0,0,0,0,0,0,0,0,1,0,1,1,0,0,0,0,0,0,0,0
3,Male,271174,Yes,No,Yes,No,No,No,Yes,Yes,Yes,No,No,Yes,No,No,No,No,0,0,0,0,0,0,0,0,0,0,0,0,0,0,0,0,0,0,0,0
24,Female,245578,No,No,No,Yes,Yes,Yes,No,Yes,Yes,No,No,No,No,No,No,No,0,0,0,0,0,0,0,0,0,0,0,0,0,0,0,0,0,0,0,0
66,Female,38814,No,No,Yes,No,Yes,No,No,No,Yes,No,No,Yes,No,Yes,No,No,0,0,0,0,0,0,0,0,1,1,0,0,0,1,0,0,0,0,0,0
7,Female,133143,No,No,No,No,No,No,Yes,No,No,No,No,Yes,No,No,Yes,No,0,0,0,0,0,0,0,0,0,0,0,0,0,0,0,0,0,0,0,0
30,Male,64124,No,No,No,No,Yes,No,No,No,No,No,No,No,Yes,Yes,No,No,0,0,0,0,0,0,0,0,0,0,0,1,0,1,0,0,0,0,0,0
69,Female,74253,No,No,Yes,No,Yes,Yes,No,Yes,Yes,No,No,No,Yes,No,No,No,0,0,0,0,0,0,0,0,1,0,1,1,0,0,0,0,0,0,0,0
69,Female,389883,No,No,No,No,No,Yes,No,Yes,No,No,No,Yes,No,No,No,No,0,0,0,0,0,0,0,0,0,0,0,0,0,0,0,0,0,0,0,0
38,Female,126158,No,No,Yes,No,No,Yes,No,Yes,No,Yes,No,No,Yes,No,No,No,0,0,0,0,0,0,0,0,0,0,1,1,1,0,0,0,0,0,0,0
47,Male,139618,No,No,No,No,No,No,No,Yes,Yes,No,Yes,No,Yes,No,No,Yes,0,0,0,0,0,0,0,1,0,0,0,1,0,0,0,0,0,0,0,0
21,Male,371895,No,No,No,No,No,No,No,No,Yes,No,No,Yes,Yes,Yes,No,No,0,0,0,0,0,0,0,0,0,0,0,0,0,0,0,0,0,0,0,0
34,Male,408861,No,No,No,No,No,No,No,Yes,No,No,No,Yes,No,No,No,Yes,0,0,0,0,0,0,0,0,0,0,0,0,0,0,0,0,0,0,0,0
45,Male,191075,No,No,Yes,No,No,No,No,Yes,No,No,No,No,Yes,No,No,Yes,0,0,0,0,0,0,0,0,0,0,0,1,0,0,0,0,0,0,0,0
24,Male,376280,No,No,No,No,Yes,No,No,Yes,Yes,No,No,Yes,Yes,Yes,No,Yes,0,0,0,0,0,0,0,0,0,0,0,0,0,0,0,0,0,0,0,0
15,Male,10757,Yes,Yes,No,No,No,No,Yes,Yes,Yes,No,No,No,Yes,Yes,No,No,0,0,0,0,0,0,0,0,0,0,0,1,0,0,1,1,0,0,0,0
42,Female,163027,No,No,Yes,No,No,Yes,No,Yes,No,No,No,Yes,No,No,No,Yes,0,0,0,0,0,0,0,0,0,1,0,0,0,0,0,0,0,0,0,0
8,Male,75603,No,No,No,No,Yes,No,Yes,No,Yes,No,No,Yes,No,No,No,No,0,0,0,0,0,0,0,0,0,0,0,0,0,0,0,0,0,0,0,0
41,Female,22683,No,No,Yes,No,No,No,No,Yes,Yes,No,No,Yes,Yes,No,No,No,0,0,0,0,0,0,0,0,1,1,1,1,0,0,0,0,0,0,0,0
75,Female,58340,No,No,Yes,No,No,No,Yes,Yes,Yes,No,No,No,No,Yes,No,Yes,0,0,0,0,0,0,0,0,1,0,0,0,0,1,0,0,0,0,0,0
38,Male,413654,No,No,No,No,No,No,No,No,Yes,No,No,No,Yes,Yes,No,Yes,0,0,0,0,0,0,0,0,0,0,0,0,0,0,0,0,0,0,0,0
11,Female,53421,No,No,Yes,No,Yes,No,Yes,No,Yes,No,No,Yes,No,No,Yes,No,0,0,0,0,0,0,0,0,0,0,0,0,0,0,0,0,0,0,0,0
58,Female,119758,No,No,No,Yes,Yes,No,No,No,No,No,Yes,No,Yes,No,No,No,0,1,0,0,0,0,0,1,0,0,1,1,0,0,0,0,0,0,0,0
31,Male,305227,No,No,No,No,No,No,Yes,Yes,Yes,No,Yes,Yes,No,No,No,No,0,0,0,0,0,0,0,1,0,0,0,0,0,0,0,0,0,0,0,0
74,Male,494465,No,No,No,No,No,No,No,Yes,Yes,No,No,Yes,Yes,No,No,No,0,0,0,0,0,0,0,0,0,0,0,0,0,0,0,0,0,0,0,0
50,Female,411734,No,No,No,No,No,No,No,No,Yes,No,Yes,Yes,Yes,Yes,No,Yes,0,0,0,0,0,0,0,0,0,0,1,0,0,0,0,0,0,0,0,0
16,Female,450365,Yes,No,No,No,No,Yes,Yes,No,Yes,Yes,No,Yes,Yes,Yes,Yes,No,0,0,0,0,0,0,0,0,0,0,0,0,0,0,1,0,0,0,0,0
46,Male,57128,No,No,No,No,No,No,Yes,Yes,No,No,Yes,No,No,No,No,No,0,0,0,0,0,0,0,1,0,0,0,0,0,0,0,0,0,0,0,0
25,Male,261221,Yes,No,No,No,No,No,No,No,Yes,No,No,No,Yes,Yes,No,No,0,0,0,0,0,0,0,0,0,0,0,0,0,0,0,0,0,0,0,0
67,Male,455081,No,No,Yes,No,Yes,No,No,Yes,Yes,No,Yes,Yes,Yes,Yes,No,No,0,0,0,0,0,0,0,0,1,0,0,0,0,0,0,0,1,0,0,0
59,Male,162168,No,No,Yes,No,Yes,No,No,No,Yes,No,Yes,No,Yes,Yes,No,No,0,0,0,0,0,0,0,1,1,0,0,1,0,0,0,0,1,0,0,0
71,Male,131837,No,No,No,No,No,No,No,No,Yes,No,No,No,No,No,No,Yes,0,0,0,0,0,0,0,0,0,0,0,0,0,0,0,0,0,0,0,0
16,Female,364347,No,No,Yes,No,Yes,No,Yes,No,No,Yes,Yes,No,No,Yes,Yes,No,0,0,0,0,0,0,0,1,0,0,0,0,0,0,0,0,0,0,0,0
51,Male,70427,No,No,Yes,No,Yes,No,No,No,Yes,No,No,No,No,Yes,No,No,0,0,0,0,0,0,0,0,1,0,0,0,0,1,0,0,0,0,0,0
19,Male,121005,Yes,Yes,Yes,No,Yes,No,No,Yes,Yes,No,Yes,No,No,Yes,No,Yes,0,0,1,0,0,0,0,1,1,0,0,0,0,0,0,1,1,0,0,1
52,Male,466568,No,No,No,No,Yes,No,Yes,No,No,No,No,Yes,Yes,Yes,No,Yes,0,0,0,0,0,0,0,0,0,0,0,0,0,0,0,0,0,0,0,0
19,Female,472673,No,No,No,Yes,Yes,Yes,No,Yes,Yes,No,Yes,Yes,No,Yes,No,Yes,0,0,0,0,0,0,0,0,0,0,0,0,0,0,0,0,0,0,0,1
41,Female,18979,No,No,Yes,Yes,Yes,No,Yes,No,Yes,No,No,Yes,No,Yes,No,Yes,0,0,0,0,0,0,0,0,1,1,0,0,0,1,0,0,0,0,0,0
54,Female,255365,No,No,No,No,Yes,No,No,No,No,No,Yes,No,Yes,Yes,No,No,0,0,0,0,0,0,0,1,0,0,1,0,0,0,0,0,0,0,0,0
54,Female,75300,No,No,Yes,Yes,Yes,Yes,Yes,Yes,No,No,No,Yes,No,Yes,No,No,0,0,0,0,0,0,0,0,0,1,0,0,0,0,0,0,0,0,0,0
74,Male,451975,No,No,No,No,No,No,Yes,Yes,No,No,No,Yes,Yes,No,No,No,0,0,0,0,0,0,0,0,0,0,0,0,0,0,0,0,0,0,0,0
18,Female,352090,No,No,Yes,No,No,No,No,Yes,No,Yes,No,Yes,No,No,No,Yes,0,0,0,0,0,0,0,0,0,0,0,0,1,0,0,0,0,0,0,0
10,Female,189987,Yes,Yes,Yes,No,Yes,Yes,No,No,No,No,No,Yes,Yes,Yes,Yes,No,0,0,0,0,0,0,0,0,0,0,0,1,0,0,0,0,0,0,0,0
35,Male,469295,No,No,Yes,No,Yes,No,No,Yes,No,No,No,No,No,No,No,No,0,0,0,0,0,0,0,0,0,0,0,0,0,0,0,0,0,0,0,0
8,Male,78908,No,No,No,No,Yes,No,No,No,No,No,No,Yes,Yes,Yes,No,No,0,0,0,0,0,0,0,0,0,0,0,1,0,0,0,0,0,0,0,0
85,Female,297924,No,No,No,No,Yes,No,No,No,No,No,No,No,Yes,Yes,No,Yes,0,0,0,0,0,0,0,0,0,0,1,0,0,0,0,0,0,0,0,0
64,Male,16731,No,No,No,No,Yes,No,Yes,Yes,Yes,No,Yes,Yes,Yes,Yes,No,No,0,0,0,0,1,0,1,1,0,1,0,1,0,1,0,0,0,0,0,0
76,Male,271788,No,No,No,No,No,No,Yes,Yes,No,No,Yes,Yes,No,Yes,No,Yes,0,0,0,0,0,0,0,1,0,1,0,0,0,0,0,0,0,0,0,0
71,Male,261374,No,No,No,No,No,No,No,No,Yes,No,Yes,Yes,No,No,No,No,0,0,0,0,0,0,0,1,0,1,0,0,0,0,0,0,0,0,0,0
39,Female,400816,No,No,Yes,Yes,No,Yes,No,No,Yes,Yes,Yes,No,No,Yes,No,No,0,0,0,0,0,0,0,0,1,0,0,0,1,0,0,0,1,1,0,0
21,Male,368336,Yes,Yes,Yes,No,No,No,No,No,No,No,No,Yes,No,No,No,No,0,0,0,0,0,0,0,0,0,0,0,0,0,0,0,0,0,0,0,0
41,Female,347570,No,No,No,No,No,No,No,Yes,No,No,No,Yes,Yes,Yes,No,No,0,0,0,0,0,0,0,0,0,0,1,0,0,0,0,0,0,0,0,0
48,Male,119301,No,No,Yes,No,No,No,Yes,No,No,No,No,No,No,No,No,Yes,0,0,0,0,0,0,0,0,0,0,0,0,0,0,0,0,0,0,0,0
36,Female,405803,No,No,Yes,Yes,Yes,No,Yes,No,Yes,No,No,No,Yes,Yes,No,Yes,0,0,0,0,0,0,0,0,1,0,1,0,0,0,0,0,0,0,0,0
18,Female,135290,No,No,Yes,Yes,No,No,No,No,No,Yes,No,No,Yes,No,No,No,0,0,0,0,0,0,0,0,0,0,1,1,1,0,0,0,0,0,0,0
28,Female,458684,No,No,No,No,No,No,No,No,Yes,Yes,Yes,Yes,No,Yes,No,Yes,0,0,0,0,0,0,0,0,0,0,0,0,1,0,0,0,0,1,0,1
16,Male,63987,No,No,No,No,No,No,No,Yes,No,No,No,Yes,Yes,Yes,No,Yes,0,0,0,0,0,0,0,0,0,0,0,1,0,0,0,0,0,0,0,0
3,Female,89886,Yes,No,No,No,Yes,Yes,No,Yes,No,No,No,No,Yes,Yes,Yes,Yes,0,0,0,0,0,0,0,0,0,0,0,1,0,0,0,0,0,0,0,0
75,Female,140075,No,No,Yes,No,Yes,Yes,No,No,Yes,No,Yes,No,Yes,No,No,No,0,1,0,0,0,0,0,1,1,0,1,1,0,0,0,0,1,0,0,0
37,Female,114965,No,No,Yes,No,No,Yes,Yes,Yes,No,No,No,Yes,Yes,Yes,No,No,0,0,0,0,0,0,0,0,0,1,1,1,0,0,0,0,0,0,0,0
36,Female,482244,No,No,No,Yes,Yes,Yes,Yes,No,No,Yes,Yes,No,No,No,No,No,0,0,0,0,0,0,0,0,0,0,0,0,1,0,0,0,0,1,0,0
27,Female,426935,No,No,No,Yes,Yes,No,No,Yes,No,No,No,No,No,Yes,No,Yes,0,0,0,0,0,0,0,0,0,0,0,0,0,0,0,0,0,0,0,0
30,Male,462725,No,No,Yes,No,No,No,No,No,No,No,Yes,No,No,Yes,No,No,0,0,0,0,0,0,0,0,0,0,0,0,0,0,0,0,0,0,0,0
31,Male,233398,No,No,No,No,No,No,Yes,No,Yes,No,No,Yes,Yes,No,No,No,0,0,0,0,0,0,0,0,0,1,0,1,0,0,0,0,0,0,0,0
33,Female,380156,No,No,No,No,No,Yes,Yes,Yes,No,No,Yes,No,Yes,Yes,No,No,0,0,0,0,0,0,0,1,0,0,1,0,0,0,0,0,0,0,0,0
62,Female,371333,No,No,No,No,No,No,Yes,Yes,Yes,No,No,Yes,Yes,No,No,No,0,0,0,0,0,0,0,0,0,0,1,0,0,0,0,0,0,0,0,0
59,Male,196371,No,No,No,No,Yes,No,No,No,No,No,Yes,Yes,No,Yes,No,Yes,0,0,0,0,0,0,0,1,0,1,0,0,0,0,0,0,0,0,0,0
26,Female,116572,No,No,No,No,Yes,No,No,Yes,No,No,Yes,No,Yes,No,No,Yes,0,1,0,0,0,0,0,1,0,0,1,1,0,0,0,0,0,0,0,1
12,Female,45960,No,No,No,No,Yes,No,No,No,No,No,Yes,Yes,No,Yes,Yes,No,0,0,0,0,0,0,0,1,0,0,0,0,0,0,0,0,0,0,1,0
60,Male,190668,No,No,No,No,Yes,No,No,Yes,No,No,Yes,Yes,Yes,Yes,No,No,0,0,0,0,0,0,0,1,0,1,0,1,0,0,0,0,0,0,0,0
24,Male,318846,Yes,Yes,Yes,No,Yes,No,Yes,Yes,Yes,No,Yes,Yes,Yes,Yes,No,No,0,0,1,0,0,0,0,1,1,0,0,0,0,0,1,1,1,0,0,0
27,Female,337359,No,No,Yes,No,Yes,No,No,No,No,Yes,No,No,Yes,No,No,No,0,0,0,0,0,0,0,0,0,0,1,0,1,0,0,0,0,0,0,0
29,Female,176814,No,No,Yes,No,Yes,No,Yes,Yes,No,No,No,No,Yes,No,No,Yes,0,0,0,0,0,0,0,0,0,0,1,1,0,0,0,0,0,0,0,0
3,Male,183897,No,No,Yes,No,Yes,No,No,Yes,Yes,No,No,No,Yes,Yes,No,Yes,0,0,0,0,0,0,0,0,0,0,0,1,0,0,0,0,0,0,0,0
47,Female,430973,No,No,Yes,Yes,No,Yes,Yes,No,No,No,Yes,No,Yes,Yes,No,Yes,0,0,0,0,0,0,0,0,0,0,1,0,0,0,0,0,0,0,0,0
42,Female,131043,No,No,No,Yes,Yes,No,No,No,No,Yes,No,No,Yes,No,No,No,0,0,0,0,0,0,0,0,0,0,1,1,1,0,0,0,0,0,0,0
31,Female,146943,No,No,Yes,Yes,No,Yes,Yes,No,Yes,No,No,No,No,No,No,Yes,0,0,0,0,0,0,0,0,1,0,0,0,0,0,0,0,0,0,0,0
50,Male,115978,No,No,Yes,No,No,No,Yes,Yes,Yes,No,No,No,No,Yes,No,Yes,0,0,0,0,0,0,0,0,1,0,0,0,0,0,0,0,0,0,0,0
56,Male,148784,No,No,Yes,No,Yes,No,No,No,No,No,Yes,Yes,No,Yes,No,Yes,0,0,0,0,0,0,0,1,0,1,0,0,0,0,0,0,0,0,0,0
48,Male,259449,No,No,No,No,Yes,No,No,Yes,No,No,Yes,Yes,No,Yes,No,Yes,0,0,0,0,0,0,0,1,0,1,0,0,0,0,0,0,0,0,0,0
82,Male,481603,No,No,No,No,Yes,No,Yes,No,Yes,No,Yes,No,Yes,Yes,No,Yes,0,0,0,0,0,0,0,0,0,0,0,0,0,0,0,0,0,0,0,0
78,Male,304234,No,No,No,No,Yes,No,No,No,Yes,No,Yes,No,No,Yes,No,No,0,0,0,0,0,0,0,1,0,0,0,0,0,0,0,0,0,0,0,0
77,Female,183953,No,No,No,No,Yes,No,Yes,Yes,Yes,No,Yes,No,Yes,No,No,No,0,1,0,0,0,0,0,1,0,0,1,1,0,0,0,0,0,0,0,0
11,Male,406067,Yes,Yes,No,No,Yes,No,Yes,No,Yes,No,No,No,No,Yes,No,Yes,0,0,0,0,0,0,0,0,0,0,0,0,0,0,1,0,0,0,0,0
2,Male,167127,No,No,Yes,No,Yes,No,Yes,Yes,No,No,No,No,Yes,Yes,No,Yes,0,0,0,0,0,0,0,0,0,0,0,1,0,0,0,0,0,0,0,0
76,Male,223490,No,No,Yes,No,No,No,Yes,Yes,Yes,No,Yes,Yes,Yes,No,No,No,0,0,0,0,0,0,0,1,1,1,0,1,0,0,0,0,1,0,0,0
85,Male,293520,No,No,Yes,No,No,No,Yes,Yes,No,No,Yes,Yes,No,Yes,No,No,0,0,0,0,0,0,0,1,0,1,0,0,0,0,0,0,0,0,0,0
79,Male,266184,No,No,Yes,No,No,No,Yes,No,No,No,No,No,Yes,No,No,Yes,0,0,0,0,0,0,0,0,0,0,0,0,0,0,0,0,0,0,0,0
34,Female,97614,No,No,No,Yes,No,No,No,Yes,No,No,Yes,No,Yes,Yes,No,Yes,0,1,0,0,0,0,0,1,0,0,1,1,0,0,0,0,0,0,0,0
76,Male,166042,No,No,Yes,No,Yes,No,No,No,Yes,No,Yes,Yes,Yes,No,No,No,0,0,0,0,0,0,0,1,1,1,0,1,0,0,0,0,1,0,0,0
22,Male,90693,Yes,Yes,No,No,No,No,No,Yes,Yes,No,No,Yes,No,Yes,No,No,0,0,0,0,0,0,0,0,0,1,0,0,0,0,0,1,0,0,0,0
32,Male,316677,No,No,No,No,No,No,No,Yes,No,No,Yes,No,Yes,Yes,No,No,0,0,0,0,0,0,0,1,0,0,0,0,0,0,0,0,0,0,0,0
20,Male,330666,Yes,Yes,No,No,Yes,No,No,No,No,No,No,Yes,Yes,Yes,No,No,0,0,0,0,0,0,0,0,0,0,0,0,0,0,0,0,0,0,0,0
51,Male,57829,No,No,No,No,Yes,No,Yes,Yes,Yes,No,No,Yes,Yes,Yes,No,Yes,0,0,0,0,0,0,0,0,0,1,0,1,0,1,0,0,0,0,0,0
21,Male,120102,Yes,No,Yes,No,No,No,Yes,No,No,No,No,Yes,Yes,No,No,Yes,0,0,0,0,0,0,0,0,0,1,0,1,0,0,1,0,0,0,0,0
39,Male,82831,No,No,Yes,No,No,No,No,Yes,Yes,No,Yes,No,Yes,Yes,No,No,0,0,0,0,0,0,0,1,1,0,0,1,0,0,0,0,1,0,0,0
65,Male,216817,No,No,Yes,No,No,No,Yes,No,Yes,No,Yes,Yes,No,No,No,Yes,0,0,0,0,0,0,0,1,1,1,0,0,0,0,0,0,1,0,0,0
25,Male,23409,Yes,No,Yes,No,No,No,Yes,No,No,No,Yes,Yes,No,No,No,No,0,0,0,0,0,0,0,1,0,1,0,0,0,0,1,0,0,0,0,0
71,Male,377175,No,No,No,No,No,No,No,No,No,No,Yes,No,Yes,Yes,No,No,0,0,0,0,0,0,0,1,0,0,0,0,0,0,0,0,0,0,0,0
22,Female,185329,Yes,No,No,Yes,Yes,Yes,No,Yes,No,No,No,Yes,No,No,No,Yes,0,0,0,0,0,0,0,0,0,1,0,0,0,0,0,1,0,0,0,0
65,Female,318917,No,No,No,Yes,Yes,Yes,Yes,Yes,Yes,No,No,Yes,Yes,No,No,Yes,0,0,0,0,0,0,0,0,0,0,1,0,0,0,0,0,0,0,0,0
84,Male,71663,No,No,No,No,No,No,No,No,Yes,No,Yes,Yes,Yes,Yes,No,Yes,0,0,0,0,1,0,0,1,0,1,0,1,0,1,0,0,0,0,0,0
80,Female,228620,No,No,Yes,Yes,No,Yes,No,Yes,Yes,No,No,Yes,No,No,No,Yes,0,0,0,0,0,0,0,0,1,1,0,0,0,0,0,0,0,0,0,0
10,Female,392923,No,No,No,No,Yes,No,Yes,No,Yes,No,No,Yes,No,Yes,Yes,Yes,0,0,0,0,0,0,0,0,0,0,0,0,0,0,0,0,0,0,0,0
3,Female,297346,Yes,No,Yes,No,Yes,No,No,Yes,Yes,No,No,Yes,No,Yes,Yes,No,0,0,0,0,0,0,0,0,0,0,0,0,0,0,0,0,0,0,0,0
83,Female,17513,No,No,No,No,No,No,Yes,Yes,Yes,No,Yes,Yes,Yes,No,No,Yes,0,1,0,0,1,0,0,1,0,1,1,1,0,0,0,0,0,0,0,0
70,Female,280745,No,No,Yes,No,No,No,No,Yes,No,No,Yes,Yes,No,No,No,No,0,0,0,0,0,0,0,1,0,1,0,0,0,0,0,0,0,0,0,0
5,Female,326397,Yes,Yes,No,No,Yes,Yes,No,No,No,No,No,Yes,No,No,Yes,No,0,0,0,0,0,0,0,0,0,0,0,0,0,0,0,0,0,0,0,0
69,Female,130637,No,No,No,No,No,Yes,Yes,No,No,No,Yes,No,No,Yes,No,Yes,0,1,0,0,0,0,0,1,0,0,0,0,0,0,0,0,0,0,0,0
77,Female,271772,No,No,No,No,No,No,Yes,Yes,Yes,No,Yes,Yes,Yes,Yes,No,Yes,0,0,0,0,0,0,0,1,0,1,1,0,0,0,0,0,0,0,0,0
46,Male,427486,No,No,Yes,No,Yes,No,No,No,Yes,No,No,Yes,Yes,No,No,Yes,0,0,0,0,0,0,0,0,1,0,0,0,0,0,0,0,0,0,0,0
5,Male,36970,No,No,Yes,No,No,No,Yes,Yes,No,No,No,Yes,No,Yes,No,Yes,0,0,0,0,0,0,0,0,0,0,0,0,0,0,0,0,0,0,0,0
10,Female,306473,No,No,No,No,Yes,Yes,Yes,No,No,No,Yes,Yes,Yes,Yes,Yes,Yes,0,0,0,0,0,0,0,1,0,0,0,0,0,0,0,0,0,0,0,0
43,Male,380776,No,No,No,No,No,No,No,No,No,No,No,Yes,Yes,Yes,No,Yes,0,0,0,0,0,0,0,0,0,0,0,0,0,0,0,0,0,0,0,0
41,Female,85684,No,No,No,Yes,No,Yes,No,No,No,Yes,Yes,Yes,Yes,No,No,No,0,1,0,0,0,0,0,1,0,1,1,1,1,0,0,0,0,1,0,0
79,Female,433503,No,No,Yes,No,Yes,Yes,Yes,No,No,No,Yes,Yes,Yes,No,No,No,0,0,0,0,0,0,0,0,0,0,1,0,0,0,0,0,0,0,0,0
6,Female,484255,No,No,Yes,No,No,Yes,Yes,No,No,No,No,No,No,No,Yes,No,0,0,0,0,0,0,0,0,0,0,0,0,0,0,0,0,0,0,0,0
58,Female,127618,No,No,No,Yes,Yes,Yes,Yes,No,Yes,No,Yes,No,No,No,No,No,0,1,0,0,0,0,0,1,0,0,0,0,0,0,0,0,0,0,0,0
29,Female,457927,No,No,No,Yes,Yes,Yes,No,No,No,No,No,Yes,Yes,No,No,Yes,0,0,0,0,0,0,0,0,0,0,1,0,0,0,0,0,0,0,0,0
39,Female,53760,No,No,Yes,Yes,Yes,No,Yes,No,Yes,Yes,No,No,No,No,No,No,0,0,0,0,0,0,0,0,1,0,0,0,1,0,0,0,0,0,0,0
79,Male,192106,No,No,No,No,No,No,No,No,Yes,No,Yes,No,No,No,No,Yes,0,0,0,0,0,0,0,1,0,0,0,0,0,0,0,0,0,0,0,0
31,Female,130507,No,No,Yes,Yes,Yes,Yes,No,No,No,No,Yes,No,Yes,Yes,No,Yes,0,1,0,0,0,0,0,1,0,0,1,1,0,0,0,0,0,0,0,0
41,Female,262555,No,No,No,Yes,No,Yes,Yes,No,Yes,Yes,Yes,No,No,No,No,Yes,0,0,0,0,0,0,0,1,0,0,0,0,1,0,0,0,0,1,0,0
16,Female,229989,No,No,Yes,No,No,Yes,Yes,No,Yes,Yes,Yes,No,Yes,Yes,Yes,Yes,0,0,0,0,0,0,0,1,0,0,0,1,0,0,0,0,0,0,0,0
16,Female,41127,No,No,No,No,No,No,No,No,No,Yes,Yes,Yes,Yes,No,Yes,Yes,0,0,0,0,0,0,0,1,0,0,0,1,0,0,0,0,0,0,1,0
75,Male,47187,No,No,Yes,No,Yes,No,Yes,Yes,Yes,No,Yes,Yes,No,Yes,No,No,0,0,0,0,1,0,1,1,1,1,0,0,0,1,0,0,1,0,0,0
13,Male,247365,No,No,Yes,No,Yes,No,No,No,No,No,Yes,Yes,No,Yes,No,No,0,0,0,0,0,0,0,1,0,0,0,0,0,0,0,0,0,0,0,0
37,Male,361054,No,No,Yes,No,No,No,Yes,Yes,Yes,No,Yes,No,No,Yes,No,No,0,0,0,0,0,0,0,1,1,0,0,0,0,0,0,0,1,0,0,0
34,Male,431394,No,No,Yes,No,Yes,No,Yes,Yes,Yes,No,Yes,Yes,No,No,No,Yes,0,0,0,0,0,0,0,0,1,0,0,0,0,0,0,0,1,0,0,0
58,Male,372544,No,No,Yes,No,Yes,No,No,No,Yes,No,Yes,No,Yes,No,No,Yes,0,0,0,0,0,0,0,1,1,0,0,0,0,0,0,0,1,0,0,0
43,Male,42770,No,No,Yes,No,No,No,Yes,Yes,No,No,No,No,No,Yes,No,Yes,0,0,0,0,0,0,0,0,0,0,0,0,0,1,0,0,0,0,0,0
65,Female,145754,No,No,Yes,No,No,Yes,Yes,No,No,No,Yes,No,Yes,No,No,No,0,1,0,0,0,0,0,1,0,0,1,1,0,0,0,0,0,0,0,0
14,Female,308491,Yes,No,No,No,No,No,No,No,Yes,No,No,No,No,No,Yes,No,0,0,0,0,0,0,0,0,0,0,0,0,0,0,0,0,0,0,0,0
10,Female,466969,No,No,Yes,No,No,No,No,No,No,No,Yes,Yes,Yes,No,Yes,No,0,0,0,0,0,0,0,0,0,0,0,0,0,0,0,0,0,0,0,0
28,Female,74311,No,No,Yes,Yes,No,No,No,Yes,No,No,No,No,Yes,Yes,No,No,0,0,0,0,0,0,0,0,0,0,1,1,0,1,0,0,0,0,0,0
8,Male,107412,Yes,No,No,No,Yes,No,Yes,Yes,No,No,No,Yes,Yes,Yes,No,No,0,0,0,0,0,0,0,0,0,0,0,1,0,0,1,1,0,0,0,0
55,Female,57640,No,No,Yes,No,No,Yes,No,No,Yes,No,Yes,No,Yes,No,No,Yes,0,1,0,0,0,0,0,1,1,0,1,1,0,0,0,0,1,0,0,0
27,Male,331196,No,No,Yes,No,Yes,No,Yes,No,No,No,Yes,No,No,Yes,No,Yes,0,0,0,0,0,0,0,1,0,0,0,0,0,0,0,0,0,0,0,1
71,Female,375185,No,No,No,Yes,No,Yes,No,No,Yes,No,Yes,Yes,Yes,No,No,No,0,0,0,0,0,0,0,1,0,0,1,0,0,0,0,0,0,0,0,0
57,Female,365218,No,No,Yes,Yes,Yes,No,No,Yes,No,No,Yes,Yes,Yes,No,No,Yes,0,0,0,0,0,0,0,1,0,0,1,0,0,0,0,0,0,0,0,0
4,Male,178686,Yes,Yes,Yes,No,Yes,No,Yes,No,Yes,No,Yes,No,Yes,No,No,Yes,0,0,0,0,0,0,0,1,0,0,0,1,0,0,0,0,0,0,0,0
54,Male,420396,No,No,Yes,No,Yes,No,Yes,No,No,No,No,Yes,No,No,No,Yes,0,0,0,0,0,0,0,0,0,0,0,0,0,0,0,0,0,0,0,0
37,Female,296600,No,No,No,No,No,No,Yes,No,No,Yes,Yes,No,Yes,No,No,No,0,0,0,0,0,0,0,1,0,0,1,0,1,0,0,0,0,1,0,0
14,Female,94415,Yes,Yes,Yes,No,Yes,No,No,Yes,Yes,No,Yes,No,No,Yes,Yes,Yes,0,0,0,1,0,0,0,1,0,0,0,0,0,0,0,1,0,0,0,0
60,Female,114900,No,No,No,Yes,Yes,Yes,No,No,No,No,No,No,No,No,No,Yes,0,0,0,0,0,0,0,0,0,0,0,0,0,0,0,0,0,0,0,0
56,Female,34587,No,No,Yes,Yes,Yes,No,Yes,Yes,Yes,No,Yes,Yes,No,Yes,No,No,0,1,0,0,0,1,1,1,1,1,0,0,0,1,0,0,1,0,0,0
22,Male,443426,No,No,Yes,No,Yes,No,Yes,Yes,No,No,Yes,Yes,Yes,Yes,No,No,0,0,0,0,0,0,0,0,0,0,0,0,0,0,0,0,0,0,0,0
31,Female,156701,No,No,No,No,No,Yes,Yes,Yes,Yes,No,Yes,Yes,No,Yes,No,Yes,0,1,0,0,0,0,0,1,0,1,0,0,0,0,0,0,0,0,0,0
4,Female,23153,No,No,Yes,No,Yes,Yes,Yes,No,Yes,No,Yes,No,No,No,Yes,No,0,0,0,0,0,0,0,1,0,0,0,0,0,0,0,0,0,0,1,0
77,Female,475897,No,No,No,Yes,Yes,Yes,Yes,No,Yes,No,No,No,Yes,Yes,No,Yes,0,0,0,0,0,0,0,0,0,0,1,0,0,0,0,0,0,0,0,0
69,Female,239527,No,No,No,Yes,No,No,Yes,No,No,No,Yes,Yes,Yes,No,No,Yes,0,1,0,0,0,0,0,1,0,1,1,1,0,0,0,0,0,0,0,0
46,Male,92759,No,No,No,No,Yes,No,No,Yes,Yes,No,No,No,Yes,No,No,Yes,0,0,0,0,0,0,0,0,0,0,0,1,0,0,0,0,0,0,0,0
42,Female,485373,No,No,Yes,No,Yes,No,No,No,Yes,No,Yes,No,No,Yes,No,No,0,0,0,0,0,0,0,0,1,0,0,0,0,0,0,0,1,0,0,0
3,Male,448398,No,No,Yes,No,No,No,No,No,No,No,Yes,No,Yes,No,No,Yes,0,0,0,0,0,0,0,0,0,0,0,0,0,0,0,0,0,0,0,0
17,Male,23239,Yes,Yes,Yes,No,No,No,No,Yes,Yes,No,Yes,Yes,Yes,Yes,No,No,0,0,0,0,0,0,0,1,0,0,0,1,0,0,0,1,0,0,0,0
56,Male,360974,No,No,No,No,Yes,No,Yes,Yes,No,No,Yes,Yes,No,Yes,No,Yes,0,0,0,0,0,0,0,1,0,0,0,0,0,0,0,0,0,0,0,0
81,Female,258207,No,No,Yes,No,Yes,No,No,Yes,Yes,No,No,Yes,Yes,No,No,No,0,0,0,0,0,0,0,0,1,1,1,0,0,0,0,0,0,0,0,0
55,Male,381810,No,No,Yes,No,No,No,Yes,Yes,Yes,No,No,No,Yes,No,No,Yes,0,0,0,0,0,0,0,0,1,0,0,0,0,0,0,0,0,0,0,0
43,Female,456769,No,No,Yes,No,No,No,No,Yes,No,Yes,No,No,Yes,No,No,No,0,0,0,0,0,0,0,0,0,0,1,0,1,0,0,0,0,0,0,0
71,Male,105618,No,No,Yes,No,Yes,No,No,Yes,Yes,No,No,No,No,Yes,No,Yes,0,0,0,0,0,0,0,0,1,0,0,0,0,0,0,0,0,0,0,0
4,Male,426774,Yes,Yes,Yes,No,No,No,Yes,Yes,No,No,Yes,Yes,Yes,Yes,No,Yes,0,0,0,0,0,0,0,0,0,0,0,0,0,0,0,0,0,0,0,0
7,Female,486172,Yes,No,Yes,No,No,Yes,No,No,No,No,Yes,No,No,No,Yes,Yes,0,0,0,0,0,0,0,0,0,0,0,0,0,0,0,0,0,0,0,0
56,Male,337255,No,No,Yes,No,No,No,No,Yes,Yes,No,No,Yes,Yes,Yes,No,No,0,0,0,0,0,0,0,0,1,0,0,0,0,0,0,0,0,0,0,0
59,Male,422332,No,No,No,No,No,No,No,Yes,Yes,No,No,No,No,Yes,No,No,0,0,0,0,0,0,0,0,0,0,0,0,0,0,0,0,0,0,0,0
52,Male,367499,No,No,Yes,No,No,No,Yes,Yes,Yes,No,No,No,Yes,Yes,No,Yes,0,0,0,0,0,0,0,0,1,0,0,0,0,0,0,0,0,0,0,0
29,Male,302792,No,No,No,No,No,No,Yes,Yes,No,No,Yes,No,No,Yes,No,No,0,0,0,0,0,0,0,1,0,0,0,0,0,0,0,0,0,0,0,0
17,Female,64377,No,No,No,No,No,No,Yes,Yes,Yes,Yes,Yes,Yes,No,Yes,Yes,Yes,0,0,0,0,0,0,0,1,0,0,0,0,0,0,0,0,0,0,1,1
23,Male,135908,No,No,No,No,No,No,No,Yes,Yes,No,No,Yes,No,No,No,Yes,0,0,0,0,0,0,0,0,0,1,0,0,0,0,0,0,0,0,0,0
77,Male,112462,No,No,No,No,Yes,No,Yes,Yes,Yes,No,Yes,No,Yes,No,No,Yes,0,0,0,0,0,0,0,1,0,0,0,1,0,0,0,0,0,0,0,0
62,Male,16422,No,No,Yes,No,Yes,No,No,No,Yes,No,Yes,No,Yes,No,No,No,0,0,0,0,1,0,1,1,1,0,0,1,0,0,0,0,1,0,0,0
58,Female,490481,No,No,Yes,Yes,Yes,Yes,No,Yes,Yes,No,No,Yes,No,Yes,No,No,0,0,0,0,0,0,0,0,1,0,0,0,0,0,0,0,0,0,0,0
68,Female,61548,No,No,No,No,No,Yes,No,No,No,No,No,Yes,Yes,No,No,No,0,0,0,0,0,0,0,0,0,1,1,1,0,0,0,0,0,0,0,0
40,Male,288125,No,No,Yes,No,No,No,Yes,Yes,Yes,No,No,No,No,No,No,No,0,0,0,0,0,0,0,0,1,0,0,0,0,0,0,0,0,0,0,0
26,Female,429487,No,No,Yes,No,No,Yes,No,Yes,No,No,No,Yes,Yes,Yes,No,Yes,0,0,0,0,0,0,0,0,0,0,1,0,0,0,0,0,0,0,0,0
44,Male,181697,No,No,Yes,No,No,No,Yes,Yes,Yes,No,No,Yes,No,Yes,No,No,0,0,0,0,0,0,0,0,1,1,0,0,0,0,0,0,0,0,0,0
32,Female,353390,No,No,No,Yes,Yes,No,No,Yes,No,Yes,Yes,Yes,No,Yes,No,No,0,0,0,0,0,0,0,1,0,0,0,0,1,0,0,0,0,1,0,0
14,Female,445592,No,No,Yes,No,No,No,Yes,Yes,Yes,No,Yes,Yes,No,Yes,Yes,Yes,0,0,0,0,0,0,0,0,0,0,0,0,0,0,0,0,0,0,0,0
61,Male,357637,No,No,No,No,No,No,No,No,No,No,Yes,Yes,No,No,No,No,0,0,0,0,0,0,0,1,0,0,0,0,0,0,0,0,0,0,0,0
38,Female,290525,No,No,No,No,No,Yes,Yes,Yes,Yes,No,Yes,No,Yes,No,No,Yes,0,0,0,0,0,0,0,1,0,0,1,0,0,0,0,0,0,0,0,0
55,Female,154019,No,No,Yes,No,Yes,No,Yes,Yes,Yes,No,Yes,Yes,Yes,No,No,No,0,1,0,0,0,0,0,1,1,1,1,1,0,0,0,0,1,0,0,0
1,Female,31301,No,No,No,No,Yes,No,No,Yes,No,No,Yes,Yes,No,Yes,Yes,No,0,0,0,0,0,0,0,1,0,0,0,0,0,0,0,0,0,0,1,0
22,Male,302794,No,No,No,No,No,No,Yes,No,Yes,No,Yes,Yes,No,Yes,No,No,0,0,0,0,0,0,0,1,0,0,0,0,0,0,0,0,0,0,0,0
33,Male,57017,No,No,Yes,No,No,No,Yes,Yes,Yes,No,Yes,No,Yes,No,No,Yes,0,0,0,0,0,0,0,1,1,0,0,1,0,0,0,0,1,0,0,0
30,Female,56802,No,No,No,No,No,Yes,No,Yes,Yes,No,No,No,Yes,Yes,No,No,0,0,0,0,0,0,0,0,0,0,1,1,0,1,0,0,0,0,0,0
63,Female,443944,No,No,No,Yes,No,Yes,No,Yes,No,No,No,No,No,No,No,Yes,0,0,0,0,0,0,0,0,0,0,0,0,0,0,0,0,0,0,0,0
64,Male,421413,No,No,Yes,No,Yes,No,No,No,Yes,No,No,Yes,No,Yes,No,Yes,0,0,0,0,0,0,0,0,1,0,0,0,0,0,0,0,0,0,0,0
60,Female,323486,No,No,Yes,Yes,Yes,Yes,No,No,Yes,No,Yes,Yes,No,No,No,No,0,0,0,0,0,0,0,1,1,0,0,0,0,0,0,0,1,0,0,0
2,Female,71014,Yes,No,Yes,No,No,Yes,No,Yes,Yes,No,No,Yes,No,Yes,Yes,Yes,0,0,0,0,0,0,0,0,0,0,0,0,0,0,0,0,0,0,0,0
69,Female,318706,No,No,Yes,No,No,No,No,Yes,No,No,Yes,Yes,No,Yes,No,No,0,0,0,0,0,0,0,1,0,0,0,0,0,0,0,0,0,0,0,0
75,Male,313488,No,No,No,No,Yes,No,Yes,No,No,No,Yes,Yes,No,No,No,Yes,0,0,0,0,0,0,0,1,0,0,0,0,0,0,0,0,0,0,0,0
43,Female,60612,No,No,No,No,Yes,No,No,No,Yes,Yes,No,Yes,Yes,Yes,No,Yes,0,0,0,0,0,0,0,0,0,1,1,1,1,1,0,0,0,0,0,0
36,Female,363967,No,No,No,Yes,No,Yes,No,No,No,Yes,No,No,No,No,No,Yes,0,0,0,0,0,0,0,0,0,0,0,0,1,0,0,0,0,0,0,0
24,Male,232829,Yes,Yes,Yes,No,Yes,No,No,Yes,No,No,No,No,Yes,No,No,Yes,0,0,0,0,0,0,0,0,0,0,0,1,0,0,0,1,0,0,0,0
82,Female,342946,No,No,Yes,No,No,No,Yes,No,No,No,Yes,Yes,No,No,No,No,0,0,0,0,0,0,0,1,0,0,0,0,0,0,0,0,0,0,0,0
56,Male,303190,No,No,No,No,Yes,No,No,Yes,Yes,No,Yes,No,Yes,No,No,Yes,0,0,0,0,0,0,0,1,0,0,0,0,0,0,0,0,0,0,0,0
72,Male,314521,No,No,Yes,No,No,No,No,Yes,No,No,Yes,No,Yes,Yes,No,No,0,0,0,0,0,0,0,1,0,0,0,0,0,0,0,0,0,0,0,0
80,Female,319352,No,No,Yes,No,Yes,No,Yes,Yes,No,No,Yes,Yes,No,No,No,No,0,0,0,0,0,0,0,1,0,0,0,0,0,0,0,0,0,0,0,0
80,Female,469959,No,No,No,No,No,No,Yes,Yes,No,No,No,Yes,Yes,No,No,Yes,0,0,0,0,0,0,0,0,0,0,1,0,0,0,0,0,0,0,0,0
2,Female,135201,Yes,No,Yes,No,No,Yes,No,Yes,Yes,No,Yes,No,No,No,Yes,Yes,0,0,0,0,0,0,0,1,0,0,0,0,0,0,0,0,0,0,0,0
53,Female,198351,No,No,Yes,No,Yes,No,Yes,Yes,No,No,Yes,Yes,No,Yes,No,No,0,1,0,0,0,0,0,1,0,1,0,0,0,0,0,0,0,0,0,0
60,Female,322863,No,No,No,Yes,Yes,No,No,No,Yes,No,No,No,No,No,No,Yes,0,0,0,0,0,0,0,0,0,0,0,0,0,0,0,0,0,0,0,0
53,Female,67597,No,No,No,No,No,Yes,Yes,Yes,Yes,No,No,No,No,Yes,No,No,0,0,0,0,0,0,0,0,0,0,0,0,0,1,0,0,0,0,0,0
78,Female,243129,No,No,Yes,Yes,No,Yes,Yes,Yes,Yes,No,Yes,Yes,No,No,No,No,0,1,0,0,0,0,0,1,1,1,0,0,0,0,0,0,1,0,0,0
28,Male,468126,No,No,No,No,No,No,Yes,No,No,No,No,Yes,No,Yes,No,Yes,0,0,0,0,0,0,0,0,0,0,0,0,0,0,0,0,0,0,0,0
52,Male,20288,No,No,Yes,No,No,No,Yes,Yes,No,No,Yes,Yes,No,Yes,No,No,0,0,0,0,0,0,0,1,0,1,0,0,0,1,0,0,0,0,0,0
31,Female,413846,No,No,No,Yes,No,No,Yes,Yes,No,Yes,No,No,Yes,No,No,No,0,0,0,0,0,0,0,0,0,0,1,0,1,0,0,0,0,0,0,0
13,Female,284210,No,No,No,No,No,No,Yes,Yes,No,No,Yes,Yes,No,Yes,Yes,No,0,0,0,0,0,0,0,1,0,0,0,0,0,0,0,0,0,0,0,0
11,Female,408930,No,No,Yes,No,Yes,No,Yes,No,No,No,Yes,No,Yes,Yes,Yes,Yes,0,0,0,0,0,0,0,0,0,0,0,0,0,0,0,0,0,0,0,0
2,Male,312927,No,No,No,No,Yes,No,Yes,Yes,Yes,No,Yes,Yes,No,Yes,No,No,0,0,0,0,0,0,0,1,0,0,0,0,0,0,0,0,0,0,0,0
2,Female,328146,No,No,No,No,Yes,No,No,Yes,No,No,Yes,No,No,Yes,Yes,Yes,0,0,0,0,0,0,0,1,0,0,0,0,0,0,0,0,0,0,0,0
47,Female,455141,No,No,Yes,No,No,Yes,No,No,Yes,No,Yes,Yes,No,No,No,No,0,0,0,0,0,0,0,0,1,0,0,0,0,0,0,0,1,0,0,0
19,Female,273972,No,No,No,No,No,No,No,No,Yes,No,Yes,Yes,Yes,No,No,Yes,0,0,0,0,0,0,0,1,0,1,1,0,0,0,0,0,0,0,0,1
61,Female,231993,No,No,No,Yes,Yes,Yes,Yes,No,No,No,Yes,Yes,Yes,Yes,No,No,0,1,0,0,0,0,0,1,0,1,1,1,0,0,0,0,0,0,0,0
75,Female,244100,No,No,No,Yes,Yes,No,No,No,No,No,Yes,No,Yes,Yes,No,No,0,1,0,0,0,0,0,1,0,0,1,1,0,0,0,0,0,0,0,0
34,Male,258551,No,No,No,No,Yes,No,No,No,No,No,Yes,No,Yes,No,No,Yes,0,0,0,0,0,0,0,1,0,0,0,0,0,0,0,0,0,0,0,0
59,Male,215554,No,No,No,No,Yes,No,Yes,Yes,Yes,No,Yes,No,No,Yes,No,Yes,0,0,0,0,0,0,0,1,0,0,0,0,0,0,0,0,0,0,0,0
50,Female,284340,No,No,No,Yes,Yes,Yes,No,Yes,No,No,Yes,Yes,No,No,No,Yes,0,0,0,0,0,0,0,1,0,1,0,0,0,0,0,0,0,0,0,0
23,Female,140776,Yes,Yes,No,Yes,Yes,Yes,No,No,Yes,Yes,No,No,Yes,Yes,No,No,0,0,0,0,0,0,0,0,0,0,1,1,1,0,0,0,0,0,0,0
41,Female,471005,No,No,No,No,Yes,No,No,Yes,No,Yes,No,Yes,No,No,No,Yes,0,0,0,0,0,0,0,0,0,0,0,0,1,0,0,0,0,0,0,0
1,Female,349888,Yes,Yes,Yes,No,Yes,No,No,Yes,No,No,Yes,No,No,No,Yes,No,0,0,0,0,0,0,0,1,0,0,0,0,0,0,0,0,0,0,0,0
29,Female,251112,No,No,No,Yes,Yes,Yes,No,No,No,Yes,Yes,No,Yes,No,No,Yes,0,0,0,0,0,0,0,1,0,0,1,0,1,0,0,0,0,1,0,1
63,Female,225274,No,No,No,No,Yes,Yes,No,Yes,No,No,Yes,No,No,Yes,No,Yes,0,1,0,0,0,0,0,1,0,0,0,0,0,0,0,0,0,0,0,0
34,Male,388355,No,No,Yes,No,No,No,Yes,Yes,Yes,No,Yes,No,Yes,No,No,Yes,0,0,0,0,0,0,0,1,1,0,0,0,0,0,0,0,1,0,0,0
45,Female,399301,No,No,Yes,No,No,No,No,Yes,No,No,No,Yes,No,Yes,No,Yes,0,0,0,0,0,0,0,0,0,0,0,0,0,0,0,0,0,0,0,0
25,Male,363565,No,No,Yes,No,No,No,Yes,No,No,No,Yes,Yes,Yes,No,No,Yes,0,0,0,0,0,0,0,1,0,0,0,0,0,0,0,0,0,0,0,1
46,Female,273417,No,No,No,Yes,Yes,No,No,No,No,No,No,Yes,No,No,No,No,0,0,0,0,0,0,0,0,0,1,0,0,0,0,0,0,0,0,0,0
78,Male,110510,No,No,No,No,Yes,No,Yes,No,Yes,No,Yes,No,No,No,No,No,0,0,0,0,0,0,0,1,0,0,0,0,0,0,0,0,0,0,0,0
25,Female,152632,No,No,Yes,No,No,No,No,Yes,No,No,No,No,Yes,Yes,No,Yes,0,0,0,0,0,0,0,0,0,0,1,1,0,0,0,0,0,0,0,0
65,Male,74444,No,No,Yes,No,No,No,Yes,No,Yes,No,No,No,Yes,No,No,Yes,0,0,0,0,0,0,0,0,1,0,0,1,0,0,0,0,0,0,0,0
82,Female,450236,No,No,No,No,No,No,No,No,No,No,No,No,Yes,No,No,Yes,0,0,0,0,0,0,0,0,0,0,1,0,0,0,0,0,0,0,0,0
50,Female,479822,No,No,Yes,Yes,No,Yes,Yes,Yes,No,No,No,No,Yes,Yes,No,Yes,0,0,0,0,0,0,0,0,0,0,1,0,0,0,0,0,0,0,0,0
34,Female,444009,No,No,Yes,Yes,Yes,No,Yes,Yes,No,Yes,No,Yes,Yes,Yes,No,No,0,0,0,0,0,0,0,0,0,0,1,0,1,0,0,0,0,0,0,0
57,Female,414581,No,No,No,Yes,Yes,No,Yes,Yes,No,No,Yes,No,Yes,No,No,No,0,0,0,0,0,0,0,0,0,0,1,0,0,0,0,0,0,0,0,0
78,Female,414984,No,No,No,Yes,Yes,Yes,Yes,Yes,Yes,No,No,Yes,Yes,Yes,No,Yes,0,0,0,0,0,0,0,0,0,0,1,0,0,0,0,0,0,0,0,0
2,Male,390715,Yes,No,Yes,No,No,No,Yes,Yes,No,No,Yes,Yes,Yes,Yes,No,No,0,0,0,0,0,0,0,1,0,0,0,0,0,0,0,0,0,0,0,0
18,Female,356400,Yes,Yes,No,No,Yes,Yes,No,No,No,Yes,Yes,Yes,Yes,No,No,No,0,0,0,0,0,0,0,1,0,0,1,0,1,0,0,0,0,1,0,0
54,Female,387298,No,No,Yes,No,Yes,No,Yes,Yes,Yes,No,Yes,Yes,No,Yes,No,Yes,0,0,0,0,0,0,0,1,1,0,0,0,0,0,0,0,1,0,0,0
53,Male,362063,No,No,No,No,Yes,No,Yes,Yes,Yes,No,Yes,No,No,No,No,Yes,0,0,0,0,0,0,0,1,0,0,0,0,0,0,0,0,0,0,0,0
54,Female,443677,No,No,Yes,Yes,Yes,No,No,Yes,Yes,No,Yes,No,No,Yes,No,Yes,0,0,0,0,0,0,0,0,1,0,0,0,0,0,0,0,1,0,0,0
11,Male,135263,No,No,No,No,No,No,Yes,No,No,No,Yes,No,Yes,No,No,Yes,0,0,0,0,0,0,0,1,0,0,0,1,0,0,0,0,0,0,0,0
46,Female,468510,No,No,Yes,Yes,No,No,No,Yes,No,No,Yes,No,Yes,No,No,Yes,0,0,0,0,0,0,0,0,0,0,1,0,0,0,0,0,0,0,0,0
37,Male,15307,No,No,Yes,No,Yes,No,Yes,Yes,No,No,Yes,Yes,Yes,No,No,Yes,0,0,0,0,0,0,1,1,0,1,0,1,0,0,0,0,0,0,0,0
59,Male,446545,No,No,No,No,Yes,No,Yes,No,Yes,No,No,Yes,Yes,No,No,Yes,0,0,0,0,0,0,0,0,0,0,0,0,0,0,0,0,0,0,0,0
32,Male,306044,No,No,No,No,Yes,No,No,Yes,Yes,No,No,Yes,No,No,No,Yes,0,0,0,0,0,0,0,0,0,0,0,0,0,0,0,0,0,0,0,0
29,Female,288010,No,No,No,Yes,Yes,No,Yes,No,No,Yes,No,Yes,No,Yes,No,No,0,0,0,0,0,0,0,0,0,1,0,0,1,0,0,0,0,0,0,0
76,Male,423356,No,No,No,No,No,No,Yes,No,No,No,No,Yes,Yes,No,No,No,0,0,0,0,0,0,0,0,0,0,0,0,0,0,0,0,0,0,0,0
73,Male,472801,No,No,No,No,No,No,No,No,No,No,No,Yes,No,No,No,Yes,0,0,0,0,0,0,0,0,0,0,0,0,0,0,0,0,0,0,0,0
85,Male,135432,No,No,Yes,No,No,No,Yes,No,Yes,No,Yes,No,No,Yes,No,No,0,0,0,0,0,0,0,1,1,0,0,0,0,0,0,0,1,0,0,0
18,Female,181682,Yes,Yes,Yes,No,Yes,Yes,No,Yes,No,Yes,Yes,Yes,No,No,No,Yes,1,0,0,0,0,0,0,1,0,1,0,0,1,0,0,1,0,1,0,1
42,Male,313204,No,No,No,No,Yes,No,Yes,Yes,Yes,No,Yes,No,Yes,No,No,No,0,0,0,0,0,0,0,1,0,0,0,0,0,0,0,0,0,0,0,0
48,Female,207322,No,No,Yes,No,Yes,Yes,No,No,No,No,Yes,Yes,Yes,No,No,No,0,1,0,0,0,0,0,1,0,1,1,1,0,0,0,0,0,0,0,0
76,Male,421269,No,No,Yes,No,Yes,No,No,Yes,No,No,Yes,Yes,Yes,No,No,Yes,0,0,0,0,0,0,0,0,0,0,0,0,0,0,0,0,0,0,0,0
29,Male,412982,No,No,No,No,No,No,Yes,No,No,No,Yes,No,No,No,No,Yes,0,0,0,0,0,0,0,0,0,0,0,0,0,0,0,0,0,0,0,1
60,Female,166210,No,No,Yes,Yes,Yes,Yes,No,No,No,No,Yes,No,Yes,No,No,No,0,1,0,0,0,0,0,1,0,0,1,1,0,0,0,0,0,0,0,0
29,Female,91271,No,No,No,Yes,Yes,No,Yes,No,No,No,Yes,No,No,Yes,No,Yes,0,1,0,0,0,0,0,1,0,0,0,0,0,0,0,0,0,0,0,1
55,Female,361192,No,No,No,No,Yes,Yes,Yes,Yes,Yes,No,No,Yes,Yes,Yes,No,No,0,0,0,0,0,0,0,0,0,0,1,0,0,0,0,0,0,0,0,0
77,Female,97200,No,No,Yes,No,Yes,Yes,No,Yes,No,No,Yes,Yes,Yes,No,No,Yes,0,1,0,0,0,0,0,1,0,1,1,1,0,0,0,0,0,0,0,0
58,Male,295181,No,No,No,No,No,No,No,Yes,No,No,Yes,No,Yes,Yes,No,No,0,0,0,0,0,0,0,1,0,0,0,0,0,0,0,0,0,0,0,0
79,Female,471946,No,No,No,Yes,Yes,No,Yes,Yes,No,No,Yes,Yes,Yes,No,No,No,0,0,0,0,0,0,0,0,0,0,1,0,0,0,0,0,0,0,0,0
65,Male,497578,No,No,No,No,No,No,Yes,No,No,No,Yes,No,Yes,No,No,No,0,0,0,0,0,0,0,0,0,0,0,0,0,0,0,0,0,0,0,0
15,Male,36971,No,No,No,No,No,No,No,No,Yes,No,No,Yes,No,Yes,No,Yes,0,0,0,0,0,0,0,0,0,0,0,0,0,0,0,0,0,0,0,0
35,Male,115033,No,No,No,No,No,No,No,No,Yes,No,No,Yes,Yes,No,No,No,0,0,0,0,0,0,0,0,0,1,0,1,0,0,0,0,0,0,0,0
53,Male,134179,No,No,Yes,No,No,No,Yes,Yes,Yes,No,Yes,No,Yes,Yes,No,Yes,0,0,0,0,0,0,0,1,1,0,0,1,0,0,0,0,1,0,0,0
35,Male,417003,No,No,Yes,No,No,No,No,Yes,No,No,Yes,Yes,Yes,No,No,No,0,0,0,0,0,0,0,0,0,0,0,0,0,0,0,0,0,0,0,0
2,Male,32429,No,No,No,No,No,No,Yes,Yes,Yes,No,Yes,Yes,No,No,No,Yes,0,0,0,0,0,0,0,1,0,0,0,0,0,0,0,0,0,0,0,0
53,Female,158761,No,No,No,Yes,No,Yes,Yes,Yes,Yes,No,No,No,Yes,Yes,No,Yes,0,0,0,0,0,0,0,0,0,0,1,1,0,0,0,0,0,0,0,0
80,Female,170145,No,No,No,No,No,No,No,Yes,No,No,Yes,Yes,Yes,No,No,No,0,1,0,0,0,0,0,1,0,1,1,1,0,0,0,0,0,0,0,0
46,Female,203348,No,No,No,Yes,Yes,Yes,No,No,Yes,No,Yes,No,Yes,No,No,No,0,1,0,0,0,0,0,1,0,0,1,1,0,0,0,0,0,0,0,0
26,Male,400918,No,No,Yes,No,No,No,Yes,Yes,Yes,No,No,No,Yes,Yes,No,No,0,0,0,0,0,0,0,0,1,0,0,0,0,0,0,0,0,0,0,0
31,Female,157034,No,No,Yes,Yes,Yes,No,No,Yes,No,Yes,No,No,Yes,No,No,No,0,0,0,0,0,0,0,0,0,0,1,1,1,0,0,0,0,0,0,0
32,Male,308600,No,No,No,No,No,No,Yes,No,No,No,Yes,No,No,Yes,No,No,0,0,0,0,0,0,0,1,0,0,0,0,0,0,0,0,0,0,0,0
85,Female,344340,No,No,Yes,No,Yes,No,No,No,No,No,No,No,No,No,No,Yes,0,0,0,0,0,0,0,0,0,0,0,0,0,0,0,0,0,0,0,0
42,Male,198738,No,No,Yes,No,Yes,No,Yes,No,No,No,Yes,No,No,No,No,Yes,0,0,0,0,0,0,0,1,0,0,0,0,0,0,0,0,0,0,0,0
41,Female,420805,No,No,No,Yes,Yes,No,Yes,No,No,No,Yes,No,Yes,No,No,No,0,0,0,0,0,0,0,0,0,0,1,0,0,0,0,0,0,0,0,0
82,Female,307362,No,No,Yes,Yes,No,No,Yes,No,Yes,No,Yes,Yes,Yes,No,No,No,0,0,0,0,0,0,0,1,1,0,1,0,0,0,0,0,1,0,0,0
59,Female,444606,No,No,No,Yes,Yes,No,Yes,Yes,Yes,No,Yes,Yes,Yes,No,No,No,0,0,0,0,0,0,0,0,0,0,1,0,0,0,0,0,0,0,0,0
40,Male,411387,No,No,Yes,No,Yes,No,No,Yes,No,No,No,No,Yes,No,No,Yes,0,0,0,0,0,0,0,0,0,0,0,0,0,0,0,0,0,0,0,0
85,Female,462907,No,No,Yes,No,No,No,No,No,No,No,Yes,No,Yes,Yes,No,Yes,0,0,0,0,0,0,0,0,0,0,1,0,0,0,0,0,0,0,0,0
27,Male,438096,No,No,Yes,No,Yes,No,Yes,Yes,Yes,No,No,No,No,No,No,Yes,0,0,0,0,0,0,0,0,1,0,0,0,0,0,0,0,0,0,0,0
51,Male,373403,No,No,Yes,No,Yes,No,No,No,Yes,No,No,No,No,Yes,No,Yes,0,0,0,0,0,0,0,0,1,0,0,0,0,0,0,0,0,0,0,0
48,Male,494891,No,No,Yes,No,Yes,No,No,No,No,No,No,No,Yes,No,No,Yes,0,0,0,0,0,0,0,0,0,0,0,0,0,0,0,0,0,0,0,0
75,Male,234509,No,No,No,No,Yes,No,Yes,No,Yes,No,No,Yes,No,No,No,No,0,0,0,0,0,0,0,0,0,1,0,0,0,0,0,0,0,0,0,0
55,Female,119108,No,No,Yes,Yes,No,No,No,No,No,No,Yes,No,No,No,No,Yes,0,1,0,0,0,0,0,1,0,0,0,0,0,0,0,0,0,0,0,0
2,Female,166467,Yes,No,Yes,No,No,Yes,No,Yes,Yes,No,Yes,Yes,No,No,Yes,Yes,0,0,0,0,0,0,0,1,0,0,0,0,0,0,0,0,0,0,0,0
41,Female,24230,No,No,Yes,No,No,No,Yes,Yes,No,No,Yes,No,Yes,No,No,No,0,1,0,0,0,0,0,1,0,0,1,1,0,0,0,0,0,0,0,0
19,Male,147375,Yes,No,No,No,Yes,No,No,No,Yes,No,No,No,Yes,No,No,Yes,0,0,0,0,0,0,0,0,0,0,0,1,0,0,0,0,0,0,0,0
13,Male,173328,Yes,No,Yes,No,No,No,Yes,Yes,Yes,No,No,Yes,No,Yes,No,Yes,0,0,0,0,0,0,0,0,0,0,0,0,0,0,1,1,0,0,0,0
2,Male,416069,Yes,No,No,No,Yes,No,Yes,Yes,No,No,Yes,No,No,No,No,No,0,0,0,0,0,0,0,0,0,0,0,0,0,0,0,0,0,0,0,0
29,Female,267417,No,No,No,No,Yes,No,No,No,Yes,No,Yes,No,No,Yes,No,Yes,0,0,0,0,0,0,0,1,0,0,0,0,0,0,0,0,0,0,0,1
42,Male,114665,No,No,Yes,No,No,No,No,Yes,No,No,No,Yes,No,Yes,No,Yes,0,0,0,0,0,0,0,0,0,1,0,0,0,0,0,0,0,0,0,0
15,Male,18374,No,No,No,No,No,No,No,No,Yes,No,Yes,Yes,No,Yes,No,Yes,0,0,0,0,0,0,0,1,0,0,0,0,0,0,0,0,0,0,0,0
70,Male,20815,No,No,Yes,No,Yes,No,No,No,No,No,No,No,Yes,Yes,No,No,0,0,0,0,0,0,0,0,0,0,0,1,0,1,0,0,0,0,0,0
72,Male,472373,No,No,No,No,Yes,No,No,Yes,Yes,No,Yes,No,Yes,Yes,No,No,0,0,0,0,0,0,0,0,0,0,0,0,0,0,0,0,0,0,0,0
56,Male,414058,No,No,No,No,No,No,No,No,Yes,No,Yes,Yes,No,No,No,No,0,0,0,0,0,0,0,0,0,0,0,0,0,0,0,0,0,0,0,0
11,Female,382515,No,No,Yes,No,No,No,Yes,No,No,No,No,Yes,Yes,No,Yes,No,0,0,0,0,0,0,0,0,0,0,0,0,0,0,0,0,0,0,0,0
54,Female,266798,No,No,Yes,Yes,Yes,Yes,Yes,No,No,No,Yes,Yes,No,No,No,Yes,0,0,0,0,0,0,0,1,0,1,0,0,0,0,0,0,0,0,0,0
83,Female,315236,No,No,No,Yes,No,No,No,Yes,Yes,No,No,Yes,No,No,No,No,0,0,0,0,0,0,0,0,0,0,0,0,0,0,0,0,0,0,0,0
79,Female,322907,No,No,No,No,Yes,Yes,Yes,Yes,No,No,Yes,Yes,Yes,Yes,No,No,0,0,0,0,0,0,0,1,0,0,1,0,0,0,0,0,0,0,0,0
70,Male,234482,No,No,No,No,No,No,Yes,Yes,No,No,No,No,No,No,No,No,0,0,0,0,0,0,0,0,0,0,0,0,0,0,0,0,0,0,0,0
24,Male,269342,No,No,No,No,No,No,No,No,Yes,No,No,Yes,Yes,No,No,Yes,0,0,0,0,0,0,0,0,0,1,0,0,0,0,0,0,0,0,0,0
69,Male,110731,No,No,No,No,No,No,Yes,Yes,No,No,No,No,Yes,No,No,Yes,0,0,0,0,0,0,0,0,0,0,0,1,0,0,0,0,0,0,0,0
82,Female,332630,No,No,No,Yes,Yes,No,Yes,No,No,No,Yes,Yes,No,No,No,No,0,0,0,0,0,0,0,1,0,0,0,0,0,0,0,0,0,0,0,0
73,Male,493569,No,No,Yes,No,Yes,No,No,Yes,No,No,Yes,Yes,No,No,No,No,0,0,0,0,0,0,0,0,0,0,0,0,0,0,0,0,0,0,0,0
8,Female,72872,No,No,No,No,Yes,No,Yes,No,Yes,No,Yes,No,No,Yes,Yes,No,0,0,0,0,0,0,0,1,0,0,0,0,0,0,0,0,0,0,0,0
13,Male,268801,No,No,No,No,Yes,No,Yes,Yes,Yes,No,No,No,No,No,No,Yes,0,0,0,0,0,0,0,0,0,0,0,0,0,0,0,0,0,0,0,0
85,Female,226680,No,No,No,No,Yes,Yes,Yes,Yes,Yes,No,Yes,No,Yes,No,No,Yes,0,1,0,0,0,0,0,1,0,0,1,1,0,0,0,0,0,0,0,0
11,Male,271494,Yes,Yes,No,No,Yes,No,No,Yes,No,No,Yes,Yes,Yes,Yes,No,Yes,0,0,0,1,0,0,0,1,0,0,0,0,0,0,0,1,0,0,0,0
49,Female,493194,No,No,Yes,Yes,Yes,No,Yes,Yes,Yes,No,No,No,Yes,Yes,No,No,0,0,0,0,0,0,0,0,1,0,1,0,0,0,0,0,0,0,0,0
63,Male,93061,No,No,No,No,Yes,No,No,Yes,No,No,No,Yes,No,No,No,Yes,0,0,0,0,0,0,0,0,0,1,0,0,0,0,0,0,0,0,0,0
5,Male,200904,Yes,Yes,Yes,No,No,No,Yes,No,No,No,Yes,No,Yes,Yes,No,No,0,0,0,1,0,0,0,1,0,0,0,1,0,0,1,0,0,0,0,0
23,Male,23101,No,No,Yes,No,Yes,No,No,No,Yes,No,No,Yes,No,Yes,No,Yes,0,0,0,0,0,0,0,0,1,1,0,0,0,1,0,0,0,0,0,0
72,Male,302137,No,No,No,No,Yes,No,No,No,No,No,Yes,No,No,Yes,No,No,0,0,0,0,0,0,0,1,0,0,0,0,0,0,0,0,0,0,0,0
49,Female,446612,No,No,No,Yes,No,No,Yes,Yes,No,No,Yes,Yes,No,No,No,Yes,0,0,0,0,0,0,0,0,0,0,0,0,0,0,0,0,0,0,0,0
9,Female,298474,No,No,No,No,No,Yes,No,No,Yes,No,No,Yes,No,Yes,Yes,Yes,0,0,0,0,0,0,0,0,0,0,0,0,0,0,0,0,0,0,0,0
65,Female,278405,No,No,No,No,No,No,Yes,No,Yes,No,No,No,Yes,Yes,No,Yes,0,0,0,0,0,0,0,0,0,0,1,0,0,0,0,0,0,0,0,0
62,Female,456748,No,No,Yes,Yes,No,No,Yes,No,Yes,No,No,No,No,No,No,Yes,0,0,0,0,0,0,0,0,1,0,0,0,0,0,0,0,0,0,0,0
64,Female,283004,No,No,Yes,No,Yes,Yes,Yes,Yes,No,No,Yes,No,No,Yes,No,No,0,0,0,0,0,0,0,1,0,0,0,0,0,0,0,0,0,0,0,0
9,Female,280479,Yes,No,No,No,Yes,Yes,No,No,No,No,No,No,Yes,No,Yes,No,0,0,0,0,0,0,0,0,0,0,0,0,0,0,0,0,0,0,0,0
9,Female,244152,Yes,No,Yes,No,No,Yes,Yes,Yes,Yes,No,Yes,No,Yes,No,Yes,Yes,0,0,0,0,0,0,0,1,0,0,0,1,0,0,1,1,0,0,0,0
7,Female,274061,Yes,Yes,No,No,Yes,No,No,No,No,No,Yes,No,No,Yes,Yes,No,0,0,0,1,0,0,0,1,0,0,0,0,0,0,0,0,0,0,0,0
83,Female,326884,No,No,No,Yes,No,Yes,Yes,Yes,Yes,No,No,Yes,No,No,No,No,0,0,0,0,0,0,0,0,0,0,0,0,0,0,0,0,0,0,0,0
29,Male,76684,No,No,No,No,No,No,No,Yes,Yes,No,Yes,Yes,Yes,No,No,Yes,0,0,0,0,0,0,0,1,0,1,0,1,0,0,0,0,0,0,0,1
5,Female,41414,No,No,No,No,No,Yes,No,No,Yes,No,Yes,No,No,No,Yes,No,0,0,0,0,0,0,0,1,0,0,0,0,0,0,0,0,0,0,1,0
69,Female,283262,No,No,Yes,No,No,No,No,Yes,No,No,No,Yes,Yes,No,No,No,0,0,0,0,0,0,0,0,0,1,1,0,0,0,0,0,0,0,0,0
34,Female,484037,No,No,No,Yes,No,No,No,Yes,No,Yes,Yes,Yes,Yes,Yes,No,No,0,0,0,0,0,0,0,0,0,0,1,0,1,0,0,0,0,1,0,0
25,Female,264446,No,No,Yes,No,No,No,Yes,Yes,Yes,Yes,Yes,Yes,No,No,No,Yes,0,0,0,0,0,0,0,1,1,1,0,0,1,0,0,0,1,1,0,1
75,Female,365117,No,No,Yes,Yes,No,Yes,Yes,No,No,No,Yes,No,No,Yes,No,Yes,0,0,0,0,0,0,0,1,0,0,0,0,0,0,0,0,0,0,0,0
15,Female,448652,Yes,No,No,No,No,No,No,Yes,No,No,No,No,Yes,No,Yes,No,0,0,0,0,0,0,0,0,0,0,0,0,0,0,0,1,0,0,0,0
56,Female,345964,No,No,Yes,Yes,Yes,Yes,Yes,No,Yes,No,Yes,Yes,Yes,No,No,No,0,0,0,0,0,0,0,1,1,0,1,0,0,0,0,0,1,0,0,0
17,Male,148777,Yes,No,Yes,No,Yes,No,No,Yes,Yes,No,No,No,No,No,No,No,0,0,0,0,0,0,0,0,0,0,0,0,0,0,0,1,0,0,0,0
62,Female,396450,No,No,Yes,Yes,No,No,No,Yes,No,No,No,Yes,No,Yes,No,No,0,0,0,0,0,0,0,0,0,0,0,0,0,0,0,0,0,0,0,0
79,Male,318098,No,No,Yes,No,Yes,No,Yes,No,No,No,No,No,Yes,No,No,No,0,0,0,0,0,0,0,0,0,0,0,0,0,0,0,0,0,0,0,0
63,Male,188431,No,No,Yes,No,Yes,No,No,Yes,No,No,Yes,No,No,No,No,Yes,0,0,0,0,0,0,0,1,0,0,0,0,0,0,0,0,0,0,0,0
45,Female,154154,No,No,Yes,Yes,Yes,Yes,Yes,Yes,Yes,Yes,Yes,Yes,Yes,Yes,No,No,0,1,0,0,0,0,0,1,1,1,1,1,1,0,0,0,1,1,0,0
77,Female,151741,No,No,Yes,Yes,No,No,No,No,Yes,No,Yes,Yes,No,Yes,No,Yes,0,1,0,0,0,0,0,1,1,1,0,0,0,0,0,0,1,0,0,0
64,Female,64659,No,No,Yes,Yes,No,Yes,No,Yes,No,No,No,No,Yes,Yes,No,Yes,0,0,0,0,0,0,0,0,0,0,1,1,0,1,0,0,0,0,0,0
79,Male,221318,No,No,Yes,No,No,No,Yes,Yes,Yes,No,Yes,Yes,Yes,Yes,No,No,0,0,0,0,0,0,0,1,1,1,0,1,0,0,0,0,1,0,0,0
68,Male,140074,No,No,No,No,No,No,Yes,Yes,No,No,Yes,Yes,No,Yes,No,No,0,0,0,0,0,0,0,1,0,1,0,0,0,0,0,0,0,0,0,0
21,Female,418284,Yes,No,Yes,Yes,Yes,No,Yes,Yes,Yes,No,No,No,No,No,No,Yes,0,0,0,0,0,0,0,0,1,0,0,0,0,0,1,1,0,0,0,0
27,Male,450695,No,No,No,No,No,No,No,Yes,No,No,No,No,No,Yes,No,Yes,0,0,0,0,0,0,0,0,0,0,0,0,0,0,0,0,0,0,0,0
21,Male,464350,No,No,Yes,No,Yes,No,No,No,No,No,Yes,No,Yes,No,No,Yes,0,0,0,0,0,0,0,0,0,0,0,0,0,0,0,0,0,0,0,1
23,Male,356861,No,No,Yes,No,Yes,No,Yes,Yes,No,No,Yes,No,No,Yes,No,Yes,0,0,0,0,0,0,0,1,0,0,0,0,0,0,0,0,0,0,0,1
32,Female,21939,No,No,No,No,No,Yes,No,Yes,Yes,Yes,Yes,No,No,Yes,No,No,0,1,0,0,0,0,0,1,0,0,0,0,1,1,0,0,0,1,0,0
67,Female,165772,No,No,Yes,Yes,Yes,Yes,No,Yes,Yes,No,Yes,Yes,No,Yes,No,Yes,0,1,0,0,0,0,0,1,1,1,0,0,0,0,0,0,1,0,0,0
71,Male,457042,No,No,No,No,Yes,No,Yes,Yes,Yes,No,Yes,No,Yes,Yes,No,Yes,0,0,0,0,0,0,0,0,0,0,0,0,0,0,0,0,0,0,0,0
56,Male,464231,No,No,No,No,No,No,No,No,No,No,Yes,Yes,Yes,Yes,No,No,0,0,0,0,0,0,0,0,0,0,0,0,0,0,0,0,0,0,0,0
54,Male,198945,No,No,Yes,No,Yes,No,No,Yes,Yes,No,Yes,No,No,Yes,No,No,0,0,0,0,0,0,0,1,1,0,0,0,0,0,0,0,1,0,0,0
80,Male,174890,No,No,Yes,No,No,No,Yes,No,No,No,No,Yes,No,No,No,No,0,0,0,0,0,0,0,0,0,1,0,0,0,0,0,0,0,0,0,0
5,Male,57461,Yes,No,No,No,Yes,No,Yes,Yes,Yes,No,No,No,No,No,No,No,0,0,0,0,0,0,0,0,0,0,0,0,0,0,1,1,0,0,0,0
58,Male,415100,No,No,No,No,Yes,No,Yes,No,No,No,No,No,Yes,No,No,Yes,0,0,0,0,0,0,0,0,0,0,0,0,0,0,0,0,0,0,0,0
55,Female,219491,No,No,No,Yes,Yes,Yes,Yes,No,Yes,No,Yes,Yes,No,Yes,No,No,0,1,0,0,0,0,0,1,0,1,0,0,0,0,0,0,0,0,0,0
55,Male,290282,No,No,No,No,No,No,Yes,Yes,Yes,No,Yes,No,No,No,No,Yes,0,0,0,0,0,0,0,1,0,0,0,0,0,0,0,0,0,0,0,0
20,Female,382522,No,No,No,No,No,Yes,Yes,Yes,Yes,Yes,No,No,Yes,No,No,No,0,0,0,0,0,0,0,0,0,0,1,0,1,0,0,0,0,0,0,0
30,Male,254301,No,No,No,No,Yes,No,No,Yes,Yes,No,Yes,Yes,Yes,Yes,No,No,0,0,0,0,0,0,0,1,0,1,0,0,0,0,0,0,0,0,0,0
56,Female,420445,No,No,Yes,Yes,Yes,Yes,Yes,No,No,No,No,Yes,Yes,Yes,No,No,0,0,0,0,0,0,0,0,0,0,1,0,0,0,0,0,0,0,0,0
39,Male,308883,No,No,Yes,No,Yes,No,No,Yes,Yes,No,Yes,Yes,No,Yes,No,No,0,0,0,0,0,0,0,1,1,0,0,0,0,0,0,0,1,0,0,0
46,Male,369189,No,No,No,No,No,No,No,Yes,No,No,No,No,Yes,Yes,No,Yes,0,0,0,0,0,0,0,0,0,0,0,0,0,0,0,0,0,0,0,0
32,Female,345924,No,No,Yes,No,No,No,No,Yes,No,No,Yes,No,Yes,Yes,No,No,0,0,0,0,0,0,0,1,0,0,1,0,0,0,0,0,0,0,0,0
18,Female,113723,No,No,No,Yes,No,Yes,Yes,Yes,Yes,No,No,Yes,Yes,No,No,Yes,0,0,0,0,0,0,0,0,0,1,1,1,0,0,0,0,0,0,0,0
82,Female,453402,No,No,No,No,Yes,No,Yes,No,No,No,No,No,No,No,No,Yes,0,0,0,0,0,0,0,0,0,0,0,0,0,0,0,0,0,0,0,0
70,Male,161028,No,No,Yes,No,No,No,No,Yes,No,No,Yes,No,Yes,No,No,Yes,0,0,0,0,0,0,0,1,0,0,0,1,0,0,0,0,0,0,0,0
21,Female,125692,Yes,Yes,Yes,Yes,Yes,No,Yes,No,Yes,No,No,No,No,Yes,No,No,0,0,0,0,0,0,0,0,1,0,0,0,0,0,1,0,0,0,0,0
68,Female,312943,No,No,No,Yes,Yes,Yes,Yes,Yes,No,No,Yes,Yes,No,No,No,Yes,0,0,0,0,0,0,0,1,0,0,0,0,0,0,0,0,0,0,0,0
73,Male,104197,No,No,No,No,Yes,No,Yes,Yes,No,No,No,Yes,Yes,No,No,Yes,0,0,0,0,0,0,0,0,0,1,0,1,0,0,0,0,0,0,0,0
82,Male,48043,No,No,Yes,No,No,No,Yes,Yes,No,No,Yes,Yes,No,Yes,No,Yes,0,0,0,0,1,0,0,1,0,1,0,0,0,1,0,0,0,0,0,0
61,Female,455006,No,No,No,Yes,Yes,No,Yes,No,Yes,No,No,Yes,No,No,No,No,0,0,0,0,0,0,0,0,0,0,0,0,0,0,0,0,0,0,0,0
50,Male,152638,No,No,No,No,Yes,No,No,No,No,No,No,Yes,Yes,Yes,No,No,0,0,0,0,0,0,0,0,0,1,0,1,0,0,0,0,0,0,0,0
68,Female,411404,No,No,No,No,No,No,Yes,No,No,No,Yes,Yes,No,Yes,No,Yes,0,0,0,0,0,0,0,0,0,0,0,0,0,0,0,0,0,0,0,0
17,Male,53516,No,No,No,No,No,No,No,Yes,Yes,No,No,No,No,Yes,No,Yes,0,0,0,0,0,0,0,0,0,0,0,0,0,0,0,0,0,0,0,0
4,Female,275788,Yes,Yes,Yes,No,No,No,No,No,No,No,Yes,Yes,Yes,No,Yes,No,0,0,0,0,0,0,0,1,0,0,0,0,0,0,0,0,0,0,0,0
23,Female,244206,No,No,No,No,Yes,No,Yes,Yes,No,No,Yes,Yes,No,Yes,No,Yes,0,1,0,0,0,0,0,1,0,1,0,0,0,0,0,0,0,0,0,1
22,Male,164988,No,No,Yes,No,Yes,No,Yes,Yes,No,No,Yes,Yes,No,Yes,No,No,0,0,0,0,0,0,0,1,0,1,0,0,0,0,0,0,0,0,0,0
41,Female,15035,No,No,Yes,No,Yes,Yes,Yes,Yes,No,Yes,Yes,No,Yes,Yes,No,Yes,0,1,0,0,0,0,1,1,0,0,1,1,1,1,0,0,0,1,0,0
65,Male,459590,No,No,No,No,Yes,No,Yes,No,Yes,No,No,No,No,No,No,No,0,0,0,0,0,0,0,0,0,0,0,0,0,0,0,0,0,0,0,0
17,Male,297018,No,No,Yes,No,No,No,Yes,No,No,No,Yes,No,Yes,Yes,No,No,0,0,0,0,0,0,0,1,0,0,0,0,0,0,0,0,0,0,0,0
84,Male,151128,No,No,Yes,No,No,No,Yes,No,No,No,No,Yes,Yes,Yes,No,Yes,0,0,0,0,0,0,0,0,0,1,0,1,0,0,0,0,0,0,0,0
51,Female,69627,No,No,No,No,Yes,No,No,Yes,No,No,Yes,Yes,Yes,No,No,Yes,0,1,0,0,0,0,1,1,0,1,1,1,0,0,0,0,0,0,0,0
55,Female,388849,No,No,Yes,Yes,No,Yes,Yes,Yes,No,No,No,No,Yes,Yes,No,No,0,0,0,0,0,0,0,0,0,0,1,0,0,0,0,0,0,0,0,0
71,Female,328619,No,No,No,Yes,Yes,No,No,No,No,No,Yes,No,No,Yes,No,Yes,0,0,0,0,0,0,0,1,0,0,0,0,0,0,0,0,0,0,0,0
13,Male,33571,No,No,No,No,Yes,No,No,No,No,No,No,No,No,No,No,Yes,0,0,0,0,0,0,0,0,0,0,0,0,0,0,0,0,0,0,0,0
85,Male,65770,No,No,No,No,No,No,No,No,No,No,No,Yes,Yes,Yes,No,No,0,0,0,0,0,0,0,0,0,1,0,1,0,1,0,0,0,0,0,0
35,Female,121448,No,No,Yes,Yes,Yes,No,No,Yes,No,No,Yes,Yes,No,No,No,No,0,1,0,0,0,0,0,1,0,1,0,0,0,0,0,0,0,0,0,0
32,Female,382064,No,No,No,No,Yes,No,No,No,No,No,Yes,Yes,No,No,No,No,0,0,0,0,0,0,0,1,0,0,0,0,0,0,0,0,0,0,0,0
47,Female,358446,No,No,No,Yes,Yes,Yes,Yes,Yes,Yes,No,Yes,Yes,Yes,Yes,No,Yes,0,0,0,0,0,0,0,1,0,0,1,0,0,0,0,0,0,0,0,0
23,Female,122279,No,No,No,Yes,Yes,No,No,Yes,No,Yes,No,Yes,No,Yes,No,No,0,0,0,0,0,0,0,0,0,1,0,0,1,0,0,0,0,0,0,0
31,Male,28532,No,No,Yes,No,Yes,No,Yes,No,No,No,Yes,Yes,No,Yes,No,No,0,0,0,0,0,0,1,1,0,1,0,0,0,1,0,0,0,0,0,0
33,Male,386087,No,No,Yes,No,No,No,No,No,No,No,No,Yes,Yes,Yes,No,No,0,0,0,0,0,0,0,0,0,0,0,0,0,0,0,0,0,0,0,0
71,Male,53340,No,No,No,No,No,No,No,No,No,No,Yes,Yes,Yes,Yes,No,Yes,0,0,0,0,1,0,0,1,0,1,0,1,0,1,0,0,0,0,0,0
37,Female,254994,No,No,No,No,Yes,Yes,Yes,Yes,No,Yes,Yes,No,Yes,Yes,No,No,0,0,0,0,0,0,0,1,0,0,1,0,1,0,0,0,0,1,0,0
11,Male,389849,Yes,Yes,Yes,No,No,No,No,No,Yes,No,Yes,No,Yes,Yes,No,Yes,0,0,0,1,0,0,0,1,0,0,0,0,0,0,0,0,0,0,0,0
27,Male,358002,No,No,No,No,No,No,No,No,Yes,No,Yes,No,Yes,No,No,Yes,0,0,0,0,0,0,0,1,0,0,0,0,0,0,0,0,0,0,0,1
64,Male,132553,No,No,No,No,Yes,No,Yes,No,No,No,No,Yes,No,No,No,No,0,0,0,0,0,0,0,0,0,1,0,0,0,0,0,0,0,0,0,0
50,Male,366961,No,No,No,No,No,No,No,No,Yes,No,No,Yes,No,Yes,No,Yes,0,0,0,0,0,0,0,0,0,0,0,0,0,0,0,0,0,0,0,0
84,Female,449026,No,No,Yes,No,No,No,No,Yes,Yes,No,No,Yes,Yes,Yes,No,Yes,0,0,0,0,0,0,0,0,1,0,1,0,0,0,0,0,0,0,0,0
46,Male,457374,No,No,Yes,No,No,No,Yes,Yes,Yes,No,No,Yes,No,No,No,Yes,0,0,0,0,0,0,0,0,1,0,0,0,0,0,0,0,0,0,0,0
16,Female,418752,Yes,Yes,Yes,No,No,No,Yes,No,No,No,No,No,No,Yes,Yes,Yes,0,0,0,0,0,0,0,0,0,0,0,0,0,0,1,0,0,0,0,0
39,Female,88910,No,No,No,Yes,Yes,Yes,No,Yes,No,Yes,Yes,Yes,Yes,No,No,Yes,0,1,0,0,0,0,0,1,0,1,1,1,1,0,0,0,0,1,0,0
25,Male,241534,No,No,No,No,Yes,No,Yes,No,No,No,No,No,Yes,Yes,No,Yes,0,0,0,0,0,0,0,0,0,0,0,1,0,0,0,0,0,0,0,0
65,Male,418433,No,No,Yes,No,No,No,No,No,Yes,No,No,Yes,Yes,Yes,No,No,0,0,0,0,0,0,0,0,1,0,0,0,0,0,0,0,0,0,0,0
36,Male,10187,No,No,No,No,No,No,No,Yes,Yes,No,Yes,Yes,No,Yes,No,Yes,0,0,0,0,0,0,0,1,0,1,0,0,0,1,0,0,0,0,0,0
57,Female,127465,No,No,Yes,No,No,No,Yes,No,Yes,No,No,No,Yes,No,No,No,0,0,0,0,0,0,0,0,1,0,1,1,0,0,0,0,0,0,0,0
41,Male,88027,No,No,Yes,No,Yes,No,No,No,Yes,No,No,No,No,No,No,Yes,0,0,0,0,0,0,0,0,1,0,0,0,0,0,0,0,0,0,0,0
24,Male,23094,No,No,Yes,No,Yes,No,Yes,Yes,Yes,No,No,Yes,No,Yes,No,Yes,0,0,0,0,0,0,0,0,1,1,0,0,0,1,0,0,0,0,0,0
71,Male,48117,No,No,Yes,No,No,No,Yes,Yes,No,No,Yes,No,Yes,Yes,No,No,0,0,0,0,1,0,0,1,0,0,0,1,0,1,0,0,0,0,0,0
56,Male,290837,No,No,Yes,No,No,No,No,No,No,No,No,No,No,Yes,No,No,0,0,0,0,0,0,0,0,0,0,0,0,0,0,0,0,0,0,0,0
28,Male,428044,No,No,Yes,No,Yes,No,Yes,No,No,No,No,No,Yes,Yes,No,No,0,0,0,0,0,0,0,0,0,0,0,0,0,0,0,0,0,0,0,0
44,Female,126339,No,No,No,Yes,Yes,No,No,Yes,Yes,No,No,Yes,Yes,No,No,Yes,0,0,0,0,0,0,0,0,0,1,1,1,0,0,0,0,0,0,0,0
36,Male,288505,No,No,No,No,Yes,No,Yes,Yes,Yes,No,Yes,Yes,Yes,No,No,Yes,0,0,0,0,0,0,0,1,0,1,0,0,0,0,0,0,0,0,0,0
73,Male,200952,No,No,Yes,No,Yes,No,Yes,Yes,No,No,No,Yes,Yes,No,No,No,0,0,0,0,0,0,0,0,0,1,0,1,0,0,0,0,0,0,0,0
13,Female,431107,Yes,No,No,No,Yes,Yes,Yes,No,No,No,No,Yes,Yes,Yes,Yes,Yes,0,0,0,0,0,0,0,0,0,0,0,0,0,0,1,0,0,0,0,0
5,Male,163499,Yes,Yes,Yes,No,No,No,Yes,Yes,No,No,No,No,No,Yes,No,Yes,0,0,0,0,0,0,0,0,0,0,0,0,0,0,1,1,0,0,0,0
36,Female,329000,No,No,No,No,Yes,Yes,Yes,No,No,No,No,No,No,Yes,No,Yes,0,0,0,0,0,0,0,0,0,0,0,0,0,0,0,0,0,0,0,0
48,Male,388964,No,No,No,No,No,No,No,Yes,No,No,No,Yes,No,No,No,Yes,0,0,0,0,0,0,0,0,0,0,0,0,0,0,0,0,0,0,0,0
80,Female,495711,No,No,No,Yes,Yes,Yes,No,Yes,No,No,No,Yes,No,No,No,No,0,0,0,0,0,0,0,0,0,0,0,0,0,0,0,0,0,0,0,0
1,Female,81060,No,No,No,No,Yes,No,No,Yes,Yes,No,No,Yes,Yes,No,Yes,Yes,0,0,0,0,0,0,0,0,0,0,0,1,0,0,0,0,0,0,0,0
28,Male,338452,No,No,Yes,No,No,No,No,No,Yes,No,No,Yes,Yes,Yes,No,No,0,0,0,0,0,0,0,0,1,0,0,0,0,0,0,0,0,0,0,0
38,Female,343175,No,No,Yes,Yes,No,No,No,No,No,Yes,No,Yes,No,No,No,No,0,0,0,0,0,0,0,0,0,0,0,0,1,0,0,0,0,0,0,0
10,Male,288964,Yes,No,Yes,No,Yes,No,No,Yes,Yes,No,No,No,Yes,Yes,No,Yes,0,0,0,0,0,0,0,0,0,0,0,0,0,0,0,1,0,0,0,0
62,Female,34438,No,No,No,No,No,No,Yes,No,Yes,No,No,No,No,No,No,No,0,0,0,0,0,0,0,0,0,0,0,0,0,0,0,0,0,0,0,0
40,Female,120414,No,No,Yes,Yes,Yes,No,No,Yes,No,Yes,No,Yes,No,No,No,Yes,0,0,0,0,0,0,0,0,0,1,0,0,1,0,0,0,0,0,0,0
23,Female,118890,No,No,No,Yes,Yes,No,No,No,No,Yes,No,Yes,No,No,No,No,0,0,0,0,0,0,0,0,0,1,0,0,1,0,0,0,0,0,0,0
32,Male,447521,No,No,No,No,Yes,No,No,Yes,Yes,No,No,Yes,Yes,No,No,No,0,0,0,0,0,0,0,0,0,0,0,0,0,0,0,0,0,0,0,0
39,Female,429461,No,No,Yes,No,Yes,Yes,Yes,No,Yes,Yes,No,No,No,No,No,Yes,0,0,0,0,0,0,0,0,1,0,0,0,1,0,0,0,0,0,0,0
35,Male,40800,No,No,Yes,No,Yes,No,No,Yes,Yes,No,Yes,Yes,No,No,No,No,0,0,0,0,0,0,1,1,1,1,0,0,0,0,0,0,1,0,0,0
37,Male,285055,No,No,No,No,Yes,No,No,No,No,No,Yes,No,No,Yes,No,Yes,0,0,0,0,0,0,0,1,0,0,0,0,0,0,0,0,0,0,0,0
3,Male,426033,Yes,No,Yes,No,Yes,No,Yes,No,Yes,No,No,No,No,Yes,No,No,0,0,0,0,0,0,0,0,0,0,0,0,0,0,0,0,0,0,0,0
10,Female,281184,Yes,Yes,No,No,No,No,Yes,No,No,No,No,Yes,No,No,Yes,No,0,0,0,0,0,0,0,0,0,0,0,0,0,0,1,0,0,0,0,0
39,Female,291715,No,No,Yes,Yes,Yes,No,Yes,Yes,Yes,No,Yes,Yes,Yes,No,No,No,0,0,0,0,0,0,0,1,1,1,1,0,0,0,0,0,1,0,0,0
78,Male,41372,No,No,Yes,No,No,No,Yes,Yes,Yes,No,No,No,Yes,Yes,No,Yes,0,0,0,0,0,0,0,0,1,0,0,1,0,1,0,0,0,0,0,0
80,Male,228393,No,No,No,No,No,No,No,Yes,Yes,No,Yes,Yes,No,No,No,Yes,0,0,0,0,0,0,0,1,0,1,0,0,0,0,0,0,0,0,0,0
69,Male,169848,No,No,Yes,No,No,No,No,No,No,No,Yes,Yes,Yes,Yes,No,No,0,0,0,0,0,0,0,1,0,1,0,1,0,0,0,0,0,0,0,0
41,Male,391840,No,No,Yes,No,No,No,Yes,No,Yes,No,Yes,No,No,Yes,No,Yes,0,0,0,0,0,0,0,1,1,0,0,0,0,0,0,0,1,0,0,0
4,Female,215865,Yes,No,No,No,No,Yes,Yes,No,No,No,No,No,Yes,Yes,Yes,No,0,0,0,0,0,0,0,0,0,0,0,1,0,0,0,0,0,0,0,0
67,Female,196659,No,No,Yes,No,No,No,Yes,No,No,No,No,No,No,No,No,No,0,0,0,0,0,0,0,0,0,0,0,0,0,0,0,0,0,0,0,0
22,Female,202484,No,No,Yes,Yes,No,No,No,Yes,No,No,Yes,No,Yes,No,No,Yes,0,1,0,0,0,0,0,1,0,0,1,1,0,0,0,0,0,0,0,1
82,Female,45859,No,No,Yes,Yes,Yes,No,Yes,Yes,No,No,No,Yes,No,No,No,No,0,0,0,0,0,0,0,0,0,1,0,0,0,0,0,0,0,0,0,0
66,Female,335330,No,No,Yes,Yes,Yes,Yes,No,No,No,No,No,Yes,No,Yes,No,Yes,0,0,0,0,0,0,0,0,0,0,0,0,0,0,0,0,0,0,0,0
44,Male,153692,No,No,No,No,No,No,No,Yes,Yes,No,Yes,No,Yes,No,No,Yes,0,0,0,0,0,0,0,1,0,0,0,1,0,0,0,0,0,0,0,0
63,Male,386072,No,No,Yes,No,No,No,No,No,Yes,No,Yes,No,No,Yes,No,No,0,0,0,0,0,0,0,1,1,0,0,0,0,0,0,0,1,0,0,0
42,Female,114050,No,No,Yes,Yes,No,Yes,No,Yes,Yes,No,Yes,No,Yes,Yes,No,Yes,0,1,0,0,0,0,0,1,1,0,1,1,0,0,0,0,1,0,0,0
42,Male,224941,No,No,Yes,No,Yes,No,No,Yes,Yes,No,Yes,No,Yes,No,No,No,0,0,0,0,0,0,0,1,1,0,0,1,0,0,0,0,1,0,0,0
29,Female,487776,No,No,Yes,No,No,No,No,Yes,Yes,No,Yes,Yes,No,Yes,No,Yes,0,0,0,0,0,0,0,0,1,0,0,0,0,0,0,0,1,0,0,1
19,Male,185504,Yes,No,Yes,No,No,No,Yes,No,Yes,No,No,Yes,Yes,No,No,No,0,0,0,0,0,0,0,0,1,1,0,1,0,0,1,0,0,0,0,0
51,Male,47628,No,No,No,No,Yes,No,No,Yes,Yes,No,Yes,Yes,Yes,No,No,Yes,0,0,0,0,0,0,1,1,0,1,0,1,0,0,0,0,0,0,0,0
47,Male,169080,No,No,No,No,No,No,No,No,No,No,Yes,No,No,No,No,Yes,0,0,0,0,0,0,0,1,0,0,0,0,0,0,0,0,0,0,0,0
7,Female,126206,Yes,Yes,Yes,No,Yes,Yes,Yes,No,Yes,No,No,Yes,No,No,Yes,No,0,0,0,0,0,0,0,0,0,0,0,0,0,0,1,0,0,0,0,0
72,Male,198187,No,No,No,No,No,No,No,Yes,Yes,No,Yes,No,Yes,Yes,No,Yes,0,0,0,0,0,0,0,1,0,0,0,1,0,0,0,0,0,0,0,0
9,Male,262040,No,No,Yes,No,Yes,No,Yes,Yes,Yes,No,Yes,Yes,Yes,Yes,No,No,0,0,0,0,0,0,0,1,0,0,0,0,0,0,0,0,0,0,0,0
56,Female,398808,No,No,No,Yes,Yes,Yes,No,Yes,Yes,No,Yes,No,No,Yes,No,Yes,0,0,0,0,0,0,0,1,0,0,0,0,0,0,0,0,0,0,0,0
51,Female,115761,No,No,No,Yes,No,Yes,No,Yes,No,No,No,No,No,Yes,No,No,0,0,0,0,0,0,0,0,0,0,0,0,0,0,0,0,0,0,0,0
32,Female,338583,No,No,No,Yes,No,Yes,Yes,No,Yes,No,Yes,No,Yes,Yes,No,Yes,0,0,0,0,0,0,0,1,0,0,1,0,0,0,0,0,0,0,0,0
64,Female,57114,No,No,No,Yes,No,Yes,Yes,No,No,No,No,Yes,Yes,No,No,No,0,0,0,0,0,0,0,0,0,1,1,1,0,0,0,0,0,0,0,0
76,Female,117020,No,No,Yes,No,Yes,No,No,No,Yes,No,No,No,Yes,No,No,Yes,0,0,0,0,0,0,0,0,1,0,1,1,0,0,0,0,0,0,0,0
26,Male,324015,No,No,No,No,No,No,Yes,Yes,Yes,No,Yes,Yes,Yes,Yes,No,No,0,0,0,0,0,0,0,1,0,0,0,0,0,0,0,0,0,0,0,0
25,Male,433192,Yes,Yes,Yes,No,No,No,Yes,No,No,No,Yes,Yes,No,Yes,No,No,0,0,1,0,0,0,0,0,0,0,0,0,0,0,1,0,0,0,0,0
42,Male,214678,No,No,Yes,No,Yes,No,No,No,No,No,No,Yes,Yes,Yes,No,No,0,0,0,0,0,0,0,0,0,1,0,1,0,0,0,0,0,0,0,0
15,Female,166461,No,No,No,No,No,No,Yes,No,No,No,Yes,No,Yes,Yes,Yes,Yes,0,0,0,0,0,0,0,1,0,0,0,1,0,0,0,0,0,0,0,0
37,Female,184206,No,No,Yes,No,Yes,No,Yes,No,No,No,Yes,Yes,No,Yes,No,No,0,1,0,0,0,0,0,1,0,1,0,0,0,0,0,0,0,0,0,0
43,Male,221874,No,No,No,No,Yes,No,No,No,No,No,Yes,No,No,No,No,No,0,0,0,0,0,0,0,1,0,0,0,0,0,0,0,0,0,0,0,0
38,Male,33177,No,No,Yes,No,No,No,No,No,Yes,No,No,Yes,No,No,No,Yes,0,0,0,0,0,0,0,0,1,1,0,0,0,0,0,0,0,0,0,0
53,Male,424193,No,No,Yes,No,Yes,No,No,Yes,No,No,Yes,Yes,No,No,No,No,0,0,0,0,0,0,0,0,0,0,0,0,0,0,0,0,0,0,0,0
28,Female,194889,No,No,Yes,No,Yes,Yes,Yes,Yes,No,No,No,Yes,No,Yes,No,Yes,0,0,0,0,0,0,0,0,0,1,0,0,0,0,0,0,0,0,0,0
31,Female,107621,No,No,Yes,No,Yes,No,No,No,No,No,Yes,Yes,No,No,No,No,0,1,0,0,0,0,0,1,0,1,0,0,0,0,0,0,0,0,0,0
48,Female,165866,No,No,Yes,No,No,No,Yes,No,No,No,No,No,Yes,Yes,No,Yes,0,0,0,0,0,0,0,0,0,0,1,1,0,0,0,0,0,0,0,0
49,Female,488463,No,No,Yes,Yes,No,No,No,Yes,Yes,No,Yes,Yes,Yes,Yes,No,No,0,0,0,0,0,0,0,0,1,0,1,0,0,0,0,0,1,0,0,0
29,Female,498469,No,No,No,Yes,No,Yes,No,No,No,No,No,No,Yes,No,No,No,0,0,0,0,0,0,0,0,0,0,1,0,0,0,0,0,0,0,0,0
45,Female,360319,No,No,Yes,Yes,No,Yes,Yes,No,No,Yes,Yes,No,No,Yes,No,Yes,0,0,0,0,0,0,0,1,0,0,0,0,1,0,0,0,0,1,0,0
79,Male,88475,No,No,No,No,No,No,No,Yes,Yes,No,Yes,Yes,No,Yes,No,No,0,0,0,0,0,0,0,1,0,1,0,0,0,0,0,0,0,0,0,0
63,Male,476584,No,No,Yes,No,Yes,No,No,No,Yes,No,No,No,No,No,No,Yes,0,0,0,0,0,0,0,0,1,0,0,0,0,0,0,0,0,0,0,0
65,Male,144758,No,No,Yes,No,Yes,No,No,No,Yes,No,Yes,No,No,No,No,Yes,0,0,0,0,0,0,0,1,1,0,0,0,0,0,0,0,1,0,0,0
73,Female,150160,No,No,Yes,No,No,Yes,No,Yes,Yes,No,Yes,No,No,No,No,Yes,0,1,0,0,0,0,0,1,1,0,0,0,0,0,0,0,1,0,0,0
79,Male,135367,No,No,Yes,No,No,No,Yes,No,Yes,No,No,No,Yes,Yes,No,No,0,0,0,0,0,0,0,0,1,0,0,1,0,0,0,0,0,0,0,0
26,Male,199442,No,No,Yes,No,No,No,No,No,No,No,No,No,No,Yes,No,Yes,0,0,0,0,0,0,0,0,0,0,0,0,0,0,0,0,0,0,0,0
73,Female,63295,No,No,Yes,Yes,No,Yes,No,No,No,No,No,Yes,Yes,Yes,No,Yes,0,0,0,0,0,0,0,0,0,1,1,1,0,1,0,0,0,0,0,0
64,Female,16085,No,No,No,Yes,Yes,No,Yes,No,No,No,No,No,No,No,No,No,0,0,0,0,0,0,0,0,0,0,0,0,0,0,0,0,0,0,0,0
28,Female,319213,No,No,Yes,No,Yes,No,Yes,No,Yes,Yes,No,Yes,Yes,No,No,No,0,0,0,0,0,0,0,0,1,0,1,0,1,0,0,0,0,0,0,0
82,Male,453135,No,No,No,No,No,No,No,No,No,No,Yes,No,Yes,Yes,No,No,0,0,0,0,0,0,0,0,0,0,0,0,0,0,0,0,0,0,0,0
46,Female,125494,No,No,No,No,No,No,No,No,Yes,No,Yes,No,No,No,No,Yes,0,1,0,0,0,0,0,1,0,0,0,0,0,0,0,0,0,0,0,0
4,Female,468396,Yes,Yes,No,No,No,Yes,Yes,Yes,Yes,No,No,No,Yes,Yes,Yes,Yes,0,0,0,0,0,0,0,0,0,0,0,0,0,0,0,0,0,0,0,0
31,Female,252127,No,No,Yes,No,Yes,No,Yes,Yes,Yes,Yes,Yes,No,No,Yes,No,No,0,0,0,0,0,0,0,1,1,0,0,0,1,0,0,0,1,1,0,0
36,Female,415161,No,No,Yes,Yes,Yes,Yes,No,Yes,No,No,No,Yes,Yes,Yes,No,Yes,0,0,0,0,0,0,0,0,0,0,1,0,0,0,0,0,0,0,0,0
73,Male,271427,No,No,Yes,No,Yes,No,Yes,Yes,Yes,No,Yes,No,No,No,No,Yes,0,0,0,0,0,0,0,1,1,0,0,0,0,0,0,0,1,0,0,0
25,Female,142990,No,No,No,No,Yes,No,Yes,Yes,Yes,No,Yes,No,No,No,No,No,0,1,0,0,0,0,0,1,0,0,0,0,0,0,0,0,0,0,0,0
9,Male,181066,No,No,No,No,No,No,No,No,No,No,Yes,No,No,Yes,No,No,0,0,0,0,0,0,0,1,0,0,0,0,0,0,0,0,0,0,0,0
44,Female,247440,No,No,No,No,No,Yes,Yes,No,Yes,No,No,Yes,No,No,No,Yes,0,0,0,0,0,0,0,0,0,1,0,0,0,0,0,0,0,0,0,0
78,Female,12395,No,No,No,No,No,Yes,Yes,Yes,Yes,No,No,Yes,Yes,Yes,No,No,0,0,0,0,0,0,0,0,0,1,1,1,0,1,0,0,0,0,0,0
33,Male,295669,No,No,Yes,No,Yes,No,Yes,No,No,No,Yes,No,No,No,No,Yes,0,0,0,0,0,0,0,1,0,0,0,0,0,0,0,0,0,0,0,0
7,Female,30166,No,No,No,No,No,Yes,Yes,No,No,No,Yes,Yes,Yes,Yes,Yes,No,0,0,0,0,0,0,0,1,0,0,0,1,0,0,0,0,0,0,1,0
53,Male,266334,No,No,No,No,No,No,No,Yes,No,No,No,Yes,Yes,Yes,No,Yes,0,0,0,0,0,0,0,0,0,1,0,0,0,0,0,0,0,0,0,0
10,Male,455572,No,No,Yes,No,Yes,No,No,Yes,No,No,Yes,No,Yes,No,No,Yes,0,0,0,0,0,0,0,0,0,0,0,0,0,0,0,0,0,0,0,0
62,Male,218248,No,No,No,No,Yes,No,No,Yes,No,No,Yes,Yes,Yes,No,No,Yes,0,0,0,0,0,0,0,1,0,1,0,1,0,0,0,0,0,0,0,0
15,Male,373130,No,No,No,No,No,No,No,No,Yes,No,No,No,Yes,No,No,No,0,0,0,0,0,0,0,0,0,0,0,0,0,0,0,0,0,0,0,0
78,Female,494998,No,No,No,No,Yes,Yes,Yes,No,No,No,No,Yes,No,Yes,No,No,0,0,0,0,0,0,0,0,0,0,0,0,0,0,0,0,0,0,0,0
51,Female,297694,No,No,No,No,Yes,Yes,No,Yes,Yes,No,Yes,Yes,Yes,No,No,No,0,0,0,0,0,0,0,1,0,1,1,0,0,0,0,0,0,0,0,0
52,Female,487738,No,No,Yes,Yes,Yes,No,Yes,No,No,No,Yes,No,No,No,No,Yes,0,0,0,0,0,0,0,0,0,0,0,0,0,0,0,0,0,0,0,0
54,Female,80181,No,No,No,Yes,Yes,Yes,No,Yes,Yes,No,Yes,No,Yes,No,No,No,0,1,0,0,0,0,0,1,0,0,1,1,0,0,0,0,0,0,0,0
17,Female,24965,No,No,Yes,No,No,Yes,No,Yes,Yes,Yes,No,No,Yes,Yes,Yes,Yes,0,0,0,0,0,0,0,0,0,0,0,1,0,0,0,0,0,0,0,0
36,Female,39867,No,No,Yes,Yes,No,No,Yes,Yes,Yes,Yes,Yes,No,Yes,Yes,No,No,0,1,0,0,0,1,0,1,1,0,1,1,1,1,0,0,1,1,0,0
39,Female,176632,No,No,Yes,Yes,Yes,Yes,Yes,Yes,Yes,No,No,Yes,Yes,No,No,No,0,0,0,0,0,0,0,0,1,1,1,1,0,0,0,0,0,0,0,0
53,Female,166613,No,No,No,Yes,No,No,Yes,Yes,Yes,No,No,No,No,No,No,Yes,0,0,0,0,0,0,0,0,0,0,0,0,0,0,0,0,0,0,0,0
54,Female,248782,No,No,Yes,Yes,No,Yes,Yes,No,No,No,No,No,No,Yes,No,No,0,0,0,0,0,0,0,0,0,0,0,0,0,0,0,0,0,0,0,0
19,Female,249132,Yes,Yes,Yes,No,No,Yes,Yes,Yes,No,No,No,Yes,Yes,No,No,No,0,0,0,0,0,0,0,0,0,1,1,1,0,0,1,1,0,0,0,0
76,Female,109725,No,No,Yes,No,Yes,No,No,Yes,No,No,Yes,No,No,No,No,No,0,1,0,0,0,0,0,1,0,0,0,0,0,0,0,0,0,0,0,0
45,Female,97204,No,No,Yes,No,Yes,No,No,No,No,Yes,No,Yes,Yes,No,No,Yes,0,0,0,0,0,0,0,0,0,1,1,1,1,0,0,0,0,0,0,0
82,Male,393400,No,No,No,No,No,No,No,No,Yes,No,Yes,Yes,Yes,No,No,No,0,0,0,0,0,0,0,1,0,0,0,0,0,0,0,0,0,0,0,0
66,Female,428762,No,No,No,Yes,No,No,No,Yes,No,No,Yes,Yes,Yes,No,No,No,0,0,0,0,0,0,0,0,0,0,1,0,0,0,0,0,0,0,0,0
78,Male,450359,No,No,Yes,No,No,No,Yes,No,Yes,No,Yes,No,Yes,No,No,Yes,0,0,0,0,0,0,0,0,1,0,0,0,0,0,0,0,1,0,0,0
40,Male,444543,No,No,Yes,No,Yes,No,Yes,Yes,No,No,Yes,Yes,No,Yes,No,Yes,0,0,0,0,0,0,0,0,0,0,0,0,0,0,0,0,0,0,0,0
1,Female,93689,No,No,Yes,No,Yes,No,Yes,Yes,No,No,No,Yes,Yes,No,Yes,Yes,0,0,0,0,0,0,0,0,0,0,0,1,0,0,0,0,0,0,0,0
52,Female,53485,No,No,No,Yes,Yes,No,Yes,Yes,Yes,No,Yes,Yes,Yes,No,No,Yes,0,1,0,0,0,1,1,1,0,1,1,1,0,0,0,0,0,0,0,0
7,Male,127369,No,No,No,No,No,No,Yes,Yes,No,No,Yes,No,No,No,No,Yes,0,0,0,0,0,0,0,1,0,0,0,0,0,0,0,0,0,0,0,0
67,Female,53914,No,No,No,Yes,Yes,Yes,Yes,No,No,No,Yes,Yes,No,Yes,No,Yes,0,1,0,0,1,1,1,1,0,1,0,0,0,1,0,0,0,0,0,0
36,Male,293134,No,No,Yes,No,No,No,No,Yes,Yes,No,No,Yes,Yes,No,No,No,0,0,0,0,0,0,0,0,1,1,0,0,0,0,0,0,0,0,0,0
83,Female,228835,No,No,Yes,No,No,No,Yes,Yes,Yes,No,Yes,No,Yes,Yes,No,No,0,1,0,0,0,0,0,1,1,0,1,1,0,0,0,0,1,0,0,0
84,Female,341064,No,No,Yes,Yes,No,Yes,Yes,No,Yes,No,Yes,Yes,Yes,Yes,No,Yes,0,0,0,0,0,0,0,1,1,0,1,0,0,0,0,0,1,0,0,0
16,Female,82045,No,No,No,No,Yes,No,No,Yes,Yes,Yes,No,No,Yes,No,Yes,No,0,0,0,0,0,0,0,0,0,0,0,1,0,0,0,0,0,0,0,0
29,Male,274145,No,No,Yes,No,No,No,Yes,No,Yes,No,Yes,Yes,No,No,No,Yes,0,0,0,0,0,0,0,1,1,1,0,0,0,0,0,0,1,0,0,1
55,Female,237883,No,No,No,No,No,Yes,Yes,Yes,Yes,No,Yes,Yes,Yes,Yes,No,Yes,0,1,0,0,0,0,0,1,0,1,1,1,0,0,0,0,0,0,0,0
57,Male,31110,No,No,Yes,No,No,No,Yes,No,Yes,No,No,Yes,No,No,No,No,0,0,0,0,0,0,0,0,1,1,0,0,0,0,0,0,0,0,0,0
41,Male,150709,No,No,Yes,No,No,No,Yes,No,Yes,No,Yes,Yes,Yes,No,No,No,0,0,0,0,0,0,0,1,1,1,0,1,0,0,0,0,1,0,0,0
8,Male,458922,No,No,Yes,No,No,No,Yes,Yes,Yes,No,Yes,No,No,Yes,No,No,0,0,0,0,0,0,0,0,0,0,0,0,0,0,0,0,0,0,0,0
21,Female,288082,No,No,Yes,Yes,Yes,No,No,No,Yes,Yes,No,Yes,Yes,Yes,No,No,0,0,0,0,0,0,0,0,1,1,1,0,1,0,0,0,0,0,0,0
21,Female,15500,No,No,No,No,Yes,Yes,Yes,Yes,Yes,Yes,No,No,No,No,No,Yes,0,0,0,0,0,0,0,0,0,0,0,0,1,0,0,0,0,0,0,0
32,Male,292219,No,No,No,No,Yes,No,Yes,No,No,No,No,No,No,Yes,No,No,0,0,0,0,0,0,0,0,0,0,0,0,0,0,0,0,0,0,0,0
12,Male,25053,Yes,Yes,No,No,Yes,No,Yes,Yes,Yes,No,Yes,Yes,No,Yes,No,No,0,0,0,1,0,0,0,1,0,0,0,0,0,0,1,1,0,0,0,0
19,Female,420176,Yes,Yes,No,Yes,Yes,Yes,Yes,Yes,Yes,No,No,Yes,No,No,No,No,0,0,0,0,0,0,0,0,0,0,0,0,0,0,1,1,0,0,0,0
16,Female,137988,No,No,No,No,Yes,No,Yes,No,Yes,Yes,Yes,Yes,Yes,Yes,Yes,Yes,0,0,0,0,0,0,0,1,0,0,0,1,0,0,0,0,0,0,0,0
23,Male,492236,Yes,No,No,No,Yes,No,No,Yes,Yes,No,No,No,No,Yes,No,Yes,0,0,0,0,0,0,0,0,0,0,0,0,0,0,0,1,0,0,0,0
35,Female,480913,No,No,Yes,Yes,No,No,No,Yes,No,No,No,No,No,Yes,No,Yes,0,0,0,0,0,0,0,0,0,0,0,0,0,0,0,0,0,0,0,0
56,Female,354641,No,No,No,No,Yes,Yes,Yes,Yes,Yes,No,Yes,Yes,Yes,No,No,No,0,0,0,0,0,0,0,1,0,0,1,0,0,0,0,0,0,0,0,0
38,Male,90737,No,No,Yes,No,Yes,No,Yes,No,Yes,No,Yes,No,No,Yes,No,Yes,0,0,0,0,0,0,0,1,1,0,0,0,0,0,0,0,1,0,0,0
21,Male,276044,No,No,Yes,No,No,No,Yes,No,No,No,Yes,Yes,No,No,No,Yes,0,0,0,0,0,0,0,1,0,1,0,0,0,0,0,0,0,0,0,1
82,Female,407148,No,No,No,Yes,Yes,Yes,No,No,Yes,No,No,Yes,No,Yes,No,Yes,0,0,0,0,0,0,0,0,0,0,0,0,0,0,0,0,0,0,0,0
22,Male,499635,Yes,Yes,No,No,No,No,No,Yes,Yes,No,No,Yes,Yes,No,No,Yes,0,0,0,0,0,0,0,0,0,0,0,0,0,0,0,1,0,0,0,0
5,Female,436046,No,No,Yes,No,Yes,Yes,Yes,No,Yes,No,Yes,No,No,Yes,Yes,Yes,0,0,0,0,0,0,0,0,0,0,0,0,0,0,0,0,0,0,0,0
12,Male,154420,Yes,Yes,No,No,No,No,Yes,No,No,No,No,No,Yes,No,No,No,0,0,0,0,0,0,0,0,0,0,0,1,0,0,1,0,0,0,0,0
34,Female,246282,No,No,No,Yes,Yes,No,Yes,Yes,Yes,No,Yes,No,Yes,Yes,No,Yes,0,1,0,0,0,0,0,1,0,0,1,1,0,0,0,0,0,0,0,0
11,Male,11955,No,No,No,No,No,No,No,No,Yes,No,No,No,No,Yes,No,Yes,0,0,0,0,0,0,0,0,0,0,0,0,0,0,0,0,0,0,0,0
62,Male,238821,No,No,Yes,No,No,No,No,No,No,No,No,No,Yes,No,No,Yes,0,0,0,0,0,0,0,0,0,0,0,1,0,0,0,0,0,0,0,0
70,Male,160146,No,No,Yes,No,Yes,No,Yes,Yes,Yes,No,Yes,No,No,Yes,No,Yes,0,0,0,0,0,0,0,1,1,0,0,0,0,0,0,0,1,0,0,0
16,Female,219445,Yes,Yes,No,No,Yes,No,Yes,No,Yes,Yes,No,No,No,Yes,Yes,No,0,0,0,0,0,0,0,0,0,0,0,0,0,0,1,0,0,0,0,0
41,Female,214766,No,No,Yes,Yes,Yes,Yes,Yes,No,Yes,Yes,Yes,Yes,Yes,Yes,No,No,0,1,0,0,0,0,0,1,1,1,1,1,1,0,0,0,1,1,0,0
22,Female,288980,Yes,Yes,Yes,No,Yes,No,Yes,Yes,Yes,No,Yes,Yes,Yes,Yes,No,No,0,0,0,0,0,0,0,1,1,1,1,0,0,0,1,1,1,0,0,0
41,Female,453903,No,No,No,No,Yes,No,No,No,Yes,Yes,Yes,No,Yes,No,No,No,0,0,0,0,0,0,0,0,0,0,1,0,1,0,0,0,0,1,0,0
32,Female,409145,No,No,Yes,No,Yes,No,Yes,Yes,Yes,No,No,Yes,Yes,Yes,No,No,0,0,0,0,0,0,0,0,1,0,1,0,0,0,0,0,0,0,0,0
49,Female,66028,No,No,No,Yes,No,No,No,No,No,No,No,No,No,Yes,No,Yes,0,0,0,0,0,0,0,0,0,0,0,0,0,1,0,0,0,0,0,0
38,Male,472681,No,No,No,No,Yes,No,No,No,No,No,No,No,Yes,No,No,No,0,0,0,0,0,0,0,0,0,0,0,0,0,0,0,0,0,0,0,0
71,Male,448329,No,No,Yes,No,Yes,No,No,No,No,No,Yes,Yes,No,No,No,Yes,0,0,0,0,0,0,0,0,0,0,0,0,0,0,0,0,0,0,0,0
76,Male,415713,No,No,No,No,No,No,No,Yes,No,No,No,No,No,Yes,No,Yes,0,0,0,0,0,0,0,0,0,0,0,0,0,0,0,0,0,0,0,0
66,Female,480638,No,No,No,No,Yes,No,No,No,Yes,No,No,Yes,No,No,No,Yes,0,0,0,0,0,0,0,0,0,0,0,0,0,0,0,0,0,0,0,0
63,Female,46820,No,No,Yes,No,No,Yes,Yes,Yes,Yes,No,Yes,No,Yes,No,No,Yes,0,1,0,0,1,0,0,1,1,0,1,1,0,0,0,0,1,0,0,0
69,Female,108183,No,No,Yes,No,No,Yes,Yes,Yes,No,No,Yes,No,No,No,No,Yes,0,1,0,0,0,0,0,1,0,0,0,0,0,0,0,0,0,0,0,0
55,Female,498010,No,No,No,Yes,Yes,Yes,Yes,No,No,No,No,Yes,Yes,No,No,No,0,0,0,0,0,0,0,0,0,0,1,0,0,0,0,0,0,0,0,0
34,Male,448397,No,No,Yes,No,Yes,No,No,No,Yes,No,No,Yes,No,Yes,No,No,0,0,0,0,0,0,0,0,1,0,0,0,0,0,0,0,0,0,0,0
85,Male,437272,No,No,Yes,No,No,No,Yes,Yes,No,No,No,Yes,Yes,Yes,No,Yes,0,0,0,0,0,0,0,0,0,0,0,0,0,0,0,0,0,0,0,0
48,Female,94497,No,No,Yes,No,No,No,No,Yes,No,No,Yes,No,No,Yes,No,Yes,0,1,0,0,0,0,0,1,0,0,0,0,0,0,0,0,0,0,0,0
33,Female,233956,No,No,No,Yes,Yes,Yes,Yes,No,Yes,Yes,Yes,Yes,Yes,No,No,No,0,1,0,0,0,0,0,1,0,1,1,1,1,0,0,0,0,1,0,0
66,Female,66852,No,No,No,Yes,Yes,No,Yes,Yes,Yes,No,Yes,Yes,No,Yes,No,No,0,1,0,0,1,1,1,1,0,1,0,0,0,1,0,0,0,0,0,0
20,Female,454223,Yes,Yes,Yes,Yes,Yes,No,No,Yes,Yes,No,Yes,No,No,Yes,No,Yes,0,0,0,0,0,0,0,0,1,0,0,0,0,0,0,1,1,0,0,1
38,Male,342564,No,No,Yes,No,Yes,No,Yes,Yes,Yes,No,Yes,Yes,No,No,No,No,0,0,0,0,0,0,0,1,1,0,0,0,0,0,0,0,1,0,0,0
48,Female,461100,No,No,Yes,Yes,Yes,No,No,Yes,No,No,Yes,No,Yes,No,No,No,0,0,0,0,0,0,0,0,0,0,1,0,0,0,0,0,0,0,0,0
12,Female,69087,Yes,Yes,Yes,No,Yes,Yes,No,Yes,Yes,No,No,Yes,Yes,No,Yes,No,0,0,0,0,0,0,0,0,0,0,0,1,0,0,0,1,0,0,0,0
34,Female,427724,No,No,Yes,Yes,Yes,No,No,No,Yes,Yes,No,Yes,Yes,Yes,No,Yes,0,0,0,0,0,0,0,0,1,0,1,0,1,0,0,0,0,0,0,0
70,Male,243559,No,No,Yes,No,Yes,No,No,Yes,Yes,No,Yes,Yes,Yes,No,No,No,0,0,0,0,0,0,0,1,1,1,0,1,0,0,0,0,1,0,0,0
24,Female,351931,Yes,Yes,No,Yes,Yes,No,No,No,No,Yes,Yes,No,No,No,No,Yes,0,0,0,0,0,0,0,1,0,0,0,0,1,0,0,0,0,1,0,1
12,Female,437929,Yes,No,Yes,No,No,Yes,No,Yes,No,No,No,Yes,Yes,No,Yes,No,0,0,0,0,0,0,0,0,0,0,0,0,0,0,0,1,0,0,0,0
76,Female,264140,No,No,Yes,Yes,No,No,Yes,Yes,Yes,No,Yes,Yes,No,No,No,No,0,0,0,0,0,0,0,1,1,1,0,0,0,0,0,0,1,0,0,0
61,Female,494029,No,No,Yes,Yes,Yes,No,Yes,Yes,Yes,No,No,No,Yes,Yes,No,Yes,0,0,0,0,0,0,0,0,1,0,1,0,0,0,0,0,0,0,0,0
39,Female,97355,No,No,Yes,No,No,Yes,Yes,No,No,Yes,No,Yes,Yes,Yes,No,Yes,0,0,0,0,0,0,0,0,0,1,1,1,1,0,0,0,0,0,0,0
53,Female,323499,No,No,No,No,No,Yes,Yes,No,No,No,No,Yes,No,Yes,No,No,0,0,0,0,0,0,0,0,0,0,0,0,0,0,0,0,0,0,0,0
81,Male,346110,No,No,Yes,No,No,No,Yes,Yes,Yes,No,No,Yes,No,No,No,Yes,0,0,0,0,0,0,0,0,1,0,0,0,0,0,0,0,0,0,0,0
47,Male,489560,No,No,Yes,No,No,No,Yes,No,No,No,Yes,Yes,Yes,No,No,No,0,0,0,0,0,0,0,0,0,0,0,0,0,0,0,0,0,0,0,0
59,Male,186897,No,No,No,No,No,No,Yes,No,No,No,No,Yes,No,No,No,No,0,0,0,0,0,0,0,0,0,1,0,0,0,0,0,0,0,0,0,0
66,Female,273146,No,No,No,No,No,Yes,No,Yes,No,No,Yes,Yes,No,No,No,No,0,0,0,0,0,0,0,1,0,1,0,0,0,0,0,0,0,0,0,0
17,Male,69665,No,No,No,No,No,No,No,No,Yes,No,No,Yes,No,No,No,Yes,0,0,0,0,0,0,0,0,0,0,0,0,0,0,0,0,0,0,0,0
48,Female,388224,No,No,No,No,No,Yes,No,Yes,Yes,No,Yes,Yes,Yes,Yes,No,No,0,0,0,0,0,0,0,1,0,0,1,0,0,0,0,0,0,0,0,0
62,Female,117687,No,No,No,Yes,No,Yes,Yes,Yes,Yes,No,No,Yes,Yes,Yes,No,No,0,0,0,0,0,0,0,0,0,1,1,1,0,0,0,0,0,0,0,0
40,Female,190192,No,No,No,No,Yes,Yes,No,Yes,No,Yes,No,No,Yes,Yes,No,Yes,0,0,0,0,0,0,0,0,0,0,1,1,1,0,0,0,0,0,0,0
4,Male,197183,Yes,Yes,No,No,Yes,No,No,No,No,No,Yes,No,Yes,Yes,No,No,0,0,0,0,0,0,0,1,0,0,0,1,0,0,0,0,0,0,0,0
51,Female,286826,No,No,No,No,Yes,No,Yes,No,Yes,No,Yes,Yes,Yes,No,No,No,0,0,0,0,0,0,0,1,0,1,1,0,0,0,0,0,0,0,0,0
67,Female,162475,No,No,No,No,Yes,No,No,Yes,No,No,No,No,No,Yes,No,Yes,0,0,0,0,0,0,0,0,0,0,0,0,0,0,0,0,0,0,0,0
38,Female,398461,No,No,No,No,Yes,No,No,Yes,Yes,No,No,Yes,No,Yes,No,No,0,0,0,0,0,0,0,0,0,0,0,0,0,0,0,0,0,0,0,0
38,Female,310673,No,No,Yes,Yes,No,No,Yes,No,No,Yes,No,No,No,No,No,No,0,0,0,0,0,0,0,0,0,0,0,0,1,0,0,0,0,0,0,0
77,Female,162897,No,No,No,Yes,Yes,Yes,Yes,No,Yes,No,Yes,No,Yes,No,No,Yes,0,1,0,0,0,0,0,1,0,0,1,1,0,0,0,0,0,0,0,0
34,Female,419418,No,No,Yes,Yes,No,No,Yes,Yes,No,No,No,No,No,No,No,No,0,0,0,0,0,0,0,0,0,0,0,0,0,0,0,0,0,0,0,0
64,Male,391144,No,No,Yes,No,Yes,No,Yes,No,No,No,Yes,No,No,No,No,No,0,0,0,0,0,0,0,1,0,0,0,0,0,0,0,0,0,0,0,0
36,Male,265576,No,No,No,No,Yes,No,Yes,Yes,No,No,No,No,No,Yes,No,Yes,0,0,0,0,0,0,0,0,0,0,0,0,0,0,0,0,0,0,0,0
33,Male,261076,No,No,Yes,No,No,No,Yes,No,Yes,No,No,Yes,Yes,No,No,Yes,0,0,0,0,0,0,0,0,1,1,0,0,0,0,0,0,0,0,0,0
62,Female,288160,No,No,Yes,No,No,No,Yes,Yes,Yes,No,No,Yes,Yes,No,No,No,0,0,0,0,0,0,0,0,1,1,1,0,0,0,0,0,0,0,0,0
53,Female,301771,No,No,No,Yes,Yes,No,Yes,Yes,No,No,Yes,Yes,Yes,No,No,Yes,0,0,0,0,0,0,0,1,0,0,1,0,0,0,0,0,0,0,0,0
52,Female,498377,No,No,Yes,Yes,Yes,Yes,No,No,Yes,No,Yes,Yes,No,Yes,No,No,0,0,0,0,0,0,0,0,1,0,0,0,0,0,0,0,1,0,0,0
79,Female,140724,No,No,No,No,No,No,Yes,Yes,No,No,Yes,No,No,No,No,No,0,1,0,0,0,0,0,1,0,0,0,0,0,0,0,0,0,0,0,0
32,Male,335179,No,No,No,No,No,No,Yes,No,Yes,No,No,No,Yes,Yes,No,Yes,0,0,0,0,0,0,0,0,0,0,0,0,0,0,0,0,0,0,0,0
73,Male,42394,No,No,No,No,Yes,No,Yes,No,Yes,No,Yes,Yes,Yes,No,No,Yes,0,0,0,0,1,0,1,1,0,1,0,1,0,0,0,0,0,0,0,0
35,Female,128346,No,No,No,Yes,No,No,No,No,Yes,No,No,No,Yes,No,No,Yes,0,0,0,0,0,0,0,0,0,0,1,1,0,0,0,0,0,0,0,0
40,Female,113154,No,No,Yes,Yes,Yes,No,No,Yes,No,Yes,No,Yes,No,Yes,No,No,0,0,0,0,0,0,0,0,0,1,0,0,1,0,0,0,0,0,0,0
47,Male,92079,No,No,Yes,No,Yes,No,Yes,No,No,No,No,No,No,No,No,No,0,0,0,0,0,0,0,0,0,0,0,0,0,0,0,0,0,0,0,0
84,Male,345493,No,No,Yes,No,No,No,No,No,No,No,No,No,Yes,Yes,No,Yes,0,0,0,0,0,0,0,0,0,0,0,0,0,0,0,0,0,0,0,0
19,Male,338205,No,No,No,No,No,No,No,No,No,No,No,Yes,No,No,No,No,0,0,0,0,0,0,0,0,0,0,0,0,0,0,0,0,0,0,0,0
63,Female,90613,No,No,Yes,Yes,No,No,Yes,No,Yes,No,No,Yes,No,No,No,Yes,0,0,0,0,0,0,0,0,1,1,0,0,0,0,0,0,0,0,0,0
78,Female,167044,No,No,Yes,No,No,No,No,No,Yes,No,No,No,No,Yes,No,No,0,0,0,0,0,0,0,0,1,0,0,0,0,0,0,0,0,0,0,0
64,Female,495461,No,No,Yes,Yes,Yes,Yes,No,Yes,No,No,No,No,Yes,Yes,No,No,0,0,0,0,0,0,0,0,0,0,1,0,0,0,0,0,0,0,0,0
9,Female,457728,No,No,No,No,No,Yes,Yes,No,No,No,No,No,No,Yes,Yes,No,0,0,0,0,0,0,0,0,0,0,0,0,0,0,0,0,0,0,0,0
41,Female,232620,No,No,Yes,Yes,Yes,No,Yes,No,No,Yes,No,No,No,No,No,No,0,0,0,0,0,0,0,0,0,0,0,0,1,0,0,0,0,0,0,0
77,Male,173460,No,No,No,No,Yes,No,Yes,Yes,Yes,No,No,No,Yes,No,No,No,0,0,0,0,0,0,0,0,0,0,0,1,0,0,0,0,0,0,0,0
10,Male,20971,No,No,Yes,No,No,No,No,Yes,Yes,No,Yes,Yes,Yes,No,No,Yes,0,0,0,0,0,0,0,1,0,0,0,1,0,0,0,0,0,0,0,0
17,Male,43482,Yes,Yes,No,No,Yes,No,Yes,No,Yes,No,No,Yes,No,Yes,No,Yes,0,0,0,0,0,0,0,0,0,0,0,0,0,0,1,0,0,0,0,0
72,Male,86917,No,No,Yes,No,No,No,No,Yes,No,No,Yes,Yes,No,No,No,Yes,0,0,0,0,0,0,0,1,0,1,0,0,0,0,0,0,0,0,0,0
9,Male,74547,Yes,Yes,No,No,Yes,No,No,Yes,Yes,No,No,Yes,No,No,No,Yes,0,0,0,0,0,0,0,0,0,0,0,0,0,0,0,1,0,0,0,0
48,Female,307183,No,No,No,Yes,Yes,Yes,No,Yes,Yes,No,No,No,Yes,No,No,No,0,0,0,0,0,0,0,0,0,0,1,0,0,0,0,0,0,0,0,0
26,Female,270437,No,No,No,No,No,No,No,Yes,Yes,No,Yes,Yes,No,Yes,No,Yes,0,0,0,0,0,0,0,1,0,1,0,0,0,0,0,0,0,0,0,1
73,Male,442406,No,No,Yes,No,Yes,No,No,Yes,Yes,No,Yes,No,No,Yes,No,Yes,0,0,0,0,0,0,0,0,1,0,0,0,0,0,0,0,1,0,0,0
69,Male,484067,No,No,Yes,No,Yes,No,No,Yes,Yes,No,No,Yes,Yes,No,No,No,0,0,0,0,0,0,0,0,1,0,0,0,0,0,0,0,0,0,0,0
11,Female,108540,No,No,No,No,No,Yes,No,Yes,Yes,No,No,No,No,No,Yes,No,0,0,0,0,0,0,0,0,0,0,0,0,0,0,0,0,0,0,0,0
73,Female,202054,No,No,Yes,No,Yes,Yes,Yes,Yes,Yes,No,No,No,Yes,Yes,No,No,0,0,0,0,0,0,0,0,1,0,1,1,0,0,0,0,0,0,0,0
15,Female,422719,No,No,Yes,No,No,No,No,Yes,Yes,Yes,Yes,Yes,Yes,No,Yes,No,0,0,0,0,0,0,0,0,0,0,0,0,0,0,0,0,0,0,0,0
45,Male,223963,No,No,Yes,No,Yes,No,No,Yes,Yes,No,Yes,No,No,Yes,No,No,0,0,0,0,0,0,0,1,1,0,0,0,0,0,0,0,1,0,0,0
54,Female,436211,No,No,Yes,Yes,No,Yes,No,No,No,No,No,Yes,No,Yes,No,Yes,0,0,0,0,0,0,0,0,0,0,0,0,0,0,0,0,0,0,0,0
16,Male,323594,No,No,Yes,No,Yes,No,Yes,No,Yes,No,Yes,No,Yes,No,No,Yes,0,0,0,0,0,0,0,1,0,0,0,0,0,0,0,0,0,0,0,0
10,Female,326480,No,No,Yes,No,No,No,No,Yes,Yes,No,Yes,No,Yes,Yes,Yes,Yes,0,0,0,0,0,0,0,1,0,0,0,0,0,0,0,0,0,0,0,0
9,Female,87858,No,No,Yes,No,No,No,Yes,No,No,No,Yes,Yes,Yes,Yes,Yes,No,0,0,0,0,0,0,0,1,0,0,0,1,0,0,0,0,0,0,0,0
19,Male,462651,Yes,Yes,No,No,Yes,No,No,No,No,No,No,Yes,No,Yes,No,No,0,0,0,0,0,0,0,0,0,0,0,0,0,0,0,0,0,0,0,0
49,Male,268311,No,No,Yes,No,Yes,No,No,No,No,No,Yes,No,No,Yes,No,No,0,0,0,0,0,0,0,1,0,0,0,0,0,0,0,0,0,0,0,0
65,Female,72840,No,No,No,Yes,Yes,No,Yes,Yes,No,No,No,No,No,No,No,Yes,0,0,0,0,0,0,0,0,0,0,0,0,0,0,0,0,0,0,0,0
46,Female,30415,No,No,Yes,No,No,Yes,No,Yes,No,No,No,Yes,Yes,No,No,Yes,0,0,0,0,0,0,0,0,0,1,1,1,0,0,0,0,0,0,0,0
14,Male,351930,No,No,No,No,Yes,No,No,Yes,Yes,No,No,No,Yes,Yes,No,No,0,0,0,0,0,0,0,0,0,0,0,0,0,0,0,0,0,0,0,0
57,Male,381004,No,No,Yes,No,Yes,No,Yes,Yes,No,No,No,No,No,Yes,No,Yes,0,0,0,0,0,0,0,0,0,0,0,0,0,0,0,0,0,0,0,0
38,Male,289646,No,No,No,No,No,No,Yes,No,No,No,No,No,No,Yes,No,No,0,0,0,0,0,0,0,0,0,0,0,0,0,0,0,0,0,0,0,0
8,Female,70311,No,No,No,No,Yes,No,Yes,Yes,Yes,No,Yes,Yes,No,Yes,Yes,No,0,0,0,0,0,0,0,1,0,0,0,0,0,0,0,0,0,0,1,0
5,Male,265872,Yes,No,Yes,No,Yes,No,Yes,No,Yes,No,Yes,No,No,Yes,No,Yes,0,0,0,0,0,0,0,1,0,0,0,0,0,0,1,0,0,0,0,0
29,Male,79556,No,No,No,No,Yes,No,No,No,Yes,No,Yes,No,No,Yes,No,No,0,0,0,0,0,0,0,1,0,0,0,0,0,0,0,0,0,0,0,0
67,Male,373863,No,No,Yes,No,Yes,No,Yes,No,No,No,No,No,Yes,Yes,No,No,0,0,0,0,0,0,0,0,0,0,0,0,0,0,0,0,0,0,0,0
28,Female,94748,No,No,Yes,No,Yes,No,No,Yes,No,No,No,No,No,Yes,No,Yes,0,0,0,0,0,0,0,0,0,0,0,0,0,0,0,0,0,0,0,0
76,Male,209336,No,No,Yes,No,No,No,No,Yes,No,No,Yes,No,Yes,Yes,No,Yes,0,0,0,0,0,0,0,1,0,0,0,1,0,0,0,0,0,0,0,0
9,Male,382050,Yes,No,Yes,No,No,No,Yes,Yes,Yes,No,Yes,No,Yes,No,No,No,0,0,0,0,0,0,0,1,0,0,0,0,0,0,1,1,0,0,0,0
40,Female,271925,No,No,No,No,Yes,No,No,Yes,Yes,No,Yes,Yes,Yes,No,No,No,0,0,0,0,0,0,0,1,0,1,1,0,0,0,0,0,0,0,0,0
44,Male,356979,No,No,No,No,No,No,No,Yes,Yes,No,No,No,No,Yes,No,No,0,0,0,0,0,0,0,0,0,0,0,0,0,0,0,0,0,0,0,0
76,Female,248873,No,No,No,Yes,No,Yes,No,No,No,No,No,Yes,Yes,Yes,No,No,0,0,0,0,0,0,0,0,0,1,1,1,0,0,0,0,0,0,0,0
83,Male,97425,No,No,Yes,No,Yes,No,Yes,Yes,Yes,No,Yes,Yes,Yes,Yes,No,No,0,0,0,0,0,0,0,1,1,1,0,1,0,0,0,0,1,0,0,0
72,Female,142810,No,No,Yes,Yes,Yes,No,No,Yes,No,No,Yes,No,No,Yes,No,Yes,0,1,0,0,0,0,0,1,0,0,0,0,0,0,0,0,0,0,0,0
8,Male,316228,No,No,No,No,Yes,No,No,No,Yes,No,No,Yes,Yes,Yes,No,No,0,0,0,0,0,0,0,0,0,0,0,0,0,0,0,0,0,0,0,0
50,Male,120116,No,No,No,No,Yes,No,No,No,No,No,No,Yes,No,No,No,Yes,0,0,0,0,0,0,0,0,0,1,0,0,0,0,0,0,0,0,0,0
58,Female,140725,No,No,No,No,Yes,Yes,Yes,No,Yes,No,Yes,Yes,No,Yes,No,Yes,0,1,0,0,0,0,0,1,0,1,0,0,0,0,0,0,0,0,0,0
35,Female,364203,No,No,No,No,Yes,No,Yes,Yes,Yes,No,Yes,Yes,Yes,No,No,Yes,0,0,0,0,0,0,0,1,0,0,1,0,0,0,0,0,0,0,0,0
62,Male,82646,No,No,Yes,No,Yes,No,Yes,Yes,No,No,Yes,No,Yes,No,No,Yes,0,0,0,0,0,0,0,1,0,0,0,1,0,0,0,0,0,0,0,0
63,Male,11535,No,No,Yes,No,Yes,No,Yes,Yes,No,No,No,Yes,Yes,No,No,No,0,0,0,0,0,0,0,0,0,1,0,1,0,0,0,0,0,0,0,0
68,Male,270629,No,No,No,No,No,No,No,Yes,No,No,No,No,No,Yes,No,Yes,0,0,0,0,0,0,0,0,0,0,0,0,0,0,0,0,0,0,0,0
15,Male,239826,No,No,No,No,Yes,No,Yes,Yes,Yes,No,No,Yes,Yes,No,No,No,0,0,0,0,0,0,0,0,0,0,0,1,0,0,0,0,0,0,0,0
66,Female,278086,No,No,Yes,No,No,No,No,Yes,No,No,No,Yes,Yes,No,No,No,0,0,0,0,0,0,0,0,0,1,1,0,0,0,0,0,0,0,0,0
15,Female,352666,Yes,No,No,No,Yes,No,Yes,Yes,No,No,Yes,Yes,Yes,No,Yes,Yes,0,0,0,0,0,0,0,1,0,0,0,0,0,0,1,1,0,0,0,0
15,Male,242026,Yes,Yes,Yes,No,No,No,Yes,No,Yes,No,No,Yes,Yes,Yes,No,No,0,0,0,0,0,0,0,0,0,0,0,1,0,0,1,0,0,0,0,0
52,Female,251657,No,No,No,Yes,No,No,Yes,No,Yes,No,No,Yes,Yes,Yes,No,Yes,0,0,0,0,0,0,0,0,0,1,1,0,0,0,0,0,0,0,0,0
77,Male,466883,No,No,No,No,Yes,No,Yes,No,Yes,No,No,Yes,Yes,Yes,No,Yes,0,0,0,0,0,0,0,0,0,0,0,0,0,0,0,0,0,0,0,0
48,Female,440449,No,No,No,No,Yes,Yes,Yes,No,Yes,No,Yes,Yes,Yes,No,No,No,0,0,0,0,0,0,0,0,0,0,1,0,0,0,0,0,0,0,0,0
73,Male,452880,No,No,Yes,No,No,No,Yes,Yes,Yes,No,Yes,No,No,Yes,No,No,0,0,0,0,0,0,0,0,1,0,0,0,0,0,0,0,1,0,0,0
50,Male,172188,No,No,Yes,No,No,No,Yes,No,Yes,No,No,No,No,No,No,No,0,0,0,0,0,0,0,0,1,0,0,0,0,0,0,0,0,0,0,0
82,Female,48729,No,No,No,Yes,Yes,Yes,Yes,No,No,No,Yes,Yes,No,Yes,No,Yes,0,1,0,0,1,1,1,1,0,1,0,0,0,1,0,0,0,0,0,0
79,Male,316359,No,No,No,No,Yes,No,Yes,No,Yes,No,No,Yes,Yes,No,No,Yes,0,0,0,0,0,0,0,0,0,0,0,0,0,0,0,0,0,0,0,0
28,Male,293002,No,No,Yes,No,No,No,Yes,Yes,Yes,No,No,Yes,Yes,Yes,No,No,0,0,0,0,0,0,0,0,1,1,0,0,0,0,0,0,0,0,0,0
27,Male,42002,No,No,No,No,Yes,No,Yes,Yes,No,No,Yes,Yes,Yes,Yes,No,No,0,0,0,0,0,0,1,1,0,1,0,1,0,1,0,0,0,0,0,0
32,Female,494264,No,No,No,No,No,Yes,Yes,Yes,No,Yes,No,Yes,No,No,No,Yes,0,0,0,0,0,0,0,0,0,0,0,0,1,0,0,0,0,0,0,0
45,Female,322354,No,No,Yes,Yes,Yes,No,Yes,No,No,No,No,No,Yes,No,No,No,0,0,0,0,0,0,0,0,0,0,1,0,0,0,0,0,0,0,0,0
65,Female,157121,No,No,Yes,No,Yes,No,No,No,No,No,No,Yes,Yes,Yes,No,Yes,0,0,0,0,0,0,0,0,0,1,1,1,0,0,0,0,0,0,0,0
5,Male,196293,No,No,No,No,Yes,No,No,No,No,No,No,No,Yes,No,No,No,0,0,0,0,0,0,0,0,0,0,0,1,0,0,0,0,0,0,0,0
30,Male,155873,No,No,No,No,Yes,No,Yes,No,Yes,No,Yes,Yes,Yes,Yes,No,No,0,0,0,0,0,0,0,1,0,1,0,1,0,0,0,0,0,0,0,0
50,Female,492524,No,No,No,Yes,No,Yes,No,No,No,No,Yes,No,No,Yes,No,Yes,0,0,0,0,0,0,0,0,0,0,0,0,0,0,0,0,0,0,0,0
31,Male,310618,No,No,Yes,No,Yes,No,No,No,No,No,Yes,No,No,No,No,No,0,0,0,0,0,0,0,1,0,0,0,0,0,0,0,0,0,0,0,0
59,Female,200146,No,No,Yes,No,Yes,Yes,No,No,Yes,No,Yes,No,No,Yes,No,No,0,1,0,0,0,0,0,1,1,0,0,0,0,0,0,0,1,0,0,0
63,Female,110431,No,No,Yes,Yes,Yes,Yes,Yes,Yes,No,No,No,No,Yes,Yes,No,Yes,0,0,0,0,0,0,0,0,0,0,1,1,0,0,0,0,0,0,0,0
13,Male,200934,Yes,Yes,Yes,No,Yes,No,No,Yes,Yes,No,Yes,No,No,No,No,No,0,0,0,1,0,0,0,1,0,0,0,0,0,0,0,1,0,0,0,0
48,Female,131489,No,No,No,Yes,Yes,Yes,Yes,Yes,No,No,Yes,No,Yes,No,No,No,0,1,0,0,0,0,0,1,0,0,1,1,0,0,0,0,0,0,0,0
80,Male,188295,No,No,Yes,No,Yes,No,No,No,No,No,Yes,Yes,Yes,No,No,Yes,0,0,0,0,0,0,0,1,0,1,0,1,0,0,0,0,0,0,0,0
54,Male,321140,No,No,No,No,No,No,No,Yes,Yes,No,No,No,Yes,Yes,No,No,0,0,0,0,0,0,0,0,0,0,0,0,0,0,0,0,0,0,0,0
11,Male,402151,Yes,Yes,No,No,Yes,No,No,No,No,No,No,Yes,Yes,No,No,No,0,0,0,0,0,0,0,0,0,0,0,0,0,0,0,0,0,0,0,0
42,Male,499335,No,No,No,No,Yes,No,No,No,Yes,No,Yes,No,No,No,No,Yes,0,0,0,0,0,0,0,0,0,0,0,0,0,0,0,0,0,0,0,0
67,Female,55904,No,No,Yes,Yes,No,No,No,Yes,Yes,No,Yes,No,Yes,No,No,Yes,0,1,0,0,1,1,0,1,1,0,1,1,0,0,0,0,1,0,0,0
54,Male,160559,No,No,Yes,No,Yes,No,Yes,Yes,Yes,No,Yes,Yes,Yes,Yes,No,No,0,0,0,0,0,0,0,1,1,1,0,1,0,0,0,0,1,0,0,0
67,Female,186887,No,No,Yes,No,No,No,Yes,Yes,No,No,No,No,Yes,No,No,Yes,0,0,0,0,0,0,0,0,0,0,1,1,0,0,0,0,0,0,0,0
15,Male,423896,No,No,No,No,Yes,No,Yes,No,Yes,No,No,No,Yes,No,No,Yes,0,0,0,0,0,0,0,0,0,0,0,0,0,0,0,0,0,0,0,0
76,Male,175442,No,No,Yes,No,Yes,No,No,Yes,Yes,No,No,Yes,No,Yes,No,No,0,0,0,0,0,0,0,0,1,1,0,0,0,0,0,0,0,0,0,0
35,Female,137600,No,No,No,No,Yes,No,Yes,No,No,Yes,No,Yes,Yes,Yes,No,No,0,0,0,0,0,0,0,0,0,1,1,1,1,0,0,0,0,0,0,0
47,Male,288391,No,No,No,No,Yes,No,No,Yes,Yes,No,Yes,Yes,No,Yes,No,Yes,0,0,0,0,0,0,0,1,0,1,0,0,0,0,0,0,0,0,0,0
38,Female,66534,No,No,No,No,No,No,Yes,Yes,Yes,No,Yes,No,Yes,No,No,No,0,1,0,0,0,0,0,1,0,0,1,1,0,0,0,0,0,0,0,0
73,Male,420915,No,No,Yes,No,Yes,No,No,No,Yes,No,No,No,No,No,No,Yes,0,0,0,0,0,0,0,0,1,0,0,0,0,0,0,0,0,0,0,0
75,Female,110568,No,No,No,Yes,Yes,No,No,Yes,Yes,No,Yes,No,Yes,No,No,Yes,0,1,0,0,0,0,0,1,0,0,1,1,0,0,0,0,0,0,0,0
60,Male,162006,No,No,No,No,Yes,No,Yes,Yes,Yes,No,No,Yes,Yes,Yes,No,Yes,0,0,0,0,0,0,0,0,0,1,0,1,0,0,0,0,0,0,0,0
81,Male,50308,No,No,No,No,No,No,No,No,Yes,No,No,No,No,Yes,No,No,0,0,0,0,0,0,0,0,0,0,0,0,0,1,0,0,0,0,0,0
9,Male,26210,No,No,No,No,No,No,Yes,Yes,No,No,No,Yes,Yes,No,No,No,0,0,0,0,0,0,0,0,0,0,0,1,0,0,0,0,0,0,0,0
4,Male,30333,Yes,No,No,No,Yes,No,No,No,No,No,Yes,No,Yes,No,No,No,0,0,0,0,0,0,0,1,0,0,0,1,0,0,0,0,0,0,0,0
57,Female,379084,No,No,Yes,No,Yes,Yes,No,No,Yes,No,No,No,Yes,Yes,No,No,0,0,0,0,0,0,0,0,1,0,1,0,0,0,0,0,0,0,0,0
74,Female,285668,No,No,No,Yes,Yes,No,Yes,No,No,No,Yes,Yes,Yes,No,No,Yes,0,0,0,0,0,0,0,1,0,1,1,0,0,0,0,0,0,0,0,0
16,Male,291539,Yes,No,Yes,No,No,No,No,No,No,No,Yes,Yes,No,Yes,No,Yes,0,0,0,0,0,0,0,1,0,0,0,0,0,0,0,0,0,0,0,0
70,Male,111583,No,No,Yes,No,No,No,Yes,No,Yes,No,No,Yes,No,No,No,No,0,0,0,0,0,0,0,0,1,1,0,0,0,0,0,0,0,0,0,0
52,Female,220821,No,No,Yes,Yes,No,Yes,No,Yes,Yes,No,No,Yes,Yes,Yes,No,No,0,0,0,0,0,0,0,0,1,1,1,1,0,0,0,0,0,0,0,0
51,Male,277440,No,No,No,No,Yes,No,No,Yes,No,No,Yes,Yes,Yes,Yes,No,Yes,0,0,0,0,0,0,0,1,0,1,0,0,0,0,0,0,0,0,0,0
85,Male,347419,No,No,No,No,Yes,No,Yes,Yes,No,No,Yes,Yes,No,No,No,Yes,0,0,0,0,0,0,0,1,0,0,0,0,0,0,0,0,0,0,0,0
68,Female,172708,No,No,No,Yes,No,No,No,Yes,No,No,Yes,No,No,No,No,Yes,0,1,0,0,0,0,0,1,0,0,0,0,0,0,0,0,0,0,0,0
79,Male,60781,No,No,Yes,No,Yes,No,Yes,No,Yes,No,Yes,Yes,No,Yes,No,No,0,0,0,0,1,0,1,1,1,1,0,0,0,1,0,0,1,0,0,0
84,Male,221425,No,No,Yes,No,No,No,Yes,Yes,Yes,No,Yes,No,No,No,No,No,0,0,0,0,0,0,0,1,1,0,0,0,0,0,0,0,1,0,0,0
55,Male,192961,No,No,Yes,No,No,No,Yes,Yes,Yes,No,Yes,Yes,Yes,Yes,No,Yes,0,0,0,0,0,0,0,1,1,1,0,1,0,0,0,0,1,0,0,0
78,Female,412818,No,No,No,No,No,No,No,No,Yes,No,No,Yes,No,No,No,No,0,0,0,0,0,0,0,0,0,0,0,0,0,0,0,0,0,0,0,0
69,Male,272011,No,No,Yes,No,No,No,Yes,No,No,No,No,Yes,No,No,No,Yes,0,0,0,0,0,0,0,0,0,1,0,0,0,0,0,0,0,0,0,0
80,Female,177149,No,No,No,No,No,No,No,Yes,Yes,No,Yes,Yes,No,Yes,No,Yes,0,1,0,0,0,0,0,1,0,1,0,0,0,0,0,0,0,0,0,0
68,Female,224457,No,No,Yes,Yes,Yes,No,Yes,No,Yes,No,No,No,No,No,No,Yes,0,0,0,0,0,0,0,0,1,0,0,0,0,0,0,0,0,0,0,0
59,Female,451294,No,No,Yes,No,Yes,No,No,Yes,Yes,No,Yes,Yes,No,Yes,No,Yes,0,0,0,0,0,0,0,0,1,0,0,0,0,0,0,0,1,0,0,0
6,Male,227283,No,No,No,No,No,No,No,No,Yes,No,No,No,Yes,No,No,Yes,0,0,0,0,0,0,0,0,0,0,0,1,0,0,0,0,0,0,0,0
20,Male,315628,Yes,Yes,No,No,Yes,No,Yes,No,Yes,No,No,No,No,Yes,No,No,0,0,0,0,0,0,0,0,0,0,0,0,0,0,1,0,0,0,0,0
58,Female,465137,No,No,Yes,Yes,No,No,Yes,No,No,No,No,Yes,No,No,No,Yes,0,0,0,0,0,0,0,0,0,0,0,0,0,0,0,0,0,0,0,0
80,Male,100290,No,No,No,No,Yes,No,No,No,No,No,No,Yes,No,No,No,No,0,0,0,0,0,0,0,0,0,1,0,0,0,0,0,0,0,0,0,0
41,Female,212467,No,No,Yes,No,No,No,Yes,No,Yes,No,No,No,Yes,Yes,No,No,0,0,0,0,0,0,0,0,1,0,1,1,0,0,0,0,0,0,0,0
2,Male,246584,No,No,No,No,Yes,No,No,No,No,No,No,Yes,Yes,No,No,Yes,0,0,0,0,0,0,0,0,0,0,0,1,0,0,0,0,0,0,0,0
37,Female,367348,No,No,No,No,No,No,Yes,No,No,No,No,Yes,Yes,Yes,No,No,0,0,0,0,0,0,0,0,0,0,1,0,0,0,0,0,0,0,0,0
67,Male,389558,No,No,No,No,Yes,No,Yes,Yes,Yes,No,Yes,No,Yes,Yes,No,Yes,0,0,0,0,0,0,0,1,0,0,0,0,0,0,0,0,0,0,0,0
34,Male,136819,No,No,No,No,Yes,No,No,Yes,No,No,Yes,No,No,Yes,No,Yes,0,0,0,0,0,0,0,1,0,0,0,0,0,0,0,0,0,0,0,0
22,Female,100980,No,No,Yes,Yes,Yes,Yes,No,Yes,No,No,Yes,Yes,Yes,No,No,Yes,0,1,0,0,0,0,0,1,0,1,1,1,0,0,0,0,0,0,0,1
11,Female,305847,Yes,Yes,Yes,No,Yes,Yes,Yes,Yes,No,No,Yes,Yes,No,Yes,Yes,No,0,0,0,1,0,0,0,1,0,0,0,0,0,0,1,1,0,0,0,0
39,Female,437389,No,No,No,No,Yes,No,Yes,Yes,No,No,No,Yes,Yes,Yes,No,No,0,0,0,0,0,0,0,0,0,0,1,0,0,0,0,0,0,0,0,0
9,Female,254494,No,No,No,No,No,Yes,Yes,Yes,Yes,No,Yes,Yes,No,Yes,Yes,No,0,0,0,0,0,0,0,1,0,0,0,0,0,0,0,0,0,0,0,0
17,Male,46742,No,No,Yes,No,No,No,No,Yes,No,No,Yes,No,No,No,No,No,0,0,0,0,0,0,0,1,0,0,0,0,0,0,0,0,0,0,0,0
9,Male,384817,No,No,Yes,No,Yes,No,No,Yes,No,No,Yes,Yes,No,No,No,No,0,0,0,0,0,0,0,1,0,0,0,0,0,0,0,0,0,0,0,0
17,Female,460355,Yes,No,Yes,No,Yes,Yes,Yes,No,No,Yes,No,Yes,No,Yes,Yes,No,0,0,0,0,0,0,0,0,0,0,0,0,0,0,1,0,0,0,0,0
38,Male,23499,No,No,No,No,No,No,No,No,Yes,No,Yes,Yes,No,Yes,No,Yes,0,0,0,0,0,0,0,1,0,1,0,0,0,1,0,0,0,0,0,0
49,Male,344598,No,No,No,No,No,No,No,Yes,Yes,No,Yes,Yes,Yes,Yes,No,Yes,0,0,0,0,0,0,0,1,0,0,0,0,0,0,0,0,0,0,0,0
2,Male,313748,Yes,Yes,No,No,No,No,Yes,Yes,Yes,No,Yes,Yes,No,Yes,No,No,0,0,0,0,0,0,0,1,0,0,0,0,0,0,0,0,0,0,0,0
26,Male,424991,No,No,Yes,No,Yes,No,Yes,No,Yes,No,No,Yes,No,No,No,No,0,0,0,0,0,0,0,0,1,0,0,0,0,0,0,0,0,0,0,0
74,Female,77936,No,No,Yes,No,Yes,No,No,Yes,No,No,No,Yes,Yes,No,No,No,0,0,0,0,0,0,0,0,0,1,1,1,0,0,0,0,0,0,0,0
55,Male,471586,No,No,No,No,Yes,No,Yes,No,No,No,Yes,No,No,Yes,No,Yes,0,0,0,0,0,0,0,0,0,0,0,0,0,0,0,0,0,0,0,0
56,Male,130249,No,No,Yes,No,Yes,No,Yes,No,Yes,No,Yes,No,Yes,Yes,No,Yes,0,0,0,0,0,0,0,1,1,0,0,1,0,0,0,0,1,0,0,0
55,Female,218931,No,No,Yes,No,No,Yes,No,Yes,Yes,No,Yes,Yes,No,No,No,Yes,0,1,0,0,0,0,0,1,1,1,0,0,0,0,0,0,1,0,0,0
63,Female,269823,No,No,No,No,No,No,Yes,No,No,No,Yes,No,Yes,Yes,No,No,0,0,0,0,0,0,0,1,0,0,1,0,0,0,0,0,0,0,0,0
10,Female,58022,No,No,Yes,No,Yes,Yes,No,No,No,No,No,No,Yes,Yes,Yes,No,0,0,0,0,0,0,0,0,0,0,0,1,0,0,0,0,0,0,0,0
61,Female,40383,No,No,Yes,Yes,Yes,No,Yes,No,No,No,Yes,No,Yes,Yes,No,Yes,0,1,0,0,1,1,1,1,0,0,1,1,0,1,0,0,0,0,0,0
28,Female,171061,No,No,Yes,No,No,Yes,Yes,Yes,Yes,No,No,No,Yes,Yes,No,No,0,0,0,0,0,0,0,0,1,0,1,1,0,0,0,0,0,0,0,0
54,Male,478050,No,No,Yes,No,No,No,Yes,Yes,Yes,No,No,Yes,No,No,No,Yes,0,0,0,0,0,0,0,0,1,0,0,0,0,0,0,0,0,0,0,0
67,Female,319504,No,No,No,No,No,No,No,Yes,Yes,No,No,Yes,No,Yes,No,No,0,0,0,0,0,0,0,0,0,0,0,0,0,0,0,0,0,0,0,0
69,Male,368200,No,No,Yes,No,No,No,No,Yes,No,No,Yes,No,No,No,No,Yes,0,0,0,0,0,0,0,1,0,0,0,0,0,0,0,0,0,0,0,0
62,Male,426429,No,No,No,No,Yes,No,No,Yes,Yes,No,No,No,Yes,Yes,No,Yes,0,0,0,0,0,0,0,0,0,0,0,0,0,0,0,0,0,0,0,0
33,Male,81978,No,No,No,No,No,No,Yes,No,Yes,No,No,Yes,No,Yes,No,Yes,0,0,0,0,0,0,0,0,0,1,0,0,0,0,0,0,0,0,0,0
47,Male,359772,No,No,Yes,No,Yes,No,No,Yes,No,No,Yes,Yes,No,No,No,Yes,0,0,0,0,0,0,0,1,0,0,0,0,0,0,0,0,0,0,0,0
4,Male,207136,No,No,Yes,No,Yes,No,Yes,Yes,No,No,No,Yes,Yes,No,No,Yes,0,0,0,0,0,0,0,0,0,0,0,1,0,0,0,0,0,0,0,0
22,Female,236643,No,No,Yes,Yes,No,Yes,No,No,No,No,Yes,Yes,Yes,No,No,Yes,0,1,0,0,0,0,0,1,0,1,1,1,0,0,0,0,0,0,0,1
77,Male,181497,No,No,Yes,No,No,No,No,No,No,No,No,Yes,No,No,No,Yes,0,0,0,0,0,0,0,0,0,1,0,0,0,0,0,0,0,0,0,0
54,Female,96849,No,No,Yes,No,Yes,No,Yes,No,Yes,No,No,Yes,Yes,No,No,Yes,0,0,0,0,0,0,0,0,1,1,1,1,0,0,0,0,0,0,0,0
61,Female,489615,No,No,No,Yes,Yes,No,No,No,No,No,Yes,Yes,No,No,No,Yes,0,0,0,0,0,0,0,0,0,0,0,0,0,0,0,0,0,0,0,0
66,Male,35707,No,No,No,No,Yes,No,No,Yes,No,No,No,No,No,Yes,No,Yes,0,0,0,0,0,0,0,0,0,0,0,0,0,1,0,0,0,0,0,0
54,Female,330863,No,No,No,Yes,No,Yes,No,No,No,No,Yes,No,Yes,Yes,No,Yes,0,0,0,0,0,0,0,1,0,0,1,0,0,0,0,0,0,0,0,0
12,Male,449236,No,No,Yes,No,Yes,No,No,No,No,No,Yes,Yes,No,Yes,No,No,0,0,0,0,0,0,0,0,0,0,0,0,0,0,0,0,0,0,0,0
57,Male,71918,No,No,No,No,Yes,No,No,Yes,No,No,Yes,No,No,Yes,No,No,0,0,0,0,0,0,1,1,0,0,0,0,0,1,0,0,0,0,0,0
11,Male,68697,Yes,Yes,No,No,No,No,Yes,No,No,No,No,No,Yes,No,No,Yes,0,0,0,0,0,0,0,0,0,0,0,1,0,0,1,0,0,0,0,0
35,Female,244220,No,No,No,Yes,No,No,No,No,Yes,Yes,No,No,Yes,No,No,No,0,0,0,0,0,0,0,0,0,0,1,1,1,0,0,0,0,0,0,0
15,Female,453432,Yes,No,Yes,No,No,No,Yes,Yes,Yes,No,No,No,No,Yes,Yes,No,0,0,0,0,0,0,0,0,0,0,0,0,0,0,1,1,0,0,0,0
52,Female,320101,No,No,Yes,No,Yes,Yes,Yes,No,Yes,No,No,Yes,No,No,No,No,0,0,0,0,0,0,0,0,1,0,0,0,0,0,0,0,0,0,0,0
6,Female,349246,Yes,No,No,No,No,No,No,No,No,No,Yes,No,No,Yes,Yes,No,0,0,0,0,0,0,0,1,0,0,0,0,0,0,0,0,0,0,0,0
44,Female,162853,No,No,No,Yes,Yes,No,Yes,No,Yes,No,No,No,No,Yes,No,Yes,0,0,0,0,0,0,0,0,0,0,0,0,0,0,0,0,0,0,0,0
37,Female,428320,No,No,Yes,Yes,No,No,No,Yes,Yes,No,Yes,No,No,Yes,No,Yes,0,0,0,0,0,0,0,0,1,0,0,0,0,0,0,0,1,0,0,0
81,Male,31239,No,No,No,No,Yes,No,No,No,Yes,No,No,No,No,No,No,No,0,0,0,0,0,0,0,0,0,0,0,0,0,0,0,0,0,0,0,0
73,Female,443771,No,No,Yes,Yes,No,Yes,Yes,No,No,No,Yes,Yes,Yes,Yes,No,Yes,0,0,0,0,0,0,0,0,0,0,1,0,0,0,0,0,0,0,0,0
22,Female,431229,Yes,No,Yes,Yes,No,Yes,No,No,No,Yes,No,No,Yes,No,No,No,0,0,0,0,0,0,0,0,0,0,1,0,1,0,0,0,0,0,0,0
42,Female,205865,No,No,No,No,No,Yes,No,Yes,Yes,Yes,No,No,No,No,No,Yes,0,0,0,0,0,0,0,0,0,0,0,0,1,0,0,0,0,0,0,0
25,Male,289775,No,No,No,No,Yes,No,Yes,Yes,Yes,No,No,No,No,Yes,No,No,0,0,0,0,0,0,0,0,0,0,0,0,0,0,0,0,0,0,0,0
51,Male,145307,No,No,No,No,No,No,Yes,Yes,Yes,No,Yes,Yes,Yes,No,No,No,0,0,0,0,0,0,0,1,0,1,0,1,0,0,0,0,0,0,0,0
65,Male,152007,No,No,No,No,Yes,No,No,Yes,No,No,Yes,No,No,Yes,No,Yes,0,0,0,0,0,0,0,1,0,0,0,0,0,0,0,0,0,0,0,0
41,Female,240550,No,No,No,No,No,Yes,No,Yes,No,No,Yes,No,Yes,No,No,No,0,1,0,0,0,0,0,1,0,0,1,1,0,0,0,0,0,0,0,0
33,Female,166801,No,No,Yes,Yes,Yes,No,No,No,Yes,Yes,Yes,Yes,Yes,No,No,Yes,0,1,0,0,0,0,0,1,1,1,1,1,1,0,0,0,1,1,0,0
56,Female,103137,No,No,No,No,No,Yes,No,Yes,No,No,Yes,Yes,Yes,Yes,No,No,0,1,0,0,0,0,0,1,0,1,1,1,0,0,0,0,0,0,0,0
13,Male,488744,Yes,Yes,No,No,Yes,No,Yes,Yes,Yes,No,Yes,Yes,Yes,No,No,No,0,0,0,1,0,0,0,0,0,0,0,0,0,0,1,1,0,0,0,0
80,Female,163161,No,No,Yes,No,Yes,No,No,No,No,No,No,No,No,No,No,Yes,0,0,0,0,0,0,0,0,0,0,0,0,0,0,0,0,0,0,0,0
69,Female,105868,No,No,No,No,No,Yes,Yes,Yes,Yes,No,No,Yes,No,No,No,Yes,0,0,0,0,0,0,0,0,0,1,0,0,0,0,0,0,0,0,0,0
67,Female,123129,No,No,No,No,No,No,Yes,Yes,Yes,No,No,Yes,No,Yes,No,No,0,0,0,0,0,0,0,0,0,1,0,0,0,0,0,0,0,0,0,0
50,Male,135876,No,No,No,No,No,No,No,No,Yes,No,No,No,No,No,No,Yes,0,0,0,0,0,0,0,0,0,0,0,0,0,0,0,0,0,0,0,0
13,Female,339471,No,No,Yes,No,No,Yes,Yes,No,Yes,No,Yes,No,No,No,Yes,Yes,0,0,0,0,0,0,0,1,0,0,0,0,0,0,0,0,0,0,0,0
72,Male,218314,No,No,No,No,Yes,No,Yes,No,No,No,Yes,Yes,No,No,No,Yes,0,0,0,0,0,0,0,1,0,1,0,0,0,0,0,0,0,0,0,0
1,Male,369678,Yes,No,Yes,No,No,No,No,No,No,No,No,No,No,No,No,No,0,0,0,0,0,0,0,0,0,0,0,0,0,0,0,0,0,0,0,0
38,Male,53122,No,No,Yes,No,Yes,No,Yes,Yes,No,No,No,No,No,No,No,Yes,0,0,0,0,0,0,0,0,0,0,0,0,0,0,0,0,0,0,0,0
40,Female,207207,No,No,No,Yes,No,No,No,No,Yes,Yes,No,No,Yes,No,No,Yes,0,0,0,0,0,0,0,0,0,0,1,1,1,0,0,0,0,0,0,0
57,Female,466690,No,No,No,Yes,Yes,Yes,No,No,Yes,No,No,No,Yes,Yes,No,No,0,0,0,0,0,0,0,0,0,0,1,0,0,0,0,0,0,0,0,0
35,Male,490382,No,No,Yes,No,Yes,No,No,Yes,Yes,No,Yes,No,No,No,No,Yes,0,0,0,0,0,0,0,0,1,0,0,0,0,0,0,0,1,0,0,0
24,Female,405063,Yes,No,No,Yes,Yes,Yes,No,No,No,Yes,No,Yes,No,Yes,No,Yes,0,0,0,0,0,0,0,0,0,0,0,0,1,0,0,0,0,0,0,0
33,Male,380400,No,No,Yes,No,Yes,No,Yes,Yes,Yes,No,Yes,No,No,No,No,Yes,0,0,0,0,0,0,0,1,1,0,0,0,0,0,0,0,1,0,0,0
8,Female,232107,No,No,Yes,No,No,Yes,No,No,Yes,No,Yes,Yes,Yes,Yes,Yes,No,0,0,0,0,0,0,0,1,0,0,0,1,0,0,0,0,0,0,0,0
28,Male,210463,No,No,No,No,Yes,No,No,Yes,Yes,No,No,No,Yes,No,No,No,0,0,0,0,0,0,0,0,0,0,0,1,0,0,0,0,0,0,0,0
5,Female,389208,Yes,Yes,No,No,Yes,No,Yes,Yes,Yes,No,Yes,No,Yes,No,Yes,Yes,0,0,0,1,0,0,0,1,0,0,0,0,0,0,1,1,0,0,0,0
28,Male,179581,No,No,No,No,No,No,Yes,Yes,Yes,No,Yes,No,No,Yes,No,No,0,0,0,0,0,0,0,1,0,0,0,0,0,0,0,0,0,0,0,0
30,Female,450343,No,No,No,Yes,Yes,No,No,No,Yes,No,Yes,Yes,No,No,No,No,0,0,0,0,0,0,0,0,0,0,0,0,0,0,0,0,0,0,0,0
10,Male,480856,No,No,No,No,Yes,No,Yes,No,Yes,No,No,Yes,Yes,Yes,No,No,0,0,0,0,0,0,0,0,0,0,0,0,0,0,0,0,0,0,0,0
84,Female,35176,No,No,Yes,Yes,No,No,No,No,No,No,Yes,Yes,Yes,No,No,Yes,0,1,0,0,1,1,0,1,0,1,1,1,0,0,0,0,0,0,0,0
17,Female,382258,Yes,No,No,No,Yes,Yes,No,No,No,Yes,Yes,No,Yes,Yes,Yes,No,0,0,0,0,0,0,0,1,0,0,0,0,0,0,0,0,0,0,0,0
57,Female,357956,No,No,Yes,Yes,No,No,Yes,No,No,No,No,No,No,No,No,Yes,0,0,0,0,0,0,0,0,0,0,0,0,0,0,0,0,0,0,0,0
30,Male,365358,No,No,Yes,No,Yes,No,Yes,Yes,No,No,No,No,Yes,Yes,No,No,0,0,0,0,0,0,0,0,0,0,0,0,0,0,0,0,0,0,0,0
13,Male,404967,Yes,Yes,No,No,Yes,No,No,No,No,No,Yes,No,Yes,Yes,No,Yes,0,0,0,1,0,0,0,0,0,0,0,0,0,0,0,0,0,0,0,0
21,Female,487860,No,No,Yes,Yes,Yes,No,Yes,No,No,No,Yes,No,Yes,No,No,No,0,0,0,0,0,0,0,0,0,0,1,0,0,0,0,0,0,0,0,0
71,Male,342321,No,No,No,No,No,No,No,Yes,Yes,No,No,Yes,Yes,No,No,Yes,0,0,0,0,0,0,0,0,0,0,0,0,0,0,0,0,0,0,0,0
16,Male,372417,Yes,No,Yes,No,No,No,Yes,Yes,No,No,Yes,No,Yes,No,No,Yes,0,0,0,0,0,0,0,1,0,0,0,0,0,0,1,1,0,0,0,0
68,Female,262501,No,No,Yes,No,No,No,No,Yes,Yes,No,Yes,Yes,Yes,No,No,No,0,0,0,0,0,0,0,1,1,1,1,0,0,0,0,0,1,0,0,0
30,Female,391794,No,No,Yes,No,Yes,Yes,No,Yes,Yes,No,Yes,Yes,Yes,Yes,No,No,0,0,0,0,0,0,0,1,1,0,1,0,0,0,0,0,1,0,0,0
67,Female,309992,No,No,Yes,Yes,No,Yes,Yes,Yes,Yes,No,No,No,Yes,No,No,No,0,0,0,0,0,0,0,0,1,0,1,0,0,0,0,0,0,0,0,0
72,Male,294681,No,No,Yes,No,Yes,No,Yes,No,No,No,Yes,No,Yes,Yes,No,No,0,0,0,0,0,0,0,1,0,0,0,0,0,0,0,0,0,0,0,0
60,Male,215027,No,No,No,No,Yes,No,Yes,No,Yes,No,Yes,Yes,Yes,Yes,No,Yes,0,0,0,0,0,0,0,1,0,1,0,1,0,0,0,0,0,0,0,0
67,Female,260449,No,No,No,No,No,No,No,Yes,No,No,Yes,No,No,No,No,No,0,0,0,0,0,0,0,1,0,0,0,0,0,0,0,0,0,0,0,0
82,Female,43086,No,No,Yes,No,No,Yes,No,Yes,No,No,Yes,Yes,No,No,No,Yes,0,1,0,0,1,0,0,1,0,1,0,0,0,0,0,0,0,0,0,0
41,Male,395553,No,No,Yes,No,Yes,No,Yes,No,Yes,No,No,Yes,No,No,No,No,0,0,0,0,0,0,0,0,1,0,0,0,0,0,0,0,0,0,0,0
51,Male,334015,No,No,Yes,No,No,No,Yes,No,No,No,Yes,No,No,No,No,Yes,0,0,0,0,0,0,0,1,0,0,0,0,0,0,0,0,0,0,0,0
44,Female,141068,No,No,Yes,No,No,Yes,No,Yes,No,Yes,No,Yes,Yes,Yes,No,No,0,0,0,0,0,0,0,0,0,1,1,1,1,0,0,0,0,0,0,0
52,Female,222347,No,No,Yes,Yes,No,No,No,Yes,Yes,No,Yes,Yes,No,No,No,Yes,0,1,0,0,0,0,0,1,1,1,0,0,0,0,0,0,1,0,0,0
19,Female,294969,Yes,No,Yes,Yes,No,Yes,Yes,Yes,Yes,No,Yes,Yes,No,Yes,No,No,0,0,0,0,0,0,0,1,1,1,0,0,0,0,1,1,1,0,0,0
61,Male,328029,No,No,No,No,No,No,Yes,No,No,No,No,No,No,No,No,No,0,0,0,0,0,0,0,0,0,0,0,0,0,0,0,0,0,0,0,0
35,Male,191741,No,No,Yes,No,No,No,Yes,No,Yes,No,Yes,No,Yes,Yes,No,Yes,0,0,0,0,0,0,0,1,1,0,0,1,0,0,0,0,1,0,0,0
65,Male,431401,No,No,No,No,Yes,No,No,No,Yes,No,Yes,Yes,Yes,No,No,Yes,0,0,0,0,0,0,0,0,0,0,0,0,0,0,0,0,0,0,0,0
8,Male,263897,Yes,No,No,No,Yes,No,No,No,No,No,No,Yes,No,Yes,No,No,0,0,0,0,0,0,0,0,0,0,0,0,0,0,0,0,0,0,0,0
55,Male,73091,No,No,No,No,Yes,No,No,Yes,Yes,No,No,No,Yes,Yes,No,No,0,0,0,0,0,0,0,0,0,0,0,1,0,1,0,0,0,0,0,0
80,Female,210689,No,No,No,Yes,No,No,Yes,Yes,Yes,No,Yes,Yes,Yes,No,No,Yes,0,1,0,0,0,0,0,1,0,1,1,1,0,0,0,0,0,0,0,0
62,Female,50340,No,No,Yes,No,No,No,No,Yes,Yes,No,Yes,No,Yes,No,No,No,0,1,0,0,1,0,0,1,1,0,1,1,0,0,0,0,1,0,0,0
71,Female,83841,No,No,Yes,Yes,No,No,No,Yes,Yes,No,Yes,Yes,No,No,No,Yes,0,1,0,0,0,0,0,1,1,1,0,0,0,0,0,0,1,0,0,0
77,Male,51147,No,No,Yes,No,No,No,No,No,No,No,No,No,Yes,Yes,No,No,0,0,0,0,0,0,0,0,0,0,0,1,0,1,0,0,0,0,0,0
45,Female,357764,No,No,Yes,Yes,No,Yes,No,Yes,Yes,No,Yes,Yes,Yes,No,No,No,0,0,0,0,0,0,0,1,1,0,1,0,0,0,0,0,1,0,0,0
14,Female,117245,No,No,Yes,No,No,Yes,Yes,Yes,Yes,No,Yes,No,No,Yes,Yes,No,0,0,0,0,0,0,0,1,0,0,0,0,0,0,0,0,0,0,0,0
7,Male,415322,No,No,No,No,Yes,No,Yes,No,Yes,No,Yes,Yes,Yes,Yes,No,No,0,0,0,0,0,0,0,0,0,0,0,0,0,0,0,0,0,0,0,0
59,Male,27946,No,No,Yes,No,Yes,No,No,Yes,No,No,Yes,Yes,No,Yes,No,No,0,0,0,0,0,0,1,1,0,1,0,0,0,1,0,0,0,0,0,0
64,Female,335929,No,No,No,Yes,Yes,No,No,No,No,No,No,Yes,No,No,No,No,0,0,0,0,0,0,0,0,0,0,0,0,0,0,0,0,0,0,0,0
42,Female,244224,No,No,Yes,Yes,Yes,Yes,No,No,Yes,No,No,Yes,No,No,No,No,0,0,0,0,0,0,0,0,1,1,0,0,0,0,0,0,0,0,0,0
19,Female,44993,No,No,Yes,No,No,No,Yes,No,Yes,Yes,Yes,Yes,No,Yes,No,Yes,0,0,0,0,0,0,0,1,1,1,0,0,1,1,0,0,1,1,0,1
35,Female,236630,No,No,No,No,Yes,Yes,Yes,No,No,Yes,Yes,No,Yes,No,No,Yes,0,1,0,0,0,0,0,1,0,0,1,1,1,0,0,0,0,1,0,0
73,Male,44501,No,No,No,No,Yes,No,Yes,No,Yes,No,No,No,Yes,No,No,Yes,0,0,0,0,0,0,0,0,0,0,0,1,0,0,0,0,0,0,0,0
37,Male,65321,No,No,No,No,Yes,No,No,Yes,No,No,No,No,Yes,Yes,No,No,0,0,0,0,0,0,0,0,0,0,0,1,0,1,0,0,0,0,0,0
51,Female,463799,No,No,No,Yes,Yes,Yes,Yes,No,No,No,No,No,No,Yes,No,No,0,0,0,0,0,0,0,0,0,0,0,0,0,0,0,0,0,0,0,0
59,Male,328100,No,No,Yes,No,Yes,No,No,Yes,Yes,No,Yes,No,No,No,No,No,0,0,0,0,0,0,0,1,1,0,0,0,0,0,0,0,1,0,0,0
78,Male,323395,No,No,No,No,No,No,No,No,Yes,No,No,Yes,Yes,No,No,Yes,0,0,0,0,0,0,0,0,0,0,0,0,0,0,0,0,0,0,0,0
66,Female,319779,No,No,No,Yes,Yes,Yes,No,Yes,No,No,No,No,Yes,Yes,No,Yes,0,0,0,0,0,0,0,0,0,0,1,0,0,0,0,0,0,0,0,0
36,Male,228850,No,No,Yes,No,Yes,No,No,No,Yes,No,No,Yes,No,Yes,No,Yes,0,0,0,0,0,0,0,0,1,1,0,0,0,0,0,0,0,0,0,0
4,Male,107785,No,No,Yes,No,No,No,Yes,Yes,No,No,Yes,Yes,Yes,No,No,Yes,0,0,0,0,0,0,0,1,0,0,0,1,0,0,0,0,0,0,0,0
70,Male,106094,No,No,No,No,No,No,Yes,Yes,Yes,No,No,No,No,Yes,No,No,0,0,0,0,0,0,0,0,0,0,0,0,0,0,0,0,0,0,0,0
18,Female,323522,Yes,No,Yes,No,Yes,Yes,No,No,No,No,No,No,Yes,Yes,No,No,0,0,0,0,0,0,0,0,0,0,1,0,0,0,0,0,0,0,0,0
17,Male,176042,No,No,Yes,No,Yes,No,Yes,No,No,No,No,No,No,No,No,No,0,0,0,0,0,0,0,0,0,0,0,0,0,0,0,0,0,0,0,0
7,Female,133782,Yes,Yes,No,No,No,Yes,Yes,No,Yes,No,No,Yes,No,Yes,Yes,Yes,0,0,0,0,0,0,0,0,0,0,0,0,0,0,1,0,0,0,0,0
72,Female,88694,No,No,Yes,No,No,No,Yes,No,No,No,No,Yes,No,No,No,Yes,0,0,0,0,0,0,0,0,0,1,0,0,0,0,0,0,0,0,0,0
4,Female,225605,Yes,Yes,No,No,No,Yes,Yes,Yes,No,No,Yes,No,No,No,Yes,No,0,0,0,0,0,0,0,1,0,0,0,0,0,0,0,0,0,0,0,0
1,Female,204721,Yes,Yes,Yes,No,No,Yes,No,Yes,Yes,No,No,Yes,No,No,Yes,Yes,0,0,0,0,0,0,0,0,0,0,0,0,0,0,0,0,0,0,0,0
46,Female,250791,No,No,Yes,Yes,No,Yes,No,Yes,Yes,No,Yes,Yes,No,No,No,No,0,0,0,0,0,0,0,1,1,1,0,0,0,0,0,0,1,0,0,0
49,Male,169616,No,No,No,No,Yes,No,No,No,No,No,No,No,No,Yes,No,No,0,0,0,0,0,0,0,0,0,0,0,0,0,0,0,0,0,0,0,0
5,Male,495859,No,No,Yes,No,Yes,No,No,No,No,No,No,Yes,Yes,Yes,No,No,0,0,0,0,0,0,0,0,0,0,0,0,0,0,0,0,0,0,0,0
38,Male,102508,No,No,Yes,No,Yes,No,No,No,No,No,No,No,Yes,No,No,No,0,0,0,0,0,0,0,0,0,0,0,1,0,0,0,0,0,0,0,0
83,Female,98055,No,No,No,No,Yes,Yes,No,No,Yes,No,No,No,Yes,No,No,No,0,0,0,0,0,0,0,0,0,0,1,1,0,0,0,0,0,0,0,0
72,Female,94225,No,No,No,No,No,Yes,No,Yes,No,No,Yes,No,No,Yes,No,Yes,0,1,0,0,0,0,0,1,0,0,0,0,0,0,0,0,0,0,0,0
79,Female,19107,No,No,Yes,Yes,No,Yes,Yes,Yes,No,No,No,No,No,Yes,No,No,0,0,0,0,0,0,0,0,0,0,0,0,0,1,0,0,0,0,0,0
85,Male,443674,No,No,No,No,No,No,Yes,No,No,No,Yes,No,Yes,Yes,No,Yes,0,0,0,0,0,0,0,0,0,0,0,0,0,0,0,0,0,0,0,0
69,Female,152966,No,No,No,Yes,Yes,No,No,Yes,No,No,Yes,Yes,Yes,No,No,No,0,1,0,0,0,0,0,1,0,1,1,1,0,0,0,0,0,0,0,0
53,Female,91718,No,No,Yes,Yes,No,Yes,Yes,Yes,Yes,No,Yes,Yes,Yes,No,No,Yes,0,1,0,0,0,0,0,1,1,1,1,1,0,0,0,0,1,0,0,0
63,Male,270488,No,No,Yes,No,Yes,No,Yes,Yes,Yes,No,No,Yes,Yes,No,No,No,0,0,0,0,0,0,0,0,1,1,0,0,0,0,0,0,0,0,0,0
45,Female,272089,No,No,No,No,No,No,Yes,Yes,Yes,No,Yes,No,No,No,No,Yes,0,0,0,0,0,0,0,1,0,0,0,0,0,0,0,0,0,0,0,0
83,Male,357966,No,No,No,No,No,No,No,Yes,Yes,No,No,No,Yes,Yes,No,Yes,0,0,0,0,0,0,0,0,0,0,0,0,0,0,0,0,0,0,0,0
20,Male,497845,No,No,No,No,No,No,No,Yes,No,No,Yes,No,Yes,No,No,No,0,0,0,0,0,0,0,0,0,0,0,0,0,0,0,0,0,0,0,0
59,Female,278331,No,No,No,Yes,No,Yes,No,Yes,Yes,No,No,No,Yes,Yes,No,Yes,0,0,0,0,0,0,0,0,0,0,1,0,0,0,0,0,0,0,0,0
40,Male,149348,No,No,No,No,No,No,Yes,No,Yes,No,No,No,Yes,Yes,No,No,0,0,0,0,0,0,0,0,0,0,0,1,0,0,0,0,0,0,0,0
44,Female,468182,No,No,No,Yes,No,No,Yes,No,Yes,No,Yes,Yes,No,Yes,No,No,0,0,0,0,0,0,0,0,0,0,0,0,0,0,0,0,0,0,0,0
18,Male,144264,Yes,Yes,No,No,No,No,Yes,No,Yes,No,Yes,Yes,No,Yes,No,No,0,0,1,0,0,0,0,1,0,1,0,0,0,0,1,0,0,0,0,0
49,Female,38327,No,No,Yes,No,No,Yes,No,No,No,No,No,Yes,No,Yes,No,No,0,0,0,0,0,0,0,0,0,1,0,0,0,1,0,0,0,0,0,0
59,Female,366746,No,No,No,No,Yes,No,No,Yes,Yes,No,Yes,No,No,Yes,No,Yes,0,0,0,0,0,0,0,1,0,0,0,0,0,0,0,0,0,0,0,0
80,Female,216514,No,No,Yes,Yes,No,No,No,Yes,Yes,No,Yes,Yes,No,Yes,No,No,0,1,0,0,0,0,0,1,1,1,0,0,0,0,0,0,1,0,0,0
81,Female,101595,No,No,Yes,Yes,No,No,No,No,Yes,No,Yes,No,Yes,Yes,No,No,0,1,0,0,0,0,0,1,1,0,1,1,0,0,0,0,1,0,0,0
22,Male,307085,Yes,Yes,Yes,No,No,No,Yes,No,No,No,No,Yes,No,Yes,No,Yes,0,0,0,0,0,0,0,0,0,0,0,0,0,0,1,0,0,0,0,0
61,Female,407010,No,No,Yes,Yes,No,No,No,No,Yes,No,Yes,Yes,Yes,Yes,No,No,0,0,0,0,0,0,0,0,1,0,1,0,0,0,0,0,1,0,0,0
32,Male,451969,No,No,No,No,No,No,No,No,Yes,No,No,No,Yes,No,No,Yes,0,0,0,0,0,0,0,0,0,0,0,0,0,0,0,0,0,0,0,0
84,Female,302507,No,No,No,Yes,No,Yes,Yes,Yes,Yes,No,No,Yes,Yes,No,No,Yes,0,0,0,0,0,0,0,0,0,0,1,0,0,0,0,0,0,0,0,0
27,Female,194997,No,No,Yes,Yes,Yes,Yes,No,Yes,No,Yes,Yes,Yes,Yes,No,No,Yes,0,1,0,0,0,0,0,1,0,1,1,1,1,0,0,0,0,1,0,1
20,Female,421273,Yes,No,No,No,No,Yes,Yes,Yes,No,No,No,No,No,No,No,Yes,0,0,0,0,0,0,0,0,0,0,0,0,0,0,1,1,0,0,0,0
81,Female,378523,No,No,Yes,No,Yes,Yes,Yes,Yes,Yes,No,No,Yes,No,No,No,Yes,0,0,0,0,0,0,0,0,1,0,0,0,0,0,0,0,0,0,0,0
23,Male,125212,No,No,No,No,Yes,No,No,Yes,Yes,No,No,No,No,Yes,No,No,0,0,0,0,0,0,0,0,0,0,0,0,0,0,0,0,0,0,0,0
46,Male,13878,No,No,No,No,Yes,No,No,No,No,No,Yes,No,No,Yes,No,Yes,0,0,0,0,0,0,1,1,0,0,0,0,0,1,0,0,0,0,0,0
9,Female,341513,No,No,No,No,Yes,No,No,No,Yes,No,Yes,Yes,Yes,No,Yes,No,0,0,0,0,0,0,0,1,0,0,0,0,0,0,0,0,0,0,0,0
76,Male,473226,No,No,No,No,No,No,No,Yes,Yes,No,Yes,No,No,Yes,No,No,0,0,0,0,0,0,0,0,0,0,0,0,0,0,0,0,0,0,0,0
80,Female,42660,No,No,Yes,Yes,Yes,No,Yes,No,Yes,No,Yes,No,Yes,No,No,Yes,0,1,0,0,1,1,1,1,1,0,1,1,0,0,0,0,1,0,0,0
32,Female,357266,No,No,No,Yes,No,No,Yes,Yes,No,No,Yes,No,Yes,Yes,No,No,0,0,0,0,0,0,0,1,0,0,1,0,0,0,0,0,0,0,0,0
22,Male,397378,Yes,No,No,No,No,No,Yes,No,No,No,No,No,No,No,No,Yes,0,0,0,0,0,0,0,0,0,0,0,0,0,0,1,0,0,0,0,0
83,Male,66295,No,No,Yes,No,Yes,No,Yes,Yes,Yes,No,Yes,No,Yes,No,No,Yes,0,0,0,0,1,0,1,1,1,0,0,1,0,0,0,0,1,0,0,0
38,Male,294039,No,No,Yes,No,No,No,Yes,No,No,No,Yes,No,No,No,No,Yes,0,0,0,0,0,0,0,1,0,0,0,0,0,0,0,0,0,0,0,0
73,Male,304338,No,No,Yes,No,No,No,Yes,Yes,Yes,No,No,Yes,No,No,No,No,0,0,0,0,0,0,0,0,1,0,0,0,0,0,0,0,0,0,0,0
76,Male,178339,No,No,No,No,No,No,Yes,No,No,No,Yes,Yes,No,No,No,Yes,0,0,0,0,0,0,0,1,0,1,0,0,0,0,0,0,0,0,0,0
70,Male,313149,No,No,Yes,No,No,No,No,No,Yes,No,Yes,No,Yes,No,No,Yes,0,0,0,0,0,0,0,1,1,0,0,0,0,0,0,0,1,0,0,0
71,Female,25527,No,No,No,Yes,Yes,No,No,Yes,Yes,No,No,Yes,Yes,No,No,Yes,0,0,0,0,0,0,0,0,0,1,1,1,0,0,0,0,0,0,0,0
51,Male,82503,No,No,Yes,No,Yes,No,Yes,Yes,No,No,No,No,Yes,Yes,No,No,0,0,0,0,0,0,0,0,0,0,0,1,0,0,0,0,0,0,0,0
48,Male,73339,No,No,Yes,No,No,No,Yes,Yes,No,No,No,No,No,Yes,No,No,0,0,0,0,0,0,0,0,0,0,0,0,0,1,0,0,0,0,0,0
34,Male,380830,No,No,No,No,Yes,No,No,No,No,No,No,Yes,Yes,No,No,Yes,0,0,0,0,0,0,0,0,0,0,0,0,0,0,0,0,0,0,0,0
32,Female,318925,No,No,No,No,Yes,No,No,No,No,No,Yes,Yes,No,No,No,Yes,0,0,0,0,0,0,0,1,0,0,0,0,0,0,0,0,0,0,0,0
45,Male,317004,No,No,Yes,No,No,No,No,No,No,No,No,No,No,No,No,No,0,0,0,0,0,0,0,0,0,0,0,0,0,0,0,0,0,0,0,0
58,Male,55858,No,No,Yes,No,Yes,No,Yes,Yes,Yes,No,Yes,Yes,No,No,No,No,0,0,0,0,0,0,1,1,1,1,0,0,0,0,0,0,1,0,0,0
22,Female,440780,No,No,No,No,No,Yes,Yes,Yes,No,Yes,Yes,No,Yes,Yes,No,Yes,0,0,0,0,0,0,0,0,0,0,1,0,1,0,0,0,0,1,0,1
33,Female,414589,No,No,Yes,Yes,No,Yes,No,Yes,Yes,No,No,Yes,Yes,No,No,No,0,0,0,0,0,0,0,0,1,0,1,0,0,0,0,0,0,0,0,0
39,Female,178254,No,No,Yes,No,Yes,No,No,No,No,Yes,No,No,No,No,No,No,0,0,0,0,0,0,0,0,0,0,0,0,1,0,0,0,0,0,0,0
11,Male,258109,Yes,Yes,No,No,No,No,Yes,Yes,No,No,Yes,Yes,No,Yes,No,No,0,0,0,1,0,0,0,1,0,0,0,0,0,0,1,1,0,0,0,0
19,Male,168403,No,No,No,No,Yes,No,Yes,Yes,No,No,Yes,No,Yes,Yes,No,Yes,0,0,0,0,0,0,0,1,0,0,0,1,0,0,0,0,0,0,0,1
9,Female,301865,No,No,No,No,No,No,Yes,No,No,No,Yes,No,No,No,Yes,Yes,0,0,0,0,0,0,0,1,0,0,0,0,0,0,0,0,0,0,0,0
63,Male,368640,No,No,Yes,No,Yes,No,Yes,No,No,No,Yes,Yes,Yes,No,No,Yes,0,0,0,0,0,0,0,1,0,0,0,0,0,0,0,0,0,0,0,0
36,Male,492112,No,No,No,No,No,No,No,Yes,Yes,No,No,No,No,Yes,No,No,0,0,0,0,0,0,0,0,0,0,0,0,0,0,0,0,0,0,0,0
81,Male,24624,No,No,No,No,Yes,No,Yes,No,Yes,No,Yes,No,Yes,No,No,Yes,0,0,0,0,1,0,1,1,0,0,0,1,0,0,0,0,0,0,0,0
35,Male,43654,No,No,No,No,Yes,No,No,Yes,No,No,No,Yes,Yes,No,No,Yes,0,0,0,0,0,0,0,0,0,1,0,1,0,0,0,0,0,0,0,0
61,Female,333219,No,No,Yes,No,Yes,No,No,No,Yes,No,Yes,No,Yes,Yes,No,No,0,0,0,0,0,0,0,1,1,0,1,0,0,0,0,0,1,0,0,0
56,Male,235046,No,No,No,No,No,No,No,Yes,Yes,No,No,No,No,No,No,No,0,0,0,0,0,0,0,0,0,0,0,0,0,0,0,0,0,0,0,0
41,Female,253216,No,No,Yes,No,Yes,Yes,Yes,Yes,Yes,No,No,No,No,Yes,No,Yes,0,0,0,0,0,0,0,0,1,0,0,0,0,0,0,0,0,0,0,0
49,Female,87307,No,No,No,No,Yes,Yes,Yes,No,No,No,Yes,No,No,Yes,No,No,0,1,0,0,0,0,0,1,0,0,0,0,0,0,0,0,0,0,0,0
20,Female,249684,No,No,No,No,No,Yes,No,Yes,No,Yes,Yes,Yes,No,No,No,No,0,0,0,0,0,0,0,1,0,1,0,0,1,0,0,0,0,1,0,0
8,Female,291899,Yes,Yes,No,No,No,No,No,No,No,No,Yes,Yes,Yes,Yes,Yes,Yes,0,0,0,1,0,0,0,1,0,0,0,0,0,0,0,0,0,0,0,0
32,Male,125291,No,No,Yes,No,Yes,No,No,No,Yes,No,Yes,No,Yes,No,No,No,0,0,0,0,0,0,0,1,1,0,0,1,0,0,0,0,1,0,0,0
20,Female,151734,No,No,No,No,Yes,Yes,Yes,Yes,No,Yes,Yes,No,Yes,No,No,No,0,0,0,0,0,0,0,1,0,0,1,1,1,0,0,0,0,1,0,0
55,Male,456515,No,No,No,No,No,No,No,No,No,No,No,No,Yes,Yes,No,No,0,0,0,0,0,0,0,0,0,0,0,0,0,0,0,0,0,0,0,0
20,Male,373443,No,No,No,No,Yes,No,Yes,Yes,No,No,No,Yes,Yes,No,No,Yes,0,0,0,0,0,0,0,0,0,0,0,0,0,0,0,0,0,0,0,0
20,Female,145075,No,No,Yes,No,No,No,Yes,Yes,Yes,Yes,Yes,No,No,Yes,No,No,0,0,0,0,0,0,0,1,1,0,0,0,1,0,0,0,1,1,0,0
15,Male,405297,No,No,No,No,No,No,Yes,Yes,No,No,No,No,No,No,No,No,0,0,0,0,0,0,0,0,0,0,0,0,0,0,0,0,0,0,0,0
52,Male,395555,No,No,No,No,Yes,No,No,No,Yes,No,Yes,No,Yes,No,No,Yes,0,0,0,0,0,0,0,1,0,0,0,0,0,0,0,0,0,0,0,0
25,Male,402903,No,No,Yes,No,No,No,Yes,No,No,No,Yes,No,Yes,Yes,No,No,0,0,0,0,0,0,0,0,0,0,0,0,0,0,0,0,0,0,0,0
84,Female,204060,No,No,No,Yes,Yes,No,No,Yes,No,No,No,Yes,Yes,No,No,Yes,0,0,0,0,0,0,0,0,0,1,1,1,0,0,0,0,0,0,0,0
21,Male,104197,No,No,Yes,No,No,No,No,No,Yes,No,Yes,No,No,No,No,No,0,0,0,0,0,0,0,1,1,0,0,0,0,0,0,0,1,0,0,0
83,Female,269576,No,No,Yes,No,Yes,No,Yes,Yes,No,No,Yes,No,Yes,Yes,No,No,0,0,0,0,0,0,0,1,0,0,1,0,0,0,0,0,0,0,0,0
39,Male,37791,No,No,No,No,Yes,No,Yes,Yes,No,No,Yes,Yes,No,Yes,No,Yes,0,0,0,0,0,0,1,1,0,1,0,0,0,1,0,0,0,0,0,0
8,Male,133494,No,No,Yes,No,Yes,No,No,Yes,No,No,No,Yes,Yes,Yes,No,Yes,0,0,0,0,0,0,0,0,0,0,0,1,0,0,0,0,0,0,0,0
17,Female,278075,Yes,Yes,No,No,Yes,Yes,No,Yes,Yes,Yes,No,Yes,Yes,Yes,Yes,Yes,0,0,0,0,0,0,0,0,0,0,0,0,0,0,0,1,0,0,0,0
67,Male,444070,No,No,No,No,No,No,Yes,No,No,No,No,Yes,No,Yes,No,Yes,0,0,0,0,0,0,0,0,0,0,0,0,0,0,0,0,0,0,0,0
50,Female,366574,No,No,Yes,No,Yes,Yes,No,Yes,No,No,Yes,No,Yes,Yes,No,Yes,0,0,0,0,0,0,0,1,0,0,1,0,0,0,0,0,0,0,0,0
34,Female,223529,No,No,Yes,Yes,No,Yes,Yes,Yes,No,Yes,Yes,Yes,Yes,Yes,No,No,0,1,0,0,0,0,0,1,0,1,1,1,1,0,0,0,0,1,0,0
73,Male,342565,No,No,No,No,No,No,Yes,Yes,No,No,Yes,No,Yes,Yes,No,No,0,0,0,0,0,0,0,1,0,0,0,0,0,0,0,0,0,0,0,0
31,Female,492893,No,No,Yes,No,No,Yes,No,No,Yes,Yes,No,Yes,Yes,Yes,No,No,0,0,0,0,0,0,0,0,1,0,1,0,1,0,0,0,0,0,0,0
30,Female,216505,No,No,No,Yes,Yes,Yes,No,No,Yes,Yes,Yes,No,No,Yes,No,No,0,1,0,0,0,0,0,1,0,0,0,0,1,0,0,0,0,1,0,0
63,Male,128555,No,No,Yes,No,No,No,Yes,Yes,No,No,Yes,No,Yes,Yes,No,No,0,0,0,0,0,0,0,1,0,0,0,1,0,0,0,0,0,0,0,0
50,Female,92308,No,No,No,No,No,No,No,Yes,No,No,No,Yes,No,No,No,No,0,0,0,0,0,0,0,0,0,1,0,0,0,0,0,0,0,0,0,0
43,Female,320934,No,No,Yes,Yes,No,Yes,No,Yes,Yes,No,No,No,No,Yes,No,Yes,0,0,0,0,0,0,0,0,1,0,0,0,0,0,0,0,0,0,0,0
58,Male,77473,No,No,Yes,No,No,No,No,Yes,No,No,Yes,Yes,Yes,No,No,No,0,0,0,0,0,0,0,1,0,1,0,1,0,0,0,0,0,0,0,0
67,Female,445710,No,No,No,No,No,Yes,Yes,No,Yes,No,Yes,No,No,No,No,No,0,0,0,0,0,0,0,0,0,0,0,0,0,0,0,0,0,0,0,0
61,Male,478961,No,No,No,No,Yes,No,Yes,Yes,No,No,No,No,No,Yes,No,No,0,0,0,0,0,0,0,0,0,0,0,0,0,0,0,0,0,0,0,0
30,Male,306615,No,No,No,No,No,No,No,Yes,Yes,No,Yes,No,Yes,No,No,Yes,0,0,0,0,0,0,0,1,0,0,0,0,0,0,0,0,0,0,0,1
24,Female,133832,Yes,Yes,No,No,No,No,Yes,Yes,No,No,No,Yes,Yes,Yes,No,Yes,0,0,0,0,0,0,0,0,0,1,1,1,0,0,1,1,0,0,0,0
78,Male,279960,No,No,Yes,No,Yes,No,No,No,No,No,No,No,Yes,No,No,Yes,0,0,0,0,0,0,0,0,0,0,0,0,0,0,0,0,0,0,0,0
4,Male,31698,Yes,No,Yes,No,Yes,No,No,No,No,No,No,No,No,No,No,No,0,0,0,0,0,0,0,0,0,0,0,0,0,0,0,0,0,0,0,0
49,Female,460860,No,No,No,No,Yes,No,No,Yes,Yes,No,No,Yes,No,Yes,No,Yes,0,0,0,0,0,0,0,0,0,0,0,0,0,0,0,0,0,0,0,0
15,Female,51486,No,No,No,No,No,Yes,Yes,Yes,No,Yes,Yes,No,Yes,No,Yes,No,0,0,0,0,0,0,0,1,0,0,0,1,0,0,0,0,0,0,1,0
11,Male,490931,No,No,No,No,No,No,No,Yes,Yes,No,Yes,No,Yes,No,No,No,0,0,0,0,0,0,0,0,0,0,0,0,0,0,0,0,0,0,0,0
63,Female,366261,No,No,No,No,No,Yes,Yes,No,No,No,Yes,No,Yes,Yes,No,Yes,0,0,0,0,0,0,0,1,0,0,1,0,0,0,0,0,0,0,0,0
6,Female,370118,Yes,No,No,No,No,Yes,No,No,Yes,No,No,No,No,Yes,Yes,No,0,0,0,0,0,0,0,0,0,0,0,0,0,0,0,0,0,0,0,0
50,Male,240771,No,No,No,No,Yes,No,No,No,No,No,No,Yes,No,Yes,No,No,0,0,0,0,0,0,0,0,0,1,0,0,0,0,0,0,0,0,0,0
57,Male,72381,No,No,Yes,No,No,No,Yes,Yes,Yes,No,Yes,No,No,Yes,No,Yes,0,0,0,0,0,0,0,1,1,0,0,0,0,1,0,0,1,0,0,0
19,Male,353702,Yes,Yes,Yes,No,No,No,Yes,Yes,Yes,No,Yes,No,No,No,No,Yes,0,0,1,0,0,0,0,1,1,0,0,0,0,0,1,1,1,0,0,1
42,Female,209312,No,No,No,No,Yes,No,Yes,Yes,No,No,No,Yes,No,No,No,Yes,0,0,0,0,0,0,0,0,0,1,0,0,0,0,0,0,0,0,0,0
9,Female,234877,Yes,Yes,Yes,No,No,Yes,Yes,Yes,No,No,Yes,Yes,Yes,Yes,Yes,No,0,0,0,1,0,0,0,1,0,0,0,1,0,0,1,1,0,0,0,0
75,Male,137871,No,No,Yes,No,Yes,No,Yes,Yes,Yes,No,Yes,Yes,Yes,No,No,Yes,0,0,0,0,0,0,0,1,1,1,0,1,0,0,0,0,1,0,0,0
7,Male,86796,Yes,No,No,No,Yes,No,Yes,Yes,Yes,No,No,Yes,Yes,No,No,No,0,0,0,0,0,0,0,0,0,0,0,1,0,0,1,1,0,0,0,0
75,Male,99948,No,No,Yes,No,No,No,Yes,Yes,No,No,No,No,Yes,No,No,No,0,0,0,0,0,0,0,0,0,0,0,1,0,0,0,0,0,0,0,0
40,Male,254524,No,No,Yes,No,No,No,Yes,No,Yes,No,No,Yes,No,Yes,No,No,0,0,0,0,0,0,0,0,1,1,0,0,0,0,0,0,0,0,0,0
55,Male,375016,No,No,No,No,Yes,No,No,No,No,No,No,No,No,No,No,No,0,0,0,0,0,0,0,0,0,0,0,0,0,0,0,0,0,0,0,0
30,Female,433630,No,No,Yes,Yes,Yes,No,Yes,Yes,No,Yes,Yes,No,No,No,No,Yes,0,0,0,0,0,0,0,0,0,0,0,0,1,0,0,0,0,1,0,1
18,Male,163897,No,No,Yes,No,Yes,No,Yes,No,Yes,No,Yes,Yes,Yes,Yes,No,Yes,0,0,0,0,0,0,0,1,1,1,0,1,0,0,0,0,1,0,0,1
66,Female,239042,No,No,Yes,No,No,No,Yes,No,Yes,No,No,No,Yes,No,No,No,0,0,0,0,0,0,0,0,1,0,1,1,0,0,0,0,0,0,0,0
12,Male,183609,Yes,No,No,No,No,No,Yes,No,No,No,No,No,Yes,No,No,No,0,0,0,0,0,0,0,0,0,0,0,1,0,0,1,0,0,0,0,0
37,Female,394151,No,No,Yes,Yes,Yes,No,No,Yes,Yes,No,Yes,Yes,No,Yes,No,No,0,0,0,0,0,0,0,1,1,0,0,0,0,0,0,0,1,0,0,0
68,Male,94609,No,No,No,No,No,No,No,Yes,Yes,No,Yes,Yes,No,Yes,No,No,0,0,0,0,0,0,0,1,0,1,0,0,0,0,0,0,0,0,0,0
48,Female,25562,No,No,No,Yes,No,No,No,Yes,Yes,No,Yes,Yes,Yes,Yes,No,Yes,0,1,0,0,0,1,0,1,0,1,1,1,0,1,0,0,0,0,0,0
33,Female,365457,No,No,No,No,Yes,No,Yes,No,No,Yes,No,Yes,No,No,No,Yes,0,0,0,0,0,0,0,0,0,0,0,0,1,0,0,0,0,0,0,0
55,Male,52888,No,No,Yes,No,Yes,No,Yes,No,Yes,No,No,Yes,No,Yes,No,No,0,0,0,0,0,0,0,0,1,1,0,0,0,1,0,0,0,0,0,0
46,Male,307793,No,No,Yes,No,No,No,No,Yes,No,No,Yes,No,Yes,Yes,No,Yes,0,0,0,0,0,0,0,1,0,0,0,0,0,0,0,0,0,0,0,0
25,Female,86534,Yes,Yes,Yes,Yes,Yes,Yes,No,No,No,No,Yes,No,Yes,Yes,No,Yes,1,1,0,0,0,0,0,1,0,0,1,1,0,0,0,0,0,0,0,1
76,Male,260633,No,No,No,No,Yes,No,Yes,No,Yes,No,No,No,Yes,Yes,No,Yes,0,0,0,0,0,0,0,0,0,0,0,0,0,0,0,0,0,0,0,0
11,Female,205229,No,No,Yes,No,No,Yes,No,No,Yes,No,Yes,No,No,Yes,Yes,No,0,0,0,0,0,0,0,1,0,0,0,0,0,0,0,0,0,0,0,0
22,Female,308308,No,No,Yes,No,No,Yes,No,Yes,No,No,Yes,No,Yes,No,No,No,0,0,0,0,0,0,0,1,0,0,1,0,0,0,0,0,0,0,0,0
71,Female,257701,No,No,Yes,No,No,No,No,Yes,Yes,No,No,No,No,Yes,No,Yes,0,0,0,0,0,0,0,0,1,0,0,0,0,0,0,0,0,0,0,0
61,Male,211513,No,No,No,No,Yes,No,Yes,Yes,Yes,No,No,No,Yes,Yes,No,No,0,0,0,0,0,0,0,0,0,0,0,1,0,0,0,0,0,0,0,0
76,Male,98039,No,No,Yes,No,Yes,No,Yes,Yes,No,No,Yes,Yes,Yes,No,No,No,0,0,0,0,0,0,0,1,0,1,0,1,0,0,0,0,0,0,0,0
6,Male,66599,No,No,No,No,No,No,No,No,Yes,No,No,Yes,No,Yes,No,No,0,0,0,0,0,0,0,0,0,0,0,0,0,0,0,0,0,0,0,0
8,Male,89053,Yes,No,No,No,Yes,No,Yes,No,No,No,Yes,Yes,No,Yes,No,No,0,0,0,0,0,0,0,1,0,0,0,0,0,0,1,0,0,0,0,0
75,Female,88886,No,No,No,No,No,Yes,Yes,No,No,No,No,Yes,No,Yes,No,No,0,0,0,0,0,0,0,0,0,1,0,0,0,0,0,0,0,0,0,0
68,Female,206633,No,No,No,Yes,Yes,No,No,No,No,No,Yes,Yes,No,Yes,No,No,0,1,0,0,0,0,0,1,0,1,0,0,0,0,0,0,0,0,0,0
51,Male,439379,No,No,No,No,Yes,No,No,Yes,Yes,No,No,No,Yes,Yes,No,No,0,0,0,0,0,0,0,0,0,0,0,0,0,0,0,0,0,0,0,0
11,Female,175040,No,No,Yes,No,No,Yes,Yes,No,No,No,Yes,No,No,No,Yes,Yes,0,0,0,0,0,0,0,1,0,0,0,0,0,0,0,0,0,0,0,0
10,Female,380407,Yes,No,No,No,Yes,No,Yes,Yes,Yes,No,No,No,No,No,Yes,No,0,0,0,0,0,0,0,0,0,0,0,0,0,0,1,1,0,0,0,0
74,Female,168201,No,No,Yes,No,No,Yes,No,No,Yes,No,Yes,No,No,Yes,No,Yes,0,1,0,0,0,0,0,1,1,0,0,0,0,0,0,0,1,0,0,0
42,Female,433919,No,No,No,Yes,No,Yes,No,No,Yes,No,No,Yes,Yes,No,No,Yes,0,0,0,0,0,0,0,0,0,0,1,0,0,0,0,0,0,0,0,0
69,Female,65028,No,No,Yes,No,Yes,No,Yes,No,Yes,No,Yes,Yes,Yes,No,No,No,0,1,0,0,1,0,1,1,1,1,1,1,0,0,0,0,1,0,0,0
73,Female,143955,No,No,Yes,Yes,No,Yes,Yes,Yes,Yes,No,Yes,Yes,No,Yes,No,No,0,1,0,0,0,0,0,1,1,1,0,0,0,0,0,0,1,0,0,0
23,Male,373715,No,No,Yes,No,Yes,No,No,No,No,No,No,No,Yes,Yes,No,Yes,0,0,0,0,0,0,0,0,0,0,0,0,0,0,0,0,0,0,0,0
2,Male,224576,No,No,Yes,No,Yes,No,No,Yes,Yes,No,Yes,No,Yes,Yes,No,No,0,0,0,0,0,0,0,1,0,0,0,1,0,0,0,0,0,0,0,0
56,Female,395312,No,No,Yes,Yes,No,Yes,Yes,No,Yes,No,No,Yes,No,No,No,Yes,0,0,0,0,0,0,0,0,1,0,0,0,0,0,0,0,0,0,0,0
53,Male,406196,No,No,No,No,Yes,No,No,Yes,Yes,No,Yes,Yes,Yes,No,No,Yes,0,0,0,0,0,0,0,0,0,0,0,0,0,0,0,0,0,0,0,0
1,Male,303940,No,No,No,No,No,No,Yes,No,No,No,Yes,Yes,No,Yes,No,Yes,0,0,0,0,0,0,0,1,0,0,0,0,0,0,0,0,0,0,0,0
74,Male,99785,No,No,No,No,Yes,No,No,Yes,Yes,No,Yes,No,No,No,No,No,0,0,0,0,0,0,0,1,0,0,0,0,0,0,0,0,0,0,0,0
70,Female,145444,No,No,Yes,No,No,Yes,Yes,No,Yes,No,Yes,Yes,Yes,No,No,Yes,0,1,0,0,0,0,0,1,1,1,1,1,0,0,0,0,1,0,0,0
47,Male,498824,No,No,No,No,Yes,No,Yes,Yes,Yes,No,Yes,No,No,Yes,No,Yes,0,0,0,0,0,0,0,0,0,0,0,0,0,0,0,0,0,0,0,0
45,Male,264994,No,No,Yes,No,Yes,No,Yes,Yes,Yes,No,No,No,No,Yes,No,Yes,0,0,0,0,0,0,0,0,1,0,0,0,0,0,0,0,0,0,0,0
72,Male,342123,No,No,No,No,Yes,No,No,Yes,No,No,No,Yes,Yes,Yes,No,No,0,0,0,0,0,0,0,0,0,0,0,0,0,0,0,0,0,0,0,0
40,Male,385708,No,No,Yes,No,Yes,No,No,No,No,No,Yes,Yes,No,Yes,No,No,0,0,0,0,0,0,0,1,0,0,0,0,0,0,0,0,0,0,0,0
13,Male,115449,No,No,No,No,Yes,No,No,Yes,Yes,No,Yes,Yes,No,No,No,No,0,0,0,0,0,0,0,1,0,0,0,0,0,0,0,0,0,0,0,0
82,Male,392420,No,No,Yes,No,No,No,No,Yes,Yes,No,No,Yes,Yes,No,No,No,0,0,0,0,0,0,0,0,1,0,0,0,0,0,0,0,0,0,0,0
47,Female,210882,No,No,No,No,No,Yes,Yes,Yes,No,No,No,No,Yes,Yes,No,No,0,0,0,0,0,0,0,0,0,0,1,1,0,0,0,0,0,0,0,0
25,Female,396044,No,No,Yes,No,No,Yes,Yes,No,Yes,No,No,No,No,Yes,No,No,0,0,0,0,0,0,0,0,1,0,0,0,0,0,0,0,0,0,0,0
20,Male,87529,Yes,No,Yes,No,Yes,No,No,No,Yes,No,Yes,No,No,Yes,No,No,0,0,0,0,0,0,0,1,1,0,0,0,0,0,0,0,1,0,0,0
17,Male,248386,No,No,Yes,No,Yes,No,No,No,No,No,No,Yes,No,Yes,No,Yes,0,0,0,0,0,0,0,0,0,0,0,0,0,0,0,0,0,0,0,0
16,Female,211964,No,No,Yes,No,Yes,No,Yes,Yes,Yes,Yes,No,No,No,No,Yes,Yes,0,0,0,0,0,0,0,0,0,0,0,0,0,0,0,0,0,0,0,0
82,Male,331177,No,No,Yes,No,No,No,Yes,Yes,No,No,Yes,No,No,Yes,No,Yes,0,0,0,0,0,0,0,1,0,0,0,0,0,0,0,0,0,0,0,0
63,Male,403973,No,No,No,No,Yes,No,No,Yes,No,No,Yes,No,No,Yes,No,Yes,0,0,0,0,0,0,0,0,0,0,0,0,0,0,0,0,0,0,0,0
19,Female,122555,Yes,Yes,Yes,Yes,Yes,Yes,Yes,No,Yes,No,Yes,Yes,No,Yes,No,Yes,1,0,0,0,0,0,0,1,1,1,0,0,0,0,1,0,1,0,0,1
81,Female,296117,No,No,No,Yes,Yes,Yes,Yes,No,No,No,No,Yes,Yes,No,No,No,0,0,0,0,0,0,0,0,0,1,1,0,0,0,0,0,0,0,0,0
81,Female,281567,No,No,No,No,Yes,Yes,Yes,Yes,No,No,Yes,Yes,No,No,No,No,0,0,0,0,0,0,0,1,0,1,0,0,0,0,0,0,0,0,0,0
23,Male,41772,No,No,No,No,Yes,No,Yes,No,Yes,No,Yes,No,No,No,No,No,0,0,0,0,0,0,1,1,0,0,0,0,0,0,0,0,0,0,0,0
50,Male,411327,No,No,Yes,No,No,No,No,No,No,No,No,Yes,Yes,Yes,No,Yes,0,0,0,0,0,0,0,0,0,0,0,0,0,0,0,0,0,0,0,0
56,Female,469235,No,No,No,No,No,Yes,No,Yes,No,No,Yes,No,No,Yes,No,Yes,0,0,0,0,0,0,0,0,0,0,0,0,0,0,0,0,0,0,0,0
54,Female,204411,No,No,Yes,No,No,No,No,Yes,No,No,No,Yes,No,No,No,Yes,0,0,0,0,0,0,0,0,0,1,0,0,0,0,0,0,0,0,0,0
5,Female,365313,No,No,Yes,No,Yes,No,Yes,Yes,No,No,Yes,Yes,No,No,Yes,No,0,0,0,0,0,0,0,1,0,0,0,0,0,0,0,0,0,0,0,0
53,Male,308809,No,No,No,No,No,No,Yes,Yes,Yes,No,Yes,No,No,No,No,No,0,0,0,0,0,0,0,1,0,0,0,0,0,0,0,0,0,0,0,0
39,Male,304240,No,No,Yes,No,No,No,Yes,No,No,No,Yes,No,Yes,No,No,Yes,0,0,0,0,0,0,0,1,0,0,0,0,0,0,0,0,0,0,0,0
60,Male,218589,No,No,Yes,No,Yes,No,No,Yes,Yes,No,Yes,No,No,Yes,No,Yes,0,0,0,0,0,0,0,1,1,0,0,0,0,0,0,0,1,0,0,0
59,Female,269752,No,No,No,Yes,Yes,No,Yes,No,No,No,Yes,No,Yes,Yes,No,No,0,0,0,0,0,0,0,1,0,0,1,0,0,0,0,0,0,0,0,0
25,Female,465368,No,No,No,Yes,Yes,No,Yes,No,No,Yes,Yes,Yes,No,No,No,No,0,0,0,0,0,0,0,0,0,0,0,0,1,0,0,0,0,1,0,0
20,Female,486376,Yes,Yes,No,No,No,No,No,No,No,Yes,No,Yes,No,Yes,No,No,0,0,0,0,0,0,0,0,0,0,0,0,1,0,0,0,0,0,0,0
81,Male,240451,No,No,Yes,No,Yes,No,No,Yes,Yes,No,No,Yes,No,No,No,Yes,0,0,0,0,0,0,0,0,1,1,0,0,0,0,0,0,0,0,0,0
35,Male,154806,No,No,No,No,No,No,Yes,Yes,No,No,No,Yes,Yes,No,No,No,0,0,0,0,0,0,0,0,0,1,0,1,0,0,0,0,0,0,0,0
54,Male,458416,No,No,Yes,No,No,No,No,No,Yes,No,Yes,No,No,No,No,No,0,0,0,0,0,0,0,0,1,0,0,0,0,0,0,0,1,0,0,0
81,Female,142331,No,No,No,Yes,No,Yes,Yes,No,Yes,No,No,No,No,Yes,No,Yes,0,0,0,0,0,0,0,0,0,0,0,0,0,0,0,0,0,0,0,0
27,Male,119031,No,No,No,No,Yes,No,No,No,Yes,No,Yes,No,No,No,No,Yes,0,0,0,0,0,0,0,1,0,0,0,0,0,0,0,0,0,0,0,1
34,Female,421287,No,No,No,No,No,Yes,Yes,Yes,Yes,No,No,No,No,Yes,No,Yes,0,0,0,0,0,0,0,0,0,0,0,0,0,0,0,0,0,0,0,0
68,Female,483113,No,No,No,Yes,Yes,Yes,No,No,No,No,Yes,No,Yes,No,No,Yes,0,0,0,0,0,0,0,0,0,0,1,0,0,0,0,0,0,0,0,0
36,Female,320293,No,No,No,Yes,No,No,No,No,No,Yes,No,No,No,Yes,No,No,0,0,0,0,0,0,0,0,0,0,0,0,1,0,0,0,0,0,0,0
79,Male,326982,No,No,Yes,No,Yes,No,Yes,Yes,Yes,No,Yes,No,No,No,No,No,0,0,0,0,0,0,0,1,1,0,0,0,0,0,0,0,1,0,0,0
46,Female,396116,No,No,Yes,No,No,Yes,Yes,Yes,No,No,No,No,Yes,No,No,No,0,0,0,0,0,0,0,0,0,0,1,0,0,0,0,0,0,0,0,0
64,Male,179422,No,No,Yes,No,No,No,No,Yes,No,No,No,No,Yes,Yes,No,Yes,0,0,0,0,0,0,0,0,0,0,0,1,0,0,0,0,0,0,0,0
44,Female,325938,No,No,No,Yes,Yes,No,No,No,Yes,Yes,No,No,Yes,No,No,Yes,0,0,0,0,0,0,0,0,0,0,1,0,1,0,0,0,0,0,0,0
46,Female,25231,No,No,No,Yes,Yes,No,Yes,No,No,No,No,Yes,Yes,Yes,No,No,0,0,0,0,0,0,0,0,0,1,1,1,0,1,0,0,0,0,0,0
1,Female,442112,No,No,No,No,No,No,Yes,No,Yes,No,Yes,No,No,No,Yes,Yes,0,0,0,0,0,0,0,0,0,0,0,0,0,0,0,0,0,0,0,0
25,Male,226792,Yes,Yes,Yes,No,No,No,Yes,Yes,Yes,No,No,No,Yes,No,No,No,0,0,0,0,0,0,0,0,1,0,0,1,0,0,1,1,0,0,0,0
10,Male,307626,Yes,Yes,Yes,No,No,No,No,No,Yes,No,Yes,Yes,No,No,No,No,0,0,0,1,0,0,0,1,0,0,0,0,0,0,0,0,0,0,0,0
46,Male,60608,No,No,Yes,No,Yes,No,No,No,No,No,Yes,No,No,No,No,Yes,0,0,0,0,0,0,1,1,0,0,0,0,0,0,0,0,0,0,0,0
11,Male,216270,Yes,No,No,No,Yes,No,Yes,No,No,No,Yes,Yes,No,No,No,Yes,0,0,0,0,0,0,0,1,0,0,0,0,0,0,1,0,0,0,0,0
78,Male,489398,No,No,No,No,Yes,No,No,Yes,No,No,Yes,No,No,Yes,No,No,0,0,0,0,0,0,0,0,0,0,0,0,0,0,0,0,0,0,0,0
61,Female,257936,No,No,Yes,No,Yes,No,Yes,No,Yes,No,No,Yes,No,No,No,Yes,0,0,0,0,0,0,0,0,1,1,0,0,0,0,0,0,0,0,0,0
81,Female,307851,No,No,Yes,No,No,Yes,Yes,Yes,Yes,No,Yes,No,No,Yes,No,Yes,0,0,0,0,0,0,0,1,1,0,0,0,0,0,0,0,1,0,0,0
7,Male,78807,No,No,Yes,No,Yes,No,Yes,No,No,No,No,Yes,No,Yes,No,No,0,0,0,0,0,0,0,0,0,0,0,0,0,0,0,0,0,0,0,0
62,Female,408503,No,No,No,No,No,Yes,Yes,Yes,No,No,No,No,No,Yes,No,No,0,0,0,0,0,0,0,0,0,0,0,0,0,0,0,0,0,0,0,0
54,Male,461923,No,No,Yes,No,No,No,Yes,No,No,No,Yes,No,No,Yes,No,No,0,0,0,0,0,0,0,0,0,0,0,0,0,0,0,0,0,0,0,0
3,Male,165921,Yes,Yes,Yes,No,Yes,No,Yes,Yes,No,No,Yes,Yes,Yes,Yes,No,No,0,0,0,0,0,0,0,1,0,0,0,1,0,0,0,0,0,0,0,0
57,Female,165316,No,No,No,No,Yes,No,No,Yes,Yes,No,Yes,No,Yes,No,No,Yes,0,1,0,0,0,0,0,1,0,0,1,1,0,0,0,0,0,0,0,0
36,Male,85341,No,No,Yes,No,Yes,No,Yes,Yes,Yes,No,Yes,No,Yes,No,No,No,0,0,0,0,0,0,0,1,1,0,0,1,0,0,0,0,1,0,0,0
14,Male,48491,No,No,No,No,Yes,No,No,No,No,No,Yes,No,Yes,Yes,No,Yes,0,0,0,0,0,0,0,1,0,0,0,1,0,0,0,0,0,0,0,0
63,Female,123100,No,No,No,No,Yes,No,Yes,Yes,No,No,No,Yes,No,Yes,No,Yes,0,0,0,0,0,0,0,0,0,1,0,0,0,0,0,0,0,0,0,0
80,Male,381465,No,No,Yes,No,Yes,No,No,No,Yes,No,Yes,No,Yes,No,No,Yes,0,0,0,0,0,0,0,1,1,0,0,0,0,0,0,0,1,0,0,0
37,Male,152404,No,No,No,No,No,No,Yes,Yes,Yes,No,No,No,No,Yes,No,No,0,0,0,0,0,0,0,0,0,0,0,0,0,0,0,0,0,0,0,0
21,Male,197559,No,No,No,No,No,No,No,No,No,No,Yes,No,No,No,No,No,0,0,0,0,0,0,0,1,0,0,0,0,0,0,0,0,0,0,0,0
51,Female,387191,No,No,No,Yes,No,No,Yes,Yes,No,No,Yes,No,No,Yes,No,Yes,0,0,0,0,0,0,0,1,0,0,0,0,0,0,0,0,0,0,0,0
68,Female,217547,No,No,Yes,No,No,Yes,Yes,No,Yes,No,Yes,No,Yes,No,No,No,0,1,0,0,0,0,0,1,1,0,1,1,0,0,0,0,1,0,0,0
27,Male,465337,No,No,No,No,Yes,No,No,Yes,Yes,No,No,No,No,Yes,No,No,0,0,0,0,0,0,0,0,0,0,0,0,0,0,0,0,0,0,0,0
7,Male,202908,Yes,No,No,No,Yes,No,Yes,Yes,Yes,No,Yes,No,No,Yes,No,No,0,0,0,0,0,0,0,1,0,0,0,0,0,0,1,1,0,0,0,0
11,Male,123545,Yes,No,Yes,No,Yes,No,Yes,No,No,No,No,No,No,Yes,No,No,0,0,0,0,0,0,0,0,0,0,0,0,0,0,1,0,0,0,0,0
3,Male,17751,Yes,No,No,No,No,No,Yes,Yes,No,No,No,No,No,Yes,No,Yes,0,0,0,0,0,0,0,0,0,0,0,0,0,0,0,0,0,0,0,0
83,Male,194291,No,No,No,No,No,No,Yes,Yes,No,No,Yes,Yes,No,No,No,No,0,0,0,0,0,0,0,1,0,1,0,0,0,0,0,0,0,0,0,0
40,Female,262646,No,No,No,No,Yes,Yes,No,No,No,No,Yes,Yes,Yes,No,No,Yes,0,0,0,0,0,0,0,1,0,1,1,0,0,0,0,0,0,0,0,0
26,Female,98568,No,No,Yes,Yes,Yes,Yes,No,Yes,Yes,No,Yes,Yes,No,No,No,No,0,1,0,0,0,0,0,1,1,1,0,0,0,0,0,0,1,0,0,0
27,Female,101635,No,No,No,Yes,Yes,Yes,Yes,No,No,No,No,No,Yes,No,No,No,0,0,0,0,0,0,0,0,0,0,1,1,0,0,0,0,0,0,0,0
79,Male,182365,No,No,No,No,Yes,No,No,No,Yes,No,No,Yes,No,Yes,No,No,0,0,0,0,0,0,0,0,0,1,0,0,0,0,0,0,0,0,0,0
63,Male,312123,No,No,Yes,No,Yes,No,Yes,Yes,No,No,Yes,Yes,Yes,Yes,No,Yes,0,0,0,0,0,0,0,1,0,0,0,0,0,0,0,0,0,0,0,0
8,Male,413605,No,No,No,No,No,No,Yes,No,Yes,No,Yes,Yes,No,No,No,No,0,0,0,0,0,0,0,0,0,0,0,0,0,0,0,0,0,0,0,0
20,Male,359080,No,No,Yes,No,Yes,No,No,No,No,No,Yes,Yes,Yes,No,No,No,0,0,0,0,0,0,0,1,0,0,0,0,0,0,0,0,0,0,0,0
77,Female,34621,No,No,Yes,Yes,Yes,Yes,Yes,No,Yes,No,Yes,Yes,No,Yes,No,Yes,0,1,0,0,1,1,1,1,1,1,0,0,0,1,0,0,1,0,0,0
75,Female,371488,No,No,No,No,No,Yes,No,Yes,Yes,No,Yes,Yes,No,No,No,No,0,0,0,0,0,0,0,1,0,0,0,0,0,0,0,0,0,0,0,0
69,Female,115022,No,No,No,No,Yes,Yes,No,No,No,No,Yes,No,Yes,No,No,No,0,1,0,0,0,0,0,1,0,0,1,1,0,0,0,0,0,0,0,0
40,Male,56782,No,No,No,No,Yes,No,No,Yes,No,No,Yes,Yes,Yes,No,No,Yes,0,0,0,0,0,0,1,1,0,1,0,1,0,0,0,0,0,0,0,0
67,Female,181429,No,No,No,Yes,No,No,Yes,No,Yes,No,No,No,Yes,No,No,No,0,0,0,0,0,0,0,0,0,0,1,1,0,0,0,0,0,0,0,0
73,Female,454870,No,No,No,No,No,No,No,No,No,No,No,No,No,Yes,No,No,0,0,0,0,0,0,0,0,0,0,0,0,0,0,0,0,0,0,0,0
81,Female,194209,No,No,No,No,No,No,Yes,Yes,Yes,No,Yes,No,No,Yes,No,Yes,0,1,0,0,0,0,0,1,0,0,0,0,0,0,0,0,0,0,0,0
4,Male,294193,No,No,Yes,No,Yes,No,No,No,No,No,Yes,No,No,Yes,No,No,0,0,0,0,0,0,0,1,0,0,0,0,0,0,0,0,0,0,0,0
9,Male,334407,Yes,No,Yes,No,Yes,No,No,No,Yes,No,Yes,Yes,Yes,No,No,Yes,0,0,0,0,0,0,0,1,0,0,0,0,0,0,0,0,0,0,0,0
34,Male,279629,No,No,No,No,No,No,No,No,Yes,No,No,No,No,No,No,Yes,0,0,0,0,0,0,0,0,0,0,0,0,0,0,0,0,0,0,0,0
19,Female,109372,Yes,No,Yes,No,Yes,Yes,No,No,Yes,No,Yes,Yes,No,No,No,No,1,0,0,0,0,0,0,1,1,1,0,0,0,0,0,0,1,0,0,0
58,Male,330260,No,No,No,No,Yes,No,Yes,Yes,No,No,No,No,No,Yes,No,Yes,0,0,0,0,0,0,0,0,0,0,0,0,0,0,0,0,0,0,0,0
71,Female,248952,No,No,Yes,No,Yes,No,Yes,Yes,Yes,No,Yes,No,No,Yes,No,Yes,0,1,0,0,0,0,0,1,1,0,0,0,0,0,0,0,1,0,0,0
7,Female,479062,No,No,Yes,No,Yes,Yes,Yes,No,No,No,Yes,Yes,Yes,No,Yes,No,0,0,0,0,0,0,0,0,0,0,0,0,0,0,0,0,0,0,0,0
10,Male,41354,Yes,Yes,Yes,No,No,No,Yes,No,Yes,No,Yes,Yes,No,Yes,No,No,0,0,0,1,0,0,0,1,0,0,0,0,0,0,1,0,0,0,0,0
77,Male,254502,No,No,No,No,No,No,Yes,No,No,No,No,Yes,No,Yes,No,No,0,0,0,0,0,0,0,0,0,1,0,0,0,0,0,0,0,0,0,0
13,Female,411934,No,No,No,No,No,No,Yes,Yes,Yes,No,Yes,Yes,No,Yes,Yes,Yes,0,0,0,0,0,0,0,0,0,0,0,0,0,0,0,0,0,0,0,0
24,Male,374968,No,No,No,No,No,No,Yes,No,No,No,No,Yes,Yes,No,No,No,0,0,0,0,0,0,0,0,0,0,0,0,0,0,0,0,0,0,0,0
17,Male,19330,No,No,No,No,No,No,Yes,Yes,No,No,Yes,No,Yes,Yes,No,Yes,0,0,0,0,0,0,0,1,0,0,0,1,0,0,0,0,0,0,0,1
4,Female,79745,No,No,Yes,No,No,Yes,No,Yes,Yes,No,No,Yes,No,No,Yes,Yes,0,0,0,0,0,0,0,0,0,0,0,0,0,0,0,0,0,0,0,0
51,Female,460937,No,No,Yes,Yes,Yes,No,Yes,No,No,No,No,No,Yes,Yes,No,No,0,0,0,0,0,0,0,0,0,0,1,0,0,0,0,0,0,0,0,0
31,Female,256853,No,No,No,Yes,No,No,No,Yes,Yes,Yes,No,No,Yes,Yes,No,No,0,0,0,0,0,0,0,0,0,0,1,0,1,0,0,0,0,0,0,0
19,Male,481149,Yes,No,Yes,No,Yes,No,No,No,Yes,No,No,Yes,Yes,Yes,No,No,0,0,0,0,0,0,0,0,1,0,0,0,0,0,0,0,0,0,0,0
36,Female,298637,No,No,No,No,Yes,Yes,No,No,Yes,Yes,No,No,No,No,No,No,0,0,0,0,0,0,0,0,0,0,0,0,1,0,0,0,0,0,0,0
30,Female,374342,No,No,No,No,Yes,Yes,No,No,Yes,No,No,No,Yes,Yes,No,Yes,0,0,0,0,0,0,0,0,0,0,1,0,0,0,0,0,0,0,0,0
70,Female,258506,No,No,Yes,No,No,Yes,Yes,No,Yes,No,Yes,Yes,Yes,Yes,No,No,0,0,0,0,0,0,0,1,1,1,1,0,0,0,0,0,1,0,0,0
77,Female,49410,No,No,Yes,Yes,No,No,Yes,Yes,Yes,No,Yes,No,No,No,No,Yes,0,1,0,0,1,1,0,1,1,0,0,0,0,0,0,0,1,0,0,0
30,Female,497462,No,No,No,No,No,Yes,No,Yes,Yes,No,No,No,No,No,No,No,0,0,0,0,0,0,0,0,0,0,0,0,0,0,0,0,0,0,0,0
64,Male,278721,No,No,Yes,No,Yes,No,Yes,No,Yes,No,Yes,No,No,Yes,No,Yes,0,0,0,0,0,0,0,1,1,0,0,0,0,0,0,0,1,0,0,0
53,Female,43978,No,No,Yes,No,Yes,Yes,Yes,Yes,No,No,No,No,Yes,Yes,No,Yes,0,0,0,0,0,0,0,0,0,0,1,1,0,1,0,0,0,0,0,0
44,Female,264471,No,No,No,Yes,No,No,No,Yes,Yes,No,No,Yes,No,Yes,No,No,0,0,0,0,0,0,0,0,0,1,0,0,0,0,0,0,0,0,0,0
7,Female,14357,Yes,No,No,No,No,No,Yes,No,Yes,No,No,Yes,No,No,Yes,Yes,0,0,0,0,0,0,0,0,0,0,0,0,0,0,1,0,0,0,0,0
3,Male,335166,Yes,No,Yes,No,Yes,No,No,Yes,Yes,No,No,No,No,No,No,Yes,0,0,0,0,0,0,0,0,0,0,0,0,0,0,0,0,0,0,0,0
15,Female,235262,No,No,Yes,No,Yes,No,Yes,No,No,Yes,No,No,Yes,Yes,Yes,No,0,0,0,0,0,0,0,0,0,0,0,1,0,0,0,0,0,0,0,0
62,Male,309359,No,No,Yes,No,No,No,No,Yes,No,No,Yes,Yes,Yes,No,No,Yes,0,0,0,0,0,0,0,1,0,0,0,0,0,0,0,0,0,0,0,0
44,Male,498377,No,No,Yes,No,Yes,No,No,No,No,No,Yes,Yes,No,No,No,No,0,0,0,0,0,0,0,0,0,0,0,0,0,0,0,0,0,0,0,0
37,Female,213359,No,No,Yes,No,Yes,No,Yes,Yes,No,Yes,No,Yes,Yes,Yes,No,Yes,0,0,0,0,0,0,0,0,0,1,1,1,1,0,0,0,0,0,0,0
38,Female,292989,No,No,No,No,Yes,Yes,No,No,No,Yes,No,Yes,Yes,No,No,Yes,0,0,0,0,0,0,0,0,0,1,1,0,1,0,0,0,0,0,0,0
42,Male,443322,No,No,No,No,Yes,No,Yes,No,Yes,No,Yes,No,Yes,No,No,No,0,0,0,0,0,0,0,0,0,0,0,0,0,0,0,0,0,0,0,0
75,Male,194741,No,No,Yes,No,No,No,No,Yes,No,No,No,Yes,No,No,No,No,0,0,0,0,0,0,0,0,0,1,0,0,0,0,0,0,0,0,0,0
13,Female,49404,No,No,No,No,No,No,Yes,Yes,Yes,No,No,Yes,No,Yes,Yes,No,0,0,0,0,0,0,0,0,0,0,0,0,0,0,0,0,0,0,0,0
84,Female,75581,No,No,No,No,No,Yes,No,Yes,Yes,No,Yes,No,Yes,Yes,No,Yes,0,1,0,0,0,0,0,1,0,0,1,1,0,0,0,0,0,0,0,0
83,Male,313754,No,No,Yes,No,No,No,Yes,No,Yes,No,No,No,Yes,No,No,Yes,0,0,0,0,0,0,0,0,1,0,0,0,0,0,0,0,0,0,0,0
3,Female,383168,Yes,Yes,Yes,No,Yes,Yes,Yes,No,Yes,No,Yes,No,No,Yes,Yes,No,0,0,0,0,0,0,0,1,0,0,0,0,0,0,0,0,0,0,0,0
83,Male,57881,No,No,No,No,Yes,No,No,Yes,No,No,Yes,Yes,Yes,Yes,No,Yes,0,0,0,0,1,0,1,1,0,1,0,1,0,1,0,0,0,0,0,0
28,Female,363203,No,No,No,Yes,No,No,Yes,Yes,Yes,Yes,Yes,Yes,No,No,No,Yes,0,0,0,0,0,0,0,1,0,0,0,0,1,0,0,0,0,1,0,1
44,Female,294550,No,No,No,No,Yes,No,No,No,Yes,No,Yes,No,Yes,Yes,No,No,0,0,0,0,0,0,0,1,0,0,1,0,0,0,0,0,0,0,0,0
81,Female,52310,No,No,No,Yes,Yes,Yes,No,Yes,No,No,Yes,Yes,No,No,No,Yes,0,1,0,0,1,1,1,1,0,1,0,0,0,0,0,0,0,0,0,0
13,Male,462717,Yes,Yes,Yes,No,Yes,No,Yes,Yes,Yes,No,No,No,No,Yes,No,Yes,0,0,0,0,0,0,0,0,0,0,0,0,0,0,1,1,0,0,0,0
40,Female,39751,No,No,Yes,Yes,No,No,No,Yes,No,Yes,No,Yes,No,Yes,No,No,0,0,0,0,0,0,0,0,0,1,0,0,1,1,0,0,0,0,0,0
7,Female,488908,No,No,No,No,Yes,No,Yes,Yes,No,No,No,No,No,No,Yes,No,0,0,0,0,0,0,0,0,0,0,0,0,0,0,0,0,0,0,0,0
38,Male,131738,No,No,Yes,No,Yes,No,No,Yes,Yes,No,No,No,No,Yes,No,No,0,0,0,0,0,0,0,0,1,0,0,0,0,0,0,0,0,0,0,0
8,Male,201031,Yes,No,No,No,Yes,No,No,Yes,Yes,No,Yes,No,No,Yes,No,No,0,0,0,0,0,0,0,1,0,0,0,0,0,0,0,1,0,0,0,0
80,Male,345504,No,No,No,No,Yes,No,No,Yes,Yes,No,No,Yes,Yes,Yes,No,Yes,0,0,0,0,0,0,0,0,0,0,0,0,0,0,0,0,0,0,0,0
42,Male,83850,No,No,No,No,Yes,No,No,Yes,No,No,No,No,No,No,No,No,0,0,0,0,0,0,0,0,0,0,0,0,0,0,0,0,0,0,0,0
22,Male,401344,Yes,No,Yes,No,Yes,No,Yes,No,Yes,No,Yes,Yes,Yes,Yes,No,Yes,0,0,0,0,0,0,0,0,1,0,0,0,0,0,1,0,1,0,0,1
7,Male,320733,No,No,No,No,No,No,No,No,Yes,No,No,Yes,Yes,No,No,No,0,0,0,0,0,0,0,0,0,0,0,0,0,0,0,0,0,0,0,0
82,Female,463203,No,No,Yes,No,Yes,Yes,Yes,No,No,No,No,Yes,No,No,No,Yes,0,0,0,0,0,0,0,0,0,0,0,0,0,0,0,0,0,0,0,0
30,Female,52618,No,No,Yes,Yes,No,Yes,Yes,No,No,No,No,No,Yes,No,No,Yes,0,0,0,0,0,0,0,0,0,0,1,1,0,0,0,0,0,0,0,0
15,Male,34032,No,No,Yes,No,No,No,No,No,Yes,No,No,Yes,No,Yes,No,No,0,0,0,0,0,0,0,0,0,0,0,0,0,0,0,0,0,0,0,0
31,Male,447027,No,No,No,No,Yes,No,Yes,Yes,No,No,No,No,Yes,Yes,No,Yes,0,0,0,0,0,0,0,0,0,0,0,0,0,0,0,0,0,0,0,0
67,Female,377413,No,No,Yes,No,Yes,Yes,No,No,Yes,No,Yes,Yes,Yes,No,No,No,0,0,0,0,0,0,0,1,1,0,1,0,0,0,0,0,1,0,0,0
46,Male,216964,No,No,Yes,No,No,No,No,No,No,No,Yes,Yes,Yes,Yes,No,No,0,0,0,0,0,0,0,1,0,1,0,1,0,0,0,0,0,0,0,0
24,Male,191231,Yes,No,No,No,No,No,No,No,Yes,No,No,Yes,Yes,Yes,No,Yes,0,0,0,0,0,0,0,0,0,1,0,1,0,0,0,0,0,0,0,0
66,Female,241949,No,No,No,No,No,Yes,Yes,Yes,No,No,Yes,Yes,No,No,No,No,0,1,0,0,0,0,0,1,0,1,0,0,0,0,0,0,0,0,0,0
43,Female,79765,No,No,No,Yes,Yes,Yes,Yes,No,No,Yes,No,No,Yes,Yes,No,No,0,0,0,0,0,0,0,0,0,0,1,1,1,0,0,0,0,0,0,0
70,Male,20898,No,No,Yes,No,Yes,No,Yes,Yes,Yes,No,Yes,No,No,Yes,No,No,0,0,0,0,1,0,1,1,1,0,0,0,0,1,0,0,1,0,0,0
10,Female,476651,No,No,No,No,No,No,Yes,Yes,No,No,Yes,Yes,Yes,Yes,Yes,No,0,0,0,0,0,0,0,0,0,0,0,0,0,0,0,0,0,0,0,0
28,Female,393961,No,No,Yes,Yes,No,Yes,No,Yes,No,Yes,No,Yes,Yes,Yes,No,No,0,0,0,0,0,0,0,0,0,0,1,0,1,0,0,0,0,0,0,0
37,Male,273112,No,No,No,No,Yes,No,Yes,Yes,Yes,No,Yes,Yes,No,Yes,No,No,0,0,0,0,0,0,0,1,0,1,0,0,0,0,0,0,0,0,0,0
35,Male,477147,No,No,No,No,Yes,No,No,No,Yes,No,No,Yes,No,Yes,No,Yes,0,0,0,0,0,0,0,0,0,0,0,0,0,0,0,0,0,0,0,0
76,Female,410775,No,No,Yes,Yes,Yes,No,No,Yes,Yes,No,No,Yes,No,No,No,Yes,0,0,0,0,0,0,0,0,1,0,0,0,0,0,0,0,0,0,0,0
19,Female,155142,No,No,Yes,Yes,Yes,Yes,Yes,Yes,No,Yes,No,No,No,No,No,Yes,0,0,0,0,0,0,0,0,0,0,0,0,1,0,0,0,0,0,0,0
18,Male,90462,Yes,No,Yes,No,No,No,No,No,No,No,Yes,No,Yes,Yes,No,Yes,0,0,0,0,0,0,0,1,0,0,0,1,0,0,0,0,0,0,0,1
12,Female,327540,No,No,No,No,No,No,No,No,Yes,No,No,No,Yes,Yes,Yes,No,0,0,0,0,0,0,0,0,0,0,0,0,0,0,0,0,0,0,0,0
19,Female,29590,Yes,Yes,Yes,Yes,No,No,Yes,No,No,No,Yes,No,Yes,Yes,No,No,1,0,0,0,0,1,0,1,0,0,1,1,0,1,1,0,0,0,0,0
84,Female,74367,No,No,No,No,Yes,Yes,Yes,No,No,No,No,No,Yes,No,No,No,0,0,0,0,0,0,0,0,0,0,1,1,0,0,0,0,0,0,0,0
85,Female,360156,No,No,No,Yes,No,Yes,No,No,No,No,Yes,No,Yes,No,No,Yes,0,0,0,0,0,0,0,1,0,0,1,0,0,0,0,0,0,0,0,0
57,Male,163354,No,No,No,No,Yes,No,No,No,Yes,No,Yes,No,Yes,Yes,No,Yes,0,0,0,0,0,0,0,1,0,0,0,1,0,0,0,0,0,0,0,0
79,Female,222696,No,No,Yes,No,No,No,Yes,No,No,No,No,No,No,No,No,No,0,0,0,0,0,0,0,0,0,0,0,0,0,0,0,0,0,0,0,0
56,Male,83454,No,No,Yes,No,No,No,No,No,Yes,No,No,Yes,No,Yes,No,Yes,0,0,0,0,0,0,0,0,1,1,0,0,0,0,0,0,0,0,0,0
78,Male,125738,No,No,Yes,No,No,No,No,Yes,No,No,Yes,Yes,Yes,No,No,Yes,0,0,0,0,0,0,0,1,0,1,0,1,0,0,0,0,0,0,0,0
32,Male,289367,No,No,Yes,No,Yes,No,Yes,No,Yes,No,No,No,Yes,Yes,No,Yes,0,0,0,0,0,0,0,0,1,0,0,0,0,0,0,0,0,0,0,0
42,Female,306186,No,No,Yes,Yes,No,No,Yes,No,Yes,No,No,No,No,Yes,No,Yes,0,0,0,0,0,0,0,0,1,0,0,0,0,0,0,0,0,0,0,0
43,Female,271965,No,No,No,No,No,Yes,No,Yes,No,Yes,No,Yes,Yes,Yes,No,Yes,0,0,0,0,0,0,0,0,0,1,1,0,1,0,0,0,0,0,0,0
63,Female,291525,No,No,No,Yes,Yes,Yes,Yes,Yes,Yes,No,No,Yes,No,No,No,Yes,0,0,0,0,0,0,0,0,0,1,0,0,0,0,0,0,0,0,0,0
1,Male,340383,Yes,No,Yes,No,Yes,No,Yes,No,No,No,Yes,No,Yes,No,No,No,0,0,0,0,0,0,0,1,0,0,0,0,0,0,0,0,0,0,0,0
59,Female,373716,No,No,Yes,No,No,Yes,Yes,No,Yes,No,Yes,No,No,Yes,No,No,0,0,0,0,0,0,0,1,1,0,0,0,0,0,0,0,1,0,0,0
85,Female,33679,No,No,No,Yes,No,No,Yes,Yes,Yes,No,No,No,Yes,Yes,No,No,0,0,0,0,0,0,0,0,0,0,1,1,0,1,0,0,0,0,0,0
35,Female,453089,No,No,No,No,No,Yes,Yes,Yes,No,Yes,Yes,No,No,No,No,Yes,0,0,0,0,0,0,0,0,0,0,0,0,1,0,0,0,0,1,0,0
49,Male,359066,No,No,No,No,No,No,No,Yes,No,No,Yes,Yes,No,No,No,Yes,0,0,0,0,0,0,0,1,0,0,0,0,0,0,0,0,0,0,0,0
84,Male,466817,No,No,No,No,Yes,No,Yes,No,No,No,No,No,Yes,No,No,Yes,0,0,0,0,0,0,0,0,0,0,0,0,0,0,0,0,0,0,0,0
65,Male,215678,No,No,Yes,No,No,No,No,No,No,No,No,No,No,Yes,No,No,0,0,0,0,0,0,0,0,0,0,0,0,0,0,0,0,0,0,0,0
20,Male,258557,No,No,Yes,No,Yes,No,No,Yes,No,No,No,Yes,Yes,Yes,No,No,0,0,0,0,0,0,0,0,0,1,0,0,0,0,0,0,0,0,0,0
60,Male,448549,No,No,No,No,No,No,No,No,No,No,Yes,No,Yes,No,No,No,0,0,0,0,0,0,0,0,0,0,0,0,0,0,0,0,0,0,0,0
66,Female,286789,No,No,Yes,No,No,No,Yes,Yes,No,No,Yes,Yes,No,No,No,No,0,0,0,0,0,0,0,1,0,1,0,0,0,0,0,0,0,0,0,0
58,Female,482607,No,No,No,No,Yes,No,No,No,No,No,Yes,No,Yes,No,No,Yes,0,0,0,0,0,0,0,0,0,0,1,0,0,0,0,0,0,0,0,0
79,Male,18767,No,No,Yes,No,No,No,No,No,No,No,Yes,Yes,Yes,No,No,No,0,0,0,0,1,0,0,1,0,1,0,1,0,0,0,0,0,0,0,0
20,Female,395907,No,No,No,No,No,Yes,Yes,Yes,Yes,No,Yes,Yes,No,No,No,No,0,0,0,0,0,0,0,1,0,0,0,0,0,0,0,0,0,0,0,0
50,Male,310284,No,No,No,No,No,No,No,Yes,No,No,Yes,No,Yes,No,No,No,0,0,0,0,0,0,0,1,0,0,0,0,0,0,0,0,0,0,0,0
33,Female,363261,No,No,No,Yes,No,Yes,No,Yes,Yes,Yes,Yes,Yes,No,Yes,No,No,0,0,0,0,0,0,0,1,0,0,0,0,1,0,0,0,0,1,0,0
56,Female,113401,No,No,No,No,Yes,No,No,Yes,Yes,No,No,Yes,No,Yes,No,Yes,0,0,0,0,0,0,0,0,0,1,0,0,0,0,0,0,0,0,0,0
34,Female,491608,No,No,Yes,Yes,Yes,Yes,No,No,No,No,Yes,Yes,No,Yes,No,Yes,0,0,0,0,0,0,0,0,0,0,0,0,0,0,0,0,0,0,0,0
80,Female,370380,No,No,No,No,Yes,No,Yes,No,No,No,No,No,Yes,Yes,No,No,0,0,0,0,0,0,0,0,0,0,1,0,0,0,0,0,0,0,0,0
29,Female,93718,No,No,No,No,Yes,No,Yes,Yes,Yes,Yes,No,Yes,No,Yes,No,No,0,0,0,0,0,0,0,0,0,1,0,0,1,0,0,0,0,0,0,0
41,Male,346895,No,No,No,No,No,No,Yes,Yes,No,No,No,Yes,Yes,No,No,Yes,0,0,0,0,0,0,0,0,0,0,0,0,0,0,0,0,0,0,0,0
60,Male,463744,No,No,No,No,No,No,Yes,No,No,No,No,No,No,No,No,Yes,0,0,0,0,0,0,0,0,0,0,0,0,0,0,0,0,0,0,0,0
43,Male,235259,No,No,Yes,No,Yes,No,Yes,Yes,No,No,No,Yes,Yes,No,No,No,0,0,0,0,0,0,0,0,0,1,0,1,0,0,0,0,0,0,0,0
1,Female,455920,No,No,Yes,No,No,No,Yes,No,Yes,No,No,No,No,Yes,Yes,No,0,0,0,0,0,0,0,0,0,0,0,0,0,0,0,0,0,0,0,0
4,Male,469316,No,No,Yes,No,No,No,Yes,Yes,No,No,No,Yes,Yes,Yes,No,Yes,0,0,0,0,0,0,0,0,0,0,0,0,0,0,0,0,0,0,0,0
44,Female,415927,No,No,No,Yes,Yes,Yes,No,No,No,Yes,Yes,No,No,Yes,No,No,0,0,0,0,0,0,0,0,0,0,0,0,1,0,0,0,0,1,0,0
24,Male,293630,No,No,Yes,No,No,No,No,No,No,No,Yes,No,Yes,Yes,No,No,0,0,0,0,0,0,0,1,0,0,0,0,0,0,0,0,0,0,0,0
77,Male,97576,No,No,No,No,No,No,No,Yes,Yes,No,No,No,Yes,Yes,No,Yes,0,0,0,0,0,0,0,0,0,0,0,1,0,0,0,0,0,0,0,0
7,Female,478594,Yes,No,No,No,Yes,No,No,No,Yes,No,Yes,Yes,No,Yes,Yes,Yes,0,0,0,0,0,0,0,0,0,0,0,0,0,0,0,0,0,0,0,0
52,Female,486583,No,No,Yes,No,Yes,No,No,No,No,No,No,No,No,No,No,Yes,0,0,0,0,0,0,0,0,0,0,0,0,0,0,0,0,0,0,0,0
59,Female,274423,No,No,Yes,No,Yes,No,Yes,Yes,No,No,No,No,No,Yes,No,Yes,0,0,0,0,0,0,0,0,0,0,0,0,0,0,0,0,0,0,0,0
56,Male,129820,No,No,No,No,Yes,No,Yes,No,Yes,No,No,No,Yes,Yes,No,Yes,0,0,0,0,0,0,0,0,0,0,0,1,0,0,0,0,0,0,0,0
26,Female,312427,No,No,Yes,Yes,No,Yes,No,Yes,No,No,Yes,No,Yes,No,No,No,0,0,0,0,0,0,0,1,0,0,1,0,0,0,0,0,0,0,0,0
62,Male,77219,No,No,Yes,No,No,No,No,Yes,No,No,No,Yes,Yes,No,No,Yes,0,0,0,0,0,0,0,0,0,1,0,1,0,0,0,0,0,0,0,0
27,Female,31795,No,No,No,Yes,No,No,Yes,No,Yes,Yes,No,Yes,No,Yes,No,Yes,0,0,0,0,0,0,0,0,0,1,0,0,1,1,0,0,0,0,0,0
49,Male,301906,No,No,Yes,No,Yes,No,No,Yes,Yes,No,No,Yes,Yes,Yes,No,No,0,0,0,0,0,0,0,0,1,0,0,0,0,0,0,0,0,0,0,0
65,Female,44088,No,No,Yes,No,No,No,Yes,No,No,No,Yes,Yes,No,Yes,No,No,0,1,0,0,1,0,0,1,0,1,0,0,0,1,0,0,0,0,0,0
16,Female,258522,No,No,No,No,No,No,No,No,No,No,No,No,No,Yes,Yes,Yes,0,0,0,0,0,0,0,0,0,0,0,0,0,0,0,0,0,0,0,0
24,Female,331349,Yes,No,Yes,Yes,Yes,No,Yes,Yes,Yes,No,Yes,Yes,Yes,No,No,No,0,0,0,0,0,0,0,1,1,0,1,0,0,0,1,1,1,0,0,0
35,Female,299433,No,No,No,Yes,No,Yes,No,No,Yes,No,Yes,No,No,No,No,Yes,0,0,0,0,0,0,0,1,0,0,0,0,0,0,0,0,0,0,0,0
73,Male,477047,No,No,No,No,No,No,Yes,Yes,Yes,No,Yes,No,Yes,Yes,No,Yes,0,0,0,0,0,0,0,0,0,0,0,0,0,0,0,0,0,0,0,0
47,Male,423936,No,No,No,No,No,No,No,Yes,No,No,No,Yes,Yes,Yes,No,Yes,0,0,0,0,0,0,0,0,0,0,0,0,0,0,0,0,0,0,0,0
70,Female,83262,No,No,Yes,Yes,No,No,No,No,Yes,No,Yes,Yes,No,No,No,Yes,0,1,0,0,0,0,0,1,1,1,0,0,0,0,0,0,1,0,0,0
65,Male,412013,No,No,No,No,No,No,No,Yes,Yes,No,Yes,Yes,No,No,No,Yes,0,0,0,0,0,0,0,0,0,0,0,0,0,0,0,0,0,0,0,0
37,Male,108253,No,No,No,No,Yes,No,Yes,No,Yes,No,No,Yes,Yes,Yes,No,No,0,0,0,0,0,0,0,0,0,1,0,1,0,0,0,0,0,0,0,0
83,Male,472404,No,No,No,No,Yes,No,No,Yes,Yes,No,Yes,Yes,No,Yes,No,Yes,0,0,0,0,0,0,0,0,0,0,0,0,0,0,0,0,0,0,0,0
15,Male,11318,Yes,Yes,No,No,No,No,No,Yes,No,No,No,No,Yes,Yes,No,No,0,0,0,0,0,0,0,0,0,0,0,1,0,0,0,1,0,0,0,0
11,Male,151791,No,No,No,No,No,No,Yes,No,No,No,No,No,No,No,No,Yes,0,0,0,0,0,0,0,0,0,0,0,0,0,0,0,0,0,0,0,0
14,Male,191194,Yes,Yes,Yes,No,Yes,No,Yes,No,Yes,No,Yes,Yes,Yes,No,No,No,0,0,0,1,0,0,0,1,0,0,0,1,0,0,1,0,0,0,0,0
48,Male,186540,No,No,No,No,No,No,Yes,Yes,Yes,No,Yes,No,Yes,Yes,No,Yes,0,0,0,0,0,0,0,1,0,0,0,1,0,0,0,0,0,0,0,0
40,Female,57828,No,No,No,No,No,No,Yes,Yes,No,No,Yes,Yes,No,No,No,Yes,0,1,0,0,0,0,0,1,0,1,0,0,0,0,0,0,0,0,0,0
66,Female,193587,No,No,Yes,Yes,No,No,No,No,Yes,No,No,Yes,Yes,Yes,No,Yes,0,0,0,0,0,0,0,0,1,1,1,1,0,0,0,0,0,0,0,0
10,Female,405044,No,No,No,No,No,No,Yes,Yes,No,No,No,Yes,No,No,Yes,Yes,0,0,0,0,0,0,0,0,0,0,0,0,0,0,0,0,0,0,0,0
71,Female,199818,No,No,No,Yes,No,Yes,No,Yes,Yes,No,No,Yes,No,No,No,No,0,0,0,0,0,0,0,0,0,1,0,0,0,0,0,0,0,0,0,0
2,Male,64254,No,No,Yes,No,No,No,No,No,No,No,No,No,No,No,No,Yes,0,0,0,0,0,0,0,0,0,0,0,0,0,0,0,0,0,0,0,0
62,Male,499196,No,No,Yes,No,No,No,No,Yes,Yes,No,Yes,Yes,No,Yes,No,No,0,0,0,0,0,0,0,0,1,0,0,0,0,0,0,0,1,0,0,0
7,Male,463567,Yes,Yes,No,No,No,No,Yes,Yes,Yes,No,No,Yes,No,No,No,Yes,0,0,0,0,0,0,0,0,0,0,0,0,0,0,1,1,0,0,0,0
47,Female,258110,No,No,Yes,Yes,No,No,Yes,No,Yes,No,No,No,No,Yes,No,No,0,0,0,0,0,0,0,0,1,0,0,0,0,0,0,0,0,0,0,0
28,Female,108747,No,No,Yes,Yes,No,Yes,Yes,No,Yes,No,Yes,No,No,Yes,No,No,0,1,0,0,0,0,0,1,1,0,0,0,0,0,0,0,1,0,0,0
25,Female,266630,Yes,Yes,Yes,No,No,No,Yes,No,Yes,No,Yes,No,Yes,Yes,No,Yes,0,0,0,0,0,0,0,1,1,0,1,0,0,0,1,0,1,0,0,1
11,Female,220230,No,No,Yes,No,Yes,Yes,Yes,No,Yes,No,No,No,No,Yes,Yes,Yes,0,0,0,0,0,0,0,0,0,0,0,0,0,0,0,0,0,0,0,0
5,Male,420041,No,No,No,No,No,No,No,No,No,No,No,No,Yes,No,No,Yes,0,0,0,0,0,0,0,0,0,0,0,0,0,0,0,0,0,0,0,0
76,Male,468418,No,No,No,No,No,No,Yes,No,No,No,No,Yes,Yes,Yes,No,No,0,0,0,0,0,0,0,0,0,0,0,0,0,0,0,0,0,0,0,0
15,Male,439893,No,No,Yes,No,No,No,Yes,No,No,No,No,Yes,No,No,No,Yes,0,0,0,0,0,0,0,0,0,0,0,0,0,0,0,0,0,0,0,0
61,Female,437600,No,No,Yes,Yes,No,Yes,Yes,No,Yes,No,Yes,No,No,Yes,No,No,0,0,0,0,0,0,0,0,1,0,0,0,0,0,0,0,1,0,0,0
38,Female,381946,No,No,Yes,No,No,No,No,Yes,Yes,No,No,No,Yes,Yes,No,Yes,0,0,0,0,0,0,0,0,1,0,1,0,0,0,0,0,0,0,0,0
25,Female,52192,Yes,Yes,No,No,No,Yes,No,No,Yes,Yes,No,No,Yes,Yes,No,No,0,0,0,0,0,0,0,0,0,0,1,1,1,1,0,0,0,0,0,0
70,Female,195750,No,No,Yes,No,Yes,No,Yes,No,Yes,No,No,No,No,No,No,No,0,0,0,0,0,0,0,0,1,0,0,0,0,0,0,0,0,0,0,0
22,Male,124127,Yes,Yes,No,No,Yes,No,Yes,No,No,No,Yes,Yes,No,Yes,No,No,0,0,1,0,0,0,0,1,0,1,0,0,0,0,1,0,0,0,0,0
23,Female,19426,No,No,No,No,Yes,No,No,No,No,Yes,No,Yes,No,No,No,Yes,0,0,0,0,0,0,0,0,0,1,0,0,1,0,0,0,0,0,0,0
35,Female,312261,No,No,Yes,No,No,No,No,No,No,No,No,Yes,Yes,No,No,No,0,0,0,0,0,0,0,0,0,0,1,0,0,0,0,0,0,0,0,0
5,Male,364458,No,No,No,No,No,No,No,No,No,No,Yes,No,Yes,No,No,Yes,0,0,0,0,0,0,0,1,0,0,0,0,0,0,0,0,0,0,0,0
52,Female,247274,No,No,No,No,No,Yes,No,No,Yes,No,Yes,Yes,No,No,No,Yes,0,1,0,0,0,0,0,1,0,1,0,0,0,0,0,0,0,0,0,0
54,Male,339449,No,No,Yes,No,Yes,No,No,Yes,No,No,No,No,No,Yes,No,Yes,0,0,0,0,0,0,0,0,0,0,0,0,0,0,0,0,0,0,0,0
28,Male,256084,No,No,Yes,No,Yes,No,Yes,Yes,No,No,Yes,Yes,No,Yes,No,No,0,0,0,0,0,0,0,1,0,1,0,0,0,0,0,0,0,0,0,0
62,Female,213879,No,No,No,Yes,Yes,No,Yes,No,No,No,No,No,No,Yes,No,Yes,0,0,0,0,0,0,0,0,0,0,0,0,0,0,0,0,0,0,0,0
13,Female,55806,No,No,Yes,No,No,No,No,No,No,No,No,No,No,Yes,Yes,No,0,0,0,0,0,0,0,0,0,0,0,0,0,0,0,0,0,0,0,0
12,Female,130144,No,No,Yes,No,Yes,No,Yes,Yes,No,No,No,Yes,Yes,No,Yes,No,0,0,0,0,0,0,0,0,0,0,0,1,0,0,0,0,0,0,0,0
25,Female,234459,No,No,No,No,No,No,No,No,No,No,Yes,Yes,Yes,No,No,No,0,1,0,0,0,0,0,1,0,1,1,1,0,0,0,0,0,0,0,0
23,Male,372163,No,No,No,No,No,No,Yes,Yes,Yes,No,Yes,No,Yes,No,No,No,0,0,0,0,0,0,0,1,0,0,0,0,0,0,0,0,0,0,0,0
77,Male,380150,No,No,No,No,No,No,Yes,Yes,Yes,No,Yes,No,No,Yes,No,Yes,0,0,0,0,0,0,0,1,0,0,0,0,0,0,0,0,0,0,0,0
4,Male,346839,No,No,Yes,No,No,No,No,Yes,No,No,No,No,Yes,No,No,No,0,0,0,0,0,0,0,0,0,0,0,0,0,0,0,0,0,0,0,0
4,Female,115970,Yes,No,No,No,Yes,Yes,Yes,No,Yes,No,No,Yes,Yes,Yes,Yes,Yes,0,0,0,0,0,0,0,0,0,0,0,1,0,0,0,0,0,0,0,0
50,Male,343828,No,No,No,No,Yes,No,Yes,No,No,No,No,No,No,Yes,No,No,0,0,0,0,0,0,0,0,0,0,0,0,0,0,0,0,0,0,0,0
3,Female,382261,No,No,Yes,No,Yes,Yes,Yes,Yes,No,No,Yes,No,Yes,Yes,Yes,No,0,0,0,0,0,0,0,1,0,0,0,0,0,0,0,0,0,0,0,0
18,Female,186894,No,No,No,Yes,Yes,Yes,Yes,Yes,No,No,Yes,No,No,Yes,No,No,0,0,0,0,0,0,0,1,0,0,0,0,0,0,0,0,0,0,0,0
71,Female,345238,No,No,Yes,No,No,Yes,Yes,Yes,No,No,No,No,Yes,Yes,No,No,0,0,0,0,0,0,0,0,0,0,1,0,0,0,0,0,0,0,0,0
30,Female,342745,No,No,No,No,No,No,Yes,Yes,Yes,No,No,Yes,Yes,No,No,Yes,0,0,0,0,0,0,0,0,0,0,1,0,0,0,0,0,0,0,0,0
42,Male,265291,No,No,Yes,No,Yes,No,Yes,Yes,Yes,No,Yes,Yes,No,Yes,No,Yes,0,0,0,0,0,0,0,1,1,1,0,0,0,0,0,0,1,0,0,0
65,Female,244410,No,No,No,Yes,Yes,Yes,No,No,No,No,No,No,No,Yes,No,Yes,0,0,0,0,0,0,0,0,0,0,0,0,0,0,0,0,0,0,0,0
33,Male,148769,No,No,No,No,Yes,No,Yes,No,No,No,Yes,Yes,Yes,Yes,No,Yes,0,0,0,0,0,0,0,1,0,1,0,1,0,0,0,0,0,0,0,0
41,Female,378508,No,No,No,No,Yes,No,Yes,Yes,No,No,No,Yes,Yes,Yes,No,No,0,0,0,0,0,0,0,0,0,0,1,0,0,0,0,0,0,0,0,0
11,Male,68276,No,No,Yes,No,Yes,No,No,No,Yes,No,No,No,No,No,No,No,0,0,0,0,0,0,0,0,0,0,0,0,0,0,0,0,0,0,0,0
78,Female,12193,No,No,No,No,Yes,No,No,No,No,No,Yes,Yes,No,No,No,Yes,0,1,0,0,1,0,1,1,0,1,0,0,0,0,0,0,0,0,0,0
18,Female,317935,Yes,Yes,Yes,Yes,No,No,Yes,Yes,No,Yes,No,Yes,Yes,No,No,Yes,0,0,0,0,0,0,0,0,0,0,1,0,1,0,1,1,0,0,0,0
65,Female,450025,No,No,No,Yes,No,Yes,No,No,No,No,No,No,Yes,Yes,No,No,0,0,0,0,0,0,0,0,0,0,1,0,0,0,0,0,0,0,0,0
84,Male,403715,No,No,No,No,No,No,Yes,Yes,Yes,No,Yes,Yes,Yes,Yes,No,No,0,0,0,0,0,0,0,0,0,0,0,0,0,0,0,0,0,0,0,0
77,Male,225489,No,No,No,No,Yes,No,Yes,No,No,No,Yes,No,No,Yes,No,Yes,0,0,0,0,0,0,0,1,0,0,0,0,0,0,0,0,0,0,0,0
15,Female,251534,Yes,Yes,No,No,No,Yes,No,No,No,No,No,Yes,Yes,Yes,Yes,No,0,0,0,0,0,0,0,0,0,0,0,0,0,0,0,0,0,0,0,0
50,Male,468024,No,No,No,No,Yes,No,No,No,Yes,No,Yes,No,No,Yes,No,Yes,0,0,0,0,0,0,0,0,0,0,0,0,0,0,0,0,0,0,0,0
82,Female,380860,No,No,No,No,Yes,No,Yes,No,No,No,No,Yes,Yes,Yes,No,No,0,0,0,0,0,0,0,0,0,0,1,0,0,0,0,0,0,0,0,0
74,Female,13274,No,No,Yes,No,Yes,Yes,Yes,No,Yes,No,Yes,No,Yes,No,No,Yes,0,1,0,0,1,0,1,1,1,0,1,1,0,0,0,0,1,0,0,0
40,Female,144517,No,No,Yes,No,Yes,No,No,Yes,No,Yes,No,No,No,Yes,No,Yes,0,0,0,0,0,0,0,0,0,0,0,0,1,0,0,0,0,0,0,0
70,Female,31933,No,No,Yes,Yes,Yes,No,Yes,Yes,No,No,Yes,Yes,No,No,No,No,0,1,0,0,1,1,1,1,0,1,0,0,0,0,0,0,0,0,0,0
64,Male,272755,No,No,Yes,No,Yes,No,Yes,Yes,No,No,No,Yes,Yes,No,No,Yes,0,0,0,0,0,0,0,0,0,1,0,0,0,0,0,0,0,0,0,0
63,Male,276071,No,No,Yes,No,Yes,No,No,Yes,No,No,Yes,No,Yes,Yes,No,Yes,0,0,0,0,0,0,0,1,0,0,0,0,0,0,0,0,0,0,0,0
78,Female,109352,No,No,No,Yes,No,No,Yes,Yes,No,No,Yes,No,No,Yes,No,No,0,1,0,0,0,0,0,1,0,0,0,0,0,0,0,0,0,0,0,0
67,Male,241978,No,No,No,No,Yes,No,No,No,Yes,No,No,Yes,No,Yes,No,No,0,0,0,0,0,0,0,0,0,1,0,0,0,0,0,0,0,0,0,0
85,Male,327085,No,No,Yes,No,No,No,No,Yes,Yes,No,Yes,Yes,Yes,Yes,No,No,0,0,0,0,0,0,0,1,1,0,0,0,0,0,0,0,1,0,0,0
7,Male,479171,Yes,Yes,Yes,No,No,No,No,No,Yes,No,No,Yes,Yes,Yes,No,Yes,0,0,0,0,0,0,0,0,0,0,0,0,0,0,0,0,0,0,0,0
63,Male,127952,No,No,No,No,Yes,No,Yes,No,Yes,No,Yes,Yes,Yes,Yes,No,No,0,0,0,0,0,0,0,1,0,1,0,1,0,0,0,0,0,0,0,0
25,Male,193967,Yes,No,Yes,No,Yes,No,No,Yes,No,No,Yes,No,Yes,No,No,Yes,0,0,0,0,0,0,0,1,0,0,0,1,0,0,0,1,0,0,0,1
2,Male,314676,No,No,No,No,No,No,Yes,Yes,No,No,No,Yes,No,No,No,No,0,0,0,0,0,0,0,0,0,0,0,0,0,0,0,0,0,0,0,0
33,Male,428482,No,No,Yes,No,No,No,Yes,Yes,No,No,No,No,Yes,Yes,No,No,0,0,0,0,0,0,0,0,0,0,0,0,0,0,0,0,0,0,0,0
82,Female,342428,No,No,Yes,Yes,Yes,Yes,No,Yes,Yes,No,Yes,No,No,No,No,Yes,0,0,0,0,0,0,0,1,1,0,0,0,0,0,0,0,1,0,0,0
8,Male,396824,Yes,Yes,Yes,No,No,No,No,No,Yes,No,No,No,Yes,No,No,No,0,0,0,0,0,0,0,0,0,0,0,0,0,0,0,0,0,0,0,0
77,Female,267920,No,No,No,Yes,Yes,Yes,Yes,Yes,No,No,No,No,No,No,No,Yes,0,0,0,0,0,0,0,0,0,0,0,0,0,0,0,0,0,0,0,0
4,Female,223311,Yes,No,No,No,Yes,No,Yes,Yes,No,No,Yes,No,Yes,No,Yes,No,0,0,0,0,0,0,0,1,0,0,0,1,0,0,0,0,0,0,0,0
44,Male,33143,No,No,No,No,Yes,No,No,Yes,Yes,No,No,No,Yes,No,No,No,0,0,0,0,0,0,0,0,0,0,0,1,0,0,0,0,0,0,0,0
82,Male,356671,No,No,Yes,No,Yes,No,No,No,No,No,Yes,No,Yes,Yes,No,Yes,0,0,0,0,0,0,0,1,0,0,0,0,0,0,0,0,0,0,0,0
15,Female,319327,Yes,No,No,No,Yes,Yes,No,No,No,No,Yes,No,No,No,Yes,Yes,0,0,0,0,0,0,0,1,0,0,0,0,0,0,0,0,0,0,0,0
29,Male,486456,No,No,No,No,No,No,Yes,No,Yes,No,No,No,Yes,Yes,No,Yes,0,0,0,0,0,0,0,0,0,0,0,0,0,0,0,0,0,0,0,0
84,Male,497181,No,No,Yes,No,No,No,Yes,No,Yes,No,Yes,Yes,No,No,No,No,0,0,0,0,0,0,0,0,1,0,0,0,0,0,0,0,1,0,0,0
43,Male,103196,No,No,No,No,No,No,Yes,No,No,No,No,Yes,Yes,Yes,No,Yes,0,0,0,0,0,0,0,0,0,1,0,1,0,0,0,0,0,0,0,0
85,Male,127004,No,No,No,No,Yes,No,No,Yes,Yes,No,Yes,Yes,No,Yes,No,Yes,0,0,0,0,0,0,0,1,0,1,0,0,0,0,0,0,0,0,0,0
73,Male,85457,No,No,No,No,Yes,No,No,Yes,No,No,Yes,Yes,No,No,No,Yes,0,0,0,0,0,0,0,1,0,1,0,0,0,0,0,0,0,0,0,0
79,Male,171653,No,No,Yes,No,Yes,No,Yes,Yes,Yes,No,No,Yes,Yes,No,No,Yes,0,0,0,0,0,0,0,0,1,1,0,1,0,0,0,0,0,0,0,0
24,Female,461787,No,No,Yes,No,No,Yes,No,Yes,Yes,No,No,Yes,No,No,No,No,0,0,0,0,0,0,0,0,1,0,0,0,0,0,0,0,0,0,0,0
59,Female,433566,No,No,No,No,Yes,Yes,No,Yes,No,No,Yes,Yes,No,No,No,No,0,0,0,0,0,0,0,0,0,0,0,0,0,0,0,0,0,0,0,0
66,Female,308491,No,No,Yes,Yes,Yes,No,Yes,No,No,No,Yes,No,No,No,No,Yes,0,0,0,0,0,0,0,1,0,0,0,0,0,0,0,0,0,0,0,0
41,Male,236315,No,No,Yes,No,Yes,No,No,No,Yes,No,No,No,Yes,No,No,No,0,0,0,0,0,0,0,0,1,0,0,1,0,0,0,0,0,0,0,0
82,Female,383157,No,No,No,No,Yes,Yes,No,No,Yes,No,No,No,Yes,Yes,No,No,0,0,0,0,0,0,0,0,0,0,1,0,0,0,0,0,0,0,0,0
20,Female,138225,No,No,Yes,Yes,Yes,Yes,Yes,Yes,Yes,Yes,Yes,Yes,Yes,No,No,No,0,0,0,0,0,0,0,1,1,1,1,1,1,0,0,0,1,1,0,0
36,Female,358131,No,No,Yes,No,No,Yes,Yes,Yes,Yes,Yes,Yes,No,Yes,Yes,No,Yes,0,0,0,0,0,0,0,1,1,0,1,0,1,0,0,0,1,1,0,0
67,Male,352301,No,No,Yes,No,No,No,Yes,Yes,No,No,No,No,No,No,No,No,0,0,0,0,0,0,0,0,0,0,0,0,0,0,0,0,0,0,0,0
52,Female,11004,No,No,Yes,Yes,No,Yes,Yes,Yes,Yes,No,No,Yes,No,Yes,No,Yes,0,0,0,0,0,0,0,0,1,1,0,0,0,1,0,0,0,0,0,0
56,Female,424396,No,No,No,No,No,Yes,No,Yes,Yes,No,Yes,No,Yes,Yes,No,Yes,0,0,0,0,0,0,0,0,0,0,1,0,0,0,0,0,0,0,0,0
85,Female,179090,No,No,No,No,Yes,Yes,No,Yes,No,No,Yes,Yes,No,Yes,No,Yes,0,1,0,0,0,0,0,1,0,1,0,0,0,0,0,0,0,0,0,0
68,Male,465341,No,No,Yes,No,Yes,No,Yes,No,No,No,Yes,Yes,Yes,No,No,Yes,0,0,0,0,0,0,0,0,0,0,0,0,0,0,0,0,0,0,0,0
23,Male,307693,Yes,No,Yes,No,Yes,No,No,Yes,No,No,No,Yes,Yes,No,No,No,0,0,0,0,0,0,0,0,0,0,0,0,0,0,0,1,0,0,0,0
22,Female,422579,No,No,Yes,No,Yes,Yes,No,Yes,Yes,Yes,Yes,Yes,No,No,No,Yes,0,0,0,0,0,0,0,0,1,0,0,0,1,0,0,0,1,1,0,1
4,Female,15897,Yes,No,No,No,Yes,Yes,No,No,No,No,No,Yes,No,Yes,Yes,Yes,0,0,0,0,0,0,0,0,0,0,0,0,0,0,0,0,0,0,0,0
30,Male,206851,No,No,No,No,Yes,No,No,Yes,Yes,No,Yes,No,Yes,No,No,Yes,0,0,0,0,0,0,0,1,0,0,0,1,0,0,0,0,0,0,0,1
28,Female,131345,No,No,Yes,No,Yes,No,No,No,No,No,Yes,No,No,No,No,No,0,1,0,0,0,0,0,1,0,0,0,0,0,0,0,0,0,0,0,0
63,Female,55106,No,No,Yes,No,No,No,No,Yes,No,No,Yes,No,No,Yes,No,Yes,0,1,0,0,1,0,0,1,0,0,0,0,0,1,0,0,0,0,0,0
10,Female,333918,No,No,No,No,No,Yes,No,Yes,Yes,No,No,Yes,No,No,Yes,Yes,0,0,0,0,0,0,0,0,0,0,0,0,0,0,0,0,0,0,0,0
7,Male,303259,Yes,Yes,No,No,Yes,No,No,No,No,No,No,Yes,No,No,No,Yes,0,0,0,0,0,0,0,0,0,0,0,0,0,0,0,0,0,0,0,0
80,Male,432417,No,No,Yes,No,Yes,No,No,No,No,No,No,No,Yes,Yes,No,No,0,0,0,0,0,0,0,0,0,0,0,0,0,0,0,0,0,0,0,0
20,Female,154892,Yes,No,No,Yes,No,No,Yes,No,No,Yes,Yes,No,Yes,No,No,No,1,0,0,0,0,0,0,1,0,0,1,1,1,0,1,0,0,1,0,0
47,Female,105283,No,No,Yes,No,No,Yes,Yes,Yes,No,No,No,Yes,Yes,Yes,No,No,0,0,0,0,0,0,0,0,0,1,1,1,0,0,0,0,0,0,0,0
80,Male,204521,No,No,Yes,No,Yes,No,Yes,Yes,No,No,Yes,No,No,Yes,No,Yes,0,0,0,0,0,0,0,1,0,0,0,0,0,0,0,0,0,0,0,0
64,Female,193240,No,No,Yes,No,Yes,Yes,Yes,Yes,No,No,No,No,Yes,No,No,Yes,0,0,0,0,0,0,0,0,0,0,1,1,0,0,0,0,0,0,0,0
84,Female,168323,No,No,No,No,No,Yes,No,No,Yes,No,Yes,Yes,Yes,No,No,Yes,0,1,0,0,0,0,0,1,0,1,1,1,0,0,0,0,0,0,0,0
32,Female,408209,No,No,No,Yes,Yes,Yes,No,Yes,Yes,Yes,Yes,No,No,No,No,No,0,0,0,0,0,0,0,0,0,0,0,0,1,0,0,0,0,1,0,0
67,Male,226975,No,No,Yes,No,Yes,No,No,No,Yes,No,No,Yes,Yes,No,No,Yes,0,0,0,0,0,0,0,0,1,1,0,1,0,0,0,0,0,0,0,0
34,Male,393007,No,No,No,No,No,No,No,No,No,No,No,Yes,No,Yes,No,No,0,0,0,0,0,0,0,0,0,0,0,0,0,0,0,0,0,0,0,0
74,Female,382746,No,No,Yes,Yes,Yes,No,Yes,No,Yes,No,No,Yes,Yes,No,No,Yes,0,0,0,0,0,0,0,0,1,0,1,0,0,0,0,0,0,0,0,0
77,Female,271061,No,No,No,No,Yes,No,No,No,No,No,No,Yes,No,No,No,Yes,0,0,0,0,0,0,0,0,0,1,0,0,0,0,0,0,0,0,0,0
23,Female,135149,No,No,Yes,Yes,No,No,No,No,No,No,No,Yes,Yes,No,No,Yes,0,0,0,0,0,0,0,0,0,1,1,1,0,0,0,0,0,0,0,0
68,Female,464229,No,No,Yes,Yes,No,Yes,Yes,No,No,No,Yes,No,No,Yes,No,No,0,0,0,0,0,0,0,0,0,0,0,0,0,0,0,0,0,0,0,0
49,Male,459079,No,No,Yes,No,Yes,No,Yes,Yes,Yes,No,No,No,Yes,Yes,No,Yes,0,0,0,0,0,0,0,0,1,0,0,0,0,0,0,0,0,0,0,0
6,Male,109521,Yes,No,Yes,No,No,No,No,Yes,No,No,Yes,Yes,Yes,Yes,No,Yes,0,0,0,0,0,0,0,1,0,0,0,1,0,0,0,1,0,0,0,0
35,Female,430398,No,No,No,Yes,Yes,No,No,Yes,Yes,No,Yes,Yes,Yes,No,No,No,0,0,0,0,0,0,0,0,0,0,1,0,0,0,0,0,0,0,0,0
75,Female,307355,No,No,Yes,Yes,No,Yes,Yes,No,No,No,Yes,No,Yes,No,No,Yes,0,0,0,0,0,0,0,1,0,0,1,0,0,0,0,0,0,0,0,0
48,Male,248162,No,No,No,No,No,No,No,No,Yes,No,No,No,Yes,No,No,No,0,0,0,0,0,0,0,0,0,0,0,1,0,0,0,0,0,0,0,0
65,Female,376764,No,No,Yes,No,Yes,No,No,Yes,Yes,No,Yes,Yes,Yes,No,No,Yes,0,0,0,0,0,0,0,1,1,0,1,0,0,0,0,0,1,0,0,0
36,Male,474018,No,No,Yes,No,Yes,No,No,No,Yes,No,Yes,Yes,Yes,Yes,No,Yes,0,0,0,0,0,0,0,0,1,0,0,0,0,0,0,0,1,0,0,0
28,Male,325403,No,No,No,No,No,No,Yes,No,No,No,Yes,Yes,No,Yes,No,Yes,0,0,0,0,0,0,0,1,0,0,0,0,0,0,0,0,0,0,0,1
4,Female,223463,Yes,Yes,No,No,Yes,Yes,Yes,No,Yes,No,No,Yes,No,No,Yes,Yes,0,0,0,0,0,0,0,0,0,0,0,0,0,0,0,0,0,0,0,0
12,Female,112306,No,No,Yes,No,No,Yes,No,No,Yes,No,Yes,No,Yes,Yes,Yes,Yes,0,0,0,0,0,0,0,1,0,0,0,1,0,0,0,0,0,0,0,0
38,Female,341244,No,No,No,No,No,Yes,Yes,Yes,No,No,Yes,No,Yes,No,No,No,0,0,0,0,0,0,0,1,0,0,1,0,0,0,0,0,0,0,0,0
85,Female,139675,No,No,Yes,No,No,Yes,Yes,Yes,Yes,No,No,Yes,No,No,No,Yes,0,0,0,0,0,0,0,0,1,1,0,0,0,0,0,0,0,0,0,0
3,Female,215417,No,No,No,No,Yes,Yes,No,Yes,No,No,Yes,Yes,No,Yes,Yes,No,0,0,0,0,0,0,0,1,0,0,0,0,0,0,0,0,0,0,0,0
23,Female,93979,Yes,No,No,No,No,No,Yes,Yes,No,Yes,No,Yes,Yes,Yes,No,No,0,0,0,0,0,0,0,0,0,1,1,1,1,0,1,1,0,0,0,0
80,Male,267243,No,No,Yes,No,No,No,No,No,Yes,No,No,No,No,No,No,Yes,0,0,0,0,0,0,0,0,1,0,0,0,0,0,0,0,0,0,0,0
33,Female,473790,No,No,Yes,No,No,No,Yes,Yes,Yes,Yes,Yes,No,Yes,No,No,Yes,0,0,0,0,0,0,0,0,1,0,1,0,1,0,0,0,1,1,0,0
59,Male,125325,No,No,No,No,Yes,No,No,No,Yes,No,Yes,No,Yes,Yes,No,No,0,0,0,0,0,0,0,1,0,0,0,1,0,0,0,0,0,0,0,0
19,Female,189004,Yes,No,No,Yes,Yes,Yes,Yes,No,Yes,No,No,Yes,No,Yes,No,No,0,0,0,0,0,0,0,0,0,1,0,0,0,0,1,0,0,0,0,0
36,Male,202098,No,No,Yes,No,No,No,No,No,No,No,Yes,No,Yes,Yes,No,Yes,0,0,0,0,0,0,0,1,0,0,0,1,0,0,0,0,0,0,0,0
19,Female,242611,Yes,Yes,Yes,No,No,Yes,Yes,Yes,Yes,Yes,Yes,Yes,No,No,No,Yes,1,0,0,0,0,0,0,1,1,1,0,0,1,0,1,1,1,1,0,1
71,Female,48225,No,No,Yes,No,No,Yes,Yes,Yes,Yes,No,Yes,No,No,No,No,Yes,0,1,0,0,1,0,0,1,1,0,0,0,0,0,0,0,1,0,0,0
65,Female,10073,No,No,No,No,Yes,No,No,Yes,No,No,Yes,No,No,Yes,No,No,0,1,0,0,1,0,1,1,0,0,0,0,0,1,0,0,0,0,0,0
5,Male,365820,No,No,Yes,No,No,No,No,No,No,No,Yes,Yes,Yes,No,No,No,0,0,0,0,0,0,0,1,0,0,0,0,0,0,0,0,0,0,0,0
60,Male,299892,No,No,Yes,No,Yes,No,Yes,Yes,Yes,No,No,Yes,Yes,No,No,No,0,0,0,0,0,0,0,0,1,1,0,0,0,0,0,0,0,0,0,0
21,Female,377710,No,No,No,No,No,Yes,No,No,Yes,Yes,Yes,Yes,No,No,No,No,0,0,0,0,0,0,0,1,0,0,0,0,1,0,0,0,0,1,0,0
45,Male,39731,No,No,No,No,Yes,No,No,Yes,Yes,No,Yes,No,No,No,No,Yes,0,0,0,0,0,0,1,1,0,0,0,0,0,0,0,0,0,0,0,0
53,Male,420726,No,No,No,No,Yes,No,No,Yes,No,No,Yes,No,Yes,Yes,No,Yes,0,0,0,0,0,0,0,0,0,0,0,0,0,0,0,0,0,0,0,0
10,Female,189539,Yes,Yes,No,No,No,No,No,Yes,Yes,No,Yes,Yes,Yes,Yes,Yes,Yes,0,0,0,1,0,0,0,1,0,0,0,1,0,0,0,1,0,0,0,0
81,Male,259692,No,No,Yes,No,Yes,No,Yes,Yes,Yes,No,Yes,No,Yes,No,No,Yes,0,0,0,0,0,0,0,1,1,0,0,0,0,0,0,0,1,0,0,0
39,Male,193486,No,No,Yes,No,No,No,Yes,No,No,No,Yes,Yes,Yes,No,No,No,0,0,0,0,0,0,0,1,0,1,0,1,0,0,0,0,0,0,0,0
52,Female,40837,No,No,Yes,Yes,No,No,Yes,No,No,No,No,Yes,No,Yes,No,No,0,0,0,0,0,0,0,0,0,1,0,0,0,1,0,0,0,0,0,0
23,Male,82821,Yes,No,No,No,No,No,Yes,Yes,No,No,No,No,Yes,No,No,Yes,0,0,0,0,0,0,0,0,0,0,0,1,0,0,1,1,0,0,0,0
28,Male,220308,No,No,No,No,Yes,No,Yes,Yes,No,No,Yes,Yes,No,Yes,No,No,0,0,0,0,0,0,0,1,0,1,0,0,0,0,0,0,0,0,0,0
78,Female,212154,No,No,Yes,No,Yes,Yes,Yes,Yes,No,No,No,No,No,No,No,No,0,0,0,0,0,0,0,0,0,0,0,0,0,0,0,0,0,0,0,0
63,Female,100951,No,No,No,Yes,No,No,No,Yes,No,No,Yes,Yes,No,Yes,No,No,0,1,0,0,0,0,0,1,0,1,0,0,0,0,0,0,0,0,0,0
9,Male,286865,Yes,No,No,No,No,No,No,Yes,No,No,Yes,Yes,Yes,No,No,Yes,0,0,0,0,0,0,0,1,0,0,0,0,0,0,0,1,0,0,0,0
82,Female,119707,No,No,Yes,No,Yes,Yes,No,No,No,No,Yes,Yes,No,Yes,No,No,0,1,0,0,0,0,0,1,0,1,0,0,0,0,0,0,0,0,0,0
74,Male,440941,No,No,No,No,No,No,Yes,No,Yes,No,Yes,No,No,No,No,Yes,0,0,0,0,0,0,0,0,0,0,0,0,0,0,0,0,0,0,0,0
75,Male,383230,No,No,Yes,No,Yes,No,Yes,No,Yes,No,Yes,No,Yes,No,No,No,0,0,0,0,0,0,0,1,1,0,0,0,0,0,0,0,1,0,0,0
10,Female,106917,Yes,No,No,No,Yes,Yes,No,No,Yes,No,Yes,No,Yes,No,Yes,No,0,0,0,0,0,0,0,1,0,0,0,1,0,0,0,0,0,0,0,0
81,Female,81759,No,No,No,No,No,No,No,No,Yes,No,Yes,No,Yes,No,No,No,0,1,0,0,0,0,0,1,0,0,1,1,0,0,0,0,0,0,0,0
29,Female,160338,No,No,Yes,No,Yes,Yes,Yes,Yes,No,Yes,Yes,Yes,No,Yes,No,Yes,0,1,0,0,0,0,0,1,0,1,0,0,1,0,0,0,0,1,0,1
41,Female,161697,No,No,No,No,No,No,No,Yes,No,No,Yes,No,No,Yes,No,Yes,0,1,0,0,0,0,0,1,0,0,0,0,0,0,0,0,0,0,0,0
26,Male,313816,No,No,Yes,No,Yes,No,Yes,Yes,No,No,Yes,No,Yes,No,No,No,0,0,0,0,0,0,0,1,0,0,0,0,0,0,0,0,0,0,0,0
60,Male,257654,No,No,No,No,Yes,No,Yes,No,No,No,Yes,No,Yes,No,No,Yes,0,0,0,0,0,0,0,1,0,0,0,0,0,0,0,0,0,0,0,0
7,Male,454004,Yes,No,No,No,No,No,No,No,No,No,Yes,Yes,Yes,Yes,No,Yes,0,0,0,0,0,0,0,0,0,0,0,0,0,0,0,0,0,0,0,0
14,Male,261902,Yes,Yes,No,No,No,No,No,Yes,No,No,Yes,Yes,No,Yes,No,Yes,0,0,0,1,0,0,0,1,0,0,0,0,0,0,0,1,0,0,0,0
34,Male,336330,No,No,Yes,No,No,No,No,Yes,No,No,Yes,No,Yes,Yes,No,Yes,0,0,0,0,0,0,0,1,0,0,0,0,0,0,0,0,0,0,0,0
76,Female,317887,No,No,No,Yes,No,Yes,No,Yes,No,No,Yes,No,Yes,No,No,No,0,0,0,0,0,0,0,1,0,0,1,0,0,0,0,0,0,0,0,0
9,Female,318190,No,No,Yes,No,Yes,No,Yes,Yes,Yes,No,Yes,No,No,Yes,Yes,No,0,0,0,0,0,0,0,1,0,0,0,0,0,0,0,0,0,0,0,0
27,Female,322543,No,No,Yes,No,No,Yes,No,No,Yes,Yes,No,No,No,No,No,No,0,0,0,0,0,0,0,0,1,0,0,0,1,0,0,0,0,0,0,0
45,Female,13676,No,No,No,Yes,No,No,No,Yes,No,Yes,Yes,Yes,No,No,No,Yes,0,1,0,0,0,1,0,1,0,1,0,0,1,0,0,0,0,1,0,0
75,Male,188492,No,No,No,No,Yes,No,Yes,Yes,No,No,Yes,Yes,Yes,Yes,No,No,0,0,0,0,0,0,0,1,0,1,0,1,0,0,0,0,0,0,0,0
23,Male,255568,Yes,No,No,No,Yes,No,Yes,No,Yes,No,Yes,No,No,No,No,Yes,0,0,0,0,0,0,0,1,0,0,0,0,0,0,1,0,0,0,0,1
36,Male,242675,No,No,No,No,Yes,No,Yes,No,Yes,No,No,No,Yes,Yes,No,Yes,0,0,0,0,0,0,0,0,0,0,0,1,0,0,0,0,0,0,0,0
23,Female,158671,Yes,No,No,No,No,No,No,Yes,Yes,No,Yes,No,Yes,Yes,No,Yes,1,1,0,0,0,0,0,1,0,0,1,1,0,0,0,1,0,0,0,1
78,Female,114786,No,No,No,No,No,Yes,No,No,No,No,No,No,Yes,Yes,No,No,0,0,0,0,0,0,0,0,0,0,1,1,0,0,0,0,0,0,0,0
70,Male,377277,No,No,Yes,No,Yes,No,No,No,Yes,No,No,No,Yes,Yes,No,No,0,0,0,0,0,0,0,0,1,0,0,0,0,0,0,0,0,0,0,0
19,Female,192633,Yes,Yes,No,Yes,No,No,Yes,Yes,No,Yes,Yes,No,Yes,No,No,No,1,0,0,0,0,0,0,1,0,0,1,1,1,0,1,1,0,1,0,0
27,Male,80675,No,No,Yes,No,Yes,No,No,No,No,No,No,Yes,No,No,No,No,0,0,0,0,0,0,0,0,0,1,0,0,0,0,0,0,0,0,0,0
30,Male,245196,No,No,No,No,Yes,No,Yes,No,No,No,Yes,No,No,No,No,No,0,0,0,0,0,0,0,1,0,0,0,0,0,0,0,0,0,0,0,0
61,Female,292913,No,No,Yes,No,Yes,Yes,No,Yes,Yes,No,Yes,Yes,No,Yes,No,Yes,0,0,0,0,0,0,0,1,1,1,0,0,0,0,0,0,1,0,0,0
38,Female,233605,No,No,No,No,Yes,No,No,No,No,No,Yes,Yes,Yes,No,No,No,0,1,0,0,0,0,0,1,0,1,1,1,0,0,0,0,0,0,0,0
28,Male,196316,No,No,No,No,Yes,No,Yes,Yes,No,No,No,Yes,Yes,Yes,No,No,0,0,0,0,0,0,0,0,0,1,0,1,0,0,0,0,0,0,0,0
28,Male,121365,No,No,Yes,No,Yes,No,No,Yes,No,No,No,Yes,Yes,Yes,No,No,0,0,0,0,0,0,0,0,0,1,0,1,0,0,0,0,0,0,0,0
12,Male,175379,No,No,No,No,Yes,No,Yes,Yes,No,No,No,No,Yes,Yes,No,No,0,0,0,0,0,0,0,0,0,0,0,1,0,0,0,0,0,0,0,0
84,Male,498302,No,No,No,No,No,No,Yes,Yes,No,No,Yes,Yes,No,No,No,No,0,0,0,0,0,0,0,0,0,0,0,0,0,0,0,0,0,0,0,0
44,Male,229668,No,No,No,No,No,No,Yes,No,No,No,Yes,No,Yes,No,No,No,0,0,0,0,0,0,0,1,0,0,0,1,0,0,0,0,0,0,0,0
68,Female,11084,No,No,No,No,Yes,No,Yes,Yes,No,No,No,No,No,Yes,No,No,0,0,0,0,0,0,0,0,0,0,0,0,0,1,0,0,0,0,0,0
38,Male,485034,No,No,Yes,No,Yes,No,No,Yes,Yes,No,Yes,No,No,Yes,No,Yes,0,0,0,0,0,0,0,0,1,0,0,0,0,0,0,0,1,0,0,0
61,Male,473253,No,No,Yes,No,Yes,No,Yes,No,No,No,No,No,Yes,Yes,No,Yes,0,0,0,0,0,0,0,0,0,0,0,0,0,0,0,0,0,0,0,0
27,Female,273257,No,No,No,No,No,No,No,No,Yes,No,No,No,Yes,No,No,No,0,0,0,0,0,0,0,0,0,0,1,0,0,0,0,0,0,0,0,0
68,Male,40048,No,No,No,No,Yes,No,No,No,Yes,No,No,Yes,No,Yes,No,Yes,0,0,0,0,0,0,0,0,0,1,0,0,0,1,0,0,0,0,0,0
55,Male,40274,No,No,No,No,Yes,No,Yes,No,Yes,No,No,No,No,No,No,No,0,0,0,0,0,0,0,0,0,0,0,0,0,0,0,0,0,0,0,0
40,Female,484256,No,No,Yes,Yes,No,Yes,Yes,Yes,Yes,No,No,Yes,Yes,Yes,No,Yes,0,0,0,0,0,0,0,0,1,0,1,0,0,0,0,0,0,0,0,0
15,Female,170400,Yes,No,No,No,No,No,No,Yes,Yes,No,No,Yes,Yes,No,Yes,Yes,0,0,0,0,0,0,0,0,0,0,0,1,0,0,0,1,0,0,0,0
8,Female,265904,No,No,Yes,No,Yes,Yes,No,No,No,No,No,Yes,Yes,No,Yes,Yes,0,0,0,0,0,0,0,0,0,0,0,0,0,0,0,0,0,0,0,0
80,Male,265186,No,No,Yes,No,No,No,Yes,Yes,No,No,No,Yes,Yes,No,No,Yes,0,0,0,0,0,0,0,0,0,1,0,0,0,0,0,0,0,0,0,0
51,Male,11189,No,No,No,No,No,No,Yes,Yes,Yes,No,No,No,No,No,No,Yes,0,0,0,0,0,0,0,0,0,0,0,0,0,0,0,0,0,0,0,0
49,Female,186147,No,No,No,Yes,No,Yes,No,Yes,No,No,Yes,No,Yes,No,No,Yes,0,1,0,0,0,0,0,1,0,0,1,1,0,0,0,0,0,0,0,0
12,Female,342347,Yes,No,No,No,Yes,No,Yes,Yes,No,No,No,Yes,No,Yes,Yes,Yes,0,0,0,0,0,0,0,0,0,0,0,0,0,0,1,1,0,0,0,0
75,Male,191388,No,No,No,No,No,No,No,Yes,Yes,No,No,Yes,No,Yes,No,No,0,0,0,0,0,0,0,0,0,1,0,0,0,0,0,0,0,0,0,0
42,Male,320611,No,No,No,No,No,No,No,Yes,Yes,No,Yes,Yes,Yes,No,No,Yes,0,0,0,0,0,0,0,1,0,0,0,0,0,0,0,0,0,0,0,0
67,Male,366314,No,No,No,No,Yes,No,Yes,No,No,No,No,No,No,Yes,No,No,0,0,0,0,0,0,0,0,0,0,0,0,0,0,0,0,0,0,0,0
64,Female,163412,No,No,No,Yes,Yes,Yes,No,No,Yes,No,No,No,Yes,No,No,No,0,0,0,0,0,0,0,0,0,0,1,1,0,0,0,0,0,0,0,0
81,Female,267247,No,No,Yes,Yes,Yes,No,No,Yes,Yes,No,Yes,No,No,Yes,No,No,0,0,0,0,0,0,0,1,1,0,0,0,0,0,0,0,1,0,0,0
52,Female,140425,No,No,No,No,No,Yes,No,Yes,Yes,No,Yes,No,Yes,Yes,No,No,0,1,0,0,0,0,0,1,0,0,1,1,0,0,0,0,0,0,0,0
55,Male,129391,No,No,Yes,No,No,No,No,Yes,No,No,No,No,No,No,No,No,0,0,0,0,0,0,0,0,0,0,0,0,0,0,0,0,0,0,0,0
51,Male,150029,No,No,No,No,Yes,No,Yes,Yes,Yes,No,No,Yes,No,No,No,No,0,0,0,0,0,0,0,0,0,1,0,0,0,0,0,0,0,0,0,0
85,Male,384823,No,No,Yes,No,Yes,No,No,Yes,Yes,No,Yes,No,No,No,No,No,0,0,0,0,0,0,0,1,1,0,0,0,0,0,0,0,1,0,0,0
27,Female,392600,No,No,Yes,Yes,Yes,Yes,No,No,No,No,No,Yes,No,No,No,Yes,0,0,0,0,0,0,0,0,0,0,0,0,0,0,0,0,0,0,0,0
25,Male,267178,Yes,Yes,No,No,Yes,No,Yes,Yes,No,No,No,No,No,No,No,No,0,0,0,0,0,0,0,0,0,0,0,0,0,0,1,1,0,0,0,0
15,Female,422287,Yes,No,No,No,No,Yes,Yes,No,No,No,Yes,Yes,No,Yes,Yes,No,0,0,0,0,0,0,0,0,0,0,0,0,0,0,1,0,0,0,0,0
41,Male,238743,No,No,Yes,No,Yes,No,No,No,No,No,Yes,No,No,Yes,No,Yes,0,0,0,0,0,0,0,1,0,0,0,0,0,0,0,0,0,0,0,0
66,Female,287317,No,No,Yes,Yes,No,Yes,No,Yes,No,No,Yes,Yes,Yes,Yes,No,No,0,0,0,0,0,0,0,1,0,1,1,0,0,0,0,0,0,0,0,0
29,Female,270207,No,No,No,Yes,No,Yes,Yes,Yes,Yes,No,Yes,Yes,Yes,Yes,No,Yes,0,0,0,0,0,0,0,1,0,1,1,0,0,0,0,0,0,0,0,1
61,Male,12253,No,No,Yes,No,Yes,No,Yes,Yes,No,No,No,Yes,No,No,No,No,0,0,0,0,0,0,0,0,0,1,0,0,0,0,0,0,0,0,0,0
61,Male,227313,No,No,No,No,Yes,No,No,No,No,No,No,No,Yes,Yes,No,No,0,0,0,0,0,0,0,0,0,0,0,1,0,0,0,0,0,0,0,0
2,Female,103318,No,No,Yes,No,No,No,Yes,No,Yes,No,Yes,No,No,Yes,Yes,No,0,0,0,0,0,0,0,1,0,0,0,0,0,0,0,0,0,0,0,0
20,Male,371603,Yes,Yes,No,No,Yes,No,Yes,No,Yes,No,No,Yes,Yes,Yes,No,No,0,0,0,0,0,0,0,0,0,0,0,0,0,0,1,0,0,0,0,0
28,Male,415048,No,No,Yes,No,Yes,No,Yes,No,Yes,No,No,No,No,Yes,No,Yes,0,0,0,0,0,0,0,0,1,0,0,0,0,0,0,0,0,0,0,0
30,Female,85338,No,No,Yes,Yes,Yes,No,Yes,Yes,Yes,No,No,No,Yes,Yes,No,No,0,0,0,0,0,0,0,0,1,0,1,1,0,0,0,0,0,0,0,0
35,Female,52671,No,No,No,No,No,No,No,No,No,Yes,No,No,Yes,Yes,No,No,0,0,0,0,0,0,0,0,0,0,1,1,1,1,0,0,0,0,0,0
65,Male,416222,No,No,No,No,No,No,Yes,No,Yes,No,Yes,Yes,No,No,No,Yes,0,0,0,0,0,0,0,0,0,0,0,0,0,0,0,0,0,0,0,0
17,Male,71619,Yes,No,Yes,No,Yes,No,No,Yes,No,No,No,Yes,Yes,Yes,No,No,0,0,0,0,0,0,0,0,0,0,0,1,0,0,0,1,0,0,0,0
23,Female,179141,No,No,Yes,No,Yes,Yes,No,No,Yes,No,No,Yes,No,No,No,Yes,0,0,0,0,0,0,0,0,1,1,0,0,0,0,0,0,0,0,0,0
38,Male,435077,No,No,Yes,No,Yes,No,Yes,No,No,No,No,No,No,Yes,No,No,0,0,0,0,0,0,0,0,0,0,0,0,0,0,0,0,0,0,0,0
10,Male,334706,No,No,No,No,Yes,No,Yes,Yes,No,No,No,Yes,Yes,Yes,No,Yes,0,0,0,0,0,0,0,0,0,0,0,0,0,0,0,0,0,0,0,0
81,Female,448938,No,No,No,No,Yes,Yes,Yes,Yes,No,No,Yes,Yes,No,No,No,No,0,0,0,0,0,0,0,0,0,0,0,0,0,0,0,0,0,0,0,0
34,Female,455761,No,No,No,Yes,No,Yes,Yes,Yes,No,No,No,No,No,No,No,No,0,0,0,0,0,0,0,0,0,0,0,0,0,0,0,0,0,0,0,0
61,Male,326379,No,No,No,No,No,No,Yes,Yes,Yes,No,Yes,No,No,No,No,Yes,0,0,0,0,0,0,0,1,0,0,0,0,0,0,0,0,0,0,0,0
56,Female,478013,No,No,Yes,Yes,Yes,Yes,Yes,No,No,No,No,No,No,No,No,Yes,0,0,0,0,0,0,0,0,0,0,0,0,0,0,0,0,0,0,0,0
50,Female,223962,No,No,No,No,No,No,Yes,Yes,No,No,Yes,No,Yes,No,No,Yes,0,1,0,0,0,0,0,1,0,0,1,1,0,0,0,0,0,0,0,0
13,Male,487205,Yes,No,Yes,No,No,No,Yes,No,No,No,No,Yes,Yes,Yes,No,No,0,0,0,0,0,0,0,0,0,0,0,0,0,0,1,0,0,0,0,0
32,Female,318818,No,No,No,No,Yes,Yes,Yes,Yes,No,Yes,Yes,Yes,Yes,Yes,No,Yes,0,0,0,0,0,0,0,1,0,0,1,0,1,0,0,0,0,1,0,0
76,Male,433111,No,No,No,No,Yes,No,Yes,No,No,No,Yes,Yes,Yes,Yes,No,No,0,0,0,0,0,0,0,0,0,0,0,0,0,0,0,0,0,0,0,0
31,Male,347321,No,No,No,No,Yes,No,Yes,No,No,No,No,Yes,Yes,No,No,Yes,0,0,0,0,0,0,0,0,0,0,0,0,0,0,0,0,0,0,0,0
14,Male,341097,No,No,Yes,No,Yes,No,Yes,Yes,No,No,No,No,Yes,No,No,No,0,0,0,0,0,0,0,0,0,0,0,0,0,0,0,0,0,0,0,0
71,Male,23527,No,No,Yes,No,No,No,Yes,Yes,No,No,Yes,No,No,No,No,Yes,0,0,0,0,1,0,0,1,0,0,0,0,0,0,0,0,0,0,0,0
75,Male,251003,No,No,Yes,No,No,No,Yes,Yes,No,No,Yes,Yes,Yes,No,No,No,0,0,0,0,0,0,0,1,0,1,0,0,0,0,0,0,0,0,0,0
36,Male,160266,No,No,No,No,No,No,Yes,No,No,No,No,No,Yes,Yes,No,No,0,0,0,0,0,0,0,0,0,0,0,1,0,0,0,0,0,0,0,0
40,Female,362559,No,No,No,No,No,No,No,Yes,Yes,Yes,Yes,Yes,No,No,No,No,0,0,0,0,0,0,0,1,0,0,0,0,1,0,0,0,0,1,0,0
18,Female,121533,No,No,Yes,Yes,Yes,No,Yes,No,Yes,Yes,No,Yes,No,No,No,No,0,0,0,0,0,0,0,0,1,1,0,0,1,0,0,0,0,0,0,0
39,Male,314283,No,No,Yes,No,No,No,No,No,Yes,No,No,No,Yes,No,No,Yes,0,0,0,0,0,0,0,0,1,0,0,0,0,0,0,0,0,0,0,0
60,Female,345437,No,No,No,No,No,Yes,No,Yes,No,No,Yes,Yes,No,Yes,No,No,0,0,0,0,0,0,0,1,0,0,0,0,0,0,0,0,0,0,0,0
31,Female,487431,No,No,Yes,Yes,No,Yes,No,No,No,No,No,Yes,No,No,No,No,0,0,0,0,0,0,0,0,0,0,0,0,0,0,0,0,0,0,0,0
46,Male,216272,No,No,Yes,No,No,No,No,Yes,Yes,No,No,No,Yes,No,No,Yes,0,0,0,0,0,0,0,0,1,0,0,1,0,0,0,0,0,0,0,0
41,Female,328737,No,No,No,Yes,No,Yes,No,No,Yes,Yes,No,No,Yes,No,No,No,0,0,0,0,0,0,0,0,0,0,1,0,1,0,0,0,0,0,0,0
14,Female,86582,Yes,Yes,Yes,No,No,No,Yes,No,No,No,Yes,Yes,Yes,No,Yes,No,0,0,0,1,0,0,0,1,0,0,0,1,0,0,1,0,0,0,0,0
52,Female,194313,No,No,Yes,No,No,Yes,No,No,Yes,No,Yes,Yes,No,Yes,No,No,0,1,0,0,0,0,0,1,1,1,0,0,0,0,0,0,1,0,0,0
62,Male,451869,No,No,No,No,Yes,No,Yes,Yes,No,No,No,No,Yes,Yes,No,No,0,0,0,0,0,0,0,0,0,0,0,0,0,0,0,0,0,0,0,0
22,Male,167612,Yes,No,Yes,No,Yes,No,Yes,Yes,Yes,No,Yes,Yes,No,No,No,Yes,0,0,0,0,0,0,0,1,1,1,0,0,0,0,1,1,1,0,0,1
68,Male,393578,No,No,Yes,No,Yes,No,No,No,No,No,Yes,No,No,Yes,No,No,0,0,0,0,0,0,0,1,0,0,0,0,0,0,0,0,0,0,0,0
75,Female,140556,No,No,No,Yes,No,Yes,Yes,Yes,Yes,No,No,No,Yes,No,No,Yes,0,0,0,0,0,0,0,0,0,0,1,1,0,0,0,0,0,0,0,0
11,Male,436109,No,No,Yes,No,Yes,No,No,No,Yes,No,Yes,Yes,No,No,No,No,0,0,0,0,0,0,0,0,0,0,0,0,0,0,0,0,0,0,0,0
46,Female,377197,No,No,Yes,Yes,Yes,No,No,Yes,Yes,No,Yes,Yes,No,Yes,No,Yes,0,0,0,0,0,0,0,1,1,0,0,0,0,0,0,0,1,0,0,0
28,Female,409680,No,No,Yes,Yes,Yes,Yes,Yes,No,Yes,No,No,No,Yes,No,No,Yes,0,0,0,0,0,0,0,0,1,0,1,0,0,0,0,0,0,0,0,0
44,Female,347766,No,No,No,No,No,No,Yes,Yes,Yes,Yes,No,No,Yes,No,No,No,0,0,0,0,0,0,0,0,0,0,1,0,1,0,0,0,0,0,0,0
79,Male,409528,No,No,Yes,No,Yes,No,No,No,No,No,Yes,Yes,Yes,Yes,No,No,0,0,0,0,0,0,0,0,0,0,0,0,0,0,0,0,0,0,0,0
26,Male,286672,No,No,No,No,Yes,No,Yes,Yes,No,No,Yes,Yes,No,Yes,No,Yes,0,0,0,0,0,0,0,1,0,1,0,0,0,0,0,0,0,0,0,1
29,Female,138329,No,No,Yes,Yes,No,Yes,No,Yes,Yes,No,Yes,Yes,Yes,Yes,No,No,0,1,0,0,0,0,0,1,1,1,1,1,0,0,0,0,1,0,0,0
63,Male,480935,No,No,Yes,No,No,No,Yes,Yes,Yes,No,No,Yes,Yes,Yes,No,Yes,0,0,0,0,0,0,0,0,1,0,0,0,0,0,0,0,0,0,0,0
33,Female,239767,No,No,No,No,Yes,Yes,Yes,No,Yes,Yes,No,No,Yes,Yes,No,No,0,0,0,0,0,0,0,0,0,0,1,1,1,0,0,0,0,0,0,0
74,Male,342012,No,No,Yes,No,Yes,No,No,Yes,Yes,No,Yes,Yes,No,No,No,Yes,0,0,0,0,0,0,0,1,1,0,0,0,0,0,0,0,1,0,0,0
21,Male,231573,No,No,No,No,Yes,No,No,No,Yes,No,No,Yes,No,No,No,Yes,0,0,0,0,0,0,0,0,0,1,0,0,0,0,0,0,0,0,0,0
13,Male,25344,No,No,Yes,No,Yes,No,Yes,Yes,Yes,No,Yes,No,No,Yes,No,No,0,0,0,0,0,0,0,1,0,0,0,0,0,0,0,0,0,0,0,0
3,Female,57833,No,No,No,No,No,Yes,No,Yes,Yes,No,Yes,Yes,Yes,No,Yes,No,0,0,0,0,0,0,0,1,0,0,0,1,0,0,0,0,0,0,1,0
44,Female,136340,No,No,Yes,No,No,No,Yes,Yes,No,No,Yes,No,Yes,No,No,Yes,0,1,0,0,0,0,0,1,0,0,1,1,0,0,0,0,0,0,0,0
47,Male,485251,No,No,No,No,Yes,No,No,No,No,No,Yes,No,Yes,Yes,No,Yes,0,0,0,0,0,0,0,0,0,0,0,0,0,0,0,0,0,0,0,0
38,Female,283933,No,No,Yes,No,Yes,No,No,Yes,Yes,No,No,No,No,No,No,Yes,0,0,0,0,0,0,0,0,1,0,0,0,0,0,0,0,0,0,0,0
69,Male,54941,No,No,Yes,No,Yes,No,No,No,Yes,No,No,Yes,Yes,No,No,No,0,0,0,0,0,0,0,0,1,1,0,1,0,0,0,0,0,0,0,0
27,Male,279238,No,No,Yes,No,No,No,Yes,No,No,No,No,No,Yes,Yes,No,Yes,0,0,0,0,0,0,0,0,0,0,0,0,0,0,0,0,0,0,0,0
14,Female,319848,Yes,Yes,No,No,Yes,No,Yes,Yes,Yes,No,Yes,No,Yes,No,Yes,Yes,0,0,0,1,0,0,0,1,0,0,0,0,0,0,1,1,0,0,0,0
25,Female,303714,No,No,No,No,Yes,Yes,No,Yes,No,Yes,Yes,Yes,Yes,No,No,Yes,0,0,0,0,0,0,0,1,0,0,1,0,1,0,0,0,0,1,0,1
84,Male,351430,No,No,Yes,No,No,No,Yes,Yes,Yes,No,No,No,Yes,No,No,Yes,0,0,0,0,0,0,0,0,1,0,0,0,0,0,0,0,0,0,0,0
76,Male,380469,No,No,No,No,Yes,No,Yes,No,No,No,No,Yes,No,No,No,No,0,0,0,0,0,0,0,0,0,0,0,0,0,0,0,0,0,0,0,0
59,Female,135663,No,No,Yes,No,Yes,Yes,No,No,No,No,No,No,Yes,Yes,No,Yes,0,0,0,0,0,0,0,0,0,0,1,1,0,0,0,0,0,0,0,0
42,Female,244576,No,No,Yes,No,Yes,Yes,Yes,No,Yes,No,Yes,Yes,No,No,No,No,0,1,0,0,0,0,0,1,1,1,0,0,0,0,0,0,1,0,0,0
72,Male,445419,No,No,No,No,Yes,No,Yes,No,Yes,No,No,No,Yes,Yes,No,No,0,0,0,0,0,0,0,0,0,0,0,0,0,0,0,0,0,0,0,0
85,Female,195537,No,No,No,Yes,No,Yes,Yes,No,Yes,No,Yes,Yes,Yes,No,No,Yes,0,1,0,0,0,0,0,1,0,1,1,1,0,0,0,0,0,0,0,0
54,Male,197082,No,No,No,No,Yes,No,Yes,No,Yes,No,No,No,Yes,Yes,No,Yes,0,0,0,0,0,0,0,0,0,0,0,1,0,0,0,0,0,0,0,0
34,Male,299282,No,No,No,No,Yes,No,No,Yes,No,No,No,No,No,No,No,No,0,0,0,0,0,0,0,0,0,0,0,0,0,0,0,0,0,0,0,0
51,Female,321934,No,No,No,No,No,No,No,No,Yes,No,Yes,Yes,Yes,No,No,Yes,0,0,0,0,0,0,0,1,0,0,1,0,0,0,0,0,0,0,0,0
20,Female,460011,Yes,Yes,Yes,No,No,No,No,No,Yes,No,Yes,No,Yes,No,No,Yes,0,0,0,0,0,0,0,0,1,0,1,0,0,0,0,0,1,0,0,1
48,Female,71104,No,No,No,No,Yes,Yes,Yes,No,No,No,Yes,Yes,Yes,Yes,No,Yes,0,1,0,0,0,0,1,1,0,1,1,1,0,1,0,0,0,0,0,0
1,Male,221835,Yes,No,Yes,No,No,No,No,Yes,No,No,Yes,No,No,Yes,No,Yes,0,0,0,0,0,0,0,1,0,0,0,0,0,0,0,0,0,0,0,0
63,Female,134278,No,No,Yes,No,No,Yes,Yes,No,No,No,No,No,Yes,No,No,No,0,0,0,0,0,0,0,0,0,0,1,1,0,0,0,0,0,0,0,0
63,Male,361844,No,No,No,No,Yes,No,Yes,No,Yes,No,Yes,Yes,No,Yes,No,Yes,0,0,0,0,0,0,0,1,0,0,0,0,0,0,0,0,0,0,0,0
18,Male,290727,Yes,No,No,No,No,No,Yes,Yes,Yes,No,Yes,Yes,No,Yes,No,No,0,0,0,0,0,0,0,1,0,1,0,0,0,0,1,1,0,0,0,0
60,Male,28339,No,No,Yes,No,No,No,Yes,Yes,Yes,No,Yes,Yes,No,No,No,Yes,0,0,0,0,1,0,0,1,1,1,0,0,0,0,0,0,1,0,0,0
61,Male,484337,No,No,Yes,No,No,No,Yes,Yes,Yes,No,No,No,Yes,Yes,No,No,0,0,0,0,0,0,0,0,1,0,0,0,0,0,0,0,0,0,0,0
20,Female,351819,No,No,Yes,Yes,No,No,No,Yes,No,No,No,No,Yes,No,No,No,0,0,0,0,0,0,0,0,0,0,1,0,0,0,0,0,0,0,0,0
20,Female,89291,Yes,No,No,Yes,Yes,No,Yes,No,No,No,Yes,Yes,Yes,Yes,No,No,1,0,0,0,0,0,0,1,0,1,1,1,0,0,1,0,0,0,0,0
36,Female,465575,No,No,No,Yes,Yes,No,Yes,No,No,No,Yes,No,Yes,Yes,No,Yes,0,0,0,0,0,0,0,0,0,0,1,0,0,0,0,0,0,0,0,0
20,Female,196438,No,No,Yes,No,No,Yes,Yes,Yes,Yes,Yes,Yes,No,Yes,No,No,No,0,0,0,0,0,0,0,1,1,0,1,1,1,0,0,0,1,1,0,0
82,Male,251379,No,No,Yes,No,No,No,No,Yes,No,No,No,Yes,Yes,No,No,No,0,0,0,0,0,0,0,0,0,1,0,0,0,0,0,0,0,0,0,0
23,Female,29243,No,No,No,No,No,Yes,No,Yes,Yes,Yes,Yes,Yes,Yes,No,No,Yes,0,1,0,0,0,0,0,1,0,1,1,1,1,0,0,0,0,1,0,1
43,Female,150634,No,No,Yes,No,No,No,Yes,No,Yes,No,Yes,No,No,No,No,Yes,0,1,0,0,0,0,0,1,1,0,0,0,0,0,0,0,1,0,0,0
73,Female,11411,No,No,Yes,Yes,No,Yes,No,No,Yes,No,Yes,Yes,Yes,Yes,No,No,0,1,0,0,1,1,0,1,1,1,1,1,0,1,0,0,1,0,0,0
37,Female,294419,No,No,No,No,No,Yes,Yes,Yes,Yes,No,No,No,Yes,No,No,No,0,0,0,0,0,0,0,0,0,0,1,0,0,0,0,0,0,0,0,0
22,Male,113753,Yes,Yes,Yes,No,No,No,Yes,Yes,Yes,No,No,Yes,No,Yes,No,No,0,0,0,0,0,0,0,0,1,1,0,0,0,0,1,1,0,0,0,0
56,Female,389770,No,No,No,No,Yes,No,Yes,No,No,No,No,No,Yes,No,No,Yes,0,0,0,0,0,0,0,0,0,0,1,0,0,0,0,0,0,0,0,0
45,Male,454315,No,No,Yes,No,Yes,No,Yes,No,No,No,No,No,Yes,Yes,No,Yes,0,0,0,0,0,0,0,0,0,0,0,0,0,0,0,0,0,0,0,0
6,Male,436699,No,No,No,No,Yes,No,Yes,Yes,No,No,Yes,No,No,Yes,No,Yes,0,0,0,0,0,0,0,0,0,0,0,0,0,0,0,0,0,0,0,0
48,Male,90290,No,No,No,No,Yes,No,Yes,Yes,No,No,Yes,Yes,No,Yes,No,No,0,0,0,0,0,0,0,1,0,1,0,0,0,0,0,0,0,0,0,0
43,Female,271398,No,No,Yes,Yes,No,Yes,No,No,No,No,Yes,No,No,No,No,Yes,0,0,0,0,0,0,0,1,0,0,0,0,0,0,0,0,0,0,0,0
9,Male,354898,Yes,No,Yes,No,No,No,Yes,Yes,No,No,No,Yes,No,No,No,No,0,0,0,0,0,0,0,0,0,0,0,0,0,0,1,1,0,0,0,0
27,Male,134465,No,No,No,No,Yes,No,No,No,No,No,Yes,No,Yes,Yes,No,No,0,0,0,0,0,0,0,1,0,0,0,1,0,0,0,0,0,0,0,0
74,Male,200605,No,No,Yes,No,Yes,No,Yes,Yes,Yes,No,No,Yes,Yes,No,No,No,0,0,0,0,0,0,0,0,1,1,0,1,0,0,0,0,0,0,0,0
18,Female,335497,Yes,No,No,Yes,No,No,No,Yes,Yes,No,Yes,No,Yes,No,No,No,0,0,0,0,0,0,0,1,0,0,1,0,0,0,0,1,0,0,0,0
68,Female,498224,No,No,No,No,Yes,No,No,No,No,No,No,No,Yes,Yes,No,Yes,0,0,0,0,0,0,0,0,0,0,1,0,0,0,0,0,0,0,0,0
22,Male,269839,No,No,Yes,No,Yes,No,Yes,Yes,No,No,Yes,No,Yes,Yes,No,No,0,0,0,0,0,0,0,1,0,0,0,0,0,0,0,0,0,0,0,0
79,Male,221466,No,No,Yes,No,Yes,No,Yes,Yes,Yes,No,No,Yes,No,No,No,Yes,0,0,0,0,0,0,0,0,1,1,0,0,0,0,0,0,0,0,0,0
77,Female,42240,No,No,Yes,Yes,No,No,Yes,No,No,No,No,Yes,Yes,No,No,No,0,0,0,0,0,0,0,0,0,1,1,1,0,0,0,0,0,0,0,0
15,Female,36178,Yes,Yes,No,No,No,Yes,No,Yes,Yes,No,No,Yes,No,Yes,Yes,Yes,0,0,0,0,0,0,0,0,0,0,0,0,0,0,0,1,0,0,0,0
69,Female,177519,No,No,No,No,Yes,No,Yes,Yes,No,No,No,Yes,Yes,Yes,No,No,0,0,0,0,0,0,0,0,0,1,1,1,0,0,0,0,0,0,0,0
32,Female,25403,No,No,Yes,No,No,Yes,No,No,No,Yes,No,No,Yes,No,No,Yes,0,0,0,0,0,0,0,0,0,0,1,1,1,0,0,0,0,0,0,0
27,Female,480349,No,No,Yes,No,Yes,No,Yes,No,Yes,Yes,No,No,Yes,Yes,No,No,0,0,0,0,0,0,0,0,1,0,1,0,1,0,0,0,0,0,0,0
51,Male,12130,No,No,No,No,Yes,No,No,Yes,No,No,Yes,Yes,Yes,Yes,No,Yes,0,0,0,0,0,0,1,1,0,1,0,1,0,1,0,0,0,0,0,0
38,Male,106729,No,No,Yes,No,No,No,No,No,No,No,No,No,Yes,Yes,No,Yes,0,0,0,0,0,0,0,0,0,0,0,1,0,0,0,0,0,0,0,0
65,Male,336790,No,No,No,No,No,No,No,Yes,Yes,No,No,No,Yes,Yes,No,Yes,0,0,0,0,0,0,0,0,0,0,0,0,0,0,0,0,0,0,0,0
3,Female,471387,No,No,Yes,No,Yes,No,No,No,Yes,No,Yes,No,No,Yes,Yes,No,0,0,0,0,0,0,0,0,0,0,0,0,0,0,0,0,0,0,0,0
20,Male,469706,Yes,Yes,Yes,No,Yes,No,No,Yes,No,No,Yes,Yes,Yes,No,No,Yes,0,0,1,0,0,0,0,0,0,0,0,0,0,0,0,1,0,0,0,1
74,Male,338328,No,No,No,No,Yes,No,No,Yes,No,No,No,Yes,No,No,No,Yes,0,0,0,0,0,0,0,0,0,0,0,0,0,0,0,0,0,0,0,0
16,Male,190918,Yes,No,Yes,No,No,No,Yes,No,Yes,No,Yes,Yes,Yes,No,No,No,0,0,0,0,0,0,0,1,0,0,0,1,0,0,1,0,0,0,0,0
26,Female,463890,No,No,Yes,No,Yes,No,No,Yes,No,Yes,Yes,Yes,No,Yes,No,Yes,0,0,0,0,0,0,0,0,0,0,0,0,1,0,0,0,0,1,0,1
17,Male,324021,Yes,Yes,Yes,No,No,No,No,No,No,No,Yes,No,Yes,No,No,No,0,0,0,0,0,0,0,1,0,0,0,0,0,0,0,0,0,0,0,0
29,Female,467173,No,No,Yes,No,Yes,Yes,No,Yes,No,Yes,Yes,No,Yes,No,No,Yes,0,0,0,0,0,0,0,0,0,0,1,0,1,0,0,0,0,1,0,1
13,Female,81464,No,No,Yes,No,No,No,Yes,Yes,No,No,No,Yes,No,No,Yes,Yes,0,0,0,0,0,0,0,0,0,0,0,0,0,0,0,0,0,0,0,0
65,Male,438954,No,No,No,No,No,No,No,Yes,No,No,No,Yes,Yes,Yes,No,Yes,0,0,0,0,0,0,0,0,0,0,0,0,0,0,0,0,0,0,0,0
44,Male,420073,No,No,No,No,Yes,No,No,No,Yes,No,Yes,No,Yes,Yes,No,Yes,0,0,0,0,0,0,0,0,0,0,0,0,0,0,0,0,0,0,0,0
44,Male,399219,No,No,No,No,Yes,No,No,No,No,No,No,Yes,No,No,No,No,0,0,0,0,0,0,0,0,0,0,0,0,0,0,0,0,0,0,0,0
32,Male,483852,No,No,No,No,No,No,Yes,Yes,Yes,No,No,Yes,No,Yes,No,Yes,0,0,0,0,0,0,0,0,0,0,0,0,0,0,0,0,0,0,0,0
80,Female,74898,No,No,Yes,No,No,No,No,Yes,No,No,No,No,Yes,Yes,No,Yes,0,0,0,0,0,0,0,0,0,0,1,1,0,1,0,0,0,0,0,0
19,Female,151361,No,No,No,No,No,No,No,Yes,Yes,Yes,No,No,Yes,No,No,Yes,0,0,0,0,0,0,0,0,0,0,1,1,1,0,0,0,0,0,0,0
80,Female,72461,No,No,Yes,Yes,No,No,No,Yes,Yes,No,No,Yes,Yes,No,No,No,0,0,0,0,0,0,0,0,1,1,1,1,0,0,0,0,0,0,0,0
8,Female,493335,No,No,Yes,No,No,Yes,Yes,Yes,Yes,No,Yes,Yes,Yes,No,Yes,Yes,0,0,0,0,0,0,0,0,0,0,0,0,0,0,0,0,0,0,0,0
53,Female,433107,No,No,No,Yes,Yes,No,No,No,No,No,No,Yes,No,No,No,No,0,0,0,0,0,0,0,0,0,0,0,0,0,0,0,0,0,0,0,0
25,Male,228205,Yes,No,No,No,Yes,No,Yes,No,Yes,No,No,No,Yes,No,No,No,0,0,0,0,0,0,0,0,0,0,0,1,0,0,1,0,0,0,0,0
48,Female,21242,No,No,No,No,No,No,Yes,Yes,No,No,Yes,Yes,No,Yes,No,No,0,1,0,0,0,0,0,1,0,1,0,0,0,1,0,0,0,0,0,0
31,Male,360118,No,No,No,No,No,No,Yes,No,Yes,No,No,No,No,Yes,No,Yes,0,0,0,0,0,0,0,0,0,0,0,0,0,0,0,0,0,0,0,0
80,Female,364419,No,No,No,Yes,Yes,Yes,Yes,Yes,No,No,No,No,Yes,Yes,No,No,0,0,0,0,0,0,0,0,0,0,1,0,0,0,0,0,0,0,0,0
12,Male,470679,Yes,Yes,No,No,No,No,No,Yes,Yes,No,Yes,Yes,Yes,Yes,No,No,0,0,0,1,0,0,0,0,0,0,0,0,0,0,0,1,0,0,0,0
80,Female,204313,No,No,Yes,Yes,No,No,No,Yes,Yes,No,Yes,No,No,Yes,No,Yes,0,1,0,0,0,0,0,1,1,0,0,0,0,0,0,0,1,0,0,0
60,Male,468769,No,No,No,No,Yes,No,No,Yes,Yes,No,No,Yes,Yes,No,No,No,0,0,0,0,0,0,0,0,0,0,0,0,0,0,0,0,0,0,0,0
55,Female,243171,No,No,No,No,Yes,Yes,Yes,No,No,No,No,No,Yes,No,No,No,0,0,0,0,0,0,0,0,0,0,1,1,0,0,0,0,0,0,0,0
39,Female,13932,No,No,No,No,No,No,Yes,Yes,Yes,No,No,No,No,No,No,Yes,0,0,0,0,0,0,0,0,0,0,0,0,0,0,0,0,0,0,0,0
48,Male,113379,No,No,Yes,No,No,No,No,Yes,No,No,No,Yes,Yes,Yes,No,Yes,0,0,0,0,0,0,0,0,0,1,0,1,0,0,0,0,0,0,0,0
67,Male,314680,No,No,Yes,No,Yes,No,No,Yes,No,No,Yes,No,Yes,Yes,No,No,0,0,0,0,0,0,0,1,0,0,0,0,0,0,0,0,0,0,0,0
53,Female,434601,No,No,No,Yes,Yes,No,Yes,Yes,No,No,No,Yes,Yes,No,No,No,0,0,0,0,0,0,0,0,0,0,1,0,0,0,0,0,0,0,0,0
20,Female,85943,No,No,No,Yes,No,Yes,No,No,No,No,No,No,Yes,No,No,No,0,0,0,0,0,0,0,0,0,0,1,1,0,0,0,0,0,0,0,0
42,Female,49088,No,No,Yes,No,Yes,No,Yes,No,No,Yes,Yes,No,No,No,No,Yes,0,1,0,0,0,0,1,1,0,0,0,0,1,0,0,0,0,1,0,0
48,Male,339826,No,No,No,No,Yes,No,No,Yes,Yes,No,No,Yes,No,Yes,No,Yes,0,0,0,0,0,0,0,0,0,0,0,0,0,0,0,0,0,0,0,0
30,Male,480262,No,No,Yes,No,No,No,Yes,No,Yes,No,Yes,Yes,No,No,No,No,0,0,0,0,0,0,0,0,1,0,0,0,0,0,0,0,1,0,0,0
23,Male,416504,Yes,No,No,No,No,No,No,No,No,No,Yes,No,No,No,No,Yes,0,0,0,0,0,0,0,0,0,0,0,0,0,0,0,0,0,0,0,1
43,Female,148111,No,No,No,No,Yes,Yes,No,Yes,Yes,Yes,Yes,No,No,No,No,Yes,0,1,0,0,0,0,0,1,0,0,0,0,1,0,0,0,0,1,0,0
43,Female,340028,No,No,No,No,Yes,No,Yes,Yes,No,Yes,Yes,No,No,No,No,Yes,0,0,0,0,0,0,0,1,0,0,0,0,1,0,0,0,0,1,0,0
77,Male,42186,No,No,Yes,No,No,No,No,No,No,No,Yes,No,Yes,No,No,Yes,0,0,0,0,1,0,0,1,0,0,0,1,0,0,0,0,0,0,0,0
54,Female,411968,No,No,Yes,Yes,Yes,Yes,No,Yes,No,No,No,No,Yes,No,No,No,0,0,0,0,0,0,0,0,0,0,1,0,0,0,0,0,0,0,0,0
58,Male,29523,No,No,Yes,No,No,No,Yes,Yes,No,No,No,Yes,No,No,No,No,0,0,0,0,0,0,0,0,0,1,0,0,0,0,0,0,0,0,0,0
83,Male,413211,No,No,Yes,No,Yes,No,Yes,Yes,Yes,No,No,No,No,No,No,Yes,0,0,0,0,0,0,0,0,1,0,0,0,0,0,0,0,0,0,0,0
54,Female,340008,No,No,No,Yes,No,Yes,Yes,No,No,No,No,No,No,Yes,No,No,0,0,0,0,0,0,0,0,0,0,0,0,0,0,0,0,0,0,0,0
3,Male,252699,No,No,Yes,No,No,No,No,Yes,Yes,No,No,No,No,No,No,No,0,0,0,0,0,0,0,0,0,0,0,0,0,0,0,0,0,0,0,0
14,Female,270956,Yes,No,Yes,No,Yes,No,Yes,Yes,No,No,No,No,No,No,Yes,No,0,0,0,0,0,0,0,0,0,0,0,0,0,0,1,1,0,0,0,0
42,Female,497620,No,No,No,Yes,Yes,Yes,Yes,No,No,Yes,Yes,Yes,Yes,No,No,No,0,0,0,0,0,0,0,0,0,0,1,0,1,0,0,0,0,1,0,0
33,Male,178602,No,No,No,No,Yes,No,No,Yes,Yes,No,No,Yes,Yes,Yes,No,No,0,0,0,0,0,0,0,0,0,1,0,1,0,0,0,0,0,0,0,0
9,Male,415316,Yes,No,No,No,No,No,No,Yes,Yes,No,No,Yes,Yes,No,No,Yes,0,0,0,0,0,0,0,0,0,0,0,0,0,0,0,1,0,0,0,0
7,Female,347861,No,No,Yes,No,No,No,No,Yes,Yes,No,No,Yes,Yes,No,Yes,Yes,0,0,0,0,0,0,0,0,0,0,0,0,0,0,0,0,0,0,0,0
80,Female,492719,No,No,No,No,Yes,Yes,Yes,No,Yes,No,No,No,Yes,No,No,Yes,0,0,0,0,0,0,0,0,0,0,1,0,0,0,0,0,0,0,0,0
33,Female,327357,No,No,No,No,No,Yes,No,Yes,Yes,Yes,No,No,No,No,No,Yes,0,0,0,0,0,0,0,0,0,0,0,0,1,0,0,0,0,0,0,0
33,Male,471659,No,No,No,No,No,No,No,Yes,Yes,No,Yes,Yes,Yes,No,No,No,0,0,0,0,0,0,0,0,0,0,0,0,0,0,0,0,0,0,0,0
48,Female,482945,No,No,Yes,No,No,No,No,Yes,No,No,Yes,No,No,Yes,No,Yes,0,0,0,0,0,0,0,0,0,0,0,0,0,0,0,0,0,0,0,0
48,Male,158101,No,No,No,No,No,No,Yes,No,Yes,No,No,Yes,Yes,No,No,No,0,0,0,0,0,0,0,0,0,1,0,1,0,0,0,0,0,0,0,0
40,Male,296621,No,No,Yes,No,No,No,Yes,Yes,No,No,Yes,No,Yes,No,No,No,0,0,0,0,0,0,0,1,0,0,0,0,0,0,0,0,0,0,0,0
8,Male,275750,Yes,Yes,No,No,No,No,Yes,No,Yes,No,Yes,Yes,No,Yes,No,No,0,0,0,1,0,0,0,1,0,0,0,0,0,0,1,0,0,0,0,0
58,Male,188536,No,No,No,No,Yes,No,No,Yes,No,No,Yes,Yes,No,No,No,No,0,0,0,0,0,0,0,1,0,1,0,0,0,0,0,0,0,0,0,0
48,Female,53868,No,No,Yes,No,Yes,No,Yes,Yes,No,No,No,No,Yes,Yes,No,No,0,0,0,0,0,0,0,0,0,0,1,1,0,1,0,0,0,0,0,0
15,Male,242472,Yes,No,No,No,Yes,No,No,No,Yes,No,Yes,No,Yes,Yes,No,No,0,0,0,0,0,0,0,1,0,0,0,1,0,0,0,0,0,0,0,0
80,Male,224650,No,No,Yes,No,No,No,No,Yes,No,No,No,Yes,No,Yes,No,Yes,0,0,0,0,0,0,0,0,0,1,0,0,0,0,0,0,0,0,0,0
56,Male,179893,No,No,No,No,Yes,No,No,Yes,No,No,No,Yes,Yes,No,No,No,0,0,0,0,0,0,0,0,0,1,0,1,0,0,0,0,0,0,0,0
67,Female,122067,No,No,Yes,No,Yes,Yes,Yes,Yes,No,No,No,No,No,Yes,No,No,0,0,0,0,0,0,0,0,0,0,0,0,0,0,0,0,0,0,0,0
28,Female,498751,No,No,No,No,No,Yes,Yes,Yes,Yes,No,No,No,No,Yes,No,Yes,0,0,0,0,0,0,0,0,0,0,0,0,0,0,0,0,0,0,0,0
7,Male,414101,No,No,No,No,No,No,No,No,No,No,Yes,Yes,No,No,No,Yes,0,0,0,0,0,0,0,0,0,0,0,0,0,0,0,0,0,0,0,0
25,Female,410283,No,No,No,Yes,No,Yes,No,Yes,No,Yes,Yes,No,Yes,Yes,No,No,0,0,0,0,0,0,0,0,0,0,1,0,1,0,0,0,0,1,0,0
27,Female,69667,No,No,Yes,No,Yes,Yes,No,Yes,Yes,No,No,Yes,No,No,No,No,0,0,0,0,0,0,0,0,1,1,0,0,0,0,0,0,0,0,0,0
45,Male,354847,No,No,Yes,No,No,No,No,Yes,No,No,Yes,No,Yes,No,No,Yes,0,0,0,0,0,0,0,1,0,0,0,0,0,0,0,0,0,0,0,0
70,Female,360075,No,No,No,Yes,No,No,Yes,No,Yes,No,Yes,No,Yes,Yes,No,Yes,0,0,0,0,0,0,0,1,0,0,1,0,0,0,0,0,0,0,0,0
35,Female,336614,No,No,Yes,No,No,Yes,No,Yes,No,Yes,No,No,No,No,No,No,0,0,0,0,0,0,0,0,0,0,0,0,1,0,0,0,0,0,0,0
58,Male,386004,No,No,No,No,No,No,No,No,No,No,No,No,No,No,No,No,0,0,0,0,0,0,0,0,0,0,0,0,0,0,0,0,0,0,0,0
2,Male,365866,No,No,Yes,No,Yes,No,Yes,Yes,No,No,Yes,No,Yes,Yes,No,Yes,0,0,0,0,0,0,0,1,0,0,0,0,0,0,0,0,0,0,0,0
62,Female,499706,No,No,Yes,No,Yes,No,No,No,No,No,Yes,Yes,No,Yes,No,Yes,0,0,0,0,0,0,0,0,0,0,0,0,0,0,0,0,0,0,0,0
39,Female,491262,No,No,No,No,No,No,Yes,Yes,Yes,Yes,No,No,No,Yes,No,No,0,0,0,0,0,0,0,0,0,0,0,0,1,0,0,0,0,0,0,0
21,Female,257278,Yes,No,No,Yes,No,Yes,Yes,No,Yes,No,No,Yes,Yes,Yes,No,Yes,0,0,0,0,0,0,0,0,0,1,1,0,0,0,1,0,0,0,0,0
1,Female,107367,No,No,Yes,No,No,No,Yes,No,No,No,No,Yes,Yes,Yes,Yes,Yes,0,0,0,0,0,0,0,0,0,0,0,1,0,0,0,0,0,0,0,0
50,Male,471246,No,No,No,No,No,No,Yes,Yes,Yes,No,No,Yes,No,Yes,No,Yes,0,0,0,0,0,0,0,0,0,0,0,0,0,0,0,0,0,0,0,0
25,Female,59128,No,No,Yes,No,No,Yes,Yes,Yes,Yes,Yes,Yes,No,Yes,Yes,No,No,0,1,0,0,0,0,0,1,1,0,1,1,1,1,0,0,1,1,0,0
80,Female,23727,No,No,Yes,Yes,Yes,No,Yes,No,Yes,No,No,Yes,No,Yes,No,Yes,0,0,0,0,0,0,0,0,1,1,0,0,0,1,0,0,0,0,0,0
67,Male,327170,No,No,Yes,No,No,No,No,No,No,No,No,No,No,No,No,No,0,0,0,0,0,0,0,0,0,0,0,0,0,0,0,0,0,0,0,0
15,Female,144462,Yes,Yes,No,No,No,No,No,No,No,No,No,Yes,Yes,No,Yes,Yes,0,0,0,0,0,0,0,0,0,0,0,1,0,0,0,0,0,0,0,0
19,Male,59204,Yes,Yes,Yes,No,Yes,No,No,No,Yes,No,Yes,Yes,No,Yes,No,No,0,0,1,0,0,0,1,1,1,1,0,0,0,1,0,0,1,0,0,0
28,Female,76595,No,No,No,Yes,Yes,Yes,No,Yes,No,Yes,Yes,Yes,Yes,No,No,Yes,0,1,0,0,0,0,0,1,0,1,1,1,1,0,0,0,0,1,0,1
27,Male,61646,No,No,Yes,No,No,No,Yes,Yes,No,No,No,Yes,Yes,No,No,Yes,0,0,0,0,0,0,0,0,0,1,0,1,0,0,0,0,0,0,0,0
20,Male,199093,Yes,No,No,No,No,No,No,No,No,No,No,No,Yes,Yes,No,No,0,0,0,0,0,0,0,0,0,0,0,1,0,0,0,0,0,0,0,0
29,Female,406244,No,No,No,Yes,Yes,Yes,No,Yes,No,No,No,No,No,Yes,No,Yes,0,0,0,0,0,0,0,0,0,0,0,0,0,0,0,0,0,0,0,0
7,Male,59758,Yes,No,Yes,No,No,No,No,Yes,No,No,No,No,Yes,Yes,No,No,0,0,0,0,0,0,0,0,0,0,0,1,0,0,0,1,0,0,0,0
75,Female,15069,No,No,No,Yes,Yes,No,Yes,No,No,No,Yes,No,No,Yes,No,No,0,1,0,0,1,1,1,1,0,0,0,0,0,1,0,0,0,0,0,0
66,Female,157926,No,No,Yes,No,No,No,Yes,No,Yes,No,Yes,Yes,Yes,No,No,No,0,1,0,0,0,0,0,1,1,1,1,1,0,0,0,0,1,0,0,0
28,Female,374723,No,No,No,Yes,Yes,No,No,Yes,No,No,Yes,No,Yes,Yes,No,No,0,0,0,0,0,0,0,1,0,0,1,0,0,0,0,0,0,0,0,0
17,Male,263946,No,No,No,No,No,No,No,No,Yes,No,No,No,Yes,No,No,Yes,0,0,0,0,0,0,0,0,0,0,0,0,0,0,0,0,0,0,0,0
84,Female,499508,No,No,No,No,Yes,Yes,Yes,No,Yes,No,No,No,Yes,Yes,No,No,0,0,0,0,0,0,0,0,0,0,1,0,0,0,0,0,0,0,0,0
35,Male,75903,No,No,Yes,No,No,No,Yes,No,Yes,No,No,Yes,Yes,No,No,Yes,0,0,0,0,0,0,0,0,1,1,0,1,0,0,0,0,0,0,0,0
70,Female,199508,No,No,No,Yes,Yes,Yes,No,No,Yes,No,No,No,Yes,No,No,Yes,0,0,0,0,0,0,0,0,0,0,1,1,0,0,0,0,0,0,0,0
15,Female,136498,Yes,No,Yes,No,Yes,Yes,No,Yes,No,Yes,Yes,No,Yes,No,Yes,Yes,0,0,0,0,0,0,0,1,0,0,0,1,0,0,0,1,0,0,0,0
74,Female,35733,No,No,No,No,No,Yes,Yes,Yes,Yes,No,Yes,No,No,Yes,No,No,0,1,0,0,1,0,0,1,0,0,0,0,0,1,0,0,0,0,0,0
70,Female,89794,No,No,Yes,Yes,No,No,No,Yes,No,No,No,No,No,Yes,No,No,0,0,0,0,0,0,0,0,0,0,0,0,0,0,0,0,0,0,0,0
69,Male,478271,No,No,Yes,No,Yes,No,No,No,No,No,No,Yes,Yes,Yes,No,No,0,0,0,0,0,0,0,0,0,0,0,0,0,0,0,0,0,0,0,0
64,Female,358650,No,No,Yes,No,Yes,No,Yes,No,Yes,No,Yes,Yes,No,No,No,Yes,0,0,0,0,0,0,0,1,1,0,0,0,0,0,0,0,1,0,0,0
77,Female,328854,No,No,No,Yes,No,Yes,Yes,Yes,Yes,No,Yes,No,No,Yes,No,No,0,0,0,0,0,0,0,1,0,0,0,0,0,0,0,0,0,0,0,0
85,Male,285883,No,No,Yes,No,No,No,No,Yes,No,No,Yes,Yes,No,No,No,No,0,0,0,0,0,0,0,1,0,1,0,0,0,0,0,0,0,0,0,0
35,Male,44788,No,No,No,No,Yes,No,No,No,No,No,No,No,No,Yes,No,Yes,0,0,0,0,0,0,0,0,0,0,0,0,0,1,0,0,0,0,0,0
31,Male,42164,No,No,No,No,Yes,No,No,Yes,No,No,No,Yes,Yes,Yes,No,Yes,0,0,0,0,0,0,0,0,0,1,0,1,0,1,0,0,0,0,0,0
72,Male,441305,No,No,Yes,No,Yes,No,Yes,No,Yes,No,No,Yes,No,Yes,No,Yes,0,0,0,0,0,0,0,0,1,0,0,0,0,0,0,0,0,0,0,0
42,Male,427644,No,No,No,No,No,No,No,No,No,No,No,No,Yes,Yes,No,Yes,0,0,0,0,0,0,0,0,0,0,0,0,0,0,0,0,0,0,0,0
59,Female,12903,No,No,No,Yes,No,Yes,Yes,Yes,Yes,No,Yes,Yes,Yes,Yes,No,No,0,1,0,0,0,1,0,1,0,1,1,1,0,1,0,0,0,0,0,0
55,Male,70228,No,No,No,No,Yes,No,No,No,No,No,No,Yes,No,No,No,Yes,0,0,0,0,0,0,0,0,0,1,0,0,0,0,0,0,0,0,0,0
53,Male,82871,No,No,No,No,No,No,No,Yes,Yes,No,Yes,No,No,No,No,Yes,0,0,0,0,0,0,0,1,0,0,0,0,0,0,0,0,0,0,0,0
84,Female,382834,No,No,Yes,Yes,Yes,No,Yes,Yes,Yes,No,Yes,No,Yes,No,No,No,0,0,0,0,0,0,0,1,1,0,1,0,0,0,0,0,1,0,0,0
16,Male,424400,Yes,Yes,No,No,No,No,No,Yes,Yes,No,Yes,No,No,No,No,Yes,0,0,0,0,0,0,0,0,0,0,0,0,0,0,0,1,0,0,0,0
7,Male,395285,No,No,No,No,No,No,No,No,No,No,Yes,No,No,Yes,No,Yes,0,0,0,0,0,0,0,1,0,0,0,0,0,0,0,0,0,0,0,0
21,Female,392708,Yes,No,Yes,Yes,Yes,Yes,No,No,No,Yes,No,No,No,Yes,No,No,0,0,0,0,0,0,0,0,0,0,0,0,1,0,0,0,0,0,0,0
52,Male,204323,No,No,No,No,No,No,Yes,Yes,Yes,No,No,Yes,Yes,Yes,No,Yes,0,0,0,0,0,0,0,0,0,1,0,1,0,0,0,0,0,0,0,0
34,Female,196103,No,No,No,No,No,No,Yes,Yes,No,Yes,No,No,No,No,No,No,0,0,0,0,0,0,0,0,0,0,0,0,1,0,0,0,0,0,0,0
23,Female,263235,Yes,No,Yes,No,Yes,No,Yes,Yes,Yes,No,No,Yes,Yes,No,No,Yes,0,0,0,0,0,0,0,0,1,1,1,0,0,0,1,1,0,0,0,0
5,Female,167947,Yes,Yes,No,No,No,No,Yes,Yes,No,No,Yes,No,Yes,Yes,Yes,Yes,0,0,0,1,0,0,0,1,0,0,0,1,0,0,1,1,0,0,0,0
54,Female,103400,No,No,No,Yes,Yes,Yes,Yes,No,No,No,No,No,Yes,Yes,No,Yes,0,0,0,0,0,0,0,0,0,0,1,1,0,0,0,0,0,0,0,0
50,Male,455674,No,No,Yes,No,No,No,Yes,No,No,No,Yes,No,Yes,Yes,No,No,0,0,0,0,0,0,0,0,0,0,0,0,0,0,0,0,0,0,0,0
78,Female,426943,No,No,No,Yes,Yes,No,Yes,Yes,No,No,Yes,Yes,Yes,Yes,No,No,0,0,0,0,0,0,0,0,0,0,1,0,0,0,0,0,0,0,0,0
44,Male,198922,No,No,Yes,No,No,No,Yes,Yes,Yes,No,No,No,Yes,No,No,No,0,0,0,0,0,0,0,0,1,0,0,1,0,0,0,0,0,0,0,0
64,Male,490463,No,No,Yes,No,Yes,No,Yes,Yes,No,No,No,No,No,Yes,No,No,0,0,0,0,0,0,0,0,0,0,0,0,0,0,0,0,0,0,0,0
84,Female,259492,No,No,Yes,No,Yes,Yes,Yes,Yes,Yes,No,Yes,Yes,No,No,No,Yes,0,0,0,0,0,0,0,1,1,1,0,0,0,0,0,0,1,0,0,0
81,Female,383867,No,No,No,Yes,No,No,No,No,No,No,No,No,No,No,No,Yes,0,0,0,0,0,0,0,0,0,0,0,0,0,0,0,0,0,0,0,0
84,Female,239936,No,No,No,Yes,Yes,Yes,Yes,No,Yes,No,Yes,Yes,Yes,Yes,No,No,0,1,0,0,0,0,0,1,0,1,1,1,0,0,0,0,0,0,0,0
9,Female,119105,No,No,Yes,No,No,Yes,Yes,Yes,Yes,No,Yes,Yes,Yes,Yes,Yes,Yes,0,0,0,0,0,0,0,1,0,0,0,1,0,0,0,0,0,0,0,0
75,Male,57863,No,No,Yes,No,Yes,No,Yes,Yes,Yes,No,Yes,No,Yes,No,No,No,0,0,0,0,1,0,1,1,1,0,0,1,0,0,0,0,1,0,0,0
55,Male,430342,No,No,Yes,No,Yes,No,Yes,No,Yes,No,Yes,No,No,Yes,No,Yes,0,0,0,0,0,0,0,0,1,0,0,0,0,0,0,0,1,0,0,0
82,Female,392406,No,No,No,Yes,No,Yes,No,Yes,Yes,No,Yes,No,No,No,No,Yes,0,0,0,0,0,0,0,1,0,0,0,0,0,0,0,0,0,0,0,0
64,Female,30305,No,No,Yes,No,No,Yes,No,Yes,Yes,No,No,No,Yes,Yes,No,No,0,0,0,0,0,0,0,0,1,0,1,1,0,1,0,0,0,0,0,0
19,Male,398806,No,No,No,No,Yes,No,No,No,Yes,No,Yes,No,Yes,Yes,No,Yes,0,0,0,0,0,0,0,1,0,0,0,0,0,0,0,0,0,0,0,1
81,Female,324547,No,No,Yes,Yes,Yes,Yes,Yes,No,No,No,Yes,Yes,No,Yes,No,No,0,0,0,0,0,0,0,1,0,0,0,0,0,0,0,0,0,0,0,0
65,Female,276890,No,No,Yes,No,Yes,Yes,Yes,Yes,No,No,No,No,Yes,No,No,No,0,0,0,0,0,0,0,0,0,0,1,0,0,0,0,0,0,0,0,0
68,Male,89539,No,No,No,No,No,No,Yes,Yes,No,No,Yes,Yes,Yes,Yes,No,No,0,0,0,0,0,0,0,1,0,1,0,1,0,0,0,0,0,0,0,0
44,Female,330276,No,No,No,No,No,No,No,Yes,No,No,Yes,Yes,Yes,Yes,No,Yes,0,0,0,0,0,0,0,1,0,0,1,0,0,0,0,0,0,0,0,0
63,Male,176364,No,No,Yes,No,No,No,Yes,No,No,No,Yes,Yes,No,No,No,No,0,0,0,0,0,0,0,1,0,1,0,0,0,0,0,0,0,0,0,0
21,Female,176737,Yes,No,Yes,No,No,No,No,No,Yes,No,No,Yes,Yes,No,No,No,0,0,0,0,0,0,0,0,1,1,1,1,0,0,0,0,0,0,0,0
74,Male,252835,No,No,Yes,No,No,No,No,Yes,No,No,Yes,Yes,Yes,No,No,No,0,0,0,0,0,0,0,1,0,1,0,0,0,0,0,0,0,0,0,0
70,Male,383044,No,No,Yes,No,Yes,No,Yes,Yes,No,No,Yes,Yes,No,No,No,Yes,0,0,0,0,0,0,0,1,0,0,0,0,0,0,0,0,0,0,0,0
52,Male,91487,No,No,Yes,No,No,No,Yes,Yes,Yes,No,Yes,No,No,No,No,No,0,0,0,0,0,0,0,1,1,0,0,0,0,0,0,0,1,0,0,0
40,Female,435293,No,No,No,No,Yes,Yes,No,No,No,Yes,No,Yes,Yes,No,No,No,0,0,0,0,0,0,0,0,0,0,1,0,1,0,0,0,0,0,0,0
50,Female,370074,No,No,No,Yes,No,Yes,Yes,Yes,No,No,No,No,Yes,Yes,No,Yes,0,0,0,0,0,0,0,0,0,0,1,0,0,0,0,0,0,0,0,0
8,Male,408406,Yes,No,Yes,No,Yes,No,Yes,Yes,No,No,No,No,Yes,No,No,Yes,0,0,0,0,0,0,0,0,0,0,0,0,0,0,1,1,0,0,0,0
62,Female,375349,No,No,Yes,No,Yes,No,Yes,No,No,No,No,No,Yes,No,No,Yes,0,0,0,0,0,0,0,0,0,0,1,0,0,0,0,0,0,0,0,0
47,Male,108418,No,No,Yes,No,Yes,No,Yes,Yes,No,No,Yes,Yes,No,No,No,Yes,0,0,0,0,0,0,0,1,0,1,0,0,0,0,0,0,0,0,0,0
31,Male,87249,No,No,Yes,No,No,No,Yes,No,Yes,No,No,Yes,Yes,No,No,No,0,0,0,0,0,0,0,0,1,1,0,1,0,0,0,0,0,0,0,0
68,Female,407059,No,No,No,No,Yes,Yes,No,Yes,No,No,No,Yes,No,Yes,No,No,0,0,0,0,0,0,0,0,0,0,0,0,0,0,0,0,0,0,0,0
60,Male,25052,No,No,No,No,Yes,No,No,No,No,No,Yes,No,No,Yes,No,Yes,0,0,0,0,1,0,1,1,0,0,0,0,0,1,0,0,0,0,0,0
14,Female,154668,No,No,Yes,No,No,Yes,No,Yes,Yes,No,No,Yes,No,Yes,Yes,No,0,0,0,0,0,0,0,0,0,0,0,0,0,0,0,0,0,0,0,0
53,Male,264198,No,No,No,No,No,No,No,No,No,No,No,No,Yes,Yes,No,Yes,0,0,0,0,0,0,0,0,0,0,0,0,0,0,0,0,0,0,0,0
42,Female,415314,No,No,Yes,Yes,No,Yes,No,Yes,Yes,Yes,Yes,Yes,No,Yes,No,No,0,0,0,0,0,0,0,0,1,0,0,0,1,0,0,0,1,1,0,0
72,Male,343643,No,No,No,No,No,No,Yes,No,No,No,No,No,Yes,Yes,No,Yes,0,0,0,0,0,0,0,0,0,0,0,0,0,0,0,0,0,0,0,0
54,Female,150496,No,No,No,No,No,Yes,No,Yes,No,No,No,No,Yes,No,No,No,0,0,0,0,0,0,0,0,0,0,1,1,0,0,0,0,0,0,0,0
81,Male,51571,No,No,Yes,No,Yes,No,Yes,Yes,No,No,Yes,No,Yes,Yes,No,Yes,0,0,0,0,1,0,1,1,0,0,0,1,0,1,0,0,0,0,0,0
64,Male,232744,No,No,No,No,Yes,No,Yes,Yes,Yes,No,Yes,No,Yes,No,No,No,0,0,0,0,0,0,0,1,0,0,0,1,0,0,0,0,0,0,0,0
74,Male,195207,No,No,Yes,No,Yes,No,Yes,Yes,Yes,No,No,No,No,No,No,No,0,0,0,0,0,0,0,0,1,0,0,0,0,0,0,0,0,0,0,0
69,Male,29325,No,No,No,No,No,No,Yes,Yes,No,No,No,No,No,Yes,No,No,0,0,0,0,0,0,0,0,0,0,0,0,0,1,0,0,0,0,0,0
20,Female,168086,Yes,Yes,No,No,Yes,No,No,No,No,Yes,Yes,Yes,Yes,Yes,No,No,1,0,0,0,0,0,0,1,0,1,1,1,1,0,0,0,0,1,0,0
36,Female,181275,No,No,Yes,Yes,Yes,No,No,No,Yes,Yes,No,Yes,Yes,Yes,No,No,0,0,0,0,0,0,0,0,1,1,1,1,1,0,0,0,0,0,0,0
72,Male,73522,No,No,No,No,No,No,No,Yes,No,No,Yes,No,No,Yes,No,No,0,0,0,0,1,0,0,1,0,0,0,0,0,1,0,0,0,0,0,0
16,Female,393244,No,No,No,No,Yes,No,Yes,Yes,No,Yes,No,No,No,No,Yes,Yes,0,0,0,0,0,0,0,0,0,0,0,0,0,0,0,0,0,0,0,0
40,Male,150421,No,No,Yes,No,Yes,No,Yes,No,No,No,No,No,Yes,No,No,No,0,0,0,0,0,0,0,0,0,0,0,1,0,0,0,0,0,0,0,0
24,Male,264921,No,No,No,No,Yes,No,Yes,Yes,No,No,No,No,No,Yes,No,No,0,0,0,0,0,0,0,0,0,0,0,0,0,0,0,0,0,0,0,0
55,Male,44140,No,No,Yes,No,No,No,No,No,No,No,Yes,Yes,Yes,Yes,No,Yes,0,0,0,0,0,0,0,1,0,1,0,1,0,1,0,0,0,0,0,0
33,Female,17257,No,No,Yes,Yes,Yes,No,No,No,No,No,No,No,No,Yes,No,No,0,0,0,0,0,0,0,0,0,0,0,0,0,1,0,0,0,0,0,0
43,Male,265416,No,No,No,No,Yes,No,No,Yes,Yes,No,Yes,No,No,No,No,No,0,0,0,0,0,0,0,1,0,0,0,0,0,0,0,0,0,0,0,0
17,Male,475650,No,No,Yes,No,Yes,No,Yes,Yes,No,No,No,No,Yes,Yes,No,No,0,0,0,0,0,0,0,0,0,0,0,0,0,0,0,0,0,0,0,0
6,Male,387394,Yes,Yes,No,No,Yes,No,Yes,No,Yes,No,Yes,Yes,Yes,No,No,Yes,0,0,0,1,0,0,0,1,0,0,0,0,0,0,1,0,0,0,0,0
26,Female,226333,No,No,No,No,No,Yes,Yes,Yes,Yes,No,No,Yes,No,No,No,No,0,0,0,0,0,0,0,0,0,1,0,0,0,0,0,0,0,0,0,0
10,Male,315520,No,No,Yes,No,Yes,No,No,Yes,No,No,No,Yes,Yes,No,No,No,0,0,0,0,0,0,0,0,0,0,0,0,0,0,0,0,0,0,0,0
31,Female,195653,No,No,Yes,Yes,Yes,No,Yes,Yes,No,Yes,No,No,Yes,No,No,Yes,0,0,0,0,0,0,0,0,0,0,1,1,1,0,0,0,0,0,0,0
63,Male,284475,No,No,Yes,No,Yes,No,Yes,Yes,No,No,No,Yes,Yes,Yes,No,No,0,0,0,0,0,0,0,0,0,1,0,0,0,0,0,0,0,0,0,0
81,Female,60990,No,No,Yes,No,Yes,Yes,No,Yes,No,No,No,No,No,No,No,No,0,0,0,0,0,0,0,0,0,0,0,0,0,0,0,0,0,0,0,0
22,Female,122019,No,No,No,Yes,Yes,No,No,Yes,No,Yes,No,No,Yes,No,No,Yes,0,0,0,0,0,0,0,0,0,0,1,1,1,0,0,0,0,0,0,0
74,Female,300736,No,No,Yes,No,No,Yes,Yes,Yes,No,No,No,No,No,Yes,No,Yes,0,0,0,0,0,0,0,0,0,0,0,0,0,0,0,0,0,0,0,0
13,Male,264723,Yes,Yes,No,No,Yes,No,No,Yes,Yes,No,No,Yes,Yes,Yes,No,No,0,0,0,0,0,0,0,0,0,0,0,0,0,0,0,1,0,0,0,0
46,Male,378894,No,No,Yes,No,Yes,No,Yes,Yes,No,No,No,No,Yes,Yes,No,No,0,0,0,0,0,0,0,0,0,0,0,0,0,0,0,0,0,0,0,0
1,Male,319253,No,No,Yes,No,Yes,No,No,Yes,No,No,No,Yes,Yes,No,No,No,0,0,0,0,0,0,0,0,0,0,0,0,0,0,0,0,0,0,0,0
31,Female,156055,No,No,Yes,Yes,Yes,Yes,Yes,Yes,Yes,No,No,Yes,Yes,No,No,No,0,0,0,0,0,0,0,0,1,1,1,1,0,0,0,0,0,0,0,0
62,Male,246691,No,No,No,No,No,No,Yes,No,Yes,No,Yes,Yes,Yes,No,No,No,0,0,0,0,0,0,0,1,0,1,0,1,0,0,0,0,0,0,0,0
80,Male,18853,No,No,No,No,Yes,No,Yes,No,No,No,Yes,No,Yes,Yes,No,Yes,0,0,0,0,1,0,1,1,0,0,0,1,0,1,0,0,0,0,0,0
49,Female,253686,No,No,No,No,Yes,Yes,Yes,No,Yes,No,Yes,Yes,No,Yes,No,No,0,0,0,0,0,0,0,1,0,1,0,0,0,0,0,0,0,0,0,0
22,Male,101956,No,No,No,No,No,No,Yes,Yes,No,No,No,Yes,No,Yes,No,No,0,0,0,0,0,0,0,0,0,1,0,0,0,0,0,0,0,0,0,0
85,Female,367631,No,No,Yes,Yes,Yes,No,No,No,Yes,No,No,Yes,No,No,No,No,0,0,0,0,0,0,0,0,1,0,0,0,0,0,0,0,0,0,0,0
38,Male,436463,No,No,No,No,Yes,No,Yes,No,Yes,No,Yes,No,No,No,No,Yes,0,0,0,0,0,0,0,0,0,0,0,0,0,0,0,0,0,0,0,0
61,Female,280599,No,No,Yes,No,Yes,Yes,No,Yes,No,No,Yes,No,No,No,No,No,0,0,0,0,0,0,0,1,0,0,0,0,0,0,0,0,0,0,0,0
75,Male,176335,No,No,Yes,No,No,No,No,No,No,No,No,No,No,Yes,No,Yes,0,0,0,0,0,0,0,0,0,0,0,0,0,0,0,0,0,0,0,0
15,Male,437202,Yes,Yes,Yes,No,Yes,No,Yes,Yes,Yes,No,No,No,No,No,No,No,0,0,0,0,0,0,0,0,0,0,0,0,0,0,1,1,0,0,0,0
16,Male,397100,No,No,No,No,Yes,No,No,No,Yes,No,No,Yes,Yes,No,No,Yes,0,0,0,0,0,0,0,0,0,0,0,0,0,0,0,0,0,0,0,0
1,Female,48774,Yes,Yes,Yes,No,Yes,Yes,Yes,No,No,No,Yes,No,Yes,Yes,Yes,No,0,0,0,0,0,0,0,1,0,0,0,1,0,0,0,0,0,0,1,0
14,Male,339178,Yes,Yes,No,No,Yes,No,No,No,Yes,No,Yes,Yes,No,Yes,No,Yes,0,0,0,1,0,0,0,1,0,0,0,0,0,0,0,0,0,0,0,0
17,Male,134895,No,No,No,No,Yes,No,No,No,Yes,No,No,No,Yes,No,No,No,0,0,0,0,0,0,0,0,0,0,0,1,0,0,0,0,0,0,0,0
10,Male,347098,Yes,Yes,No,No,Yes,No,Yes,No,Yes,No,Yes,Yes,No,Yes,No,No,0,0,0,1,0,0,0,1,0,0,0,0,0,0,1,0,0,0,0,0
25,Female,313690,No,No,Yes,Yes,Yes,Yes,Yes,Yes,No,Yes,Yes,No,Yes,Yes,No,No,0,0,0,0,0,0,0,1,0,0,1,0,1,0,0,0,0,1,0,0
4,Female,404362,Yes,Yes,No,No,Yes,No,Yes,Yes,No,No,Yes,Yes,Yes,Yes,Yes,Yes,0,0,0,0,0,0,0,0,0,0,0,0,0,0,0,0,0,0,0,0
79,Female,97293,No,No,No,Yes,No,No,Yes,No,Yes,No,Yes,No,Yes,No,No,No,0,1,0,0,0,0,0,1,0,0,1,1,0,0,0,0,0,0,0,0
7,Female,363200,Yes,Yes,No,No,Yes,Yes,No,No,Yes,No,Yes,No,No,No,Yes,No,0,0,0,1,0,0,0,1,0,0,0,0,0,0,0,0,0,0,0,0
64,Female,250168,No,No,No,Yes,No,Yes,No,No,Yes,No,No,No,No,No,No,Yes,0,0,0,0,0,0,0,0,0,0,0,0,0,0,0,0,0,0,0,0
22,Male,480255,Yes,No,No,No,Yes,No,Yes,Yes,No,No,Yes,No,Yes,No,No,No,0,0,0,0,0,0,0,0,0,0,0,0,0,0,1,1,0,0,0,0
35,Female,157692,No,No,No,Yes,No,Yes,No,Yes,Yes,No,No,No,Yes,No,No,No,0,0,0,0,0,0,0,0,0,0,1,1,0,0,0,0,0,0,0,0
32,Male,283543,No,No,Yes,No,No,No,No,Yes,No,No,Yes,No,Yes,Yes,No,Yes,0,0,0,0,0,0,0,1,0,0,0,0,0,0,0,0,0,0,0,0
49,Male,381217,No,No,No,No,Yes,No,Yes,Yes,Yes,No,No,No,Yes,No,No,Yes,0,0,0,0,0,0,0,0,0,0,0,0,0,0,0,0,0,0,0,0
37,Female,38114,No,No,Yes,No,No,No,Yes,Yes,No,No,No,No,No,No,No,Yes,0,0,0,0,0,0,0,0,0,0,0,0,0,0,0,0,0,0,0,0
72,Female,167695,No,No,No,Yes,No,Yes,No,Yes,No,No,Yes,Yes,Yes,Yes,No,No,0,1,0,0,0,0,0,1,0,1,1,1,0,0,0,0,0,0,0,0
5,Male,377229,No,No,No,No,Yes,No,Yes,No,Yes,No,Yes,Yes,No,No,No,No,0,0,0,0,0,0,0,1,0,0,0,0,0,0,0,0,0,0,0,0
54,Male,271434,No,No,Yes,No,No,No,Yes,No,No,No,No,Yes,Yes,No,No,No,0,0,0,0,0,0,0,0,0,1,0,0,0,0,0,0,0,0,0,0
15,Female,463548,No,No,No,No,No,Yes,No,No,Yes,Yes,Yes,No,Yes,Yes,Yes,No,0,0,0,0,0,0,0,0,0,0,0,0,0,0,0,0,0,0,0,0
39,Female,330421,No,No,Yes,No,No,Yes,Yes,Yes,Yes,Yes,No,Yes,No,No,No,No,0,0,0,0,0,0,0,0,1,0,0,0,1,0,0,0,0,0,0,0
82,Female,285759,No,No,No,No,No,Yes,No,Yes,Yes,No,Yes,Yes,Yes,Yes,No,Yes,0,0,0,0,0,0,0,1,0,1,1,0,0,0,0,0,0,0,0,0
19,Female,360171,No,No,No,Yes,No,Yes,Yes,No,No,No,No,Yes,No,No,No,No,0,0,0,0,0,0,0,0,0,0,0,0,0,0,0,0,0,0,0,0
71,Male,280111,No,No,Yes,No,Yes,No,Yes,No,Yes,No,No,No,No,Yes,No,Yes,0,0,0,0,0,0,0,0,1,0,0,0,0,0,0,0,0,0,0,0
46,Male,362578,No,No,Yes,No,Yes,No,No,Yes,No,No,Yes,Yes,Yes,No,No,Yes,0,0,0,0,0,0,0,1,0,0,0,0,0,0,0,0,0,0,0,0
67,Male,429943,No,No,No,No,No,No,No,No,Yes,No,No,Yes,No,No,No,Yes,0,0,0,0,0,0,0,0,0,0,0,0,0,0,0,0,0,0,0,0
44,Male,274027,No,No,No,No,Yes,No,No,No,Yes,No,No,Yes,Yes,Yes,No,No,0,0,0,0,0,0,0,0,0,1,0,0,0,0,0,0,0,0,0,0
56,Male,83678,No,No,Yes,No,No,No,Yes,No,No,No,Yes,No,Yes,Yes,No,No,0,0,0,0,0,0,0,1,0,0,0,1,0,0,0,0,0,0,0,0
44,Female,474181,No,No,Yes,No,No,No,No,No,Yes,Yes,No,Yes,Yes,Yes,No,Yes,0,0,0,0,0,0,0,0,1,0,1,0,1,0,0,0,0,0,0,0
62,Female,223174,No,No,No,No,Yes,No,Yes,Yes,No,No,No,No,No,Yes,No,Yes,0,0,0,0,0,0,0,0,0,0,0,0,0,0,0,0,0,0,0,0
42,Male,162101,No,No,No,No,Yes,No,No,Yes,Yes,No,Yes,Yes,Yes,Yes,No,Yes,0,0,0,0,0,0,0,1,0,1,0,1,0,0,0,0,0,0,0,0
34,Female,28133,No,No,No,Yes,Yes,Yes,No,No,No,No,Yes,Yes,Yes,No,No,No,0,1,0,0,0,1,1,1,0,1,1,1,0,0,0,0,0,0,0,0
6,Male,330736,Yes,No,No,No,Yes,No,No,Yes,No,No,Yes,No,No,No,No,No,0,0,0,0,0,0,0,1,0,0,0,0,0,0,0,1,0,0,0,0
36,Male,320515,No,No,Yes,No,Yes,No,Yes,No,Yes,No,Yes,No,Yes,No,No,Yes,0,0,0,0,0,0,0,1,1,0,0,0,0,0,0,0,1,0,0,0
84,Female,338007,No,No,No,Yes,Yes,Yes,Yes,Yes,No,No,No,No,No,Yes,No,No,0,0,0,0,0,0,0,0,0,0,0,0,0,0,0,0,0,0,0,0
19,Male,402632,Yes,No,No,No,Yes,No,Yes,No,Yes,No,Yes,Yes,No,Yes,No,No,0,0,0,0,0,0,0,0,0,0,0,0,0,0,1,0,0,0,0,0
30,Female,129125,No,No,Yes,No,No,No,No,Yes,Yes,Yes,No,No,Yes,Yes,No,Yes,0,0,0,0,0,0,0,0,1,0,1,1,1,0,0,0,0,0,0,0
77,Female,265472,No,No,Yes,No,No,No,No,Yes,Yes,No,No,Yes,No,Yes,No,No,0,0,0,0,0,0,0,0,1,1,0,0,0,0,0,0,0,0,0,0
39,Female,67842,No,No,No,No,Yes,Yes,Yes,No,Yes,No,Yes,No,No,Yes,No,No,0,1,0,0,0,0,1,1,0,0,0,0,0,1,0,0,0,0,0,0
3,Male,36480,Yes,Yes,No,No,Yes,No,No,Yes,No,No,No,Yes,No,Yes,No,Yes,0,0,0,0,0,0,0,0,0,0,0,0,0,0,0,0,0,0,0,0
20,Female,197086,No,No,Yes,No,No,No,No,Yes,No,Yes,Yes,Yes,No,Yes,No,Yes,0,0,0,0,0,0,0,1,0,1,0,0,1,0,0,0,0,1,0,1
49,Female,474132,No,No,Yes,Yes,Yes,No,No,Yes,Yes,No,No,Yes,No,Yes,No,No,0,0,0,0,0,0,0,0,1,0,0,0,0,0,0,0,0,0,0,0
50,Male,170241,No,No,No,No,Yes,No,No,No,No,No,No,No,Yes,Yes,No,No,0,0,0,0,0,0,0,0,0,0,0,1,0,0,0,0,0,0,0,0
84,Female,402003,No,No,Yes,No,No,No,No,No,Yes,No,Yes,Yes,No,Yes,No,Yes,0,0,0,0,0,0,0,0,1,0,0,0,0,0,0,0,1,0,0,0
35,Male,141608,No,No,Yes,No,No,No,No,Yes,No,No,No,Yes,Yes,Yes,No,No,0,0,0,0,0,0,0,0,0,1,0,1,0,0,0,0,0,0,0,0
18,Male,411497,Yes,Yes,Yes,No,Yes,No,Yes,Yes,No,No,Yes,Yes,Yes,No,No,No,0,0,1,0,0,0,0,0,0,0,0,0,0,0,1,1,0,0,0,0
6,Female,356357,No,No,No,No,Yes,Yes,No,No,No,No,Yes,No,No,Yes,Yes,No,0,0,0,0,0,0,0,1,0,0,0,0,0,0,0,0,0,0,0,0
2,Female,247746,No,No,No,No,No,Yes,No,No,No,No,No,No,No,No,Yes,No,0,0,0,0,0,0,0,0,0,0,0,0,0,0,0,0,0,0,0,0
61,Male,445286,No,No,No,No,No,No,No,No,No,No,No,Yes,No,Yes,No,No,0,0,0,0,0,0,0,0,0,0,0,0,0,0,0,0,0,0,0,0
14,Male,314489,No,No,Yes,No,No,No,No,No,Yes,No,No,Yes,No,Yes,No,No,0,0,0,0,0,0,0,0,0,0,0,0,0,0,0,0,0,0,0,0
23,Female,320615,No,No,No,No,No,No,Yes,Yes,Yes,No,No,Yes,Yes,No,No,No,0,0,0,0,0,0,0,0,0,0,1,0,0,0,0,0,0,0,0,0
44,Male,15930,No,No,Yes,No,No,No,Yes,No,Yes,No,No,No,Yes,No,No,Yes,0,0,0,0,0,0,0,0,1,0,0,1,0,0,0,0,0,0,0,0
54,Female,44014,No,No,No,Yes,Yes,No,Yes,Yes,Yes,No,Yes,Yes,Yes,No,No,Yes,0,1,0,0,0,1,1,1,0,1,1,1,0,0,0,0,0,0,0,0
85,Male,248341,No,No,No,No,No,No,Yes,Yes,Yes,No,Yes,Yes,No,No,No,Yes,0,0,0,0,0,0,0,1,0,1,0,0,0,0,0,0,0,0,0,0
26,Male,223593,No,No,No,No,Yes,No,No,No,Yes,No,No,Yes,No,No,No,No,0,0,0,0,0,0,0,0,0,1,0,0,0,0,0,0,0,0,0,0
81,Female,363356,No,No,No,No,Yes,No,No,No,Yes,No,No,No,Yes,Yes,No,Yes,0,0,0,0,0,0,0,0,0,0,1,0,0,0,0,0,0,0,0,0
54,Male,65949,No,No,Yes,No,Yes,No,No,No,No,No,Yes,No,No,Yes,No,No,0,0,0,0,0,0,1,1,0,0,0,0,0,1,0,0,0,0,0,0
1,Male,195935,No,No,No,No,Yes,No,Yes,No,No,No,No,Yes,Yes,No,No,Yes,0,0,0,0,0,0,0,0,0,0,0,1,0,0,0,0,0,0,0,0
41,Male,279477,No,No,No,No,Yes,No,Yes,Yes,No,No,Yes,No,No,No,No,Yes,0,0,0,0,0,0,0,1,0,0,0,0,0,0,0,0,0,0,0,0
31,Male,51329,No,No,Yes,No,No,No,Yes,Yes,No,No,Yes,No,No,No,No,Yes,0,0,0,0,0,0,0,1,0,0,0,0,0,0,0,0,0,0,0,0
34,Female,291536,No,No,Yes,Yes,No,No,Yes,No,No,Yes,Yes,No,No,No,No,No,0,0,0,0,0,0,0,1,0,0,0,0,1,0,0,0,0,1,0,0
83,Female,262450,No,No,Yes,Yes,Yes,No,Yes,Yes,No,No,No,No,No,No,No,No,0,0,0,0,0,0,0,0,0,0,0,0,0,0,0,0,0,0,0,0
42,Male,258923,No,No,No,No,Yes,No,No,Yes,No,No,No,Yes,No,No,No,No,0,0,0,0,0,0,0,0,0,1,0,0,0,0,0,0,0,0,0,0
73,Male,483856,No,No,Yes,No,Yes,No,No,No,Yes,No,No,Yes,Yes,No,No,Yes,0,0,0,0,0,0,0,0,1,0,0,0,0,0,0,0,0,0,0,0
27,Male,486539,No,No,No,No,No,No,Yes,No,No,No,Yes,No,No,No,No,Yes,0,0,0,0,0,0,0,0,0,0,0,0,0,0,0,0,0,0,0,1
7,Female,262906,Yes,Yes,Yes,No,No,Yes,Yes,Yes,No,No,No,Yes,No,No,Yes,Yes,0,0,0,0,0,0,0,0,0,0,0,0,0,0,1,1,0,0,0,0
17,Male,139465,No,No,Yes,No,No,No,Yes,No,Yes,No,Yes,No,No,Yes,No,Yes,0,0,0,0,0,0,0,1,0,0,0,0,0,0,0,0,0,0,0,1
35,Male,15536,No,No,No,No,Yes,No,No,No,Yes,No,Yes,No,No,No,No,Yes,0,0,0,0,0,0,1,1,0,0,0,0,0,0,0,0,0,0,0,0
18,Female,211197,Yes,No,Yes,Yes,No,Yes,Yes,No,Yes,No,Yes,No,Yes,No,No,No,1,0,0,0,0,0,0,1,1,0,1,1,0,0,1,0,1,0,0,0
43,Female,147644,No,No,Yes,No,Yes,No,No,Yes,Yes,No,No,Yes,Yes,Yes,No,Yes,0,0,0,0,0,0,0,0,1,1,1,1,0,0,0,0,0,0,0,0
18,Female,434128,Yes,Yes,No,Yes,No,No,No,Yes,No,Yes,No,No,No,Yes,No,Yes,0,0,0,0,0,0,0,0,0,0,0,0,1,0,0,1,0,0,0,0
1,Male,154140,Yes,No,Yes,No,No,No,No,Yes,Yes,No,Yes,Yes,Yes,No,No,No,0,0,0,0,0,0,0,1,0,0,0,1,0,0,0,0,0,0,0,0
23,Female,301736,No,No,No,Yes,Yes,Yes,Yes,Yes,Yes,No,No,Yes,Yes,Yes,No,No,0,0,0,0,0,0,0,0,0,0,1,0,0,0,0,0,0,0,0,0
36,Male,84178,No,No,Yes,No,Yes,No,No,Yes,No,No,Yes,No,Yes,Yes,No,Yes,0,0,0,0,0,0,0,1,0,0,0,1,0,0,0,0,0,0,0,0
35,Female,83923,No,No,Yes,Yes,No,Yes,No,Yes,No,No,No,Yes,Yes,No,No,No,0,0,0,0,0,0,0,0,0,1,1,1,0,0,0,0,0,0,0,0
46,Female,81835,No,No,Yes,Yes,Yes,No,No,Yes,Yes,No,Yes,No,Yes,No,No,Yes,0,1,0,0,0,0,0,1,1,0,1,1,0,0,0,0,1,0,0,0
13,Female,491439,No,No,Yes,No,No,No,No,No,Yes,No,Yes,Yes,Yes,Yes,Yes,Yes,0,0,0,0,0,0,0,0,0,0,0,0,0,0,0,0,0,0,0,0
19,Male,135832,Yes,No,No,No,Yes,No,No,Yes,No,No,No,No,Yes,Yes,No,No,0,0,0,0,0,0,0,0,0,0,0,1,0,0,0,1,0,0,0,0
25,Male,198091,No,No,Yes,No,Yes,No,Yes,Yes,Yes,No,Yes,Yes,Yes,No,No,Yes,0,0,0,0,0,0,0,1,1,1,0,1,0,0,0,0,1,0,0,1
35,Male,212344,No,No,No,No,Yes,No,Yes,Yes,No,No,No,No,Yes,Yes,No,Yes,0,0,0,0,0,0,0,0,0,0,0,1,0,0,0,0,0,0,0,0
75,Female,84468,No,No,Yes,Yes,No,Yes,No,No,Yes,No,No,No,No,No,No,Yes,0,0,0,0,0,0,0,0,1,0,0,0,0,0,0,0,0,0,0,0
51,Male,467281,No,No,Yes,No,No,No,Yes,Yes,Yes,No,No,No,Yes,Yes,No,No,0,0,0,0,0,0,0,0,1,0,0,0,0,0,0,0,0,0,0,0
16,Female,39211,Yes,Yes,No,No,No,Yes,Yes,Yes,No,Yes,No,No,No,No,Yes,Yes,0,0,0,0,0,0,0,0,0,0,0,0,0,0,1,1,0,0,0,0
5,Female,189374,No,No,No,No,Yes,No,No,No,Yes,No,Yes,No,No,Yes,Yes,Yes,0,0,0,0,0,0,0,1,0,0,0,0,0,0,0,0,0,0,0,0
43,Male,464099,No,No,Yes,No,Yes,No,No,Yes,No,No,Yes,No,No,No,No,Yes,0,0,0,0,0,0,0,0,0,0,0,0,0,0,0,0,0,0,0,0
45,Male,491396,No,No,Yes,No,Yes,No,Yes,No,Yes,No,No,No,Yes,No,No,No,0,0,0,0,0,0,0,0,1,0,0,0,0,0,0,0,0,0,0,0
44,Female,362304,No,No,No,Yes,Yes,Yes,Yes,No,No,Yes,No,Yes,Yes,Yes,No,Yes,0,0,0,0,0,0,0,0,0,0,1,0,1,0,0,0,0,0,0,0
9,Male,18213,No,No,No,No,No,No,No,No,No,No,No,No,Yes,Yes,No,No,0,0,0,0,0,0,0,0,0,0,0,1,0,0,0,0,0,0,0,0
17,Male,99105,No,No,Yes,No,No,No,No,Yes,Yes,No,Yes,No,No,Yes,No,Yes,0,0,0,0,0,0,0,1,0,0,0,0,0,0,0,0,0,0,0,1
51,Female,32076,No,No,No,Yes,No,Yes,Yes,Yes,Yes,No,Yes,No,No,No,No,Yes,0,1,0,0,0,1,0,1,0,0,0,0,0,0,0,0,0,0,0,0
10,Female,325555,Yes,Yes,Yes,No,Yes,Yes,Yes,Yes,No,No,No,No,No,No,Yes,No,0,0,0,0,0,0,0,0,0,0,0,0,0,0,1,1,0,0,0,0
83,Male,156209,No,No,Yes,No,No,No,Yes,No,No,No,Yes,No,Yes,No,No,No,0,0,0,0,0,0,0,1,0,0,0,1,0,0,0,0,0,0,0,0
69,Female,470651,No,No,No,Yes,Yes,No,No,Yes,Yes,No,Yes,Yes,Yes,No,No,Yes,0,0,0,0,0,0,0,0,0,0,1,0,0,0,0,0,0,0,0,0
48,Male,280063,No,No,No,No,No,No,No,Yes,No,No,No,Yes,No,No,No,No,0,0,0,0,0,0,0,0,0,1,0,0,0,0,0,0,0,0,0,0
59,Male,84137,No,No,No,No,Yes,No,No,Yes,Yes,No,No,No,No,No,No,Yes,0,0,0,0,0,0,0,0,0,0,0,0,0,0,0,0,0,0,0,0
33,Female,342280,No,No,No,No,Yes,Yes,Yes,No,No,No,Yes,Yes,Yes,Yes,No,No,0,0,0,0,0,0,0,1,0,0,1,0,0,0,0,0,0,0,0,0
14,Male,154071,Yes,Yes,No,No,No,No,Yes,Yes,No,No,Yes,Yes,Yes,No,No,No,0,0,0,1,0,0,0,1,0,0,0,1,0,0,1,1,0,0,0,0
22,Male,233974,No,No,Yes,No,Yes,No,Yes,No,Yes,No,No,Yes,No,Yes,No,Yes,0,0,0,0,0,0,0,0,1,1,0,0,0,0,0,0,0,0,0,0
30,Male,406956,No,No,No,No,No,No,Yes,Yes,Yes,No,Yes,Yes,Yes,Yes,No,Yes,0,0,0,0,0,0,0,0,0,0,0,0,0,0,0,0,0,0,0,1
79,Female,214103,No,No,No,Yes,Yes,Yes,No,Yes,Yes,No,Yes,Yes,Yes,Yes,No,Yes,0,1,0,0,0,0,0,1,0,1,1,1,0,0,0,0,0,0,0,0
17,Female,387598,No,No,No,No,Yes,No,Yes,Yes,Yes,Yes,No,No,No,Yes,Yes,Yes,0,0,0,0,0,0,0,0,0,0,0,0,0,0,0,0,0,0,0,0
71,Female,252326,No,No,Yes,No,No,Yes,Yes,Yes,No,No,Yes,No,No,No,No,Yes,0,0,0,0,0,0,0,1,0,0,0,0,0,0,0,0,0,0,0,0
3,Female,113262,No,No,Yes,No,Yes,No,Yes,No,No,No,No,No,No,Yes,Yes,Yes,0,0,0,0,0,0,0,0,0,0,0,0,0,0,0,0,0,0,0,0
82,Female,369524,No,No,No,Yes,Yes,Yes,No,Yes,No,No,Yes,Yes,No,Yes,No,Yes,0,0,0,0,0,0,0,1,0,0,0,0,0,0,0,0,0,0,0,0
61,Female,211710,No,No,Yes,Yes,Yes,Yes,Yes,No,No,No,No,No,Yes,No,No,Yes,0,0,0,0,0,0,0,0,0,0,1,1,0,0,0,0,0,0,0,0
62,Female,329545,No,No,Yes,No,No,Yes,Yes,Yes,Yes,No,Yes,No,Yes,No,No,Yes,0,0,0,0,0,0,0,1,1,0,1,0,0,0,0,0,1,0,0,0
16,Female,192650,No,No,No,No,Yes,Yes,No,No,No,No,Yes,No,Yes,Yes,Yes,Yes,0,0,0,0,0,0,0,1,0,0,0,1,0,0,0,0,0,0,0,0
50,Female,462674,No,No,No,No,Yes,Yes,No,Yes,No,No,No,Yes,No,No,No,No,0,0,0,0,0,0,0,0,0,0,0,0,0,0,0,0,0,0,0,0
10,Female,162422,Yes,Yes,No,No,No,No,No,No,Yes,No,Yes,Yes,No,No,Yes,Yes,0,0,0,1,0,0,0,1,0,0,0,0,0,0,0,0,0,0,0,0
70,Female,264940,No,No,Yes,No,No,No,Yes,Yes,Yes,No,Yes,No,Yes,No,No,Yes,0,0,0,0,0,0,0,1,1,0,1,0,0,0,0,0,1,0,0,0
74,Female,154594,No,No,No,No,Yes,Yes,Yes,Yes,Yes,No,Yes,No,Yes,Yes,No,Yes,0,1,0,0,0,0,0,1,0,0,1,1,0,0,0,0,0,0,0,0
34,Female,176835,No,No,Yes,Yes,Yes,No,No,No,No,No,No,No,Yes,Yes,No,No,0,0,0,0,0,0,0,0,0,0,1,1,0,0,0,0,0,0,0,0
16,Female,325399,Yes,Yes,Yes,No,No,Yes,Yes,No,Yes,Yes,No,Yes,Yes,Yes,Yes,Yes,0,0,0,0,0,0,0,0,0,0,0,0,0,0,1,0,0,0,0,0
52,Male,188391,No,No,No,No,Yes,No,Yes,No,No,No,Yes,No,Yes,No,No,No,0,0,0,0,0,0,0,1,0,0,0,1,0,0,0,0,0,0,0,0
60,Female,213214,No,No,Yes,No,No,Yes,Yes,No,Yes,No,Yes,No,Yes,Yes,No,Yes,0,1,0,0,0,0,0,1,1,0,1,1,0,0,0,0,1,0,0,0
61,Female,267157,No,No,No,No,No,Yes,No,Yes,No,No,No,Yes,No,Yes,No,No,0,0,0,0,0,0,0,0,0,1,0,0,0,0,0,0,0,0,0,0
15,Male,67597,Yes,Yes,Yes,No,No,No,No,Yes,Yes,No,Yes,No,No,No,No,No,0,0,0,1,0,0,0,1,0,0,0,0,0,0,0,1,0,0,0,0
35,Female,93725,No,No,No,Yes,No,No,No,Yes,Yes,Yes,No,No,No,Yes,No,No,0,0,0,0,0,0,0,0,0,0,0,0,1,0,0,0,0,0,0,0
59,Male,34622,No,No,No,No,Yes,No,No,No,No,No,No,No,Yes,Yes,No,No,0,0,0,0,0,0,0,0,0,0,0,1,0,1,0,0,0,0,0,0
43,Female,216955,No,No,Yes,No,No,Yes,Yes,Yes,No,Yes,Yes,Yes,No,Yes,No,No,0,1,0,0,0,0,0,1,0,1,0,0,1,0,0,0,0,1,0,0
17,Female,321401,No,No,No,No,No,No,Yes,Yes,No,No,Yes,Yes,Yes,Yes,Yes,No,0,0,0,0,0,0,0,1,0,0,0,0,0,0,0,0,0,0,0,0
44,Male,223952,No,No,Yes,No,No,No,No,No,Yes,No,Yes,Yes,Yes,No,No,Yes,0,0,0,0,0,0,0,1,1,1,0,1,0,0,0,0,1,0,0,0
41,Male,88378,No,No,No,No,Yes,No,No,Yes,Yes,No,Yes,Yes,Yes,Yes,No,No,0,0,0,0,0,0,0,1,0,1,0,1,0,0,0,0,0,0,0,0
9,Female,32797,No,No,Yes,No,Yes,Yes,No,No,No,No,Yes,No,Yes,No,Yes,Yes,0,0,0,0,0,0,0,1,0,0,0,1,0,0,0,0,0,0,1,0
75,Female,115901,No,No,No,Yes,No,Yes,No,No,No,No,Yes,Yes,No,Yes,No,Yes,0,1,0,0,0,0,0,1,0,1,0,0,0,0,0,0,0,0,0,0
61,Female,251786,No,No,No,No,Yes,No,No,Yes,No,No,No,Yes,Yes,No,No,No,0,0,0,0,0,0,0,0,0,1,1,0,0,0,0,0,0,0,0,0
64,Male,338438,No,No,Yes,No,Yes,No,Yes,No,Yes,No,Yes,Yes,Yes,Yes,No,Yes,0,0,0,0,0,0,0,1,1,0,0,0,0,0,0,0,1,0,0,0
16,Male,448222,Yes,Yes,Yes,No,Yes,No,No,Yes,No,No,No,Yes,No,Yes,No,No,0,0,0,0,0,0,0,0,0,0,0,0,0,0,0,1,0,0,0,0
63,Male,69572,No,No,Yes,No,Yes,No,Yes,Yes,Yes,No,No,Yes,No,Yes,No,Yes,0,0,0,0,0,0,0,0,1,1,0,0,0,1,0,0,0,0,0,0
85,Male,163270,No,No,No,No,Yes,No,Yes,No,No,No,Yes,No,No,Yes,No,No,0,0,0,0,0,0,0,1,0,0,0,0,0,0,0,0,0,0,0,0
85,Female,243590,No,No,No,No,Yes,No,Yes,No,Yes,No,Yes,No,Yes,Yes,No,No,0,1,0,0,0,0,0,1,0,0,1,1,0,0,0,0,0,0,0,0
57,Female,433201,No,No,Yes,Yes,Yes,No,Yes,No,No,No,Yes,No,Yes,Yes,No,Yes,0,0,0,0,0,0,0,0,0,0,1,0,0,0,0,0,0,0,0,0
62,Male,79070,No,No,No,No,Yes,No,No,Yes,No,No,No,Yes,No,Yes,No,Yes,0,0,0,0,0,0,0,0,0,1,0,0,0,0,0,0,0,0,0,0
43,Female,379187,No,No,Yes,Yes,No,No,Yes,Yes,No,No,Yes,No,No,No,No,Yes,0,0,0,0,0,0,0,1,0,0,0,0,0,0,0,0,0,0,0,0
3,Female,346954,No,No,Yes,No,No,Yes,Yes,No,Yes,No,Yes,Yes,No,No,Yes,Yes,0,0,0,0,0,0,0,1,0,0,0,0,0,0,0,0,0,0,0,0
36,Female,84497,No,No,No,No,No,No,No,No,No,Yes,No,No,Yes,Yes,No,Yes,0,0,0,0,0,0,0,0,0,0,1,1,1,0,0,0,0,0,0,0
69,Female,10236,No,No,No,No,No,No,No,Yes,Yes,No,No,Yes,No,No,No,Yes,0,0,0,0,0,0,0,0,0,1,0,0,0,0,0,0,0,0,0,0
17,Male,65509,Yes,Yes,No,No,No,No,Yes,Yes,Yes,No,Yes,Yes,No,No,No,No,0,0,0,0,0,0,0,1,0,0,0,0,0,0,1,1,0,0,0,0
40,Male,199098,No,No,No,No,Yes,No,No,Yes,Yes,No,No,No,Yes,Yes,No,Yes,0,0,0,0,0,0,0,0,0,0,0,1,0,0,0,0,0,0,0,0
85,Male,149122,No,No,No,No,Yes,No,Yes,Yes,Yes,No,No,No,No,Yes,No,No,0,0,0,0,0,0,0,0,0,0,0,0,0,0,0,0,0,0,0,0
41,Female,258378,No,No,No,No,Yes,Yes,Yes,Yes,No,No,Yes,Yes,No,Yes,No,No,0,0,0,0,0,0,0,1,0,1,0,0,0,0,0,0,0,0,0,0
20,Male,309592,No,No,No,No,No,No,Yes,No,No,No,Yes,Yes,No,No,No,Yes,0,0,0,0,0,0,0,1,0,0,0,0,0,0,0,0,0,0,0,1
5,Female,141488,Yes,No,No,No,No,Yes,Yes,Yes,Yes,No,Yes,Yes,No,Yes,Yes,No,0,0,0,0,0,0,0,1,0,0,0,0,0,0,1,1,0,0,0,0
13,Male,27577,Yes,Yes,No,No,No,No,Yes,No,No,No,Yes,No,Yes,No,No,Yes,0,0,0,1,0,0,0,1,0,0,0,1,0,0,1,0,0,0,0,0
6,Male,429347,No,No,No,No,Yes,No,Yes,No,Yes,No,Yes,No,Yes,No,No,No,0,0,0,0,0,0,0,0,0,0,0,0,0,0,0,0,0,0,0,0
68,Female,160900,No,No,Yes,Yes,Yes,No,No,Yes,No,No,Yes,No,Yes,No,No,Yes,0,1,0,0,0,0,0,1,0,0,1,1,0,0,0,0,0,0,0,0
64,Female,296967,No,No,No,Yes,Yes,No,Yes,No,Yes,No,Yes,No,No,Yes,No,Yes,0,0,0,0,0,0,0,1,0,0,0,0,0,0,0,0,0,0,0,0
45,Female,138997,No,No,Yes,Yes,No,Yes,Yes,No,Yes,Yes,No,No,No,No,No,Yes,0,0,0,0,0,0,0,0,1,0,0,0,1,0,0,0,0,0,0,0
1,Male,200762,No,No,No,No,No,No,Yes,Yes,No,No,Yes,Yes,Yes,Yes,No,No,0,0,0,0,0,0,0,1,0,0,0,1,0,0,0,0,0,0,0,0
46,Female,421421,No,No,No,No,No,Yes,Yes,No,No,No,No,Yes,No,Yes,No,Yes,0,0,0,0,0,0,0,0,0,0,0,0,0,0,0,0,0,0,0,0
61,Female,334894,No,No,Yes,No,No,Yes,Yes,Yes,Yes,No,No,Yes,Yes,Yes,No,Yes,0,0,0,0,0,0,0,0,1,0,1,0,0,0,0,0,0,0,0,0
39,Female,397257,No,No,Yes,Yes,No,Yes,Yes,No,Yes,Yes,No,Yes,No,No,No,No,0,0,0,0,0,0,0,0,1,0,0,0,1,0,0,0,0,0,0,0
8,Male,277841,No,No,No,No,No,No,No,Yes,Yes,No,Yes,No,No,No,No,No,0,0,0,0,0,0,0,1,0,0,0,0,0,0,0,0,0,0,0,0
80,Female,234656,No,No,Yes,No,No,Yes,Yes,Yes,Yes,No,Yes,No,Yes,No,No,No,0,1,0,0,0,0,0,1,1,0,1,1,0,0,0,0,1,0,0,0
70,Female,177522,No,No,Yes,No,Yes,Yes,Yes,Yes,Yes,No,No,Yes,Yes,No,No,Yes,0,0,0,0,0,0,0,0,1,1,1,1,0,0,0,0,0,0,0,0
55,Female,227299,No,No,Yes,No,Yes,No,Yes,Yes,No,No,No,Yes,Yes,No,No,Yes,0,0,0,0,0,0,0,0,0,1,1,1,0,0,0,0,0,0,0,0
28,Male,72486,No,No,No,No,No,No,No,Yes,No,No,Yes,Yes,Yes,Yes,No,No,0,0,0,0,0,0,0,1,0,1,0,1,0,1,0,0,0,0,0,0
42,Female,247890,No,No,Yes,No,No,Yes,Yes,Yes,No,No,Yes,No,No,Yes,No,Yes,0,1,0,0,0,0,0,1,0,0,0,0,0,0,0,0,0,0,0,0
69,Female,277376,No,No,Yes,Yes,No,Yes,Yes,No,Yes,No,Yes,Yes,No,Yes,No,No,0,0,0,0,0,0,0,1,1,1,0,0,0,0,0,0,1,0,0,0
17,Female,65590,Yes,No,Yes,No,Yes,No,No,Yes,No,No,Yes,Yes,Yes,Yes,Yes,Yes,0,0,0,0,0,0,0,1,0,0,0,1,0,0,0,1,0,0,1,1
54,Male,427373,No,No,No,No,No,No,No,Yes,No,No,Yes,Yes,Yes,No,No,Yes,0,0,0,0,0,0,0,0,0,0,0,0,0,0,0,0,0,0,0,0
82,Female,237943,No,No,No,No,No,No,No,No,No,No,Yes,No,No,No,No,Yes,0,1,0,0,0,0,0,1,0,0,0,0,0,0,0,0,0,0,0,0
49,Male,427973,No,No,No,No,No,No,Yes,No,Yes,No,Yes,No,No,No,No,No,0,0,0,0,0,0,0,0,0,0,0,0,0,0,0,0,0,0,0,0
84,Female,297009,No,No,Yes,Yes,No,Yes,No,Yes,Yes,No,No,No,No,No,No,No,0,0,0,0,0,0,0,0,1,0,0,0,0,0,0,0,0,0,0,0
4,Male,259219,Yes,Yes,No,No,Yes,No,Yes,No,No,No,No,No,No,No,No,Yes,0,0,0,0,0,0,0,0,0,0,0,0,0,0,0,0,0,0,0,0
44,Male,12964,No,No,No,No,No,No,Yes,Yes,No,No,No,Yes,Yes,Yes,No,Yes,0,0,0,0,0,0,0,0,0,1,0,1,0,1,0,0,0,0,0,0
62,Male,168982,No,No,No,No,Yes,No,Yes,Yes,Yes,No,Yes,No,No,No,No,No,0,0,0,0,0,0,0,1,0,0,0,0,0,0,0,0,0,0,0,0
56,Female,493840,No,No,Yes,No,Yes,Yes,No,No,Yes,No,No,No,Yes,Yes,No,No,0,0,0,0,0,0,0,0,1,0,1,0,0,0,0,0,0,0,0,0
46,Male,159043,No,No,No,No,No,No,Yes,Yes,Yes,No,No,Yes,No,No,No,Yes,0,0,0,0,0,0,0,0,0,1,0,0,0,0,0,0,0,0,0,0
53,Male,239198,No,No,No,No,Yes,No,Yes,Yes,No,No,Yes,Yes,No,Yes,No,Yes,0,0,0,0,0,0,0,1,0,1,0,0,0,0,0,0,0,0,0,0
18,Male,478103,No,No,No,No,No,No,No,Yes,No,No,Yes,Yes,No,Yes,No,Yes,0,0,0,0,0,0,0,0,0,0,0,0,0,0,0,0,0,0,0,1
57,Female,375963,No,No,Yes,No,No,Yes,No,No,Yes,No,Yes,No,No,Yes,No,No,0,0,0,0,0,0,0,1,1,0,0,0,0,0,0,0,1,0,0,0
4,Male,386170,No,No,Yes,No,No,No,Yes,No,Yes,No,No,Yes,Yes,Yes,No,Yes,0,0,0,0,0,0,0,0,0,0,0,0,0,0,0,0,0,0,0,0
45,Female,93014,No,No,No,No,Yes,Yes,Yes,Yes,Yes,Yes,Yes,Yes,Yes,No,No,Yes,0,1,0,0,0,0,0,1,0,1,1,1,1,0,0,0,0,1,0,0
66,Male,326280,No,No,Yes,No,Yes,No,No,Yes,Yes,No,Yes,Yes,Yes,Yes,No,No,0,0,0,0,0,0,0,1,1,0,0,0,0,0,0,0,1,0,0,0
37,Male,475709,No,No,Yes,No,Yes,No,Yes,Yes,Yes,No,Yes,Yes,Yes,Yes,No,Yes,0,0,0,0,0,0,0,0,1,0,0,0,0,0,0,0,1,0,0,0
11,Female,212677,No,No,No,No,No,No,Yes,Yes,Yes,No,No,Yes,No,No,Yes,No,0,0,0,0,0,0,0,0,0,0,0,0,0,0,0,0,0,0,0,0
47,Female,179215,No,No,Yes,Yes,No,Yes,Yes,No,No,No,No,No,No,No,No,No,0,0,0,0,0,0,0,0,0,0,0,0,0,0,0,0,0,0,0,0
67,Female,342157,No,No,Yes,Yes,No,No,No,Yes,No,No,Yes,Yes,No,No,No,Yes,0,0,0,0,0,0,0,1,0,0,0,0,0,0,0,0,0,0,0,0
38,Female,319746,No,No,Yes,No,No,Yes,No,No,No,Yes,Yes,No,Yes,No,No,No,0,0,0,0,0,0,0,1,0,0,1,0,1,0,0,0,0,1,0,0
46,Male,52864,No,No,Yes,No,No,No,Yes,No,No,No,No,Yes,Yes,No,No,No,0,0,0,0,0,0,0,0,0,1,0,1,0,0,0,0,0,0,0,0
23,Male,297551,Yes,Yes,No,No,No,No,No,Yes,Yes,No,Yes,Yes,No,Yes,No,Yes,0,0,1,0,0,0,0,1,0,1,0,0,0,0,0,1,0,0,0,1
75,Male,219227,No,No,Yes,No,No,No,Yes,Yes,Yes,No,Yes,No,Yes,No,No,Yes,0,0,0,0,0,0,0,1,1,0,0,1,0,0,0,0,1,0,0,0
41,Male,386317,No,No,No,No,No,No,No,No,No,No,Yes,No,Yes,Yes,No,No,0,0,0,0,0,0,0,1,0,0,0,0,0,0,0,0,0,0,0,0
81,Male,282191,No,No,No,No,No,No,Yes,No,No,No,Yes,Yes,Yes,No,No,No,0,0,0,0,0,0,0,1,0,1,0,0,0,0,0,0,0,0,0,0
77,Female,236565,No,No,Yes,No,Yes,Yes,Yes,No,Yes,No,Yes,No,Yes,No,No,Yes,0,1,0,0,0,0,0,1,1,0,1,1,0,0,0,0,1,0,0,0
39,Female,236916,No,No,No,No,Yes,Yes,No,Yes,Yes,Yes,No,Yes,Yes,No,No,No,0,0,0,0,0,0,0,0,0,1,1,1,1,0,0,0,0,0,0,0
52,Female,139154,No,No,No,No,No,Yes,No,Yes,Yes,No,No,Yes,No,No,No,Yes,0,0,0,0,0,0,0,0,0,1,0,0,0,0,0,0,0,0,0,0
72,Male,392318,No,No,Yes,No,Yes,No,No,No,No,No,Yes,No,Yes,No,No,Yes,0,0,0,0,0,0,0,1,0,0,0,0,0,0,0,0,0,0,0,0
75,Female,98258,No,No,No,Yes,Yes,Yes,Yes,Yes,No,No,Yes,No,Yes,Yes,No,Yes,0,1,0,0,0,0,0,1,0,0,1,1,0,0,0,0,0,0,0,0
24,Male,87980,Yes,Yes,No,No,No,No,Yes,Yes,No,No,Yes,Yes,No,Yes,No,Yes,0,0,1,0,0,0,0,1,0,1,0,0,0,0,1,1,0,0,0,1
33,Male,432578,No,No,Yes,No,Yes,No,Yes,Yes,No,No,Yes,Yes,Yes,Yes,No,Yes,0,0,0,0,0,0,0,0,0,0,0,0,0,0,0,0,0,0,0,0
29,Male,240378,No,No,No,No,No,No,Yes,No,No,No,Yes,Yes,Yes,Yes,No,No,0,0,0,0,0,0,0,1,0,1,0,1,0,0,0,0,0,0,0,0
82,Female,423030,No,No,Yes,Yes,Yes,No,No,No,No,No,Yes,No,Yes,No,No,Yes,0,0,0,0,0,0,0,0,0,0,1,0,0,0,0,0,0,0,0,0
22,Female,416841,Yes,Yes,Yes,No,No,No,Yes,Yes,Yes,No,No,No,Yes,No,No,Yes,0,0,0,0,0,0,0,0,1,0,1,0,0,0,1,1,0,0,0,0
78,Male,168515,No,No,Yes,No,Yes,No,Yes,No,No,No,No,Yes,No,Yes,No,Yes,0,0,0,0,0,0,0,0,0,1,0,0,0,0,0,0,0,0,0,0
79,Male,371086,No,No,Yes,No,No,No,No,No,Yes,No,Yes,Yes,No,No,No,No,0,0,0,0,0,0,0,1,1,0,0,0,0,0,0,0,1,0,0,0
51,Female,189758,No,No,Yes,Yes,Yes,No,No,Yes,Yes,No,Yes,No,No,No,No,No,0,1,0,0,0,0,0,1,1,0,0,0,0,0,0,0,1,0,0,0
3,Male,307408,No,No,No,No,No,No,No,No,No,No,Yes,No,No,Yes,No,No,0,0,0,0,0,0,0,1,0,0,0,0,0,0,0,0,0,0,0,0
9,Male,36806,No,No,Yes,No,No,No,Yes,Yes,No,No,Yes,No,No,No,No,No,0,0,0,0,0,0,0,1,0,0,0,0,0,0,0,0,0,0,0,0
4,Male,200250,Yes,Yes,No,No,No,No,No,Yes,Yes,No,Yes,Yes,No,Yes,No,No,0,0,0,0,0,0,0,1,0,0,0,0,0,0,0,0,0,0,0,0
35,Male,476345,No,No,Yes,No,Yes,No,No,No,No,No,No,No,Yes,Yes,No,No,0,0,0,0,0,0,0,0,0,0,0,0,0,0,0,0,0,0,0,0
49,Female,178075,No,No,Yes,No,Yes,Yes,Yes,Yes,No,No,No,No,Yes,No,No,Yes,0,0,0,0,0,0,0,0,0,0,1,1,0,0,0,0,0,0,0,0
45,Female,319061,No,No,No,Yes,Yes,No,Yes,No,Yes,No,No,No,No,Yes,No,Yes,0,0,0,0,0,0,0,0,0,0,0,0,0,0,0,0,0,0,0,0
17,Male,20623,Yes,Yes,Yes,No,No,No,No,No,Yes,No,Yes,Yes,Yes,No,No,Yes,0,0,0,0,0,0,0,1,0,0,0,1,0,0,0,0,0,0,0,1
19,Male,370707,No,No,Yes,No,Yes,No,No,No,No,No,No,Yes,Yes,Yes,No,No,0,0,0,0,0,0,0,0,0,0,0,0,0,0,0,0,0,0,0,0
66,Female,459228,No,No,Yes,No,No,No,Yes,No,No,No,No,Yes,No,No,No,Yes,0,0,0,0,0,0,0,0,0,0,0,0,0,0,0,0,0,0,0,0
11,Male,347201,No,No,No,No,No,No,Yes,No,No,No,Yes,Yes,No,Yes,No,Yes,0,0,0,0,0,0,0,1,0,0,0,0,0,0,0,0,0,0,0,0
79,Male,234297,No,No,Yes,No,Yes,No,Yes,No,No,No,Yes,No,Yes,No,No,No,0,0,0,0,0,0,0,1,0,0,0,1,0,0,0,0,0,0,0,0
31,Female,458463,No,No,Yes,Yes,No,Yes,No,Yes,Yes,Yes,No,Yes,Yes,Yes,No,No,0,0,0,0,0,0,0,0,1,0,1,0,1,0,0,0,0,0,0,0
69,Female,357398,No,No,No,Yes,Yes,No,Yes,No,No,No,Yes,No,No,No,No,Yes,0,0,0,0,0,0,0,1,0,0,0,0,0,0,0,0,0,0,0,0
64,Female,188911,No,No,No,Yes,Yes,No,No,Yes,Yes,No,No,Yes,Yes,No,No,Yes,0,0,0,0,0,0,0,0,0,1,1,1,0,0,0,0,0,0,0,0
29,Male,69923,No,No,Yes,No,Yes,No,Yes,No,Yes,No,No,No,Yes,Yes,No,No,0,0,0,0,0,0,0,0,1,0,0,1,0,1,0,0,0,0,0,0
40,Male,175563,No,No,No,No,Yes,No,No,No,Yes,No,No,No,Yes,Yes,No,Yes,0,0,0,0,0,0,0,0,0,0,0,1,0,0,0,0,0,0,0,0
37,Female,190479,No,No,Yes,Yes,Yes,No,No,Yes,Yes,No,No,No,Yes,Yes,No,No,0,0,0,0,0,0,0,0,1,0,1,1,0,0,0,0,0,0,0,0
85,Female,337434,No,No,No,Yes,No,Yes,No,No,No,No,Yes,Yes,Yes,No,No,No,0,0,0,0,0,0,0,1,0,0,1,0,0,0,0,0,0,0,0,0
83,Male,279258,No,No,Yes,No,No,No,No,Yes,No,No,No,Yes,No,No,No,Yes,0,0,0,0,0,0,0,0,0,1,0,0,0,0,0,0,0,0,0,0
37,Female,141326,No,No,Yes,No,No,No,Yes,Yes,No,No,Yes,No,Yes,Yes,No,No,0,1,0,0,0,0,0,1,0,0,1,1,0,0,0,0,0,0,0,0
52,Female,171981,No,No,Yes,Yes,No,No,No,No,Yes,No,Yes,Yes,No,No,No,Yes,0,1,0,0,0,0,0,1,1,1,0,0,0,0,0,0,1,0,0,0
57,Male,498744,No,No,No,No,Yes,No,No,No,Yes,No,No,Yes,No,Yes,No,No,0,0,0,0,0,0,0,0,0,0,0,0,0,0,0,0,0,0,0,0
35,Male,93959,No,No,No,No,Yes,No,Yes,No,Yes,No,No,No,No,No,No,No,0,0,0,0,0,0,0,0,0,0,0,0,0,0,0,0,0,0,0,0
53,Male,343164,No,No,Yes,No,Yes,No,No,Yes,Yes,No,Yes,No,No,No,No,No,0,0,0,0,0,0,0,1,1,0,0,0,0,0,0,0,1,0,0,0
48,Male,295940,No,No,Yes,No,No,No,Yes,Yes,Yes,No,No,No,No,No,No,No,0,0,0,0,0,0,0,0,1,0,0,0,0,0,0,0,0,0,0,0
2,Female,353253,Yes,No,Yes,No,Yes,Yes,Yes,No,No,No,No,Yes,No,No,Yes,Yes,0,0,0,0,0,0,0,0,0,0,0,0,0,0,0,0,0,0,0,0
23,Male,39826,Yes,Yes,No,No,No,No,No,No,Yes,No,Yes,Yes,Yes,No,No,No,0,0,1,0,0,0,0,1,0,1,0,1,0,0,0,0,0,0,0,0
51,Male,24272,No,No,No,No,No,No,No,No,Yes,No,No,No,Yes,Yes,No,Yes,0,0,0,0,0,0,0,0,0,0,0,1,0,1,0,0,0,0,0,0
83,Female,185100,No,No,No,Yes,Yes,No,Yes,Yes,Yes,No,Yes,Yes,Yes,Yes,No,No,0,1,0,0,0,0,0,1,0,1,1,1,0,0,0,0,0,0,0,0
74,Female,385076,No,No,No,No,Yes,No,No,Yes,Yes,No,No,No,Yes,No,No,Yes,0,0,0,0,0,0,0,0,0,0,1,0,0,0,0,0,0,0,0,0
60,Male,216672,No,No,No,No,Yes,No,No,Yes,Yes,No,Yes,No,Yes,No,No,Yes,0,0,0,0,0,0,0,1,0,0,0,1,0,0,0,0,0,0,0,0
75,Male,108947,No,No,Yes,No,No,No,Yes,No,Yes,No,Yes,Yes,Yes,No,No,Yes,0,0,0,0,0,0,0,1,1,1,0,1,0,0,0,0,1,0,0,0
2,Male,89570,Yes,Yes,Yes,No,Yes,No,Yes,No,Yes,No,Yes,Yes,No,No,No,Yes,0,0,0,0,0,0,0,1,0,0,0,0,0,0,0,0,0,0,0,0
82,Female,146695,No,No,No,Yes,Yes,Yes,No,Yes,Yes,No,Yes,No,No,Yes,No,Yes,0,1,0,0,0,0,0,1,0,0,0,0,0,0,0,0,0,0,0,0
6,Male,98856,Yes,Yes,Yes,No,No,No,Yes,No,No,No,Yes,No,Yes,No,No,No,0,0,0,1,0,0,0,1,0,0,0,1,0,0,1,0,0,0,0,0
4,Female,256277,No,No,Yes,No,No,No,Yes,Yes,Yes,No,Yes,No,No,Yes,Yes,No,0,0,0,0,0,0,0,1,0,0,0,0,0,0,0,0,0,0,0,0
3,Female,147687,Yes,No,No,No,No,No,Yes,Yes,No,No,No,Yes,No,Yes,Yes,No,0,0,0,0,0,0,0,0,0,0,0,0,0,0,0,0,0,0,0,0
17,Male,362926,Yes,Yes,No,No,No,No,No,Yes,No,No,Yes,Yes,No,No,No,Yes,0,0,0,0,0,0,0,1,0,0,0,0,0,0,0,1,0,0,0,1
31,Male,471896,No,No,Yes,No,Yes,No,No,No,Yes,No,No,Yes,Yes,No,No,No,0,0,0,0,0,0,0,0,1,0,0,0,0,0,0,0,0,0,0,0
25,Male,273045,No,No,No,No,Yes,No,No,Yes,Yes,No,No,No,Yes,Yes,No,Yes,0,0,0,0,0,0,0,0,0,0,0,0,0,0,0,0,0,0,0,0
24,Female,94022,Yes,No,No,Yes,Yes,No,Yes,Yes,Yes,Yes,No,No,No,No,No,No,0,0,0,0,0,0,0,0,0,0,0,0,1,0,1,1,0,0,0,0
7,Female,364864,No,No,No,No,No,No,Yes,Yes,No,No,Yes,Yes,Yes,Yes,Yes,Yes,0,0,0,0,0,0,0,1,0,0,0,0,0,0,0,0,0,0,0,0
19,Female,256214,Yes,Yes,No,Yes,Yes,No,Yes,Yes,No,Yes,No,Yes,Yes,No,No,No,0,0,0,0,0,0,0,0,0,1,1,0,1,0,1,1,0,0,0,0
37,Male,449580,No,No,Yes,No,Yes,No,Yes,Yes,Yes,No,No,Yes,Yes,Yes,No,Yes,0,0,0,0,0,0,0,0,1,0,0,0,0,0,0,0,0,0,0,0
24,Male,163999,No,No,Yes,No,No,No,Yes,No,No,No,Yes,Yes,No,No,No,Yes,0,0,0,0,0,0,0,1,0,1,0,0,0,0,0,0,0,0,0,1
31,Female,445949,No,No,Yes,No,Yes,Yes,Yes,Yes,No,No,Yes,Yes,Yes,No,No,Yes,0,0,0,0,0,0,0,0,0,0,1,0,0,0,0,0,0,0,0,0
60,Female,239260,No,No,No,Yes,Yes,Yes,No,No,Yes,No,Yes,No,Yes,Yes,No,No,0,1,0,0,0,0,0,1,0,0,1,1,0,0,0,0,0,0,0,0
60,Female,60226,No,No,No,No,Yes,Yes,No,No,Yes,No,No,No,No,No,No,Yes,0,0,0,0,0,0,0,0,0,0,0,0,0,0,0,0,0,0,0,0
85,Female,68375,No,No,No,Yes,No,Yes,Yes,No,Yes,No,Yes,Yes,Yes,No,No,No,0,1,0,0,1,1,0,1,0,1,1,1,0,0,0,0,0,0,0,0
54,Female,333858,No,No,No,No,No,No,No,Yes,Yes,No,Yes,No,No,No,No,Yes,0,0,0,0,0,0,0,1,0,0,0,0,0,0,0,0,0,0,0,0
59,Male,379252,No,No,No,No,Yes,No,Yes,No,No,No,Yes,No,Yes,No,No,No,0,0,0,0,0,0,0,1,0,0,0,0,0,0,0,0,0,0,0,0
72,Female,221382,No,No,No,No,Yes,Yes,No,No,No,No,Yes,No,No,Yes,No,Yes,0,1,0,0,0,0,0,1,0,0,0,0,0,0,0,0,0,0,0,0
8,Female,167752,Yes,No,Yes,No,Yes,Yes,No,No,Yes,No,No,Yes,Yes,Yes,Yes,No,0,0,0,0,0,0,0,0,0,0,0,1,0,0,0,0,0,0,0,0
12,Female,223300,Yes,No,No,No,No,Yes,No,Yes,No,No,Yes,Yes,No,No,Yes,No,0,0,0,0,0,0,0,1,0,0,0,0,0,0,0,1,0,0,0,0
27,Male,261623,No,No,Yes,No,No,No,No,Yes,No,No,No,No,No,No,No,Yes,0,0,0,0,0,0,0,0,0,0,0,0,0,0,0,0,0,0,0,0
85,Female,428777,No,No,No,No,No,No,No,No,Yes,No,Yes,No,No,No,No,No,0,0,0,0,0,0,0,0,0,0,0,0,0,0,0,0,0,0,0,0
12,Female,439231,No,No,Yes,No,No,No,No,Yes,No,No,Yes,Yes,No,Yes,Yes,Yes,0,0,0,0,0,0,0,0,0,0,0,0,0,0,0,0,0,0,0,0
57,Male,211371,No,No,No,No,Yes,No,No,No,No,No,No,No,No,Yes,No,Yes,0,0,0,0,0,0,0,0,0,0,0,0,0,0,0,0,0,0,0,0
72,Female,81334,No,No,Yes,No,Yes,No,Yes,Yes,No,No,Yes,No,Yes,Yes,No,No,0,1,0,0,0,0,0,1,0,0,1,1,0,0,0,0,0,0,0,0
60,Female,78851,No,No,No,Yes,Yes,Yes,No,No,Yes,No,Yes,Yes,No,Yes,No,Yes,0,1,0,0,0,0,0,1,0,1,0,0,0,0,0,0,0,0,0,0
74,Female,484954,No,No,Yes,Yes,Yes,Yes,No,Yes,Yes,No,Yes,No,Yes,Yes,No,No,0,0,0,0,0,0,0,0,1,0,1,0,0,0,0,0,1,0,0,0
68,Male,312968,No,No,Yes,No,No,No,No,No,Yes,No,Yes,No,No,No,No,Yes,0,0,0,0,0,0,0,1,1,0,0,0,0,0,0,0,1,0,0,0
25,Female,130270,Yes,Yes,No,Yes,Yes,No,Yes,No,No,No,Yes,No,No,No,No,Yes,1,1,0,0,0,0,0,1,0,0,0,0,0,0,1,0,0,0,0,1
33,Female,11377,No,No,Yes,Yes,Yes,No,Yes,No,Yes,Yes,Yes,No,Yes,Yes,No,No,0,1,0,0,0,1,1,1,1,0,1,1,1,1,0,0,1,1,0,0
19,Male,217269,Yes,No,No,No,Yes,No,No,No,No,No,Yes,Yes,No,No,No,Yes,0,0,0,0,0,0,0,1,0,1,0,0,0,0,0,0,0,0,0,1
35,Female,401847,No,No,Yes,Yes,Yes,Yes,Yes,No,No,Yes,Yes,Yes,Yes,No,No,Yes,0,0,0,0,0,0,0,0,0,0,1,0,1,0,0,0,0,1,0,0
26,Male,229104,No,No,Yes,No,No,No,No,No,Yes,No,No,No,No,No,No,No,0,0,0,0,0,0,0,0,1,0,0,0,0,0,0,0,0,0,0,0
46,Female,137990,No,No,Yes,No,Yes,Yes,Yes,No,No,No,Yes,No,Yes,No,No,Yes,0,1,0,0,0,0,0,1,0,0,1,1,0,0,0,0,0,0,0,0
74,Female,10694,No,No,Yes,Yes,Yes,Yes,No,No,No,No,Yes,No,Yes,No,No,No,0,1,0,0,1,1,1,1,0,0,1,1,0,0,0,0,0,0,0,0
72,Male,482410,No,No,Yes,No,Yes,No,Yes,No,No,No,No,No,Yes,No,No,No,0,0,0,0,0,0,0,0,0,0,0,0,0,0,0,0,0,0,0,0
4,Male,19890,No,No,No,No,No,No,No,No,No,No,Yes,No,No,No,No,Yes,0,0,0,0,0,0,0,1,0,0,0,0,0,0,0,0,0,0,0,0
56,Male,435340,No,No,No,No,No,No,No,Yes,Yes,No,Yes,Yes,Yes,No,No,No,0,0,0,0,0,0,0,0,0,0,0,0,0,0,0,0,0,0,0,0
63,Female,202056,No,No,Yes,No,Yes,No,Yes,Yes,No,No,No,Yes,No,Yes,No,No,0,0,0,0,0,0,0,0,0,1,0,0,0,0,0,0,0,0,0,0
83,Female,236113,No,No,Yes,Yes,No,No,No,Yes,No,No,No,No,No,No,No,Yes,0,0,0,0,0,0,0,0,0,0,0,0,0,0,0,0,0,0,0,0
26,Female,365404,No,No,Yes,Yes,Yes,No,Yes,No,No,No,Yes,No,No,No,No,No,0,0,0,0,0,0,0,1,0,0,0,0,0,0,0,0,0,0,0,0
18,Female,496090,Yes,Yes,Yes,Yes,No,Yes,No,Yes,No,No,No,No,Yes,Yes,No,No,0,0,0,0,0,0,0,0,0,0,1,0,0,0,0,1,0,0,0,0
80,Male,274754,No,No,Yes,No,Yes,No,No,Yes,Yes,No,Yes,Yes,Yes,No,No,No,0,0,0,0,0,0,0,1,1,1,0,0,0,0,0,0,1,0,0,0
19,Male,366466,No,No,No,No,No,No,No,Yes,No,No,No,Yes,Yes,No,No,Yes,0,0,0,0,0,0,0,0,0,0,0,0,0,0,0,0,0,0,0,0
53,Male,60928,No,No,Yes,No,No,No,No,No,No,No,No,Yes,No,No,No,Yes,0,0,0,0,0,0,0,0,0,1,0,0,0,0,0,0,0,0,0,0
58,Female,168737,No,No,Yes,No,No,No,No,No,No,No,Yes,No,Yes,No,No,No,0,1,0,0,0,0,0,1,0,0,1,1,0,0,0,0,0,0,0,0
36,Male,350892,No,No,No,No,Yes,No,Yes,No,Yes,No,Yes,Yes,Yes,No,No,Yes,0,0,0,0,0,0,0,1,0,0,0,0,0,0,0,0,0,0,0,0
46,Male,322473,No,No,No,No,No,No,Yes,Yes,Yes,No,No,Yes,No,Yes,No,Yes,0,0,0,0,0,0,0,0,0,0,0,0,0,0,0,0,0,0,0,0
27,Male,67065,No,No,Yes,No,Yes,No,No,Yes,Yes,No,Yes,Yes,Yes,Yes,No,No,0,0,0,0,0,0,1,1,1,1,0,1,0,1,0,0,1,0,0,0
57,Male,262849,No,No,No,No,Yes,No,Yes,No,No,No,Yes,Yes,No,No,No,Yes,0,0,0,0,0,0,0,1,0,1,0,0,0,0,0,0,0,0,0,0
59,Female,94520,No,No,No,No,No,No,No,Yes,Yes,No,Yes,Yes,No,Yes,No,Yes,0,1,0,0,0,0,0,1,0,1,0,0,0,0,0,0,0,0,0,0
10,Female,315465,Yes,No,Yes,No,No,Yes,No,No,Yes,No,No,No,No,No,Yes,No,0,0,0,0,0,0,0,0,0,0,0,0,0,0,0,0,0,0,0,0
9,Female,308834,Yes,No,No,No,No,No,Yes,Yes,Yes,No,No,No,Yes,Yes,Yes,Yes,0,0,0,0,0,0,0,0,0,0,0,0,0,0,1,1,0,0,0,0
60,Male,111274,No,No,Yes,No,No,No,No,Yes,No,No,No,No,No,No,No,No,0,0,0,0,0,0,0,0,0,0,0,0,0,0,0,0,0,0,0,0
76,Female,258661,No,No,Yes,Yes,No,No,No,Yes,No,No,No,No,Yes,No,No,No,0,0,0,0,0,0,0,0,0,0,1,0,0,0,0,0,0,0,0,0
12,Male,344041,No,No,No,No,No,No,No,Yes,Yes,No,No,Yes,Yes,No,No,No,0,0,0,0,0,0,0,0,0,0,0,0,0,0,0,0,0,0,0,0
30,Male,188125,No,No,No,No,Yes,No,Yes,No,No,No,Yes,No,Yes,Yes,No,Yes,0,0,0,0,0,0,0,1,0,0,0,1,0,0,0,0,0,0,0,1
69,Female,38331,No,No,Yes,No,Yes,No,Yes,No,No,No,No,No,No,No,No,Yes,0,0,0,0,0,0,0,0,0,0,0,0,0,0,0,0,0,0,0,0
85,Female,307541,No,No,Yes,No,Yes,No,No,No,Yes,No,Yes,Yes,No,No,No,Yes,0,0,0,0,0,0,0,1,1,0,0,0,0,0,0,0,1,0,0,0
60,Female,146009,No,No,No,No,Yes,Yes,No,Yes,Yes,No,No,No,No,No,No,Yes,0,0,0,0,0,0,0,0,0,0,0,0,0,0,0,0,0,0,0,0
68,Male,188276,No,No,Yes,No,No,No,Yes,Yes,No,No,Yes,Yes,No,Yes,No,No,0,0,0,0,0,0,0,1,0,1,0,0,0,0,0,0,0,0,0,0
50,Female,327016,No,No,Yes,Yes,Yes,Yes,No,Yes,Yes,No,No,Yes,No,Yes,No,No,0,0,0,0,0,0,0,0,1,0,0,0,0,0,0,0,0,0,0,0
52,Female,332159,No,No,Yes,No,Yes,Yes,Yes,No,No,No,Yes,Yes,Yes,No,No,No,0,0,0,0,0,0,0,1,0,0,1,0,0,0,0,0,0,0,0,0
79,Female,230576,No,No,No,Yes,Yes,Yes,Yes,Yes,Yes,No,No,Yes,No,No,No,Yes,0,0,0,0,0,0,0,0,0,1,0,0,0,0,0,0,0,0,0,0
77,Male,194483,No,No,Yes,No,Yes,No,No,No,Yes,No,No,No,No,Yes,No,Yes,0,0,0,0,0,0,0,0,1,0,0,0,0,0,0,0,0,0,0,0
3,Female,26250,Yes,No,Yes,No,Yes,No,Yes,No,No,No,No,No,No,Yes,Yes,Yes,0,0,0,0,0,0,0,0,0,0,0,0,0,0,0,0,0,0,0,0
7,Female,19023,Yes,Yes,Yes,No,Yes,No,No,No,No,No,No,No,No,Yes,Yes,No,0,0,0,0,0,0,0,0,0,0,0,0,0,0,0,0,0,0,0,0
33,Male,451585,No,No,No,No,No,No,Yes,No,Yes,No,No,No,No,No,No,Yes,0,0,0,0,0,0,0,0,0,0,0,0,0,0,0,0,0,0,0,0
40,Female,481495,No,No,No,Yes,No,Yes,No,No,No,No,Yes,No,No,Yes,No,No,0,0,0,0,0,0,0,0,0,0,0,0,0,0,0,0,0,0,0,0
11,Female,290508,Yes,Yes,No,No,Yes,No,Yes,Yes,No,No,Yes,No,No,Yes,Yes,Yes,0,0,0,1,0,0,0,1,0,0,0,0,0,0,1,1,0,0,0,0
14,Male,395734,No,No,No,No,Yes,No,Yes,No,Yes,No,Yes,Yes,No,No,No,No,0,0,0,0,0,0,0,1,0,0,0,0,0,0,0,0,0,0,0,0
21,Female,434614,Yes,No,No,No,Yes,No,No,No,Yes,Yes,Yes,Yes,No,Yes,No,No,0,0,0,0,0,0,0,0,0,0,0,0,1,0,0,0,0,1,0,0
40,Male,183845,No,No,Yes,No,No,No,Yes,Yes,No,No,Yes,No,Yes,No,No,No,0,0,0,0,0,0,0,1,0,0,0,1,0,0,0,0,0,0,0,0
2,Female,238432,No,No,No,No,No,Yes,No,Yes,Yes,No,Yes,No,No,Yes,Yes,No,0,0,0,0,0,0,0,1,0,0,0,0,0,0,0,0,0,0,0,0
51,Female,261532,No,No,No,No,Yes,Yes,No,Yes,Yes,No,Yes,No,No,Yes,No,Yes,0,0,0,0,0,0,0,1,0,0,0,0,0,0,0,0,0,0,0,0
35,Female,150229,No,No,No,No,No,No,No,No,Yes,Yes,No,Yes,No,No,No,No,0,0,0,0,0,0,0,0,0,1,0,0,1,0,0,0,0,0,0,0
20,Female,93377,No,No,No,Yes,No,No,Yes,Yes,No,Yes,Yes,Yes,Yes,Yes,No,Yes,0,0,0,0,0,0,0,1,0,1,1,1,1,0,0,0,0,1,0,1
44,Female,473533,No,No,Yes,No,No,Yes,Yes,Yes,No,Yes,No,No,Yes,No,No,No,0,0,0,0,0,0,0,0,0,0,1,0,1,0,0,0,0,0,0,0
15,Female,123959,Yes,No,No,No,No,No,No,No,Yes,Yes,Yes,No,No,Yes,Yes,No,0,0,0,0,0,0,0,1,0,0,0,0,0,0,0,0,0,0,0,0
34,Male,232974,No,No,No,No,Yes,No,No,No,No,No,No,No,No,No,No,No,0,0,0,0,0,0,0,0,0,0,0,0,0,0,0,0,0,0,0,0
7,Female,246390,Yes,No,No,No,Yes,Yes,Yes,Yes,No,No,No,Yes,No,No,Yes,No,0,0,0,0,0,0,0,0,0,0,0,0,0,0,1,1,0,0,0,0
61,Female,57307,No,No,No,Yes,No,Yes,No,Yes,Yes,No,No,No,Yes,Yes,No,Yes,0,0,0,0,0,0,0,0,0,0,1,1,0,1,0,0,0,0,0,0
38,Female,179903,No,No,No,No,No,No,No,No,No,No,Yes,Yes,No,No,No,No,0,1,0,0,0,0,0,1,0,1,0,0,0,0,0,0,0,0,0,0
24,Female,57491,No,No,No,Yes,No,No,No,No,No,No,No,No,No,No,No,No,0,0,0,0,0,0,0,0,0,0,0,0,0,0,0,0,0,0,0,0
72,Female,435469,No,No,No,No,Yes,Yes,Yes,Yes,Yes,No,Yes,No,Yes,No,No,No,0,0,0,0,0,0,0,0,0,0,1,0,0,0,0,0,0,0,0,0
3,Male,294030,Yes,No,Yes,No,No,No,Yes,Yes,No,No,No,No,No,Yes,No,No,0,0,0,0,0,0,0,0,0,0,0,0,0,0,0,0,0,0,0,0
62,Male,71954,No,No,No,No,No,No,Yes,Yes,No,No,No,No,No,No,No,Yes,0,0,0,0,0,0,0,0,0,0,0,0,0,0,0,0,0,0,0,0
62,Male,480774,No,No,Yes,No,No,No,No,Yes,Yes,No,No,Yes,No,Yes,No,Yes,0,0,0,0,0,0,0,0,1,0,0,0,0,0,0,0,0,0,0,0
19,Female,424149,No,No,No,Yes,Yes,Yes,Yes,Yes,No,Yes,Yes,No,No,No,No,No,0,0,0,0,0,0,0,0,0,0,0,0,1,0,0,0,0,1,0,0
62,Female,20338,No,No,Yes,Yes,No,No,No,Yes,No,No,Yes,No,Yes,Yes,No,No,0,1,0,0,1,1,0,1,0,0,1,1,0,1,0,0,0,0,0,0
13,Female,452625,No,No,Yes,No,No,Yes,Yes,No,No,No,Yes,No,Yes,Yes,Yes,Yes,0,0,0,0,0,0,0,0,0,0,0,0,0,0,0,0,0,0,0,0
29,Female,418561,No,No,No,No,Yes,No,Yes,Yes,Yes,No,Yes,Yes,No,Yes,No,No,0,0,0,0,0,0,0,0,0,0,0,0,0,0,0,0,0,0,0,0
79,Female,471639,No,No,Yes,No,Yes,Yes,No,No,No,No,Yes,Yes,No,Yes,No,Yes,0,0,0,0,0,0,0,0,0,0,0,0,0,0,0,0,0,0,0,0
84,Male,249380,No,No,No,No,No,No,Yes,No,Yes,No,No,No,No,No,No,No,0,0,0,0,0,0,0,0,0,0,0,0,0,0,0,0,0,0,0,0
23,Male,207969,Yes,Yes,No,No,No,No,Yes,No,Yes,No,No,Yes,Yes,Yes,No,No,0,0,0,0,0,0,0,0,0,1,0,1,0,0,1,0,0,0,0,0
18,Male,378522,Yes,No,No,No,No,No,Yes,No,Yes,No,No,No,No,Yes,No,No,0,0,0,0,0,0,0,0,0,0,0,0,0,0,1,0,0,0,0,0
28,Male,343265,No,No,No,No,No,No,Yes,Yes,Yes,No,No,No,Yes,No,No,Yes,0,0,0,0,0,0,0,0,0,0,0,0,0,0,0,0,0,0,0,0
13,Male,374101,Yes,No,No,No,No,No,No,Yes,Yes,No,Yes,Yes,Yes,Yes,No,No,0,0,0,0,0,0,0,1,0,0,0,0,0,0,0,1,0,0,0,0
80,Male,332237,No,No,No,No,No,No,Yes,Yes,No,No,No,No,No,Yes,No,Yes,0,0,0,0,0,0,0,0,0,0,0,0,0,0,0,0,0,0,0,0
8,Male,377850,Yes,Yes,Yes,No,Yes,No,Yes,No,Yes,No,No,No,Yes,No,No,Yes,0,0,0,0,0,0,0,0,0,0,0,0,0,0,1,0,0,0,0,0
36,Female,298727,No,No,Yes,Yes,Yes,Yes,No,Yes,No,Yes,No,No,No,Yes,No,Yes,0,0,0,0,0,0,0,0,0,0,0,0,1,0,0,0,0,0,0,0
48,Female,169349,No,No,No,Yes,Yes,Yes,Yes,No,No,No,No,No,No,Yes,No,Yes,0,0,0,0,0,0,0,0,0,0,0,0,0,0,0,0,0,0,0,0
20,Female,202408,No,No,No,Yes,No,No,Yes,No,No,Yes,Yes,No,Yes,No,No,No,0,0,0,0,0,0,0,1,0,0,1,1,1,0,0,0,0,1,0,0
47,Male,375890,No,No,No,No,No,No,No,No,Yes,No,Yes,Yes,Yes,Yes,No,No,0,0,0,0,0,0,0,1,0,0,0,0,0,0,0,0,0,0,0,0
74,Female,244491,No,No,No,No,No,No,No,Yes,Yes,No,No,Yes,No,No,No,No,0,0,0,0,0,0,0,0,0,1,0,0,0,0,0,0,0,0,0,0
85,Male,242426,No,No,No,No,Yes,No,Yes,No,Yes,No,No,Yes,No,No,No,Yes,0,0,0,0,0,0,0,0,0,1,0,0,0,0,0,0,0,0,0,0
81,Male,441671,No,No,No,No,No,No,Yes,Yes,Yes,No,No,Yes,Yes,Yes,No,No,0,0,0,0,0,0,0,0,0,0,0,0,0,0,0,0,0,0,0,0
28,Male,361039,No,No,No,No,Yes,No,No,Yes,Yes,No,No,No,Yes,No,No,No,0,0,0,0,0,0,0,0,0,0,0,0,0,0,0,0,0,0,0,0
16,Female,157316,No,No,No,No,Yes,Yes,No,No,No,Yes,Yes,Yes,No,No,Yes,No,0,0,0,0,0,0,0,1,0,0,0,0,0,0,0,0,0,0,0,0
29,Female,484775,No,No,Yes,No,No,No,Yes,Yes,Yes,Yes,No,Yes,Yes,Yes,No,Yes,0,0,0,0,0,0,0,0,1,0,1,0,1,0,0,0,0,0,0,0
34,Female,22759,No,No,No,Yes,No,No,No,No,Yes,Yes,No,Yes,Yes,Yes,No,Yes,0,0,0,0,0,0,0,0,0,1,1,1,1,1,0,0,0,0,0,0
59,Male,473320,No,No,No,No,Yes,No,No,Yes,No,No,Yes,Yes,Yes,No,No,Yes,0,0,0,0,0,0,0,0,0,0,0,0,0,0,0,0,0,0,0,0
7,Female,385971,No,No,Yes,No,Yes,No,Yes,No,Yes,No,Yes,No,No,No,Yes,No,0,0,0,0,0,0,0,1,0,0,0,0,0,0,0,0,0,0,0,0
34,Male,437151,No,No,No,No,Yes,No,Yes,No,Yes,No,Yes,Yes,Yes,No,No,No,0,0,0,0,0,0,0,0,0,0,0,0,0,0,0,0,0,0,0,0
80,Male,42189,No,No,Yes,No,Yes,No,No,Yes,No,No,No,No,Yes,Yes,No,No,0,0,0,0,0,0,0,0,0,0,0,1,0,1,0,0,0,0,0,0
76,Female,216145,No,No,No,No,No,No,Yes,No,No,No,No,No,No,No,No,Yes,0,0,0,0,0,0,0,0,0,0,0,0,0,0,0,0,0,0,0,0
85,Female,475825,No,No,No,Yes,Yes,Yes,Yes,No,Yes,No,No,No,No,Yes,No,No,0,0,0,0,0,0,0,0,0,0,0,0,0,0,0,0,0,0,0,0
27,Male,141886,No,No,Yes,No,Yes,No,No,Yes,No,No,No,No,Yes,No,No,Yes,0,0,0,0,0,0,0,0,0,0,0,1,0,0,0,0,0,0,0,0
29,Female,457789,No,No,No,Yes,No,Yes,Yes,Yes,No,Yes,No,Yes,Yes,Yes,No,No,0,0,0,0,0,0,0,0,0,0,1,0,1,0,0,0,0,0,0,0
4,Male,265624,No,No,Yes,No,Yes,No,Yes,Yes,No,No,No,No,Yes,No,No,Yes,0,0,0,0,0,0,0,0,0,0,0,0,0,0,0,0,0,0,0,0
10,Male,179595,No,No,No,No,Yes,No,Yes,No,No,No,Yes,No,No,Yes,No,No,0,0,0,0,0,0,0,1,0,0,0,0,0,0,0,0,0,0,0,0
28,Male,64014,No,No,Yes,No,Yes,No,No,No,No,No,Yes,No,No,No,No,Yes,0,0,0,0,0,0,1,1,0,0,0,0,0,0,0,0,0,0,0,1
77,Female,88199,No,No,Yes,No,No,No,Yes,Yes,Yes,No,No,Yes,Yes,Yes,No,Yes,0,0,0,0,0,0,0,0,1,1,1,1,0,0,0,0,0,0,0,0
20,Female,31884,Yes,Yes,No,Yes,No,No,No,No,No,No,No,Yes,Yes,No,No,Yes,0,0,0,0,0,0,0,0,0,1,1,1,0,0,0,0,0,0,0,0
70,Female,417441,No,No,Yes,No,No,No,No,No,Yes,No,Yes,No,Yes,No,No,No,0,0,0,0,0,0,0,0,1,0,1,0,0,0,0,0,1,0,0,0
27,Male,233952,No,No,Yes,No,No,No,Yes,Yes,No,No,No,Yes,No,Yes,No,No,0,0,0,0,0,0,0,0,0,1,0,0,0,0,0,0,0,0,0,0
38,Female,301502,No,No,Yes,Yes,Yes,No,No,Yes,No,No,No,No,Yes,Yes,No,Yes,0,0,0,0,0,0,0,0,0,0,1,0,0,0,0,0,0,0,0,0
12,Male,292918,No,No,Yes,No,Yes,No,Yes,No,Yes,No,No,Yes,No,No,No,No,0,0,0,0,0,0,0,0,0,0,0,0,0,0,0,0,0,0,0,0
17,Female,87502,Yes,No,No,No,No,Yes,No,Yes,No,Yes,No,Yes,Yes,Yes,Yes,Yes,0,0,0,0,0,0,0,0,0,0,0,1,0,0,0,1,0,0,0,0
57,Male,54681,No,No,No,No,Yes,No,Yes,No,No,No,Yes,Yes,No,Yes,No,Yes,0,0,0,0,0,0,1,1,0,1,0,0,0,1,0,0,0,0,0,0
54,Female,282159,No,No,Yes,Yes,No,No,No,Yes,Yes,No,Yes,No,Yes,Yes,No,No,0,0,0,0,0,0,0,1,1,0,1,0,0,0,0,0,1,0,0,0
48,Male,243709,No,No,No,No,Yes,No,No,Yes,No,No,Yes,Yes,Yes,Yes,No,Yes,0,0,0,0,0,0,0,1,0,1,0,1,0,0,0,0,0,0,0,0
28,Female,321104,No,No,No,No,No,Yes,Yes,Yes,Yes,Yes,Yes,Yes,Yes,No,No,Yes,0,0,0,0,0,0,0,1,0,0,1,0,1,0,0,0,0,1,0,1
25,Female,223225,No,No,Yes,Yes,No,No,No,Yes,No,No,Yes,Yes,Yes,No,No,No,0,1,0,0,0,0,0,1,0,1,1,1,0,0,0,0,0,0,0,0
70,Male,43592,No,No,No,No,No,No,Yes,No,No,No,No,Yes,Yes,No,No,No,0,0,0,0,0,0,0,0,0,1,0,1,0,0,0,0,0,0,0,0
47,Male,404049,No,No,No,No,No,No,Yes,Yes,Yes,No,No,No,No,No,No,No,0,0,0,0,0,0,0,0,0,0,0,0,0,0,0,0,0,0,0,0
12,Female,434121,Yes,No,Yes,No,Yes,No,No,Yes,Yes,No,Yes,No,No,Yes,Yes,No,0,0,0,0,0,0,0,0,0,0,0,0,0,0,0,1,0,0,0,0
15,Female,242764,Yes,Yes,No,No,Yes,Yes,Yes,No,No,Yes,No,Yes,No,Yes,Yes,Yes,0,0,0,0,0,0,0,0,0,0,0,0,0,0,1,0,0,0,0,0
28,Male,459696,No,No,Yes,No,No,No,No,Yes,No,No,Yes,Yes,Yes,Yes,No,Yes,0,0,0,0,0,0,0,0,0,0,0,0,0,0,0,0,0,0,0,1
57,Female,297367,No,No,Yes,No,Yes,Yes,No,Yes,Yes,No,No,No,No,Yes,No,No,0,0,0,0,0,0,0,0,1,0,0,0,0,0,0,0,0,0,0,0
78,Female,335310,No,No,No,Yes,No,Yes,Yes,Yes,Yes,No,Yes,Yes,No,No,No,Yes,0,0,0,0,0,0,0,1,0,0,0,0,0,0,0,0,0,0,0,0
20,Female,190670,Yes,Yes,Yes,Yes,Yes,No,No,No,No,No,No,Yes,No,Yes,No,Yes,0,0,0,0,0,0,0,0,0,1,0,0,0,0,0,0,0,0,0,0
66,Male,483779,No,No,No,No,Yes,No,Yes,No,Yes,No,No,Yes,Yes,Yes,No,No,0,0,0,0,0,0,0,0,0,0,0,0,0,0,0,0,0,0,0,0
56,Female,153680,No,No,No,Yes,Yes,Yes,No,Yes,Yes,No,Yes,No,Yes,No,No,Yes,0,1,0,0,0,0,0,1,0,0,1,1,0,0,0,0,0,0,0,0
45,Male,426259,No,No,No,No,Yes,No,No,Yes,Yes,No,Yes,No,Yes,Yes,No,No,0,0,0,0,0,0,0,0,0,0,0,0,0,0,0,0,0,0,0,0
71,Male,205726,No,No,No,No,No,No,No,Yes,Yes,No,Yes,Yes,Yes,Yes,No,Yes,0,0,0,0,0,0,0,1,0,1,0,1,0,0,0,0,0,0,0,0
32,Female,382185,No,No,Yes,Yes,Yes,No,Yes,Yes,Yes,Yes,Yes,No,No,No,No,No,0,0,0,0,0,0,0,1,1,0,0,0,1,0,0,0,1,1,0,0
53,Male,153746,No,No,Yes,No,No,No,No,Yes,No,No,Yes,Yes,No,No,No,No,0,0,0,0,0,0,0,1,0,1,0,0,0,0,0,0,0,0,0,0
63,Male,249292,No,No,No,No,Yes,No,Yes,No,Yes,No,Yes,No,Yes,No,No,Yes,0,0,0,0,0,0,0,1,0,0,0,1,0,0,0,0,0,0,0,0
36,Female,135919,No,No,Yes,No,No,Yes,No,No,Yes,No,Yes,No,No,No,No,No,0,1,0,0,0,0,0,1,1,0,0,0,0,0,0,0,1,0,0,0
13,Female,456596,No,No,Yes,No,Yes,Yes,No,Yes,Yes,No,No,Yes,No,Yes,Yes,Yes,0,0,0,0,0,0,0,0,0,0,0,0,0,0,0,0,0,0,0,0
28,Male,211731,No,No,No,No,No,No,No,Yes,Yes,No,No,No,No,Yes,No,Yes,0,0,0,0,0,0,0,0,0,0,0,0,0,0,0,0,0,0,0,0
62,Male,306960,No,No,Yes,No,No,No,Yes,No,Yes,No,No,No,Yes,Yes,No,No,0,0,0,0,0,0,0,0,1,0,0,0,0,0,0,0,0,0,0,0
27,Female,451315,No,No,Yes,Yes,No,Yes,Yes,No,No,No,No,Yes,No,No,No,No,0,0,0,0,0,0,0,0,0,0,0,0,0,0,0,0,0,0,0,0
19,Female,15995,No,No,No,No,Yes,Yes,No,No,Yes,No,Yes,Yes,Yes,Yes,No,Yes,0,0,0,0,0,0,1,1,0,1,1,1,0,1,0,0,0,0,0,1
76,Male,135930,No,No,No,No,Yes,No,No,Yes,No,No,No,No,Yes,Yes,No,No,0,0,0,0,0,0,0,0,0,0,0,1,0,0,0,0,0,0,0,0
84,Male,420607,No,No,Yes,No,Yes,No,No,Yes,Yes,No,No,Yes,No,Yes,No,No,0,0,0,0,0,0,0,0,1,0,0,0,0,0,0,0,0,0,0,0
57,Male,110612,No,No,No,No,Yes,No,Yes,No,Yes,No,No,No,No,No,No,Yes,0,0,0,0,0,0,0,0,0,0,0,0,0,0,0,0,0,0,0,0
49,Male,153573,No,No,Yes,No,Yes,No,No,No,No,No,No,No,No,No,No,No,0,0,0,0,0,0,0,0,0,0,0,0,0,0,0,0,0,0,0,0
49,Female,414249,No,No,No,Yes,No,No,Yes,No,No,No,Yes,No,No,No,No,No,0,0,0,0,0,0,0,0,0,0,0,0,0,0,0,0,0,0,0,0
76,Female,300623,No,No,Yes,Yes,No,Yes,No,No,No,No,Yes,Yes,No,No,No,No,0,0,0,0,0,0,0,1,0,0,0,0,0,0,0,0,0,0,0,0
35,Male,41660,No,No,Yes,No,Yes,No,Yes,Yes,Yes,No,No,No,Yes,Yes,No,Yes,0,0,0,0,0,0,0,0,1,0,0,1,0,1,0,0,0,0,0,0
61,Female,77089,No,No,Yes,Yes,No,No,Yes,No,No,No,Yes,Yes,No,Yes,No,No,0,1,0,0,0,0,0,1,0,1,0,0,0,0,0,0,0,0,0,0
4,Female,185059,No,No,No,No,Yes,Yes,No,No,Yes,No,No,Yes,Yes,Yes,Yes,No,0,0,0,0,0,0,0,0,0,0,0,1,0,0,0,0,0,0,0,0
83,Male,401892,No,No,Yes,No,No,No,Yes,Yes,Yes,No,Yes,Yes,Yes,Yes,No,No,0,0,0,0,0,0,0,0,1,0,0,0,0,0,0,0,1,0,0,0
63,Female,213678,No,No,No,No,Yes,No,No,No,Yes,No,No,No,No,No,No,No,0,0,0,0,0,0,0,0,0,0,0,0,0,0,0,0,0,0,0,0
50,Female,292741,No,No,Yes,Yes,No,Yes,Yes,No,No,No,No,No,No,No,No,No,0,0,0,0,0,0,0,0,0,0,0,0,0,0,0,0,0,0,0,0
1,Male,446885,No,No,No,No,No,No,No,No,Yes,No,No,Yes,No,No,No,Yes,0,0,0,0,0,0,0,0,0,0,0,0,0,0,0,0,0,0,0,0
9,Male,472913,Yes,Yes,No,No,No,No,Yes,No,Yes,No,No,No,No,No,No,Yes,0,0,0,0,0,0,0,0,0,0,0,0,0,0,1,0,0,0,0,0
20,Female,429335,No,No,Yes,No,Yes,No,No,No,Yes,No,Yes,Yes,Yes,No,No,Yes,0,0,0,0,0,0,0,0,1,0,1,0,0,0,0,0,1,0,0,1
2,Male,471600,Yes,Yes,Yes,No,No,No,No,No,No,No,Yes,Yes,Yes,Yes,No,Yes,0,0,0,0,0,0,0,0,0,0,0,0,0,0,0,0,0,0,0,0
82,Female,120639,No,No,Yes,Yes,Yes,Yes,No,No,Yes,No,Yes,No,No,Yes,No,Yes,0,1,0,0,0,0,0,1,1,0,0,0,0,0,0,0,1,0,0,0
47,Female,114004,No,No,No,No,No,Yes,Yes,No,No,No,No,No,Yes,No,No,Yes,0,0,0,0,0,0,0,0,0,0,1,1,0,0,0,0,0,0,0,0
10,Female,185734,Yes,No,Yes,No,Yes,No,Yes,Yes,Yes,No,Yes,No,Yes,Yes,Yes,Yes,0,0,0,0,0,0,0,1,0,0,0,1,0,0,1,1,0,0,0,0
17,Male,177146,Yes,Yes,No,No,Yes,No,Yes,Yes,No,No,Yes,No,Yes,Yes,No,No,0,0,0,0,0,0,0,1,0,0,0,1,0,0,1,1,0,0,0,0
31,Male,212683,No,No,No,No,Yes,No,Yes,Yes,No,No,No,Yes,No,No,No,No,0,0,0,0,0,0,0,0,0,1,0,0,0,0,0,0,0,0,0,0
52,Male,94599,No,No,No,No,No,No,Yes,Yes,Yes,No,No,Yes,Yes,No,No,Yes,0,0,0,0,0,0,0,0,0,1,0,1,0,0,0,0,0,0,0,0
51,Female,288342,No,No,No,Yes,No,Yes,No,Yes,Yes,No,No,Yes,No,Yes,No,Yes,0,0,0,0,0,0,0,0,0,1,0,0,0,0,0,0,0,0,0,0
65,Female,335450,No,No,Yes,Yes,No,Yes,Yes,Yes,No,No,Yes,Yes,No,Yes,No,Yes,0,0,0,0,0,0,0,1,0,0,0,0,0,0,0,0,0,0,0,0
65,Male,37063,No,No,No,No,Yes,No,No,No,No,No,Yes,Yes,Yes,No,No,Yes,0,0,0,0,1,0,1,1,0,1,0,1,0,0,0,0,0,0,0,0
39,Male,300194,No,No,Yes,No,Yes,No,Yes,No,Yes,No,Yes,Yes,No,No,No,No,0,0,0,0,0,0,0,1,1,0,0,0,0,0,0,0,1,0,0,0
20,Male,19112,Yes,Yes,Yes,No,Yes,No,No,No,Yes,No,No,Yes,No,No,No,Yes,0,0,0,0,0,0,0,0,1,1,0,0,0,0,0,0,0,0,0,0
3,Female,184329,Yes,Yes,No,No,Yes,Yes,Yes,Yes,Yes,No,No,Yes,No,Yes,Yes,No,0,0,0,0,0,0,0,0,0,0,0,0,0,0,0,0,0,0,0,0
1,Male,218621,Yes,Yes,Yes,No,No,No,No,Yes,Yes,No,Yes,Yes,No,Yes,No,No,0,0,0,0,0,0,0,1,0,0,0,0,0,0,0,0,0,0,0,0
7,Female,190530,Yes,No,No,No,No,No,No,No,No,No,Yes,No,Yes,No,Yes,Yes,0,0,0,0,0,0,0,1,0,0,0,1,0,0,0,0,0,0,0,0
70,Female,148154,No,No,No,No,Yes,No,Yes,No,Yes,No,Yes,Yes,Yes,Yes,No,No,0,1,0,0,0,0,0,1,0,1,1,1,0,0,0,0,0,0,0,0
7,Female,246042,Yes,No,Yes,No,Yes,Yes,Yes,No,No,No,Yes,No,No,No,Yes,No,0,0,0,0,0,0,0,1,0,0,0,0,0,0,1,0,0,0,0,0
30,Female,487936,No,No,No,Yes,Yes,No,No,No,Yes,Yes,Yes,Yes,No,No,No,Yes,0,0,0,0,0,0,0,0,0,0,0,0,1,0,0,0,0,1,0,1
75,Female,478211,No,No,Yes,No,No,No,Yes,No,No,No,No,Yes,Yes,Yes,No,No,0,0,0,0,0,0,0,0,0,0,1,0,0,0,0,0,0,0,0,0
20,Male,160187,Yes,Yes,No,No,No,No,No,No,Yes,No,Yes,No,Yes,Yes,No,Yes,0,0,1,0,0,0,0,1,0,0,0,1,0,0,0,0,0,0,0,1
61,Male,482773,No,No,Yes,No,No,No,No,No,Yes,No,No,Yes,No,Yes,No,Yes,0,0,0,0,0,0,0,0,1,0,0,0,0,0,0,0,0,0,0,0
15,Male,180294,Yes,No,No,No,No,No,No,Yes,Yes,No,No,Yes,No,Yes,No,No,0,0,0,0,0,0,0,0,0,0,0,0,0,0,0,1,0,0,0,0
41,Female,391651,No,No,Yes,Yes,Yes,No,No,Yes,No,No,Yes,Yes,Yes,No,No,Yes,0,0,0,0,0,0,0,1,0,0,1,0,0,0,0,0,0,0,0,0
7,Female,367710,Yes,No,No,No,Yes,Yes,No,No,Yes,No,Yes,No,No,Yes,Yes,Yes,0,0,0,0,0,0,0,1,0,0,0,0,0,0,0,0,0,0,0,0
55,Male,449207,No,No,Yes,No,Yes,No,Yes,No,No,No,Yes,No,Yes,Yes,No,Yes,0,0,0,0,0,0,0,0,0,0,0,0,0,0,0,0,0,0,0,0
40,Female,453971,No,No,No,No,No,No,Yes,Yes,No,No,Yes,No,No,Yes,No,Yes,0,0,0,0,0,0,0,0,0,0,0,0,0,0,0,0,0,0,0,0
9,Male,331637,Yes,Yes,Yes,No,Yes,No,No,No,No,No,Yes,Yes,No,Yes,No,Yes,0,0,0,1,0,0,0,1,0,0,0,0,0,0,0,0,0,0,0,0
37,Male,140156,No,No,No,No,Yes,No,No,Yes,Yes,No,No,No,No,No,No,Yes,0,0,0,0,0,0,0,0,0,0,0,0,0,0,0,0,0,0,0,0
60,Male,95953,No,No,Yes,No,No,No,No,Yes,Yes,No,Yes,Yes,No,No,No,Yes,0,0,0,0,0,0,0,1,1,1,0,0,0,0,0,0,1,0,0,0
68,Male,59992,No,No,No,No,Yes,No,No,Yes,No,No,Yes,Yes,No,No,No,Yes,0,0,0,0,1,0,1,1,0,1,0,0,0,0,0,0,0,0,0,0
48,Male,282819,No,No,No,No,Yes,No,Yes,No,Yes,No,No,No,Yes,Yes,No,No,0,0,0,0,0,0,0,0,0,0,0,0,0,0,0,0,0,0,0,0
24,Male,395263,Yes,Yes,No,No,No,No,No,Yes,No,No,Yes,Yes,No,No,No,No,0,0,1,0,0,0,0,1,0,0,0,0,0,0,0,1,0,0,0,0
80,Male,442589,No,No,No,No,No,No,Yes,No,Yes,No,Yes,No,No,No,No,Yes,0,0,0,0,0,0,0,0,0,0,0,0,0,0,0,0,0,0,0,0
69,Female,25851,No,No,No,No,No,Yes,No,Yes,No,No,Yes,Yes,No,Yes,No,No,0,1,0,0,1,0,0,1,0,1,0,0,0,1,0,0,0,0,0,0
78,Male,421707,No,No,Yes,No,No,No,Yes,Yes,Yes,No,No,No,Yes,Yes,No,No,0,0,0,0,0,0,0,0,1,0,0,0,0,0,0,0,0,0,0,0
40,Female,389266,No,No,No,Yes,No,No,No,Yes,No,Yes,No,Yes,Yes,Yes,No,Yes,0,0,0,0,0,0,0,0,0,0,1,0,1,0,0,0,0,0,0,0
10,Female,352213,No,No,No,No,Yes,Yes,No,Yes,Yes,No,Yes,No,Yes,Yes,Yes,Yes,0,0,0,0,0,0,0,1,0,0,0,0,0,0,0,0,0,0,0,0
13,Male,140643,No,No,No,No,Yes,No,Yes,Yes,No,No,Yes,No,Yes,No,No,Yes,0,0,0,0,0,0,0,1,0,0,0,1,0,0,0,0,0,0,0,0
33,Female,301939,No,No,No,Yes,Yes,No,No,No,Yes,Yes,No,Yes,Yes,No,No,Yes,0,0,0,0,0,0,0,0,0,0,1,0,1,0,0,0,0,0,0,0
42,Female,435164,No,No,No,No,Yes,No,No,No,No,Yes,Yes,Yes,Yes,No,No,Yes,0,0,0,0,0,0,0,0,0,0,1,0,1,0,0,0,0,1,0,0
45,Male,302483,No,No,No,No,No,No,No,No,No,No,No,Yes,Yes,No,No,No,0,0,0,0,0,0,0,0,0,0,0,0,0,0,0,0,0,0,0,0
31,Male,358198,No,No,No,No,Yes,No,Yes,Yes,Yes,No,No,Yes,No,No,No,No,0,0,0,0,0,0,0,0,0,0,0,0,0,0,0,0,0,0,0,0
32,Male,149385,No,No,No,No,No,No,Yes,No,No,No,No,No,Yes,Yes,No,Yes,0,0,0,0,0,0,0,0,0,0,0,1,0,0,0,0,0,0,0,0
4,Female,487294,No,No,No,No,Yes,Yes,No,No,No,No,Yes,No,Yes,No,Yes,Yes,0,0,0,0,0,0,0,0,0,0,0,0,0,0,0,0,0,0,0,0
82,Female,191920,No,No,Yes,No,No,Yes,Yes,No,No,No,Yes,Yes,No,Yes,No,No,0,1,0,0,0,0,0,1,0,1,0,0,0,0,0,0,0,0,0,0
2,Female,32510,No,No,No,No,Yes,No,No,Yes,No,No,Yes,Yes,No,No,Yes,Yes,0,0,0,0,0,0,0,1,0,0,0,0,0,0,0,0,0,0,1,0
71,Male,258184,No,No,Yes,No,No,No,Yes,No,Yes,No,Yes,Yes,Yes,No,No,Yes,0,0,0,0,0,0,0,1,1,1,0,0,0,0,0,0,1,0,0,0
83,Female,11119,No,No,No,No,Yes,Yes,Yes,No,No,No,No,Yes,No,Yes,No,No,0,0,0,0,0,0,0,0,0,1,0,0,0,1,0,0,0,0,0,0
36,Male,309949,No,No,No,No,Yes,No,No,Yes,No,No,No,No,No,No,No,Yes,0,0,0,0,0,0,0,0,0,0,0,0,0,0,0,0,0,0,0,0
64,Male,499919,No,No,Yes,No,No,No,No,No,No,No,Yes,Yes,No,Yes,No,Yes,0,0,0,0,0,0,0,0,0,0,0,0,0,0,0,0,0,0,0,0
69,Female,226233,No,No,Yes,Yes,No,Yes,Yes,Yes,No,No,No,Yes,Yes,No,No,No,0,0,0,0,0,0,0,0,0,1,1,1,0,0,0,0,0,0,0,0
13,Female,201575,Yes,No,No,No,No,No,No,No,Yes,No,No,Yes,No,No,Yes,Yes,0,0,0,0,0,0,0,0,0,0,0,0,0,0,0,0,0,0,0,0
80,Female,344444,No,No,No,Yes,No,Yes,Yes,Yes,No,No,No,No,Yes,Yes,No,No,0,0,0,0,0,0,0,0,0,0,1,0,0,0,0,0,0,0,0,0
1,Female,110338,Yes,No,No,No,No,No,No,No,No,No,Yes,No,No,No,Yes,No,0,0,0,0,0,0,0,1,0,0,0,0,0,0,0,0,0,0,0,0
37,Male,294138,No,No,Yes,No,No,No,Yes,No,No,No,Yes,Yes,No,No,No,No,0,0,0,0,0,0,0,1,0,1,0,0,0,0,0,0,0,0,0,0
81,Female,349510,No,No,Yes,No,Yes,No,No,No,No,No,Yes,Yes,Yes,Yes,No,No,0,0,0,0,0,0,0,1,0,0,1,0,0,0,0,0,0,0,0,0
63,Male,193581,No,No,No,No,No,No,Yes,No,No,No,No,Yes,Yes,No,No,No,0,0,0,0,0,0,0,0,0,1,0,1,0,0,0,0,0,0,0,0
59,Male,264337,No,No,Yes,No,Yes,No,Yes,Yes,No,No,Yes,Yes,No,No,No,No,0,0,0,0,0,0,0,1,0,1,0,0,0,0,0,0,0,0,0,0
20,Female,387085,No,No,No,Yes,No,Yes,Yes,Yes,Yes,Yes,Yes,No,Yes,Yes,No,Yes,0,0,0,0,0,0,0,1,0,0,1,0,1,0,0,0,0,1,0,1
34,Female,445930,No,No,Yes,Yes,No,No,No,Yes,No,Yes,No,No,No,No,No,No,0,0,0,0,0,0,0,0,0,0,0,0,1,0,0,0,0,0,0,0
3,Male,214512,Yes,Yes,Yes,No,No,No,Yes,No,Yes,No,No,Yes,No,No,No,Yes,0,0,0,0,0,0,0,0,0,0,0,0,0,0,0,0,0,0,0,0
1,Male,121981,No,No,No,No,Yes,No,Yes,Yes,No,No,Yes,No,Yes,Yes,No,No,0,0,0,0,0,0,0,1,0,0,0,1,0,0,0,0,0,0,0,0
66,Female,361501,No,No,Yes,No,Yes,Yes,No,Yes,No,No,Yes,Yes,No,No,No,Yes,0,0,0,0,0,0,0,1,0,0,0,0,0,0,0,0,0,0,0,0
11,Male,166902,Yes,Yes,No,No,No,No,No,Yes,No,No,No,Yes,Yes,Yes,No,Yes,0,0,0,0,0,0,0,0,0,0,0,1,0,0,0,1,0,0,0,0
2,Male,116532,Yes,No,No,No,Yes,No,No,Yes,No,No,No,No,No,No,No,No,0,0,0,0,0,0,0,0,0,0,0,0,0,0,0,0,0,0,0,0
45,Female,453074,No,No,No,Yes,Yes,Yes,No,No,Yes,Yes,No,Yes,No,Yes,No,Yes,0,0,0,0,0,0,0,0,0,0,0,0,1,0,0,0,0,0,0,0
12,Female,102266,Yes,No,Yes,No,Yes,Yes,No,Yes,No,No,Yes,No,Yes,No,Yes,Yes,0,0,0,0,0,0,0,1,0,0,0,1,0,0,0,1,0,0,0,0
37,Male,323343,No,No,Yes,No,No,No,Yes,Yes,Yes,No,No,No,Yes,No,No,No,0,0,0,0,0,0,0,0,1,0,0,0,0,0,0,0,0,0,0,0
69,Female,49835,No,No,No,Yes,No,No,No,Yes,No,No,Yes,Yes,Yes,Yes,No,Yes,0,1,0,0,1,1,0,1,0,1,1,1,0,1,0,0,0,0,0,0
34,Female,111868,No,No,Yes,Yes,No,No,Yes,No,No,No,Yes,Yes,No,Yes,No,No,0,1,0,0,0,0,0,1,0,1,0,0,0,0,0,0,0,0,0,0
72,Female,60550,No,No,Yes,No,No,No,Yes,No,Yes,No,Yes,Yes,Yes,Yes,No,No,0,1,0,0,1,0,0,1,1,1,1,1,0,1,0,0,1,0,0,0
70,Female,259564,No,No,No,No,Yes,No,No,Yes,Yes,No,No,No,Yes,No,No,Yes,0,0,0,0,0,0,0,0,0,0,1,0,0,0,0,0,0,0,0,0
14,Male,474392,Yes,Yes,No,No,Yes,No,Yes,No,Yes,No,Yes,No,Yes,Yes,No,No,0,0,0,1,0,0,0,0,0,0,0,0,0,0,1,0,0,0,0,0
82,Female,305937,No,No,No,Yes,No,Yes,Yes,No,No,No,No,Yes,No,Yes,No,No,0,0,0,0,0,0,0,0,0,0,0,0,0,0,0,0,0,0,0,0
63,Female,172724,No,No,No,No,No,No,No,No,Yes,No,No,No,Yes,No,No,No,0,0,0,0,0,0,0,0,0,0,1,1,0,0,0,0,0,0,0,0
79,Male,471957,No,No,No,No,No,No,No,No,Yes,No,No,No,Yes,Yes,No,No,0,0,0,0,0,0,0,0,0,0,0,0,0,0,0,0,0,0,0,0
65,Male,289734,No,No,No,No,No,No,Yes,No,Yes,No,Yes,Yes,Yes,No,No,Yes,0,0,0,0,0,0,0,1,0,1,0,0,0,0,0,0,0,0,0,0
6,Male,247651,No,No,Yes,No,Yes,No,Yes,No,Yes,No,No,Yes,Yes,Yes,No,Yes,0,0,0,0,0,0,0,0,0,0,0,1,0,0,0,0,0,0,0,0
32,Female,177857,No,No,No,Yes,Yes,Yes,No,No,No,No,Yes,No,Yes,No,No,No,0,1,0,0,0,0,0,1,0,0,1,1,0,0,0,0,0,0,0,0
68,Female,231299,No,No,Yes,No,Yes,Yes,No,Yes,No,No,Yes,No,Yes,Yes,No,No,0,1,0,0,0,0,0,1,0,0,1,1,0,0,0,0,0,0,0,0
13,Female,389288,Yes,Yes,No,No,No,Yes,Yes,No,Yes,No,Yes,Yes,No,Yes,Yes,Yes,0,0,0,1,0,0,0,1,0,0,0,0,0,0,1,0,0,0,0,0
49,Female,400640,No,No,No,Yes,No,No,No,No,No,No,No,No,No,Yes,No,Yes,0,0,0,0,0,0,0,0,0,0,0,0,0,0,0,0,0,0,0,0
34,Female,94565,No,No,Yes,No,Yes,No,No,Yes,No,No,No,No,Yes,Yes,No,No,0,0,0,0,0,0,0,0,0,0,1,1,0,0,0,0,0,0,0,0
76,Female,440301,No,No,No,Yes,Yes,Yes,Yes,No,No,No,Yes,Yes,No,Yes,No,No,0,0,0,0,0,0,0,0,0,0,0,0,0,0,0,0,0,0,0,0
13,Female,299824,No,No,No,No,No,No,No,No,No,No,Yes,No,Yes,No,Yes,Yes,0,0,0,0,0,0,0,1,0,0,0,0,0,0,0,0,0,0,0,0
83,Male,456162,No,No,Yes,No,Yes,No,No,Yes,No,No,No,No,Yes,No,No,Yes,0,0,0,0,0,0,0,0,0,0,0,0,0,0,0,0,0,0,0,0
25,Male,26164,Yes,Yes,No,No,Yes,No,Yes,Yes,No,No,Yes,No,No,Yes,No,No,0,0,1,0,0,0,1,1,0,0,0,0,0,1,1,1,0,0,0,0
51,Female,91847,No,No,Yes,No,Yes,Yes,Yes,Yes,No,No,No,No,No,Yes,No,Yes,0,0,0,0,0,0,0,0,0,0,0,0,0,0,0,0,0,0,0,0
11,Male,264289,Yes,Yes,No,No,No,No,No,No,Yes,No,Yes,Yes,Yes,No,No,Yes,0,0,0,1,0,0,0,1,0,0,0,0,0,0,0,0,0,0,0,0
26,Male,58799,No,No,No,No,No,No,No,Yes,Yes,No,No,Yes,No,No,No,No,0,0,0,0,0,0,0,0,0,1,0,0,0,0,0,0,0,0,0,0
10,Female,23785,No,No,No,No,Yes,Yes,Yes,Yes,No,No,Yes,Yes,Yes,No,Yes,No,0,0,0,0,0,0,0,1,0,0,0,1,0,0,0,0,0,0,1,0
34,Female,56111,No,No,No,No,No,Yes,Yes,Yes,Yes,Yes,Yes,Yes,No,No,No,No,0,1,0,0,0,0,0,1,0,1,0,0,1,0,0,0,0,1,0,0
13,Male,28097,No,No,No,No,Yes,No,No,No,Yes,No,Yes,Yes,Yes,Yes,No,Yes,0,0,0,0,0,0,0,1,0,0,0,1,0,0,0,0,0,0,0,0
19,Female,136646,No,No,Yes,No,No,No,No,Yes,Yes,No,Yes,No,Yes,No,No,No,0,0,0,0,0,0,0,1,1,0,1,1,0,0,0,0,1,0,0,0
56,Female,331183,No,No,No,Yes,Yes,Yes,Yes,No,Yes,No,Yes,No,Yes,No,No,Yes,0,0,0,0,0,0,0,1,0,0,1,0,0,0,0,0,0,0,0,0
28,Female,153703,No,No,No,No,No,Yes,No,No,Yes,No,No,No,No,Yes,No,No,0,0,0,0,0,0,0,0,0,0,0,0,0,0,0,0,0,0,0,0
3,Male,71541,No,No,No,No,Yes,No,No,Yes,Yes,No,No,Yes,Yes,No,No,Yes,0,0,0,0,0,0,0,0,0,0,0,1,0,0,0,0,0,0,0,0
70,Female,158044,No,No,No,Yes,Yes,Yes,Yes,No,Yes,No,Yes,Yes,No,No,No,Yes,0,1,0,0,0,0,0,1,0,1,0,0,0,0,0,0,0,0,0,0
14,Female,172309,Yes,No,No,No,No,Yes,Yes,Yes,Yes,No,No,Yes,Yes,No,Yes,No,0,0,0,0,0,0,0,0,0,0,0,1,0,0,1,1,0,0,0,0
71,Male,368336,No,No,No,No,No,No,Yes,Yes,Yes,No,Yes,Yes,Yes,Yes,No,No,0,0,0,0,0,0,0,1,0,0,0,0,0,0,0,0,0,0,0,0
63,Female,116067,No,No,Yes,No,No,Yes,No,No,No,No,Yes,No,No,Yes,No,Yes,0,1,0,0,0,0,0,1,0,0,0,0,0,0,0,0,0,0,0,0
50,Female,414457,No,No,Yes,Yes,Yes,No,Yes,No,No,No,Yes,Yes,Yes,No,No,No,0,0,0,0,0,0,0,0,0,0,1,0,0,0,0,0,0,0,0,0
20,Male,421420,No,No,Yes,No,No,No,Yes,Yes,No,No,No,Yes,No,Yes,No,No,0,0,0,0,0,0,0,0,0,0,0,0,0,0,0,0,0,0,0,0
77,Female,24430,No,No,No,Yes,No,No,No,Yes,Yes,No,No,Yes,Yes,Yes,No,Yes,0,0,0,0,0,0,0,0,0,1,1,1,0,1,0,0,0,0,0,0
41,Male,491021,No,No,No,No,Yes,No,No,Yes,No,No,Yes,No,Yes,Yes,No,Yes,0,0,0,0,0,0,0,0,0,0,0,0,0,0,0,0,0,0,0,0
71,Female,155760,No,No,Yes,No,No,Yes,Yes,Yes,Yes,No,Yes,No,No,No,No,Yes,0,1,0,0,0,0,0,1,1,0,0,0,0,0,0,0,1,0,0,0
24,Male,209523,Yes,No,Yes,No,Yes,No,No,No,No,No,Yes,Yes,Yes,Yes,No,No,0,0,0,0,0,0,0,1,0,1,0,1,0,0,0,0,0,0,0,0
78,Male,184875,No,No,No,No,No,No,No,Yes,Yes,No,No,Yes,Yes,Yes,No,No,0,0,0,0,0,0,0,0,0,1,0,1,0,0,0,0,0,0,0,0
69,Male,15135,No,No,No,No,No,No,Yes,No,No,No,Yes,No,Yes,No,No,No,0,0,0,0,1,0,0,1,0,0,0,1,0,0,0,0,0,0,0,0
50,Female,142358,No,No,Yes,No,Yes,Yes,No,Yes,Yes,No,No,No,No,No,No,Yes,0,0,0,0,0,0,0,0,1,0,0,0,0,0,0,0,0,0,0,0
57,Female,33845,No,No,No,No,No,Yes,No,Yes,Yes,No,Yes,No,Yes,Yes,No,No,0,1,0,0,0,0,0,1,0,0,1,1,0,1,0,0,0,0,0,0
2,Male,157022,Yes,Yes,No,No,Yes,No,Yes,No,No,No,No,Yes,Yes,Yes,No,No,0,0,0,0,0,0,0,0,0,0,0,1,0,0,0,0,0,0,0,0
67,Male,447071,No,No,Yes,No,Yes,No,Yes,Yes,Yes,No,Yes,No,Yes,No,No,Yes,0,0,0,0,0,0,0,0,1,0,0,0,0,0,0,0,1,0,0,0
59,Male,460438,No,No,No,No,No,No,No,Yes,No,No,No,Yes,No,No,No,No,0,0,0,0,0,0,0,0,0,0,0,0,0,0,0,0,0,0,0,0
5,Male,288227,Yes,No,Yes,No,No,No,Yes,No,Yes,No,No,Yes,No,No,No,No,0,0,0,0,0,0,0,0,0,0,0,0,0,0,1,0,0,0,0,0
6,Male,454229,Yes,No,Yes,No,Yes,No,No,No,No,No,No,No,No,Yes,No,No,0,0,0,0,0,0,0,0,0,0,0,0,0,0,0,0,0,0,0,0
62,Female,458595,No,No,Yes,No,Yes,Yes,Yes,No,No,No,No,No,No,No,No,Yes,0,0,0,0,0,0,0,0,0,0,0,0,0,0,0,0,0,0,0,0
79,Male,463881,No,No,No,No,No,No,Yes,No,Yes,No,No,No,Yes,No,No,No,0,0,0,0,0,0,0,0,0,0,0,0,0,0,0,0,0,0,0,0
67,Male,321498,No,No,No,No,No,No,Yes,No,Yes,No,Yes,No,Yes,Yes,No,No,0,0,0,0,0,0,0,1,0,0,0,0,0,0,0,0,0,0,0,0
54,Male,221988,No,No,Yes,No,Yes,No,Yes,Yes,Yes,No,No,Yes,No,Yes,No,No,0,0,0,0,0,0,0,0,1,1,0,0,0,0,0,0,0,0,0,0
4,Male,308834,Yes,Yes,No,No,No,No,No,No,Yes,No,Yes,Yes,Yes,Yes,No,No,0,0,0,0,0,0,0,1,0,0,0,0,0,0,0,0,0,0,0,0
32,Female,98384,No,No,No,Yes,No,No,No,No,Yes,No,No,Yes,No,No,No,No,0,0,0,0,0,0,0,0,0,1,0,0,0,0,0,0,0,0,0,0
46,Male,280639,No,No,No,No,Yes,No,No,Yes,Yes,No,Yes,Yes,Yes,Yes,No,Yes,0,0,0,0,0,0,0,1,0,1,0,0,0,0,0,0,0,0,0,0
74,Female,276654,No,No,Yes,No,No,No,Yes,Yes,Yes,No,No,Yes,Yes,Yes,No,Yes,0,0,0,0,0,0,0,0,1,1,1,0,0,0,0,0,0,0,0,0
77,Male,217774,No,No,Yes,No,Yes,No,No,No,Yes,No,Yes,No,Yes,Yes,No,Yes,0,0,0,0,0,0,0,1,1,0,0,1,0,0,0,0,1,0,0,0
80,Female,153224,No,No,No,Yes,No,No,No,No,Yes,No,Yes,Yes,Yes,No,No,No,0,1,0,0,0,0,0,1,0,1,1,1,0,0,0,0,0,0,0,0
10,Female,50979,Yes,No,Yes,No,No,No,No,No,Yes,No,Yes,No,No,No,Yes,No,0,0,0,0,0,0,0,1,0,0,0,0,0,0,0,0,0,0,1,0
53,Male,282687,No,No,No,No,No,No,No,Yes,Yes,No,No,Yes,No,Yes,No,No,0,0,0,0,0,0,0,0,0,1,0,0,0,0,0,0,0,0,0,0
27,Male,130554,No,No,No,No,Yes,No,Yes,Yes,Yes,No,No,Yes,Yes,Yes,No,No,0,0,0,0,0,0,0,0,0,1,0,1,0,0,0,0,0,0,0,0
46,Female,63900,No,No,No,Yes,Yes,Yes,Yes,Yes,No,No,No,Yes,No,Yes,No,Yes,0,0,0,0,0,0,0,0,0,1,0,0,0,1,0,0,0,0,0,0
48,Male,151465,No,No,No,No,No,No,Yes,No,No,No,Yes,No,No,Yes,No,Yes,0,0,0,0,0,0,0,1,0,0,0,0,0,0,0,0,0,0,0,0
13,Female,287296,No,No,No,No,No,No,Yes,Yes,No,No,No,Yes,Yes,No,Yes,No,0,0,0,0,0,0,0,0,0,0,0,0,0,0,0,0,0,0,0,0
29,Male,41241,No,No,Yes,No,Yes,No,Yes,Yes,Yes,No,Yes,No,Yes,Yes,No,No,0,0,0,0,0,0,1,1,1,0,0,1,0,1,0,0,1,0,0,0
11,Male,232493,Yes,No,Yes,No,No,No,No,No,No,No,No,Yes,Yes,Yes,No,No,0,0,0,0,0,0,0,0,0,0,0,1,0,0,0,0,0,0,0,0
77,Female,69787,No,No,Yes,No,Yes,Yes,No,Yes,Yes,No,No,Yes,No,No,No,Yes,0,0,0,0,0,0,0,0,1,1,0,0,0,0,0,0,0,0,0,0
79,Female,317943,No,No,Yes,No,No,No,Yes,No,No,No,No,No,Yes,No,No,Yes,0,0,0,0,0,0,0,0,0,0,1,0,0,0,0,0,0,0,0,0
25,Female,251803,Yes,Yes,No,No,No,Yes,No,No,Yes,Yes,No,No,Yes,No,No,No,0,0,0,0,0,0,0,0,0,0,1,0,1,0,0,0,0,0,0,0
77,Female,293763,No,No,No,Yes,Yes,Yes,Yes,Yes,Yes,No,Yes,Yes,Yes,Yes,No,No,0,0,0,0,0,0,0,1,0,1,1,0,0,0,0,0,0,0,0,0
63,Female,46106,No,No,Yes,No,No,Yes,No,No,Yes,No,Yes,No,No,No,No,No,0,1,0,0,1,0,0,1,1,0,0,0,0,0,0,0,1,0,0,0
80,Male,330458,No,No,No,No,Yes,No,No,No,No,No,No,Yes,No,No,No,Yes,0,0,0,0,0,0,0,0,0,0,0,0,0,0,0,0,0,0,0,0
61,Male,304139,No,No,Yes,No,No,No,No,No,Yes,No,Yes,No,Yes,Yes,No,Yes,0,0,0,0,0,0,0,1,1,0,0,0,0,0,0,0,1,0,0,0
19,Male,195142,Yes,No,Yes,No,Yes,No,No,No,Yes,No,No,No,No,No,No,No,0,0,0,0,0,0,0,0,1,0,0,0,0,0,0,0,0,0,0,0
31,Male,420949,No,No,Yes,No,No,No,Yes,No,Yes,No,No,Yes,Yes,No,No,Yes,0,0,0,0,0,0,0,0,1,0,0,0,0,0,0,0,0,0,0,0
63,Male,269568,No,No,Yes,No,Yes,No,No,No,No,No,Yes,No,Yes,No,No,No,0,0,0,0,0,0,0,1,0,0,0,0,0,0,0,0,0,0,0,0
71,Male,156088,No,No,Yes,No,Yes,No,No,Yes,No,No,Yes,Yes,Yes,Yes,No,No,0,0,0,0,0,0,0,1,0,1,0,1,0,0,0,0,0,0,0,0
12,Female,62563,No,No,Yes,No,Yes,Yes,No,No,Yes,No,No,No,Yes,Yes,Yes,Yes,0,0,0,0,0,0,0,0,0,0,0,1,0,0,0,0,0,0,0,0
81,Female,81220,No,No,Yes,Yes,No,Yes,No,No,Yes,No,No,Yes,Yes,Yes,No,No,0,0,0,0,0,0,0,0,1,1,1,1,0,0,0,0,0,0,0,0
58,Female,246323,No,No,No,No,No,Yes,No,No,Yes,No,Yes,Yes,Yes,No,No,Yes,0,1,0,0,0,0,0,1,0,1,1,1,0,0,0,0,0,0,0,0
23,Male,272852,Yes,Yes,No,No,No,No,No,Yes,Yes,No,Yes,No,Yes,Yes,No,No,0,0,1,0,0,0,0,1,0,0,0,0,0,0,0,1,0,0,0,0
85,Female,490059,No,No,No,Yes,Yes,Yes,No,No,Yes,No,Yes,Yes,No,Yes,No,Yes,0,0,0,0,0,0,0,0,0,0,0,0,0,0,0,0,0,0,0,0
68,Female,276197,No,No,Yes,No,Yes,No,No,Yes,No,No,No,Yes,Yes,Yes,No,Yes,0,0,0,0,0,0,0,0,0,1,1,0,0,0,0,0,0,0,0,0
36,Female,36873,No,No,Yes,No,No,No,No,No,Yes,Yes,Yes,Yes,Yes,Yes,No,Yes,0,1,0,0,0,0,0,1,1,1,1,1,1,1,0,0,1,1,0,0
38,Female,387082,No,No,No,No,No,Yes,No,No,Yes,No,Yes,No,Yes,No,No,Yes,0,0,0,0,0,0,0,1,0,0,1,0,0,0,0,0,0,0,0,0
58,Female,118981,No,No,No,No,No,Yes,Yes,No,Yes,No,No,No,Yes,Yes,No,Yes,0,0,0,0,0,0,0,0,0,0,1,1,0,0,0,0,0,0,0,0
72,Male,417745,No,No,Yes,No,No,No,No,Yes,No,No,Yes,Yes,No,No,No,No,0,0,0,0,0,0,0,0,0,0,0,0,0,0,0,0,0,0,0,0
2,Male,297368,Yes,Yes,No,No,No,No,No,Yes,No,No,No,Yes,Yes,Yes,No,Yes,0,0,0,0,0,0,0,0,0,0,0,0,0,0,0,0,0,0,0,0
56,Female,58461,No,No,No,No,Yes,No,Yes,No,Yes,No,No,Yes,Yes,No,No,Yes,0,0,0,0,0,0,0,0,0,1,1,1,0,0,0,0,0,0,0,0
55,Female,280714,No,No,Yes,No,Yes,Yes,No,Yes,No,No,Yes,No,No,No,No,No,0,0,0,0,0,0,0,1,0,0,0,0,0,0,0,0,0,0,0,0
82,Female,379737,No,No,No,Yes,Yes,Yes,No,No,No,No,Yes,Yes,Yes,No,No,No,0,0,0,0,0,0,0,1,0,0,1,0,0,0,0,0,0,0,0,0
35,Male,303774,No,No,Yes,No,No,No,No,Yes,No,No,Yes,Yes,Yes,Yes,No,Yes,0,0,0,0,0,0,0,1,0,0,0,0,0,0,0,0,0,0,0,0
22,Male,279635,Yes,No,Yes,No,No,No,Yes,No,Yes,No,No,No,Yes,Yes,No,Yes,0,0,0,0,0,0,0,0,1,0,0,0,0,0,1,0,0,0,0,0
47,Female,43968,No,No,No,Yes,No,Yes,No,No,No,No,Yes,Yes,Yes,Yes,No,No,0,1,0,0,0,1,0,1,0,1,1,1,0,1,0,0,0,0,0,0
63,Male,62097,No,No,Yes,No,Yes,No,No,No,Yes,No,Yes,Yes,Yes,Yes,No,Yes,0,0,0,0,1,0,1,1,1,1,0,1,0,1,0,0,1,0,0,0
65,Female,367923,No,No,No,Yes,No,Yes,Yes,Yes,Yes,No,Yes,No,No,No,No,No,0,0,0,0,0,0,0,1,0,0,0,0,0,0,0,0,0,0,0,0
52,Male,414147,No,No,No,No,Yes,No,Yes,No,Yes,No,Yes,Yes,No,Yes,No,No,0,0,0,0,0,0,0,0,0,0,0,0,0,0,0,0,0,0,0,0
52,Female,401816,No,No,Yes,Yes,Yes,Yes,No,No,No,No,No,Yes,No,No,No,Yes,0,0,0,0,0,0,0,0,0,0,0,0,0,0,0,0,0,0,0,0
63,Male,61079,No,No,No,No,No,No,Yes,Yes,Yes,No,Yes,No,Yes,No,No,Yes,0,0,0,0,1,0,0,1,0,0,0,1,0,0,0,0,0,0,0,0
63,Female,248284,No,No,Yes,No,Yes,Yes,Yes,Yes,No,No,Yes,Yes,No,No,No,No,0,1,0,0,0,0,0,1,0,1,0,0,0,0,0,0,0,0,0,0
83,Female,110167,No,No,No,No,Yes,No,No,Yes,Yes,No,Yes,No,No,No,No,Yes,0,1,0,0,0,0,0,1,0,0,0,0,0,0,0,0,0,0,0,0
21,Male,148929,No,No,No,No,Yes,No,No,No,Yes,No,Yes,No,Yes,No,No,No,0,0,0,0,0,0,0,1,0,0,0,1,0,0,0,0,0,0,0,0
50,Male,320735,No,No,No,No,Yes,No,No,Yes,No,No,Yes,No,Yes,No,No,Yes,0,0,0,0,0,0,0,1,0,0,0,0,0,0,0,0,0,0,0,0
34,Female,12498,No,No,No,No,Yes,No,Yes,No,Yes,Yes,No,Yes,Yes,No,No,Yes,0,0,0,0,0,0,0,0,0,1,1,1,1,0,0,0,0,0,0,0
14,Male,381378,No,No,Yes,No,Yes,No,Yes,No,No,No,Yes,Yes,No,Yes,No,Yes,0,0,0,0,0,0,0,1,0,0,0,0,0,0,0,0,0,0,0,0
22,Female,30026,No,No,No,No,Yes,No,No,Yes,No,No,No,No,Yes,No,No,Yes,0,0,0,0,0,0,0,0,0,0,1,1,0,0,0,0,0,0,0,0
8,Female,147054,No,No,No,No,Yes,No,Yes,No,No,No,No,No,No,No,Yes,No,0,0,0,0,0,0,0,0,0,0,0,0,0,0,0,0,0,0,0,0
62,Female,457258,No,No,Yes,No,Yes,No,Yes,Yes,No,No,No,No,No,Yes,No,Yes,0,0,0,0,0,0,0,0,0,0,0,0,0,0,0,0,0,0,0,0
82,Male,124105,No,No,No,No,No,No,No,Yes,Yes,No,No,No,No,Yes,No,No,0,0,0,0,0,0,0,0,0,0,0,0,0,0,0,0,0,0,0,0
52,Male,75758,No,No,No,No,Yes,No,Yes,No,Yes,No,Yes,No,Yes,Yes,No,Yes,0,0,0,0,0,0,0,1,0,0,0,1,0,0,0,0,0,0,0,0
7,Female,359430,No,No,No,No,No,Yes,Yes,Yes,No,No,No,Yes,No,No,Yes,Yes,0,0,0,0,0,0,0,0,0,0,0,0,0,0,0,0,0,0,0,0
47,Female,94918,No,No,Yes,Yes,No,Yes,Yes,Yes,Yes,No,No,No,No,Yes,No,No,0,0,0,0,0,0,0,0,1,0,0,0,0,0,0,0,0,0,0,0
75,Female,457616,No,No,No,Yes,No,No,No,No,Yes,No,Yes,No,No,No,No,Yes,0,0,0,0,0,0,0,0,0,0,0,0,0,0,0,0,0,0,0,0
42,Female,87467,No,No,No,No,Yes,Yes,Yes,Yes,Yes,Yes,Yes,Yes,Yes,Yes,No,No,0,1,0,0,0,0,0,1,0,1,1,1,1,0,0,0,0,1,0,0
47,Male,48209,No,No,Yes,No,Yes,No,Yes,Yes,No,No,No,Yes,Yes,Yes,No,No,0,0,0,0,0,0,0,0,0,1,0,1,0,1,0,0,0,0,0,0
21,Female,393034,Yes,Yes,Yes,Yes,Yes,No,Yes,No,Yes,Yes,Yes,Yes,Yes,No,No,Yes,0,0,0,0,0,0,0,1,1,0,1,0,1,0,1,0,1,1,0,1
6,Female,19123,No,No,Yes,No,No,No,No,Yes,No,No,Yes,Yes,Yes,Yes,Yes,Yes,0,0,0,0,0,0,0,1,0,0,0,1,0,0,0,0,0,0,1,0
59,Female,406980,No,No,Yes,No,Yes,No,No,No,No,No,Yes,No,Yes,No,No,Yes,0,0,0,0,0,0,0,0,0,0,1,0,0,0,0,0,0,0,0,0
73,Male,21171,No,No,Yes,No,No,No,No,No,No,No,No,No,No,Yes,No,Yes,0,0,0,0,0,0,0,0,0,0,0,0,0,1,0,0,0,0,0,0
47,Female,244624,No,No,Yes,Yes,No,Yes,No,Yes,No,No,Yes,Yes,Yes,Yes,No,No,0,1,0,0,0,0,0,1,0,1,1,1,0,0,0,0,0,0,0,0
2,Female,286983,No,No,Yes,No,Yes,No,Yes,Yes,No,No,No,Yes,Yes,Yes,Yes,Yes,0,0,0,0,0,0,0,0,0,0,0,0,0,0,0,0,0,0,0,0
60,Female,32978,No,No,Yes,No,Yes,No,No,Yes,No,No,No,No,Yes,Yes,No,Yes,0,0,0,0,0,0,0,0,0,0,1,1,0,1,0,0,0,0,0,0
5,Female,172578,No,No,Yes,No,No,No,No,No,Yes,No,Yes,No,No,Yes,Yes,Yes,0,0,0,0,0,0,0,1,0,0,0,0,0,0,0,0,0,0,0,0
28,Male,132656,No,No,Yes,No,Yes,No,No,No,Yes,No,Yes,Yes,Yes,No,No,No,0,0,0,0,0,0,0,1,1,1,0,1,0,0,0,0,1,0,0,0
37,Male,173170,No,No,No,No,Yes,No,Yes,Yes,Yes,No,Yes,Yes,No,No,No,Yes,0,0,0,0,0,0,0,1,0,1,0,0,0,0,0,0,0,0,0,0
35,Male,277025,No,No,Yes,No,No,No,Yes,Yes,Yes,No,No,No,Yes,Yes,No,Yes,0,0,0,0,0,0,0,0,1,0,0,0,0,0,0,0,0,0,0,0
22,Female,43247,Yes,No,No,No,Yes,No,No,No,Yes,No,Yes,Yes,Yes,Yes,No,Yes,1,1,0,0,0,0,1,1,0,1,1,1,0,1,0,0,0,0,0,1
8,Male,236274,No,No,No,No,Yes,No,No,Yes,Yes,No,No,No,No,Yes,No,No,0,0,0,0,0,0,0,0,0,0,0,0,0,0,0,0,0,0,0,0
73,Female,281551,No,No,Yes,No,No,Yes,Yes,No,Yes,No,Yes,No,Yes,No,No,Yes,0,0,0,0,0,0,0,1,1,0,1,0,0,0,0,0,1,0,0,0
6,Female,442346,Yes,No,Yes,No,Yes,Yes,Yes,No,Yes,No,Yes,Yes,No,Yes,Yes,Yes,0,0,0,0,0,0,0,0,0,0,0,0,0,0,1,0,0,0,0,0
48,Male,302768,No,No,Yes,No,Yes,No,No,No,No,No,No,No,Yes,No,No,Yes,0,0,0,0,0,0,0,0,0,0,0,0,0,0,0,0,0,0,0,0
24,Male,107357,Yes,Yes,No,No,Yes,No,No,Yes,No,No,No,Yes,No,No,No,No,0,0,0,0,0,0,0,0,0,1,0,0,0,0,0,1,0,0,0,0
37,Male,46267,No,No,Yes,No,No,No,No,Yes,No,No,No,No,No,No,No,No,0,0,0,0,0,0,0,0,0,0,0,0,0,0,0,0,0,0,0,0
46,Female,438649,No,No,No,No,Yes,No,Yes,No,No,No,Yes,No,Yes,Yes,No,No,0,0,0,0,0,0,0,0,0,0,1,0,0,0,0,0,0,0,0,0
13,Male,370088,No,No,Yes,No,Yes,No,Yes,No,No,No,Yes,No,No,No,No,Yes,0,0,0,0,0,0,0,1,0,0,0,0,0,0,0,0,0,0,0,0
39,Female,57172,No,No,Yes,No,No,Yes,No,No,Yes,Yes,No,No,Yes,No,No,No,0,0,0,0,0,0,0,0,1,0,1,1,1,0,0,0,0,0,0,0
72,Male,349859,No,No,Yes,No,No,No,No,No,Yes,No,Yes,Yes,No,No,No,Yes,0,0,0,0,0,0,0,1,1,0,0,0,0,0,0,0,1,0,0,0
69,Female,458645,No,No,No,No,No,No,Yes,Yes,No,No,Yes,Yes,No,No,No,No,0,0,0,0,0,0,0,0,0,0,0,0,0,0,0,0,0,0,0,0
16,Female,393855,Yes,No,No,No,No,No,Yes,Yes,No,No,No,No,No,Yes,Yes,Yes,0,0,0,0,0,0,0,0,0,0,0,0,0,0,1,1,0,0,0,0
44,Female,317437,No,No,Yes,Yes,No,Yes,No,No,No,Yes,Yes,No,No,Yes,No,Yes,0,0,0,0,0,0,0,1,0,0,0,0,1,0,0,0,0,1,0,0
27,Male,368722,No,No,No,No,No,No,Yes,No,Yes,No,No,Yes,No,Yes,No,No,0,0,0,0,0,0,0,0,0,0,0,0,0,0,0,0,0,0,0,0
22,Female,161883,No,No,No,Yes,Yes,Yes,No,Yes,No,No,No,Yes,Yes,No,No,Yes,0,0,0,0,0,0,0,0,0,1,1,1,0,0,0,0,0,0,0,0
41,Male,465883,No,No,No,No,Yes,No,No,No,No,No,Yes,No,No,Yes,No,Yes,0,0,0,0,0,0,0,0,0,0,0,0,0,0,0,0,0,0,0,0
31,Female,479531,No,No,Yes,Yes,No,No,No,No,Yes,Yes,No,No,Yes,No,No,No,0,0,0,0,0,0,0,0,1,0,1,0,1,0,0,0,0,0,0,0
83,Male,412427,No,No,No,No,No,No,Yes,Yes,Yes,No,No,No,No,No,No,Yes,0,0,0,0,0,0,0,0,0,0,0,0,0,0,0,0,0,0,0,0
38,Female,318955,No,No,No,Yes,No,Yes,No,No,No,No,Yes,Yes,Yes,No,No,No,0,0,0,0,0,0,0,1,0,0,1,0,0,0,0,0,0,0,0,0
25,Female,314213,Yes,Yes,No,No,Yes,No,No,No,No,Yes,Yes,No,Yes,No,No,No,0,0,0,0,0,0,0,1,0,0,1,0,1,0,0,0,0,1,0,0
9,Female,434116,No,No,Yes,No,No,Yes,No,No,Yes,No,No,Yes,Yes,No,Yes,No,0,0,0,0,0,0,0,0,0,0,0,0,0,0,0,0,0,0,0,0
11,Male,409517,Yes,Yes,Yes,No,No,No,No,No,No,No,Yes,Yes,Yes,No,No,No,0,0,0,1,0,0,0,0,0,0,0,0,0,0,0,0,0,0,0,0
14,Female,304147,No,No,Yes,No,No,Yes,Yes,No,Yes,No,Yes,No,Yes,No,Yes,No,0,0,0,0,0,0,0,1,0,0,0,0,0,0,0,0,0,0,0,0
21,Male,493985,No,No,No,No,Yes,No,No,No,Yes,No,Yes,No,No,No,No,Yes,0,0,0,0,0,0,0,0,0,0,0,0,0,0,0,0,0,0,0,1
27,Female,425799,No,No,No,Yes,Yes,Yes,Yes,Yes,No,No,Yes,Yes,Yes,No,No,Yes,0,0,0,0,0,0,0,0,0,0,1,0,0,0,0,0,0,0,0,1
65,Female,152730,No,No,Yes,No,Yes,Yes,Yes,No,Yes,No,Yes,No,Yes,No,No,No,0,1,0,0,0,0,0,1,1,0,1,1,0,0,0,0,1,0,0,0
20,Male,119419,Yes,No,Yes,No,No,No,Yes,Yes,Yes,No,Yes,No,No,No,No,No,0,0,0,0,0,0,0,1,1,0,0,0,0,0,1,1,1,0,0,0
83,Male,474108,No,No,Yes,No,Yes,No,Yes,Yes,Yes,No,No,No,Yes,Yes,No,No,0,0,0,0,0,0,0,0,1,0,0,0,0,0,0,0,0,0,0,0
2,Male,257234,No,No,No,No,No,No,Yes,Yes,Yes,No,No,No,No,Yes,No,No,0,0,0,0,0,0,0,0,0,0,0,0,0,0,0,0,0,0,0,0
11,Male,437409,Yes,No,Yes,No,Yes,No,No,Yes,Yes,No,No,No,No,Yes,No,Yes,0,0,0,0,0,0,0,0,0,0,0,0,0,0,0,1,0,0,0,0
15,Female,399631,Yes,No,Yes,No,No,Yes,No,Yes,Yes,No,Yes,No,Yes,No,Yes,Yes,0,0,0,0,0,0,0,1,0,0,0,0,0,0,0,1,0,0,0,0
57,Male,269592,No,No,Yes,No,No,No,No,No,No,No,Yes,No,No,Yes,No,Yes,0,0,0,0,0,0,0,1,0,0,0,0,0,0,0,0,0,0,0,0
71,Female,486443,No,No,Yes,Yes,No,No,No,Yes,No,No,No,No,No,Yes,No,Yes,0,0,0,0,0,0,0,0,0,0,0,0,0,0,0,0,0,0,0,0
35,Male,93680,No,No,No,No,No,No,No,No,Yes,No,No,Yes,Yes,Yes,No,No,0,0,0,0,0,0,0,0,0,1,0,1,0,0,0,0,0,0,0,0
10,Male,18810,No,No,No,No,No,No,Yes,No,Yes,No,Yes,Yes,Yes,No,No,Yes,0,0,0,0,0,0,0,1,0,0,0,1,0,0,0,0,0,0,0,0
30,Male,363528,No,No,No,No,Yes,No,No,Yes,No,No,No,No,No,Yes,No,No,0,0,0,0,0,0,0,0,0,0,0,0,0,0,0,0,0,0,0,0
21,Male,391044,Yes,Yes,No,No,Yes,No,No,Yes,Yes,No,No,No,Yes,No,No,No,0,0,0,0,0,0,0,0,0,0,0,0,0,0,0,1,0,0,0,0
27,Female,164918,No,No,Yes,Yes,Yes,No,No,Yes,No,Yes,No,Yes,No,Yes,No,Yes,0,0,0,0,0,0,0,0,0,1,0,0,1,0,0,0,0,0,0,0
51,Female,208144,No,No,No,No,Yes,No,Yes,No,Yes,No,No,Yes,Yes,Yes,No,No,0,0,0,0,0,0,0,0,0,1,1,1,0,0,0,0,0,0,0,0
42,Female,391945,No,No,No,Yes,No,No,No,No,Yes,Yes,Yes,Yes,No,Yes,No,No,0,0,0,0,0,0,0,1,0,0,0,0,1,0,0,0,0,1,0,0
55,Male,269730,No,No,No,No,No,No,No,Yes,Yes,No,Yes,No,Yes,Yes,No,No,0,0,0,0,0,0,0,1,0,0,0,0,0,0,0,0,0,0,0,0
30,Female,112694,No,No,Yes,Yes,Yes,No,Yes,Yes,No,Yes,No,No,No,Yes,No,No,0,0,0,0,0,0,0,0,0,0,0,0,1,0,0,0,0,0,0,0
36,Male,355931,No,No,Yes,No,Yes,No,Yes,Yes,Yes,No,Yes,No,Yes,Yes,No,No,0,0,0,0,0,0,0,1,1,0,0,0,0,0,0,0,1,0,0,0
23,Female,437751,Yes,Yes,No,Yes,Yes,Yes,No,No,No,No,No,No,Yes,Yes,No,No,0,0,0,0,0,0,0,0,0,0,1,0,0,0,0,0,0,0,0,0
56,Female,494272,No,No,Yes,Yes,Yes,Yes,No,Yes,No,No,No,No,No,Yes,No,Yes,0,0,0,0,0,0,0,0,0,0,0,0,0,0,0,0,0,0,0,0
63,Male,360964,No,No,No,No,Yes,No,No,No,No,No,Yes,Yes,Yes,Yes,No,No,0,0,0,0,0,0,0,1,0,0,0,0,0,0,0,0,0,0,0,0
68,Female,356264,No,No,Yes,Yes,Yes,No,No,Yes,No,No,Yes,No,No,Yes,No,No,0,0,0,0,0,0,0,1,0,0,0,0,0,0,0,0,0,0,0,0
12,Female,281331,No,No,No,No,No,Yes,No,Yes,Yes,No,No,No,No,Yes,Yes,No,0,0,0,0,0,0,0,0,0,0,0,0,0,0,0,0,0,0,0,0
68,Female,58950,No,No,No,No,Yes,Yes,Yes,Yes,Yes,No,No,Yes,Yes,Yes,No,Yes,0,0,0,0,0,0,0,0,0,1,1,1,0,1,0,0,0,0,0,0
63,Female,354919,No,No,No,No,No,Yes,Yes,Yes,Yes,No,No,Yes,Yes,Yes,No,Yes,0,0,0,0,0,0,0,0,0,0,1,0,0,0,0,0,0,0,0,0
13,Female,320008,Yes,No,No,No,Yes,Yes,Yes,No,No,No,No,Yes,No,Yes,Yes,No,0,0,0,0,0,0,0,0,0,0,0,0,0,0,1,0,0,0,0,0
25,Male,173431,No,No,No,No,Yes,No,No,No,No,No,No,Yes,Yes,No,No,Yes,0,0,0,0,0,0,0,0,0,1,0,1,0,0,0,0,0,0,0,0
80,Male,160868,No,No,No,No,Yes,No,No,No,No,No,No,Yes,Yes,Yes,No,Yes,0,0,0,0,0,0,0,0,0,1,0,1,0,0,0,0,0,0,0,0
75,Female,205007,No,No,Yes,No,Yes,Yes,Yes,Yes,Yes,No,No,No,Yes,Yes,No,Yes,0,0,0,0,0,0,0,0,1,0,1,1,0,0,0,0,0,0,0,0
28,Female,210039,No,No,Yes,No,No,Yes,No,Yes,Yes,No,Yes,No,Yes,No,No,No,0,1,0,0,0,0,0,1,1,0,1,1,0,0,0,0,1,0,0,0
43,Female,368515,No,No,No,No,Yes,Yes,No,Yes,No,Yes,No,No,Yes,No,No,No,0,0,0,0,0,0,0,0,0,0,1,0,1,0,0,0,0,0,0,0
77,Male,484274,No,No,Yes,No,No,No,No,Yes,Yes,No,No,No,Yes,Yes,No,No,0,0,0,0,0,0,0,0,1,0,0,0,0,0,0,0,0,0,0,0
69,Female,251511,No,No,Yes,Yes,No,No,Yes,No,Yes,No,Yes,No,Yes,Yes,No,Yes,0,0,0,0,0,0,0,1,1,0,1,0,0,0,0,0,1,0,0,0
49,Male,159636,No,No,No,No,No,No,Yes,No,Yes,No,No,Yes,No,No,No,Yes,0,0,0,0,0,0,0,0,0,1,0,0,0,0,0,0,0,0,0,0
43,Male,464066,No,No,Yes,No,No,No,Yes,No,No,No,No,Yes,No,Yes,No,No,0,0,0,0,0,0,0,0,0,0,0,0,0,0,0,0,0,0,0,0
64,Male,401110,No,No,Yes,No,Yes,No,No,No,Yes,No,Yes,No,No,Yes,No,Yes,0,0,0,0,0,0,0,0,1,0,0,0,0,0,0,0,1,0,0,0
78,Male,149908,No,No,No,No,No,No,Yes,Yes,Yes,No,No,Yes,No,No,No,Yes,0,0,0,0,0,0,0,0,0,1,0,0,0,0,0,0,0,0,0,0
42,Female,23720,No,No,Yes,No,Yes,Yes,Yes,Yes,No,Yes,No,Yes,No,Yes,No,Yes,0,0,0,0,0,0,0,0,0,1,0,0,1,1,0,0,0,0,0,0
73,Female,27491,No,No,Yes,No,No,Yes,Yes,No,Yes,No,No,No,No,Yes,No,No,0,0,0,0,0,0,0,0,1,0,0,0,0,1,0,0,0,0,0,0
42,Female,424459,No,No,Yes,No,Yes,Yes,No,Yes,No,Yes,No,No,Yes,Yes,No,No,0,0,0,0,0,0,0,0,0,0,1,0,1,0,0,0,0,0,0,0
12,Male,30151,Yes,Yes,Yes,No,No,No,Yes,No,Yes,No,Yes,Yes,Yes,No,No,Yes,0,0,0,1,0,0,0,1,0,0,0,1,0,0,1,0,0,0,0,0
38,Female,486066,No,No,Yes,No,Yes,No,No,No,Yes,No,No,Yes,Yes,No,No,No,0,0,0,0,0,0,0,0,1,0,1,0,0,0,0,0,0,0,0,0
2,Male,12885,Yes,Yes,No,No,Yes,No,Yes,No,Yes,No,Yes,Yes,Yes,No,No,Yes,0,0,0,0,0,0,0,1,0,0,0,1,0,0,0,0,0,0,0,0
28,Female,38273,No,No,No,No,No,No,No,No,No,Yes,No,No,Yes,No,No,No,0,0,0,0,0,0,0,0,0,0,1,1,1,0,0,0,0,0,0,0
6,Male,403759,No,No,No,No,No,No,Yes,No,Yes,No,No,No,No,No,No,Yes,0,0,0,0,0,0,0,0,0,0,0,0,0,0,0,0,0,0,0,0
81,Female,406327,No,No,Yes,No,Yes,No,No,No,No,No,Yes,No,Yes,No,No,Yes,0,0,0,0,0,0,0,0,0,0,1,0,0,0,0,0,0,0,0,0
18,Female,421270,No,No,No,No,No,Yes,Yes,No,Yes,No,Yes,No,Yes,No,No,No,0,0,0,0,0,0,0,0,0,0,1,0,0,0,0,0,0,0,0,0
56,Male,336900,No,No,Yes,No,No,No,No,Yes,No,No,Yes,No,Yes,No,No,Yes,0,0,0,0,0,0,0,1,0,0,0,0,0,0,0,0,0,0,0,0
2,Male,248474,Yes,Yes,No,No,No,No,Yes,Yes,No,No,No,Yes,Yes,No,No,No,0,0,0,0,0,0,0,0,0,0,0,1,0,0,0,0,0,0,0,0
60,Female,402195,No,No,Yes,No,No,No,Yes,Yes,No,No,Yes,No,Yes,No,No,Yes,0,0,0,0,0,0,0,0,0,0,1,0,0,0,0,0,0,0,0,0
15,Male,219423,Yes,No,Yes,No,No,No,No,Yes,No,No,No,Yes,Yes,Yes,No,Yes,0,0,0,0,0,0,0,0,0,0,0,1,0,0,0,1,0,0,0,0
27,Female,72419,No,No,Yes,Yes,No,No,Yes,Yes,Yes,Yes,Yes,Yes,No,Yes,No,No,0,1,0,0,0,1,0,1,1,1,0,0,1,1,0,0,1,1,0,0
47,Female,281603,No,No,No,Yes,No,No,Yes,No,No,No,No,No,No,Yes,No,Yes,0,0,0,0,0,0,0,0,0,0,0,0,0,0,0,0,0,0,0,0
37,Female,94373,No,No,No,Yes,Yes,No,No,No,No,Yes,No,No,Yes,Yes,No,No,0,0,0,0,0,0,0,0,0,0,1,1,1,0,0,0,0,0,0,0
50,Female,373296,No,No,Yes,Yes,No,No,Yes,Yes,No,No,Yes,Yes,No,No,No,No,0,0,0,0,0,0,0,1,0,0,0,0,0,0,0,0,0,0,0,0
2,Female,198957,No,No,No,No,Yes,No,Yes,No,No,No,No,No,No,Yes,Yes,No,0,0,0,0,0,0,0,0,0,0,0,0,0,0,0,0,0,0,0,0
72,Female,444252,No,No,No,No,Yes,Yes,Yes,Yes,No,No,No,Yes,Yes,No,No,No,0,0,0,0,0,0,0,0,0,0,1,0,0,0,0,0,0,0,0,0
12,Female,95605,Yes,Yes,No,No,No,Yes,No,No,No,No,No,Yes,Yes,No,Yes,No,0,0,0,0,0,0,0,0,0,0,0,1,0,0,0,0,0,0,0,0
22,Female,358447,No,No,Yes,No,Yes,No,Yes,No,Yes,Yes,No,Yes,No,No,No,No,0,0,0,0,0,0,0,0,1,0,0,0,1,0,0,0,0,0,0,0
56,Female,45976,No,No,Yes,No,Yes,Yes,Yes,Yes,Yes,No,No,Yes,No,Yes,No,Yes,0,0,0,0,0,0,0,0,1,1,0,0,0,1,0,0,0,0,0,0
55,Female,352075,No,No,No,Yes,Yes,No,No,Yes,No,No,No,Yes,Yes,No,No,No,0,0,0,0,0,0,0,0,0,0,1,0,0,0,0,0,0,0,0,0
24,Female,175094,Yes,Yes,No,Yes,No,No,No,Yes,Yes,No,Yes,Yes,No,No,No,No,1,1,0,0,0,0,0,1,0,1,0,0,0,0,0,1,0,0,0,0
43,Male,165207,No,No,Yes,No,No,No,No,Yes,Yes,No,Yes,Yes,No,No,No,Yes,0,0,0,0,0,0,0,1,1,1,0,0,0,0,0,0,1,0,0,0
70,Male,354492,No,No,No,No,Yes,No,No,No,No,No,Yes,Yes,Yes,Yes,No,Yes,0,0,0,0,0,0,0,1,0,0,0,0,0,0,0,0,0,0,0,0
75,Male,438317,No,No,No,No,Yes,No,No,Yes,Yes,No,Yes,No,No,Yes,No,Yes,0,0,0,0,0,0,0,0,0,0,0,0,0,0,0,0,0,0,0,0
20,Male,253848,No,No,Yes,No,Yes,No,No,No,No,No,No,Yes,No,Yes,No,No,0,0,0,0,0,0,0,0,0,1,0,0,0,0,0,0,0,0,0,0
50,Female,192155,No,No,No,Yes,Yes,Yes,Yes,Yes,Yes,No,Yes,Yes,No,Yes,No,No,0,1,0,0,0,0,0,1,0,1,0,0,0,0,0,0,0,0,0,0
5,Male,219679,Yes,No,Yes,No,Yes,No,No,No,No,No,No,Yes,Yes,No,No,Yes,0,0,0,0,0,0,0,0,0,0,0,1,0,0,0,0,0,0,0,0
26,Female,460747,No,No,Yes,No,No,No,No,Yes,Yes,Yes,No,No,No,No,No,No,0,0,0,0,0,0,0,0,1,0,0,0,1,0,0,0,0,0,0,0
84,Female,150023,No,No,Yes,No,No,Yes,No,No,Yes,No,Yes,No,No,Yes,No,No,0,1,0,0,0,0,0,1,1,0,0,0,0,0,0,0,1,0,0,0
61,Female,203509,No,No,Yes,Yes,No,Yes,No,Yes,Yes,No,No,Yes,Yes,Yes,No,Yes,0,0,0,0,0,0,0,0,1,1,1,1,0,0,0,0,0,0,0,0
20,Female,129878,No,No,No,Yes,Yes,Yes,No,Yes,Yes,Yes,No,No,No,Yes,No,Yes,0,0,0,0,0,0,0,0,0,0,0,0,1,0,0,0,0,0,0,0
10,Female,324786,Yes,No,No,No,Yes,Yes,Yes,Yes,No,No,Yes,No,No,Yes,Yes,No,0,0,0,0,0,0,0,1,0,0,0,0,0,0,1,1,0,0,0,0
7,Female,437756,Yes,No,Yes,No,No,Yes,Yes,No,Yes,No,No,No,Yes,No,Yes,Yes,0,0,0,0,0,0,0,0,0,0,0,0,0,0,1,0,0,0,0,0
77,Female,474306,No,No,Yes,No,Yes,Yes,No,No,Yes,No,No,No,No,Yes,No,Yes,0,0,0,0,0,0,0,0,1,0,0,0,0,0,0,0,0,0,0,0
81,Female,378613,No,No,Yes,No,No,No,Yes,Yes,Yes,No,Yes,No,No,No,No,No,0,0,0,0,0,0,0,1,1,0,0,0,0,0,0,0,1,0,0,0
2,Male,248710,Yes,Yes,No,No,Yes,No,No,No,No,No,Yes,Yes,No,Yes,No,No,0,0,0,0,0,0,0,1,0,0,0,0,0,0,0,0,0,0,0,0
30,Male,150716,No,No,Yes,No,No,No,Yes,No,Yes,No,Yes,Yes,No,No,No,Yes,0,0,0,0,0,0,0,1,1,1,0,0,0,0,0,0,1,0,0,1
13,Female,286732,No,No,No,No,Yes,Yes,No,Yes,No,No,No,No,Yes,No,Yes,Yes,0,0,0,0,0,0,0,0,0,0,0,0,0,0,0,0,0,0,0,0
5,Female,428657,No,No,No,No,No,No,Yes,Yes,No,No,Yes,Yes,Yes,Yes,Yes,No,0,0,0,0,0,0,0,0,0,0,0,0,0,0,0,0,0,0,0,0
59,Female,499144,No,No,No,Yes,Yes,Yes,No,Yes,Yes,No,Yes,No,Yes,Yes,No,No,0,0,0,0,0,0,0,0,0,0,1,0,0,0,0,0,0,0,0,0
46,Male,264207,No,No,No,No,No,No,No,Yes,No,No,Yes,No,Yes,No,No,Yes,0,0,0,0,0,0,0,1,0,0,0,0,0,0,0,0,0,0,0,0
22,Female,88169,No,No,No,Yes,No,Yes,No,Yes,Yes,No,No,No,No,Yes,No,Yes,0,0,0,0,0,0,0,0,0,0,0,0,0,0,0,0,0,0,0,0
16,Female,273529,Yes,Yes,Yes,No,No,No,No,Yes,Yes,Yes,Yes,No,Yes,Yes,Yes,Yes,0,0,0,0,0,0,0,1,0,0,0,0,0,0,0,1,0,0,0,0
41,Male,247524,No,No,No,No,No,No,No,No,Yes,No,No,No,No,No,No,Yes,0,0,0,0,0,0,0,0,0,0,0,0,0,0,0,0,0,0,0,0
45,Male,167981,No,No,Yes,No,Yes,No,No,Yes,No,No,Yes,No,No,Yes,No,No,0,0,0,0,0,0,0,1,0,0,0,0,0,0,0,0,0,0,0,0
38,Female,282677,No,No,No,No,Yes,Yes,Yes,Yes,Yes,Yes,Yes,Yes,Yes,Yes,No,Yes,0,0,0,0,0,0,0,1,0,1,1,0,1,0,0,0,0,1,0,0
71,Male,312201,No,No,Yes,No,No,No,No,Yes,No,No,No,No,No,Yes,No,Yes,0,0,0,0,0,0,0,0,0,0,0,0,0,0,0,0,0,0,0,0
29,Female,273627,No,No,No,No,Yes,No,Yes,Yes,Yes,Yes,Yes,Yes,Yes,Yes,No,Yes,0,0,0,0,0,0,0,1,0,1,1,0,1,0,0,0,0,1,0,1
16,Male,214163,No,No,Yes,No,No,No,No,Yes,No,No,No,Yes,Yes,No,No,Yes,0,0,0,0,0,0,0,0,0,0,0,1,0,0,0,0,0,0,0,0
15,Female,486568,Yes,No,No,No,Yes,Yes,No,No,Yes,Yes,Yes,No,Yes,No,Yes,No,0,0,0,0,0,0,0,0,0,0,0,0,0,0,0,0,0,0,0,0
48,Male,65971,No,No,No,No,No,No,Yes,No,No,No,Yes,Yes,Yes,No,No,No,0,0,0,0,0,0,0,1,0,1,0,1,0,0,0,0,0,0,0,0
37,Female,267620,No,No,Yes,No,Yes,No,Yes,No,No,Yes,Yes,Yes,Yes,Yes,No,Yes,0,0,0,0,0,0,0,1,0,1,1,0,1,0,0,0,0,1,0,0
55,Male,355244,No,No,Yes,No,No,No,Yes,Yes,No,No,No,Yes,No,No,No,No,0,0,0,0,0,0,0,0,0,0,0,0,0,0,0,0,0,0,0,0
59,Female,477642,No,No,Yes,No,Yes,No,Yes,No,Yes,No,Yes,Yes,Yes,Yes,No,No,0,0,0,0,0,0,0,0,1,0,1,0,0,0,0,0,1,0,0,0
29,Male,109167,No,No,Yes,No,No,No,No,Yes,No,No,No,Yes,No,No,No,No,0,0,0,0,0,0,0,0,0,1,0,0,0,0,0,0,0,0,0,0
61,Female,44093,No,No,Yes,Yes,Yes,No,Yes,No,No,No,No,Yes,No,No,No,No,0,0,0,0,0,0,0,0,0,1,0,0,0,0,0,0,0,0,0,0
22,Female,81069,Yes,Yes,No,Yes,No,Yes,No,Yes,Yes,No,Yes,No,Yes,No,No,No,1,1,0,0,0,0,0,1,0,0,1,1,0,0,0,1,0,0,0,0
71,Female,464827,No,No,Yes,No,Yes,Yes,No,No,Yes,No,Yes,No,No,Yes,No,No,0,0,0,0,0,0,0,0,1,0,0,0,0,0,0,0,1,0,0,0
50,Female,235432,No,No,No,No,Yes,Yes,No,No,Yes,No,Yes,No,Yes,No,No,No,0,1,0,0,0,0,0,1,0,0,1,1,0,0,0,0,0,0,0,0
11,Female,486055,No,No,No,No,Yes,No,Yes,Yes,Yes,No,Yes,Yes,No,No,Yes,Yes,0,0,0,0,0,0,0,0,0,0,0,0,0,0,0,0,0,0,0,0
50,Male,237562,No,No,No,No,No,No,No,No,Yes,No,Yes,No,Yes,Yes,No,Yes,0,0,0,0,0,0,0,1,0,0,0,1,0,0,0,0,0,0,0,0
44,Male,223323,No,No,Yes,No,No,No,Yes,Yes,Yes,No,No,No,Yes,No,No,Yes,0,0,0,0,0,0,0,0,1,0,0,1,0,0,0,0,0,0,0,0
55,Male,223685,No,No,No,No,Yes,No,Yes,Yes,No,No,Yes,Yes,Yes,Yes,No,No,0,0,0,0,0,0,0,1,0,1,0,1,0,0,0,0,0,0,0,0
16,Male,199534,Yes,No,Yes,No,No,No,No,Yes,Yes,No,Yes,Yes,No,Yes,No,Yes,0,0,0,0,0,0,0,1,0,0,0,0,0,0,0,1,0,0,0,0
38,Male,27265,No,No,Yes,No,Yes,No,Yes,No,No,No,No,Yes,Yes,No,No,No,0,0,0,0,0,0,0,0,0,1,0,1,0,0,0,0,0,0,0,0
23,Female,26002,Yes,No,Yes,Yes,Yes,No,No,No,Yes,No,No,No,Yes,No,No,Yes,0,0,0,0,0,0,0,0,1,0,1,1,0,0,0,0,0,0,0,0
63,Female,354541,No,No,No,No,No,No,No,No,No,No,Yes,No,Yes,Yes,No,No,0,0,0,0,0,0,0,1,0,0,1,0,0,0,0,0,0,0,0,0
23,Female,393806,No,No,Yes,Yes,Yes,No,Yes,No,No,No,Yes,No,Yes,No,No,Yes,0,0,0,0,0,0,0,1,0,0,1,0,0,0,0,0,0,0,0,1
16,Male,306322,Yes,Yes,No,No,Yes,No,Yes,No,Yes,No,No,Yes,Yes,Yes,No,Yes,0,0,0,0,0,0,0,0,0,0,0,0,0,0,1,0,0,0,0,0
8,Female,346797,No,No,Yes,No,No,No,Yes,Yes,No,No,No,Yes,No,Yes,Yes,No,0,0,0,0,0,0,0,0,0,0,0,0,0,0,0,0,0,0,0,0
67,Male,413731,No,No,Yes,No,Yes,No,No,Yes,Yes,No,No,No,Yes,Yes,No,Yes,0,0,0,0,0,0,0,0,1,0,0,0,0,0,0,0,0,0,0,0
67,Male,424573,No,No,Yes,No,Yes,No,No,No,No,No,No,Yes,Yes,Yes,No,No,0,0,0,0,0,0,0,0,0,0,0,0,0,0,0,0,0,0,0,0
56,Male,346981,No,No,No,No,Yes,No,No,No,No,No,Yes,No,No,Yes,No,Yes,0,0,0,0,0,0,0,1,0,0,0,0,0,0,0,0,0,0,0,0
85,Female,472659,No,No,Yes,No,Yes,Yes,No,Yes,Yes,No,Yes,Yes,Yes,No,No,No,0,0,0,0,0,0,0,0,1,0,1,0,0,0,0,0,1,0,0,0
75,Male,375782,No,No,No,No,Yes,No,No,Yes,Yes,No,Yes,No,No,No,No,No,0,0,0,0,0,0,0,1,0,0,0,0,0,0,0,0,0,0,0,0
72,Male,97962,No,No,Yes,No,No,No,No,Yes,Yes,No,No,No,Yes,Yes,No,No,0,0,0,0,0,0,0,0,1,0,0,1,0,0,0,0,0,0,0,0
26,Female,373737,No,No,Yes,No,Yes,No,No,No,No,No,Yes,Yes,Yes,Yes,No,No,0,0,0,0,0,0,0,1,0,0,1,0,0,0,0,0,0,0,0,0
59,Female,211854,No,No,No,No,No,No,No,Yes,Yes,No,No,Yes,Yes,Yes,No,No,0,0,0,0,0,0,0,0,0,1,1,1,0,0,0,0,0,0,0,0
14,Male,403574,Yes,Yes,Yes,No,Yes,No,No,Yes,Yes,No,Yes,Yes,Yes,No,No,Yes,0,0,0,1,0,0,0,0,0,0,0,0,0,0,0,1,0,0,0,0
19,Female,338447,No,No,Yes,Yes,No,Yes,Yes,Yes,Yes,Yes,Yes,No,Yes,Yes,No,No,0,0,0,0,0,0,0,1,1,0,1,0,1,0,0,0,1,1,0,0
84,Male,134276,No,No,Yes,No,No,No,No,Yes,No,No,No,Yes,Yes,Yes,No,Yes,0,0,0,0,0,0,0,0,0,1,0,1,0,0,0,0,0,0,0,0
76,Female,240088,No,No,Yes,Yes,Yes,No,Yes,Yes,Yes,No,No,No,No,No,No,Yes,0,0,0,0,0,0,0,0,1,0,0,0,0,0,0,0,0,0,0,0
8,Male,361134,No,No,Yes,No,No,No,No,Yes,No,No,Yes,No,Yes,Yes,No,No,0,0,0,0,0,0,0,1,0,0,0,0,0,0,0,0,0,0,0,0
71,Female,228134,No,No,Yes,No,No,No,No,No,Yes,No,No,Yes,No,Yes,No,No,0,0,0,0,0,0,0,0,1,1,0,0,0,0,0,0,0,0,0,0
67,Female,411044,No,No,No,No,No,Yes,Yes,No,No,No,No,Yes,No,No,No,Yes,0,0,0,0,0,0,0,0,0,0,0,0,0,0,0,0,0,0,0,0
70,Male,421429,No,No,No,No,No,No,No,No,No,No,Yes,No,Yes,No,No,No,0,0,0,0,0,0,0,0,0,0,0,0,0,0,0,0,0,0,0,0
11,Male,353558,No,No,No,No,Yes,No,Yes,No,No,No,Yes,No,Yes,No,No,No,0,0,0,0,0,0,0,1,0,0,0,0,0,0,0,0,0,0,0,0
25,Female,427690,Yes,No,Yes,Yes,Yes,No,No,Yes,No,Yes,No,Yes,Yes,No,No,Yes,0,0,0,0,0,0,0,0,0,0,1,0,1,0,0,1,0,0,0,0
62,Female,429993,No,No,Yes,Yes,Yes,No,No,No,Yes,No,Yes,Yes,No,No,No,Yes,0,0,0,0,0,0,0,0,1,0,0,0,0,0,0,0,1,0,0,0
11,Female,402618,Yes,No,Yes,No,No,Yes,No,Yes,Yes,No,Yes,No,Yes,No,Yes,No,0,0,0,0,0,0,0,0,0,0,0,0,0,0,0,1,0,0,0,0
40,Male,114624,No,No,Yes,No,Yes,No,No,Yes,Yes,No,Yes,Yes,Yes,No,No,No,0,0,0,0,0,0,0,1,1,1,0,1,0,0,0,0,1,0,0,0
32,Female,460302,No,No,Yes,Yes,No,Yes,No,No,Yes,Yes,Yes,No,No,No,No,No,0,0,0,0,0,0,0,0,1,0,0,0,1,0,0,0,1,1,0,0
28,Female,417727,No,No,Yes,No,No,No,Yes,Yes,No,Yes,No,Yes,Yes,Yes,No,No,0,0,0,0,0,0,0,0,0,0,1,0,1,0,0,0,0,0,0,0
29,Male,156361,No,No,Yes,No,No,No,No,No,Yes,No,No,No,No,Yes,No,No,0,0,0,0,0,0,0,0,1,0,0,0,0,0,0,0,0,0,0,0
12,Male,213238,Yes,No,Yes,No,Yes,No,Yes,No,Yes,No,Yes,No,No,Yes,No,Yes,0,0,0,0,0,0,0,1,0,0,0,0,0,0,1,0,0,0,0,0
23,Male,239870,No,No,Yes,No,No,No,Yes,No,Yes,No,Yes,Yes,No,No,No,No,0,0,0,0,0,0,0,1,1,1,0,0,0,0,0,0,1,0,0,0
67,Male,140388,No,No,No,No,No,No,No,No,Yes,No,No,No,Yes,No,No,Yes,0,0,0,0,0,0,0,0,0,0,0,1,0,0,0,0,0,0,0,0
33,Female,348072,No,No,No,No,No,Yes,Yes,No,Yes,Yes,No,Yes,No,No,No,Yes,0,0,0,0,0,0,0,0,0,0,0,0,1,0,0,0,0,0,0,0
67,Male,220189,No,No,No,No,Yes,No,Yes,No,Yes,No,Yes,No,Yes,No,No,Yes,0,0,0,0,0,0,0,1,0,0,0,1,0,0,0,0,0,0,0,0
85,Female,477764,No,No,No,No,Yes,Yes,No,No,Yes,No,No,No,No,Yes,No,No,0,0,0,0,0,0,0,0,0,0,0,0,0,0,0,0,0,0,0,0
61,Male,432429,No,No,Yes,No,Yes,No,No,No,Yes,No,No,Yes,No,No,No,Yes,0,0,0,0,0,0,0,0,1,0,0,0,0,0,0,0,0,0,0,0
46,Female,287939,No,No,Yes,Yes,No,No,Yes,No,Yes,No,No,Yes,No,Yes,No,No,0,0,0,0,0,0,0,0,1,1,0,0,0,0,0,0,0,0,0,0
13,Female,340081,Yes,No,Yes,No,No,No,No,Yes,No,No,No,Yes,No,No,Yes,Yes,0,0,0,0,0,0,0,0,0,0,0,0,0,0,0,1,0,0,0,0
6,Female,456094,No,No,No,No,Yes,Yes,Yes,No,Yes,No,No,No,No,No,Yes,No,0,0,0,0,0,0,0,0,0,0,0,0,0,0,0,0,0,0,0,0
49,Male,344356,No,No,No,No,Yes,No,No,Yes,Yes,No,Yes,Yes,Yes,No,No,No,0,0,0,0,0,0,0,1,0,0,0,0,0,0,0,0,0,0,0,0
8,Male,53995,Yes,Yes,No,No,No,No,No,No,Yes,No,Yes,No,No,Yes,No,Yes,0,0,0,1,0,0,0,1,0,0,0,0,0,0,0,0,0,0,0,0
73,Female,113716,No,No,Yes,Yes,Yes,Yes,No,No,Yes,No,No,No,No,No,No,Yes,0,0,0,0,0,0,0,0,1,0,0,0,0,0,0,0,0,0,0,0
56,Female,188248,No,No,No,Yes,Yes,Yes,Yes,No,No,No,No,Yes,No,No,No,Yes,0,0,0,0,0,0,0,0,0,1,0,0,0,0,0,0,0,0,0,0
2,Female,320127,Yes,Yes,No,No,Yes,Yes,Yes,Yes,Yes,No,No,No,No,No,Yes,Yes,0,0,0,0,0,0,0,0,0,0,0,0,0,0,0,0,0,0,0,0
45,Female,219652,No,No,No,Yes,Yes,No,Yes,Yes,Yes,No,Yes,Yes,Yes,No,No,Yes,0,1,0,0,0,0,0,1,0,1,1,1,0,0,0,0,0,0,0,0
24,Male,214011,Yes,Yes,No,No,No,No,Yes,Yes,No,No,No,Yes,No,No,No,No,0,0,0,0,0,0,0,0,0,1,0,0,0,0,1,1,0,0,0,0
54,Male,421405,No,No,Yes,No,No,No,No,Yes,Yes,No,Yes,Yes,Yes,No,No,Yes,0,0,0,0,0,0,0,0,1,0,0,0,0,0,0,0,1,0,0,0
33,Male,473894,No,No,Yes,No,No,No,No,Yes,Yes,No,Yes,Yes,Yes,Yes,No,Yes,0,0,0,0,0,0,0,0,1,0,0,0,0,0,0,0,1,0,0,0
10,Female,378502,Yes,No,No,No,No,Yes,Yes,Yes,Yes,No,No,No,No,Yes,Yes,Yes,0,0,0,0,0,0,0,0,0,0,0,0,0,0,1,1,0,0,0,0
16,Female,348224,Yes,No,Yes,No,Yes,Yes,No,No,No,Yes,Yes,Yes,Yes,No,Yes,No,0,0,0,0,0,0,0,1,0,0,0,0,0,0,0,0,0,0,0,0
30,Male,409173,No,No,Yes,No,No,No,No,Yes,Yes,No,Yes,Yes,No,Yes,No,Yes,0,0,0,0,0,0,0,0,1,0,0,0,0,0,0,0,1,0,0,1
10,Female,482191,No,No,No,No,No,No,Yes,Yes,No,No,Yes,Yes,No,Yes,Yes,No,0,0,0,0,0,0,0,0,0,0,0,0,0,0,0,0,0,0,0,0
18,Male,494786,No,No,No,No,Yes,No,No,Yes,Yes,No,No,Yes,No,No,No,No,0,0,0,0,0,0,0,0,0,0,0,0,0,0,0,0,0,0,0,0
71,Female,54737,No,No,Yes,Yes,No,Yes,No,Yes,No,No,Yes,Yes,Yes,Yes,No,Yes,0,1,0,0,1,1,0,1,0,1,1,1,0,1,0,0,0,0,0,0
13,Female,131031,Yes,No,No,No,Yes,Yes,Yes,No,Yes,No,Yes,No,No,Yes,Yes,Yes,0,0,0,0,0,0,0,1,0,0,0,0,0,0,1,0,0,0,0,0
85,Male,275572,No,No,Yes,No,No,No,No,Yes,No,No,No,No,Yes,Yes,No,Yes,0,0,0,0,0,0,0,0,0,0,0,0,0,0,0,0,0,0,0,0
51,Female,405550,No,No,No,No,Yes,Yes,No,No,No,No,No,Yes,Yes,No,No,No,0,0,0,0,0,0,0,0,0,0,1,0,0,0,0,0,0,0,0,0
84,Male,110220,No,No,Yes,No,Yes,No,Yes,No,Yes,No,Yes,Yes,Yes,No,No,No,0,0,0,0,0,0,0,1,1,1,0,1,0,0,0,0,1,0,0,0
84,Female,64998,No,No,No,Yes,No,Yes,No,No,No,No,Yes,No,No,Yes,No,Yes,0,1,0,0,1,1,0,1,0,0,0,0,0,1,0,0,0,0,0,0
39,Male,150710,No,No,No,No,Yes,No,Yes,No,No,No,No,Yes,Yes,Yes,No,No,0,0,0,0,0,0,0,0,0,1,0,1,0,0,0,0,0,0,0,0
39,Male,320430,No,No,No,No,No,No,No,No,Yes,No,No,No,No,Yes,No,Yes,0,0,0,0,0,0,0,0,0,0,0,0,0,0,0,0,0,0,0,0
42,Female,37950,No,No,Yes,Yes,Yes,No,Yes,Yes,Yes,No,Yes,Yes,Yes,No,No,Yes,0,1,0,0,0,1,1,1,1,1,1,1,0,0,0,0,1,0,0,0
4,Female,210083,Yes,No,Yes,No,Yes,Yes,No,No,Yes,No,No,No,No,Yes,Yes,Yes,0,0,0,0,0,0,0,0,0,0,0,0,0,0,0,0,0,0,0,0
11,Female,430960,No,No,No,No,Yes,Yes,Yes,No,Yes,No,Yes,No,Yes,No,Yes,Yes,0,0,0,0,0,0,0,0,0,0,0,0,0,0,0,0,0,0,0,0
62,Male,493983,No,No,Yes,No,Yes,No,Yes,Yes,No,No,No,Yes,Yes,Yes,No,Yes,0,0,0,0,0,0,0,0,0,0,0,0,0,0,0,0,0,0,0,0
78,Female,29860,No,No,Yes,Yes,Yes,Yes,Yes,Yes,No,No,No,No,No,Yes,No,Yes,0,0,0,0,0,0,0,0,0,0,0,0,0,1,0,0,0,0,0,0
85,Female,99701,No,No,No,Yes,Yes,Yes,No,No,Yes,No,No,No,No,Yes,No,No,0,0,0,0,0,0,0,0,0,0,0,0,0,0,0,0,0,0,0,0
17,Female,22988,No,No,Yes,No,Yes,No,No,Yes,Yes,Yes,No,No,No,Yes,Yes,No,0,0,0,0,0,0,0,0,0,0,0,0,0,0,0,0,0,0,0,0
70,Female,266752,No,No,No,No,No,No,No,Yes,No,No,No,No,No,Yes,No,No,0,0,0,0,0,0,0,0,0,0,0,0,0,0,0,0,0,0,0,0
61,Female,265546,No,No,Yes,No,Yes,Yes,Yes,No,Yes,No,Yes,Yes,No,Yes,No,No,0,0,0,0,0,0,0,1,1,1,0,0,0,0,0,0,1,0,0,0
80,Male,90616,No,No,Yes,No,No,No,Yes,Yes,Yes,No,No,No,Yes,No,No,No,0,0,0,0,0,0,0,0,1,0,0,1,0,0,0,0,0,0,0,0
5,Female,82672,No,No,Yes,No,No,No,Yes,Yes,No,No,No,Yes,No,No,Yes,No,0,0,0,0,0,0,0,0,0,0,0,0,0,0,0,0,0,0,0,0
71,Male,444814,No,No,No,No,Yes,No,Yes,Yes,No,No,No,No,No,No,No,No,0,0,0,0,0,0,0,0,0,0,0,0,0,0,0,0,0,0,0,0
83,Female,269361,No,No,No,No,Yes,Yes,Yes,Yes,No,No,No,No,No,No,No,Yes,0,0,0,0,0,0,0,0,0,0,0,0,0,0,0,0,0,0,0,0
79,Female,266645,No,No,Yes,No,Yes,No,No,No,No,No,No,No,Yes,Yes,No,No,0,0,0,0,0,0,0,0,0,0,1,0,0,0,0,0,0,0,0,0
60,Male,380257,No,No,Yes,No,Yes,No,No,Yes,Yes,No,Yes,Yes,No,No,No,No,0,0,0,0,0,0,0,1,1,0,0,0,0,0,0,0,1,0,0,0
27,Male,481421,No,No,No,No,Yes,No,Yes,Yes,Yes,No,No,No,Yes,Yes,No,No,0,0,0,0,0,0,0,0,0,0,0,0,0,0,0,0,0,0,0,0
28,Female,261452,No,No,Yes,No,No,No,Yes,Yes,No,Yes,Yes,No,No,Yes,No,Yes,0,0,0,0,0,0,0,1,0,0,0,0,1,0,0,0,0,1,0,1
38,Female,447274,No,No,No,Yes,No,No,Yes,Yes,No,Yes,No,Yes,No,Yes,No,No,0,0,0,0,0,0,0,0,0,0,0,0,1,0,0,0,0,0,0,0
56,Female,243501,No,No,No,No,Yes,No,Yes,No,No,No,No,No,Yes,Yes,No,Yes,0,0,0,0,0,0,0,0,0,0,1,1,0,0,0,0,0,0,0,0
20,Male,459304,Yes,No,Yes,No,Yes,No,No,Yes,No,No,No,Yes,Yes,No,No,Yes,0,0,0,0,0,0,0,0,0,0,0,0,0,0,0,1,0,0,0,0
22,Female,308093,No,No,No,No,Yes,Yes,Yes,No,No,Yes,No,No,No,Yes,No,Yes,0,0,0,0,0,0,0,0,0,0,0,0,1,0,0,0,0,0,0,0
25,Female,277480,No,No,No,No,No,No,No,Yes,Yes,Yes,No,Yes,Yes,No,No,Yes,0,0,0,0,0,0,0,0,0,1,1,0,1,0,0,0,0,0,0,0
11,Male,338694,No,No,No,No,No,No,No,No,No,No,No,No,Yes,No,No,Yes,0,0,0,0,0,0,0,0,0,0,0,0,0,0,0,0,0,0,0,0
31,Female,185312,No,No,Yes,No,Yes,Yes,Yes,Yes,Yes,Yes,Yes,No,No,Yes,No,Yes,0,1,0,0,0,0,0,1,1,0,0,0,1,0,0,0,1,1,0,0
21,Female,287738,Yes,No,No,Yes,No,Yes,No,Yes,Yes,No,No,No,Yes,No,No,No,0,0,0,0,0,0,0,0,0,0,1,0,0,0,0,1,0,0,0,0
59,Female,166822,No,No,Yes,Yes,Yes,Yes,No,No,Yes,No,No,No,No,No,No,No,0,0,0,0,0,0,0,0,1,0,0,0,0,0,0,0,0,0,0,0
9,Male,208931,Yes,Yes,No,No,Yes,No,No,No,No,No,No,No,Yes,No,No,Yes,0,0,0,0,0,0,0,0,0,0,0,1,0,0,0,0,0,0,0,0
27,Male,351284,No,No,Yes,No,Yes,No,No,No,No,No,No,Yes,Yes,Yes,No,Yes,0,0,0,0,0,0,0,0,0,0,0,0,0,0,0,0,0,0,0,0
65,Female,212539,No,No,Yes,Yes,No,Yes,Yes,Yes,Yes,No,No,Yes,Yes,Yes,No,Yes,0,0,0,0,0,0,0,0,1,1,1,1,0,0,0,0,0,0,0,0
74,Male,315801,No,No,Yes,No,No,No,Yes,No,No,No,No,Yes,Yes,No,No,Yes,0,0,0,0,0,0,0,0,0,0,0,0,0,0,0,0,0,0,0,0
29,Female,40187,No,No,Yes,No,No,No,No,No,Yes,No,Yes,Yes,Yes,Yes,No,No,0,1,0,0,0,0,0,1,1,1,1,1,0,1,0,0,1,0,0,0
59,Male,149279,No,No,Yes,No,Yes,No,Yes,No,No,No,Yes,Yes,No,Yes,No,Yes,0,0,0,0,0,0,0,1,0,1,0,0,0,0,0,0,0,0,0,0
65,Male,37593,No,No,No,No,Yes,No,No,Yes,Yes,No,No,No,Yes,No,No,No,0,0,0,0,0,0,0,0,0,0,0,1,0,0,0,0,0,0,0,0
79,Female,153911,No,No,Yes,Yes,No,Yes,No,No,No,No,Yes,Yes,No,No,No,Yes,0,1,0,0,0,0,0,1,0,1,0,0,0,0,0,0,0,0,0,0
58,Male,194898,No,No,Yes,No,No,No,No,Yes,Yes,No,No,No,Yes,No,No,No,0,0,0,0,0,0,0,0,1,0,0,1,0,0,0,0,0,0,0,0
13,Male,475157,Yes,No,No,No,No,No,No,No,Yes,No,Yes,No,Yes,No,No,No,0,0,0,0,0,0,0,0,0,0,0,0,0,0,0,0,0,0,0,0
43,Male,68605,No,No,No,No,Yes,No,Yes,No,Yes,No,Yes,Yes,No,No,No,Yes,0,0,0,0,0,0,1,1,0,1,0,0,0,0,0,0,0,0,0,0
8,Male,223150,No,No,Yes,No,No,No,Yes,No,No,No,No,No,Yes,Yes,No,Yes,0,0,0,0,0,0,0,0,0,0,0,1,0,0,0,0,0,0,0,0
3,Female,174818,No,No,Yes,No,Yes,Yes,Yes,Yes,No,No,Yes,Yes,Yes,No,Yes,No,0,0,0,0,0,0,0,1,0,0,0,1,0,0,0,0,0,0,0,0
60,Male,397582,No,No,No,No,Yes,No,No,No,No,No,Yes,Yes,No,Yes,No,Yes,0,0,0,0,0,0,0,1,0,0,0,0,0,0,0,0,0,0,0,0
75,Female,305276,No,No,No,No,Yes,No,Yes,Yes,Yes,No,No,Yes,No,Yes,No,Yes,0,0,0,0,0,0,0,0,0,0,0,0,0,0,0,0,0,0,0,0
4,Male,359600,No,No,Yes,No,No,No,No,Yes,Yes,No,No,No,No,Yes,No,Yes,0,0,0,0,0,0,0,0,0,0,0,0,0,0,0,0,0,0,0,0
41,Female,209322,No,No,No,Yes,Yes,Yes,No,Yes,Yes,Yes,Yes,Yes,No,Yes,No,No,0,1,0,0,0,0,0,1,0,1,0,0,1,0,0,0,0,1,0,0
16,Male,29612,No,No,Yes,No,Yes,No,Yes,Yes,Yes,No,No,No,No,No,No,No,0,0,0,0,0,0,0,0,0,0,0,0,0,0,0,0,0,0,0,0
61,Male,255779,No,No,No,No,No,No,Yes,No,Yes,No,No,No,Yes,No,No,Yes,0,0,0,0,0,0,0,0,0,0,0,0,0,0,0,0,0,0,0,0
61,Female,246704,No,No,Yes,No,No,Yes,Yes,Yes,No,No,No,No,No,Yes,No,Yes,0,0,0,0,0,0,0,0,0,0,0,0,0,0,0,0,0,0,0,0
23,Female,279512,Yes,Yes,No,No,No,Yes,Yes,No,Yes,Yes,No,Yes,Yes,No,No,Yes,0,0,0,0,0,0,0,0,0,1,1,0,1,0,1,0,0,0,0,0
10,Female,32492,Yes,Yes,No,No,Yes,No,No,No,No,No,No,No,Yes,No,Yes,Yes,0,0,0,0,0,0,0,0,0,0,0,1,0,0,0,0,0,0,0,0
69,Male,375129,No,No,No,No,Yes,No,No,No,Yes,No,Yes,No,No,Yes,No,No,0,0,0,0,0,0,0,1,0,0,0,0,0,0,0,0,0,0,0,0
72,Female,240628,No,No,Yes,No,Yes,Yes,Yes,No,No,No,No,No,No,No,No,No,0,0,0,0,0,0,0,0,0,0,0,0,0,0,0,0,0,0,0,0
44,Male,331755,No,No,Yes,No,No,No,No,Yes,No,No,No,No,Yes,No,No,Yes,0,0,0,0,0,0,0,0,0,0,0,0,0,0,0,0,0,0,0,0
16,Female,406066,Yes,No,No,No,No,Yes,Yes,No,No,No,No,Yes,Yes,Yes,Yes,No,0,0,0,0,0,0,0,0,0,0,0,0,0,0,1,0,0,0,0,0
77,Male,122917,No,No,No,No,No,No,No,No,No,No,Yes,Yes,Yes,Yes,No,No,0,0,0,0,0,0,0,1,0,1,0,1,0,0,0,0,0,0,0,0
13,Male,173776,Yes,Yes,Yes,No,No,No,No,No,Yes,No,Yes,Yes,Yes,Yes,No,Yes,0,0,0,1,0,0,0,1,0,0,0,1,0,0,0,0,0,0,0,0
3,Male,144887,No,No,Yes,No,No,No,No,Yes,Yes,No,Yes,Yes,No,Yes,No,Yes,0,0,0,0,0,0,0,1,0,0,0,0,0,0,0,0,0,0,0,0
60,Male,75548,No,No,No,No,Yes,No,No,No,Yes,No,Yes,Yes,No,No,No,Yes,0,0,0,0,0,0,0,1,0,1,0,0,0,0,0,0,0,0,0,0
76,Male,117052,No,No,No,No,Yes,No,No,Yes,Yes,No,Yes,Yes,Yes,Yes,No,Yes,0,0,0,0,0,0,0,1,0,1,0,1,0,0,0,0,0,0,0,0
71,Female,383541,No,No,Yes,Yes,Yes,No,Yes,Yes,Yes,No,No,Yes,Yes,Yes,No,Yes,0,0,0,0,0,0,0,0,1,0,1,0,0,0,0,0,0,0,0,0
38,Male,85641,No,No,No,No,Yes,No,Yes,Yes,No,No,No,No,No,Yes,No,Yes,0,0,0,0,0,0,0,0,0,0,0,0,0,0,0,0,0,0,0,0
85,Female,152086,No,No,Yes,Yes,No,No,No,Yes,Yes,No,Yes,Yes,Yes,No,No,No,0,1,0,0,0,0,0,1,1,1,1,1,0,0,0,0,1,0,0,0
40,Male,66764,No,No,No,No,No,No,No,No,Yes,No,Yes,Yes,Yes,Yes,No,No,0,0,0,0,0,0,0,1,0,1,0,1,0,1,0,0,0,0,0,0
22,Female,463351,No,No,Yes,No,No,Yes,Yes,Yes,Yes,No,Yes,Yes,Yes,No,No,No,0,0,0,0,0,0,0,0,1,0,1,0,0,0,0,0,1,0,0,0
14,Female,391266,No,No,Yes,No,Yes,No,No,No,No,No,Yes,Yes,Yes,Yes,Yes,No,0,0,0,0,0,0,0,1,0,0,0,0,0,0,0,0,0,0,0,0
47,Female,59629,No,No,No,No,No,No,Yes,No,No,No,Yes,No,No,Yes,No,No,0,1,0,0,0,0,0,1,0,0,0,0,0,1,0,0,0,0,0,0
38,Female,19661,No,No,Yes,Yes,No,No,Yes,Yes,Yes,No,No,Yes,Yes,No,No,Yes,0,0,0,0,0,0,0,0,1,1,1,1,0,0,0,0,0,0,0,0
9,Female,74659,No,No,Yes,No,Yes,No,Yes,No,Yes,No,Yes,No,No,Yes,Yes,No,0,0,0,0,0,0,0,1,0,0,0,0,0,0,0,0,0,0,0,0
47,Male,492746,No,No,No,No,No,No,Yes,Yes,No,No,No,Yes,Yes,No,No,Yes,0,0,0,0,0,0,0,0,0,0,0,0,0,0,0,0,0,0,0,0
81,Male,307130,No,No,No,No,No,No,No,No,No,No,No,Yes,No,Yes,No,Yes,0,0,0,0,0,0,0,0,0,0,0,0,0,0,0,0,0,0,0,0
41,Female,394446,No,No,No,No,Yes,No,Yes,No,No,No,No,Yes,Yes,Yes,No,No,0,0,0,0,0,0,0,0,0,0,1,0,0,0,0,0,0,0,0,0
30,Male,465840,No,No,No,No,No,No,No,No,No,No,Yes,No,No,No,No,No,0,0,0,0,0,0,0,0,0,0,0,0,0,0,0,0,0,0,0,0
55,Female,389743,No,No,Yes,Yes,Yes,No,No,Yes,No,No,No,Yes,Yes,No,No,Yes,0,0,0,0,0,0,0,0,0,0,1,0,0,0,0,0,0,0,0,0
48,Female,318648,No,No,No,No,No,No,No,Yes,Yes,No,Yes,Yes,Yes,No,No,Yes,0,0,0,0,0,0,0,1,0,0,1,0,0,0,0,0,0,0,0,0
62,Male,311779,No,No,No,No,Yes,No,No,Yes,Yes,No,No,Yes,Yes,Yes,No,Yes,0,0,0,0,0,0,0,0,0,0,0,0,0,0,0,0,0,0,0,0
47,Male,437160,No,No,No,No,Yes,No,No,No,Yes,No,No,No,No,No,No,Yes,0,0,0,0,0,0,0,0,0,0,0,0,0,0,0,0,0,0,0,0
7,Female,25213,No,No,No,No,No,No,No,Yes,Yes,No,Yes,Yes,Yes,No,Yes,Yes,0,0,0,0,0,0,0,1,0,0,0,1,0,0,0,0,0,0,1,0
82,Male,79542,No,No,Yes,No,No,No,Yes,No,No,No,Yes,No,No,No,No,No,0,0,0,0,0,0,0,1,0,0,0,0,0,0,0,0,0,0,0,0
47,Female,495342,No,No,No,Yes,No,No,No,No,No,No,No,Yes,No,Yes,No,No,0,0,0,0,0,0,0,0,0,0,0,0,0,0,0,0,0,0,0,0
59,Female,226192,No,No,No,No,Yes,No,Yes,No,Yes,No,No,No,No,Yes,No,No,0,0,0,0,0,0,0,0,0,0,0,0,0,0,0,0,0,0,0,0
7,Female,348756,Yes,No,Yes,No,No,No,No,No,No,No,No,No,No,No,Yes,Yes,0,0,0,0,0,0,0,0,0,0,0,0,0,0,0,0,0,0,0,0
35,Male,420645,No,No,No,No,No,No,Yes,Yes,No,No,No,Yes,Yes,No,No,Yes,0,0,0,0,0,0,0,0,0,0,0,0,0,0,0,0,0,0,0,0
68,Male,374079,No,No,Yes,No,Yes,No,No,Yes,Yes,No,No,Yes,No,Yes,No,Yes,0,0,0,0,0,0,0,0,1,0,0,0,0,0,0,0,0,0,0,0
40,Female,327859,No,No,No,Yes,No,Yes,Yes,Yes,No,No,No,No,No,Yes,No,No,0,0,0,0,0,0,0,0,0,0,0,0,0,0,0,0,0,0,0,0
16,Male,109311,No,No,No,No,No,No,No,No,Yes,No,Yes,No,Yes,Yes,No,Yes,0,0,0,0,0,0,0,1,0,0,0,1,0,0,0,0,0,0,0,0
83,Female,287014,No,No,No,Yes,No,Yes,No,Yes,Yes,No,Yes,No,No,Yes,No,Yes,0,0,0,0,0,0,0,1,0,0,0,0,0,0,0,0,0,0,0,0
70,Male,332815,No,No,No,No,Yes,No,No,No,No,No,Yes,Yes,No,Yes,No,Yes,0,0,0,0,0,0,0,1,0,0,0,0,0,0,0,0,0,0,0,0
64,Female,218016,No,No,Yes,Yes,Yes,No,Yes,No,No,No,No,No,No,No,No,No,0,0,0,0,0,0,0,0,0,0,0,0,0,0,0,0,0,0,0,0
79,Female,281269,No,No,No,No,No,Yes,No,Yes,No,No,No,Yes,Yes,Yes,No,No,0,0,0,0,0,0,0,0,0,1,1,0,0,0,0,0,0,0,0,0
85,Female,168497,No,No,Yes,Yes,No,No,Yes,No,Yes,No,Yes,Yes,Yes,Yes,No,Yes,0,1,0,0,0,0,0,1,1,1,1,1,0,0,0,0,1,0,0,0
24,Male,436866,No,No,Yes,No,No,No,No,Yes,No,No,No,Yes,No,Yes,No,Yes,0,0,0,0,0,0,0,0,0,0,0,0,0,0,0,0,0,0,0,0
65,Female,181787,No,No,No,No,No,Yes,No,Yes,Yes,No,Yes,No,No,Yes,No,Yes,0,1,0,0,0,0,0,1,0,0,0,0,0,0,0,0,0,0,0,0
20,Male,323951,No,No,No,No,Yes,No,No,No,Yes,No,No,No,Yes,Yes,No,Yes,0,0,0,0,0,0,0,0,0,0,0,0,0,0,0,0,0,0,0,0
11,Female,328463,No,No,Yes,No,No,Yes,No,Yes,Yes,No,No,No,No,No,Yes,No,0,0,0,0,0,0,0,0,0,0,0,0,0,0,0,0,0,0,0,0
65,Female,121554,No,No,Yes,Yes,No,No,No,No,No,No,No,Yes,No,No,No,Yes,0,0,0,0,0,0,0,0,0,1,0,0,0,0,0,0,0,0,0,0
27,Male,382800,No,No,Yes,No,No,No,No,No,Yes,No,Yes,No,No,Yes,No,Yes,0,0,0,0,0,0,0,1,1,0,0,0,0,0,0,0,1,0,0,1
11,Male,336592,No,No,Yes,No,Yes,No,No,Yes,No,No,Yes,Yes,Yes,Yes,No,Yes,0,0,0,0,0,0,0,1,0,0,0,0,0,0,0,0,0,0,0,0
20,Male,425873,Yes,Yes,No,No,Yes,No,Yes,No,Yes,No,No,Yes,Yes,No,No,No,0,0,0,0,0,0,0,0,0,0,0,0,0,0,1,0,0,0,0,0
20,Female,471393,No,No,No,No,Yes,Yes,No,Yes,Yes,No,Yes,Yes,No,Yes,No,Yes,0,0,0,0,0,0,0,0,0,0,0,0,0,0,0,0,0,0,0,1
47,Female,282040,No,No,No,Yes,No,No,No,Yes,Yes,No,Yes,No,Yes,No,No,No,0,0,0,0,0,0,0,1,0,0,1,0,0,0,0,0,0,0,0,0
68,Female,383504,No,No,No,Yes,No,No,Yes,No,Yes,No,No,Yes,Yes,No,No,Yes,0,0,0,0,0,0,0,0,0,0,1,0,0,0,0,0,0,0,0,0
9,Male,203635,Yes,No,Yes,No,No,No,Yes,Yes,No,No,Yes,No,No,No,No,No,0,0,0,0,0,0,0,1,0,0,0,0,0,0,1,1,0,0,0,0
14,Female,449417,Yes,No,Yes,No,No,No,No,No,No,No,No,Yes,No,Yes,Yes,No,0,0,0,0,0,0,0,0,0,0,0,0,0,0,0,0,0,0,0,0
40,Female,375171,No,No,Yes,No,No,No,Yes,No,Yes,No,No,No,Yes,No,No,Yes,0,0,0,0,0,0,0,0,1,0,1,0,0,0,0,0,0,0,0,0
42,Male,235314,No,No,No,No,Yes,No,No,Yes,No,No,No,Yes,Yes,Yes,No,No,0,0,0,0,0,0,0,0,0,1,0,1,0,0,0,0,0,0,0,0
43,Female,196057,No,No,Yes,No,Yes,Yes,No,No,Yes,No,Yes,No,No,Yes,No,No,0,1,0,0,0,0,0,1,1,0,0,0,0,0,0,0,1,0,0,0
7,Female,192121,No,No,Yes,No,No,Yes,No,Yes,Yes,No,Yes,Yes,No,Yes,Yes,Yes,0,0,0,0,0,0,0,1,0,0,0,0,0,0,0,0,0,0,0,0
12,Female,12025,No,No,Yes,No,Yes,Yes,No,Yes,Yes,No,Yes,No,No,Yes,Yes,Yes,0,0,0,0,0,0,0,1,0,0,0,0,0,0,0,0,0,0,1,0
66,Female,32330,No,No,No,Yes,No,No,Yes,Yes,Yes,No,Yes,No,No,Yes,No,Yes,0,1,0,0,1,1,0,1,0,0,0,0,0,1,0,0,0,0,0,0
33,Female,281958,No,No,Yes,No,No,No,Yes,No,No,No,No,Yes,Yes,No,No,No,0,0,0,0,0,0,0,0,0,1,1,0,0,0,0,0,0,0,0,0
67,Female,325897,No,No,No,No,No,No,No,Yes,No,No,Yes,No,Yes,No,No,No,0,0,0,0,0,0,0,1,0,0,1,0,0,0,0,0,0,0,0,0
72,Female,104060,No,No,No,Yes,Yes,No,Yes,Yes,Yes,No,No,No,Yes,No,No,Yes,0,0,0,0,0,0,0,0,0,0,1,1,0,0,0,0,0,0,0,0
22,Male,171606,No,No,Yes,No,Yes,No,No,No,No,No,Yes,No,Yes,Yes,No,Yes,0,0,0,0,0,0,0,1,0,0,0,1,0,0,0,0,0,0,0,1
50,Female,309236,No,No,No,Yes,No,Yes,Yes,No,Yes,No,Yes,Yes,No,No,No,Yes,0,0,0,0,0,0,0,1,0,0,0,0,0,0,0,0,0,0,0,0
9,Male,419259,Yes,No,Yes,No,No,No,No,Yes,Yes,No,No,Yes,No,No,No,Yes,0,0,0,0,0,0,0,0,0,0,0,0,0,0,0,1,0,0,0,0
10,Male,232248,No,No,Yes,No,No,No,No,No,No,No,No,Yes,Yes,No,No,Yes,0,0,0,0,0,0,0,0,0,0,0,1,0,0,0,0,0,0,0,0
8,Male,133775,No,No,No,No,Yes,No,No,No,No,No,Yes,No,No,No,No,Yes,0,0,0,0,0,0,0,1,0,0,0,0,0,0,0,0,0,0,0,0
79,Male,91128,No,No,No,No,No,No,Yes,Yes,Yes,No,No,Yes,Yes,No,No,Yes,0,0,0,0,0,0,0,0,0,1,0,1,0,0,0,0,0,0,0,0
27,Female,226717,No,No,Yes,No,No,Yes,No,No,No,No,No,No,No,Yes,No,No,0,0,0,0,0,0,0,0,0,0,0,0,0,0,0,0,0,0,0,0
16,Female,121527,Yes,Yes,Yes,No,Yes,Yes,Yes,No,No,Yes,No,Yes,No,No,Yes,Yes,0,0,0,0,0,0,0,0,0,0,0,0,0,0,1,0,0,0,0,0
38,Female,377357,No,No,Yes,No,Yes,No,No,Yes,No,Yes,No,Yes,No,Yes,No,Yes,0,0,0,0,0,0,0,0,0,0,0,0,1,0,0,0,0,0,0,0
3,Male,374286,No,No,Yes,No,No,No,No,No,Yes,No,Yes,No,No,No,No,Yes,0,0,0,0,0,0,0,1,0,0,0,0,0,0,0,0,0,0,0,0
44,Male,68681,No,No,No,No,No,No,Yes,Yes,Yes,No,No,No,Yes,Yes,No,No,0,0,0,0,0,0,0,0,0,0,0,1,0,1,0,0,0,0,0,0
79,Male,379911,No,No,Yes,No,No,No,No,Yes,Yes,No,Yes,No,No,No,No,Yes,0,0,0,0,0,0,0,1,1,0,0,0,0,0,0,0,1,0,0,0
33,Male,223796,No,No,Yes,No,Yes,No,No,No,No,No,Yes,Yes,No,Yes,No,Yes,0,0,0,0,0,0,0,1,0,1,0,0,0,0,0,0,0,0,0,0
83,Male,288285,No,No,Yes,No,Yes,No,Yes,No,Yes,No,No,Yes,Yes,No,No,Yes,0,0,0,0,0,0,0,0,1,1,0,0,0,0,0,0,0,0,0,0
73,Female,377843,No,No,No,Yes,No,No,No,Yes,No,No,Yes,Yes,No,Yes,No,No,0,0,0,0,0,0,0,1,0,0,0,0,0,0,0,0,0,0,0,0
15,Female,318174,Yes,No,Yes,No,No,Yes,Yes,Yes,No,No,No,Yes,No,No,Yes,No,0,0,0,0,0,0,0,0,0,0,0,0,0,0,1,1,0,0,0,0
68,Female,102264,No,No,No,No,Yes,Yes,Yes,No,No,No,Yes,Yes,No,Yes,No,Yes,0,1,0,0,0,0,0,1,0,1,0,0,0,0,0,0,0,0,0,0
2,Female,394266,No,No,Yes,No,Yes,Yes,Yes,No,Yes,No,No,No,Yes,No,Yes,Yes,0,0,0,0,0,0,0,0,0,0,0,0,0,0,0,0,0,0,0,0
39,Male,329502,No,No,Yes,No,No,No,No,No,Yes,No,No,Yes,No,Yes,No,No,0,0,0,0,0,0,0,0,1,0,0,0,0,0,0,0,0,0,0,0
5,Male,268357,No,No,No,No,Yes,No,No,No,Yes,No,No,Yes,Yes,No,No,Yes,0,0,0,0,0,0,0,0,0,0,0,0,0,0,0,0,0,0,0,0
53,Female,129653,No,No,No,Yes,Yes,Yes,No,No,Yes,No,Yes,No,No,Yes,No,Yes,0,1,0,0,0,0,0,1,0,0,0,0,0,0,0,0,0,0,0,0
49,Female,70492,No,No,No,No,Yes,No,Yes,No,Yes,No,No,Yes,Yes,Yes,No,No,0,0,0,0,0,0,0,0,0,1,1,1,0,1,0,0,0,0,0,0
59,Male,318526,No,No,Yes,No,Yes,No,Yes,No,No,No,No,No,Yes,Yes,No,No,0,0,0,0,0,0,0,0,0,0,0,0,0,0,0,0,0,0,0,0
55,Male,438512,No,No,No,No,No,No,No,Yes,No,No,Yes,Yes,Yes,Yes,No,Yes,0,0,0,0,0,0,0,0,0,0,0,0,0,0,0,0,0,0,0,0
83,Female,17691,No,No,Yes,No,No,No,No,No,Yes,No,Yes,Yes,No,Yes,No,Yes,0,1,0,0,1,0,0,1,1,1,0,0,0,1,0,0,1,0,0,0
67,Female,359843,No,No,No,No,No,No,No,Yes,No,No,No,Yes,Yes,No,No,Yes,0,0,0,0,0,0,0,0,0,0,1,0,0,0,0,0,0,0,0,0
3,Female,455122,No,No,Yes,No,No,Yes,No,Yes,Yes,No,No,No,No,Yes,Yes,No,0,0,0,0,0,0,0,0,0,0,0,0,0,0,0,0,0,0,0,0
53,Female,357553,No,No,No,No,No,Yes,Yes,Yes,Yes,No,No,Yes,Yes,No,No,No,0,0,0,0,0,0,0,0,0,0,1,0,0,0,0,0,0,0,0,0
72,Female,288728,No,No,No,Yes,No,Yes,No,No,No,No,Yes,No,Yes,Yes,No,Yes,0,0,0,0,0,0,0,1,0,0,1,0,0,0,0,0,0,0,0,0
48,Female,416173,No,No,No,Yes,No,No,Yes,No,Yes,No,Yes,No,Yes,No,No,Yes,0,0,0,0,0,0,0,0,0,0,1,0,0,0,0,0,0,0,0,0
15,Male,470346,Yes,Yes,No,No,Yes,No,Yes,No,No,No,Yes,No,Yes,No,No,No,0,0,0,1,0,0,0,0,0,0,0,0,0,0,1,0,0,0,0,0
28,Male,228765,No,No,Yes,No,Yes,No,No,Yes,Yes,No,No,No,Yes,No,No,No,0,0,0,0,0,0,0,0,1,0,0,1,0,0,0,0,0,0,0,0
65,Male,59070,No,No,Yes,No,No,No,Yes,Yes,Yes,No,No,No,Yes,No,No,No,0,0,0,0,0,0,0,0,1,0,0,1,0,0,0,0,0,0,0,0
50,Male,163041,No,No,No,No,No,No,No,No,Yes,No,Yes,Yes,Yes,Yes,No,No,0,0,0,0,0,0,0,1,0,1,0,1,0,0,0,0,0,0,0,0
16,Male,470350,Yes,Yes,Yes,No,No,No,No,Yes,Yes,No,No,Yes,No,No,No,No,0,0,0,0,0,0,0,0,0,0,0,0,0,0,0,1,0,0,0,0
32,Male,233722,No,No,Yes,No,Yes,No,Yes,No,Yes,No,Yes,No,Yes,Yes,No,Yes,0,0,0,0,0,0,0,1,1,0,0,1,0,0,0,0,1,0,0,0
60,Female,171578,No,No,Yes,No,Yes,No,No,No,No,No,No,No,No,Yes,No,No,0,0,0,0,0,0,0,0,0,0,0,0,0,0,0,0,0,0,0,0
69,Female,72184,No,No,No,Yes,Yes,No,No,No,Yes,No,Yes,Yes,Yes,Yes,No,Yes,0,1,0,0,1,1,1,1,0,1,1,1,0,1,0,0,0,0,0,0
58,Male,395376,No,No,No,No,No,No,No,Yes,Yes,No,No,No,Yes,No,No,Yes,0,0,0,0,0,0,0,0,0,0,0,0,0,0,0,0,0,0,0,0
73,Female,185879,No,No,Yes,No,No,Yes,No,Yes,Yes,No,No,Yes,Yes,Yes,No,No,0,0,0,0,0,0,0,0,1,1,1,1,0,0,0,0,0,0,0,0
73,Male,373635,No,No,Yes,No,No,No,No,Yes,No,No,No,No,No,Yes,No,No,0,0,0,0,0,0,0,0,0,0,0,0,0,0,0,0,0,0,0,0
13,Male,411143,Yes,Yes,Yes,No,Yes,No,No,Yes,No,No,No,Yes,No,No,No,Yes,0,0,0,0,0,0,0,0,0,0,0,0,0,0,0,1,0,0,0,0
20,Male,427752,No,No,Yes,No,No,No,No,No,No,No,Yes,Yes,No,No,No,Yes,0,0,0,0,0,0,0,0,0,0,0,0,0,0,0,0,0,0,0,1
60,Male,411081,No,No,Yes,No,No,No,Yes,Yes,No,No,Yes,No,Yes,Yes,No,Yes,0,0,0,0,0,0,0,0,0,0,0,0,0,0,0,0,0,0,0,0
34,Male,421618,No,No,Yes,No,Yes,No,Yes,Yes,Yes,No,No,Yes,No,Yes,No,No,0,0,0,0,0,0,0,0,1,0,0,0,0,0,0,0,0,0,0,0
34,Female,42584,No,No,No,No,Yes,No,No,Yes,No,No,No,Yes,No,Yes,No,Yes,0,0,0,0,0,0,0,0,0,1,0,0,0,1,0,0,0,0,0,0
23,Female,85297,Yes,Yes,Yes,Yes,Yes,No,No,Yes,Yes,Yes,No,No,No,Yes,No,No,0,0,0,0,0,0,0,0,1,0,0,0,1,0,0,1,0,0,0,0
82,Female,255957,No,No,No,No,Yes,No,No,Yes,No,No,Yes,No,Yes,Yes,No,No,0,0,0,0,0,0,0,1,0,0,1,0,0,0,0,0,0,0,0,0
70,Female,288565,No,No,Yes,No,Yes,Yes,No,Yes,No,No,No,No,Yes,No,No,No,0,0,0,0,0,0,0,0,0,0,1,0,0,0,0,0,0,0,0,0
15,Female,137778,No,No,No,No,Yes,Yes,Yes,No,No,Yes,No,Yes,No,Yes,Yes,Yes,0,0,0,0,0,0,0,0,0,0,0,0,0,0,0,0,0,0,0,0
55,Male,319198,No,No,No,No,Yes,No,Yes,Yes,Yes,No,Yes,No,Yes,Yes,No,No,0,0,0,0,0,0,0,1,0,0,0,0,0,0,0,0,0,0,0,0
11,Female,317043,No,No,Yes,No,Yes,No,Yes,Yes,No,No,No,Yes,Yes,No,Yes,No,0,0,0,0,0,0,0,0,0,0,0,0,0,0,0,0,0,0,0,0
55,Female,420259,No,No,Yes,Yes,No,Yes,No,Yes,No,No,Yes,Yes,Yes,No,No,Yes,0,0,0,0,0,0,0,0,0,0,1,0,0,0,0,0,0,0,0,0
49,Male,380367,No,No,Yes,No,Yes,No,Yes,Yes,Yes,No,Yes,Yes,No,Yes,No,Yes,0,0,0,0,0,0,0,1,1,0,0,0,0,0,0,0,1,0,0,0
14,Female,111307,No,No,Yes,No,Yes,Yes,No,No,No,No,No,No,No,No,Yes,Yes,0,0,0,0,0,0,0,0,0,0,0,0,0,0,0,0,0,0,0,0
39,Male,26040,No,No,Yes,No,Yes,No,Yes,Yes,Yes,No,No,No,No,Yes,No,No,0,0,0,0,0,0,0,0,1,0,0,0,0,1,0,0,0,0,0,0
23,Female,371808,No,No,Yes,Yes,No,Yes,No,Yes,No,No,Yes,No,No,Yes,No,Yes,0,0,0,0,0,0,0,1,0,0,0,0,0,0,0,0,0,0,0,1
35,Male,109006,No,No,No,No,No,No,No,Yes,No,No,Yes,Yes,No,No,No,No,0,0,0,0,0,0,0,1,0,1,0,0,0,0,0,0,0,0,0,0
29,Male,183454,No,No,Yes,No,Yes,No,No,Yes,Yes,No,No,No,Yes,No,No,No,0,0,0,0,0,0,0,0,1,0,0,1,0,0,0,0,0,0,0,0
18,Male,399777,No,No,No,No,Yes,No,Yes,No,No,No,Yes,Yes,No,Yes,No,No,0,0,0,0,0,0,0,1,0,0,0,0,0,0,0,0,0,0,0,0
84,Male,342389,No,No,Yes,No,Yes,No,No,Yes,Yes,No,Yes,No,Yes,Yes,No,Yes,0,0,0,0,0,0,0,1,1,0,0,0,0,0,0,0,1,0,0,0
30,Female,185569,No,No,No,No,No,No,No,No,No,Yes,Yes,Yes,No,No,No,No,0,1,0,0,0,0,0,1,0,1,0,0,1,0,0,0,0,1,0,0
74,Male,452718,No,No,Yes,No,No,No,Yes,Yes,Yes,No,Yes,Yes,Yes,Yes,No,No,0,0,0,0,0,0,0,0,1,0,0,0,0,0,0,0,1,0,0,0
16,Female,453252,Yes,No,Yes,No,No,No,Yes,No,No,No,No,Yes,Yes,No,Yes,No,0,0,0,0,0,0,0,0,0,0,0,0,0,0,1,0,0,0,0,0
56,Male,369730,No,No,Yes,No,No,No,Yes,Yes,No,No,No,Yes,No,Yes,No,No,0,0,0,0,0,0,0,0,0,0,0,0,0,0,0,0,0,0,0,0
55,Male,169367,No,No,Yes,No,Yes,No,Yes,No,No,No,No,Yes,Yes,No,No,Yes,0,0,0,0,0,0,0,0,0,1,0,1,0,0,0,0,0,0,0,0
54,Male,321546,No,No,No,No,Yes,No,No,Yes,No,No,Yes,No,Yes,Yes,No,Yes,0,0,0,0,0,0,0,1,0,0,0,0,0,0,0,0,0,0,0,0
19,Female,338951,No,No,Yes,No,Yes,Yes,Yes,No,No,No,No,Yes,Yes,Yes,No,Yes,0,0,0,0,0,0,0,0,0,0,1,0,0,0,0,0,0,0,0,0
50,Male,245047,No,No,No,No,Yes,No,No,No,Yes,No,Yes,No,No,No,No,No,0,0,0,0,0,0,0,1,0,0,0,0,0,0,0,0,0,0,0,0
73,Male,225506,No,No,Yes,No,No,No,Yes,No,Yes,No,No,Yes,Yes,No,No,Yes,0,0,0,0,0,0,0,0,1,1,0,1,0,0,0,0,0,0,0,0
21,Male,60238,No,No,No,No,Yes,No,Yes,Yes,No,No,Yes,Yes,Yes,Yes,No,No,0,0,0,0,0,0,1,1,0,1,0,1,0,1,0,0,0,0,0,0
53,Female,427706,No,No,Yes,No,No,No,Yes,No,Yes,No,Yes,Yes,Yes,No,No,Yes,0,0,0,0,0,0,0,0,1,0,1,0,0,0,0,0,1,0,0,0
34,Female,74994,No,No,No,No,No,Yes,No,No,Yes,No,No,Yes,Yes,No,No,No,0,0,0,0,0,0,0,0,0,1,1,1,0,0,0,0,0,0,0,0
65,Female,428618,No,No,Yes,Yes,No,No,No,No,No,No,No,Yes,Yes,Yes,No,Yes,0,0,0,0,0,0,0,0,0,0,1,0,0,0,0,0,0,0,0,0
18,Female,70487,No,No,Yes,No,No,No,No,Yes,No,Yes,Yes,No,No,Yes,No,No,0,0,0,0,0,0,0,1,0,0,0,0,1,1,0,0,0,1,0,0
61,Female,178229,No,No,Yes,Yes,No,No,No,Yes,Yes,No,Yes,No,Yes,No,No,No,0,1,0,0,0,0,0,1,1,0,1,1,0,0,0,0,1,0,0,0
33,Male,373815,No,No,Yes,No,Yes,No,No,No,Yes,No,Yes,Yes,No,Yes,No,Yes,0,0,0,0,0,0,0,1,1,0,0,0,0,0,0,0,1,0,0,0
12,Male,185387,No,No,Yes,No,No,No,Yes,Yes,Yes,No,Yes,Yes,No,No,No,Yes,0,0,0,0,0,0,0,1,0,0,0,0,0,0,0,0,0,0,0,0
29,Female,470963,No,No,Yes,No,No,Yes,Yes,No,Yes,No,No,Yes,Yes,Yes,No,Yes,0,0,0,0,0,0,0,0,1,0,1,0,0,0,0,0,0,0,0,0
65,Male,329703,No,No,Yes,No,No,No,No,No,Yes,No,No,No,No,No,No,No,0,0,0,0,0,0,0,0,1,0,0,0,0,0,0,0,0,0,0,0
50,Female,343422,No,No,Yes,Yes,Yes,Yes,Yes,No,No,No,No,Yes,Yes,Yes,No,Yes,0,0,0,0,0,0,0,0,0,0,1,0,0,0,0,0,0,0,0,0
85,Female,484775,No,No,Yes,Yes,Yes,Yes,No,Yes,Yes,No,Yes,Yes,No,No,No,No,0,0,0,0,0,0,0,0,1,0,0,0,0,0,0,0,1,0,0,0
30,Male,248672,No,No,No,No,Yes,No,Yes,No,No,No,No,Yes,No,No,No,Yes,0,0,0,0,0,0,0,0,0,1,0,0,0,0,0,0,0,0,0,0
20,Male,17370,Yes,Yes,No,No,Yes,No,No,Yes,Yes,No,Yes,No,Yes,Yes,No,No,0,0,1,0,0,0,1,1,0,0,0,1,0,1,0,1,0,0,0,0
25,Female,444304,No,No,Yes,No,No,Yes,Yes,Yes,No,No,Yes,No,Yes,No,No,No,0,0,0,0,0,0,0,0,0,0,1,0,0,0,0,0,0,0,0,0
51,Male,259925,No,No,No,No,Yes,No,Yes,No,No,No,Yes,No,Yes,No,No,No,0,0,0,0,0,0,0,1,0,0,0,0,0,0,0,0,0,0,0,0
38,Female,313147,No,No,No,Yes,Yes,Yes,Yes,No,Yes,Yes,Yes,No,No,Yes,No,Yes,0,0,0,0,0,0,0,1,0,0,0,0,1,0,0,0,0,1,0,0
47,Male,213558,No,No,No,No,No,No,No,Yes,No,No,No,Yes,No,Yes,No,Yes,0,0,0,0,0,0,0,0,0,1,0,0,0,0,0,0,0,0,0,0
30,Male,235404,No,No,Yes,No,No,No,No,Yes,No,No,Yes,Yes,Yes,No,No,No,0,0,0,0,0,0,0,1,0,1,0,1,0,0,0,0,0,0,0,0
63,Male,70450,No,No,Yes,No,No,No,No,Yes,Yes,No,Yes,Yes,No,No,No,No,0,0,0,0,1,0,0,1,1,1,0,0,0,0,0,0,1,0,0,0
75,Male,271259,No,No,Yes,No,Yes,No,No,Yes,No,No,Yes,No,Yes,No,No,Yes,0,0,0,0,0,0,0,1,0,0,0,0,0,0,0,0,0,0,0,0
73,Female,160173,No,No,Yes,No,No,Yes,Yes,Yes,No,No,Yes,Yes,No,Yes,No,Yes,0,1,0,0,0,0,0,1,0,1,0,0,0,0,0,0,0,0,0,0
48,Female,197836,No,No,Yes,Yes,Yes,Yes,No,No,No,No,No,Yes,No,No,No,Yes,0,0,0,0,0,0,0,0,0,1,0,0,0,0,0,0,0,0,0,0
5,Female,459788,Yes,No,No,No,Yes,Yes,Yes,No,Yes,No,Yes,No,No,Yes,Yes,Yes,0,0,0,0,0,0,0,0,0,0,0,0,0,0,1,0,0,0,0,0
14,Female,448316,No,No,Yes,No,Yes,Yes,Yes,No,No,No,No,Yes,No,No,Yes,Yes,0,0,0,0,0,0,0,0,0,0,0,0,0,0,0,0,0,0,0,0
21,Male,375184,No,No,No,No,Yes,No,Yes,No,No,No,No,No,Yes,Yes,No,Yes,0,0,0,0,0,0,0,0,0,0,0,0,0,0,0,0,0,0,0,0
56,Female,166270,No,No,Yes,Yes,No,No,No,No,Yes,No,Yes,No,No,Yes,No,No,0,1,0,0,0,0,0,1,1,0,0,0,0,0,0,0,1,0,0,0
31,Male,19764,No,No,Yes,No,No,No,Yes,Yes,No,No,Yes,No,No,No,No,No,0,0,0,0,0,0,0,1,0,0,0,0,0,0,0,0,0,0,0,0
25,Female,182898,No,No,No,Yes,No,Yes,Yes,No,No,No,Yes,Yes,No,No,No,No,0,1,0,0,0,0,0,1,0,1,0,0,0,0,0,0,0,0,0,0
84,Male,422090,No,No,No,No,No,No,No,Yes,Yes,No,No,Yes,Yes,No,No,No,0,0,0,0,0,0,0,0,0,0,0,0,0,0,0,0,0,0,0,0
29,Female,313415,No,No,No,No,No,Yes,No,Yes,Yes,No,No,No,No,No,No,No,0,0,0,0,0,0,0,0,0,0,0,0,0,0,0,0,0,0,0,0
78,Male,157167,No,No,No,No,No,No,Yes,Yes,Yes,No,No,No,No,No,No,No,0,0,0,0,0,0,0,0,0,0,0,0,0,0,0,0,0,0,0,0
75,Female,201398,No,No,Yes,No,Yes,Yes,No,Yes,Yes,No,No,No,No,Yes,No,No,0,0,0,0,0,0,0,0,1,0,0,0,0,0,0,0,0,0,0,0
52,Male,352200,No,No,Yes,No,No,No,Yes,No,Yes,No,Yes,Yes,No,Yes,No,No,0,0,0,0,0,0,0,1,1,0,0,0,0,0,0,0,1,0,0,0
76,Female,475387,No,No,No,No,Yes,No,No,No,Yes,No,No,No,No,No,No,No,0,0,0,0,0,0,0,0,0,0,0,0,0,0,0,0,0,0,0,0
32,Male,356884,No,No,Yes,No,No,No,Yes,Yes,No,No,Yes,Yes,No,Yes,No,Yes,0,0,0,0,0,0,0,1,0,0,0,0,0,0,0,0,0,0,0,0
13,Female,298673,No,No,Yes,No,Yes,Yes,Yes,No,No,No,No,No,Yes,Yes,Yes,Yes,0,0,0,0,0,0,0,0,0,0,0,0,0,0,0,0,0,0,0,0
3,Female,483279,No,No,Yes,No,No,No,No,No,No,No,Yes,No,No,Yes,Yes,Yes,0,0,0,0,0,0,0,0,0,0,0,0,0,0,0,0,0,0,0,0
74,Male,484211,No,No,No,No,No,No,No,Yes,Yes,No,No,No,No,Yes,No,No,0,0,0,0,0,0,0,0,0,0,0,0,0,0,0,0,0,0,0,0
68,Female,177224,No,No,No,No,No,No,Yes,Yes,No,No,Yes,No,No,Yes,No,No,0,1,0,0,0,0,0,1,0,0,0,0,0,0,0,0,0,0,0,0
85,Male,184451,No,No,No,No,No,No,No,Yes,Yes,No,Yes,Yes,No,Yes,No,Yes,0,0,0,0,0,0,0,1,0,1,0,0,0,0,0,0,0,0,0,0
39,Female,499173,No,No,No,Yes,No,Yes,No,Yes,Yes,Yes,No,Yes,Yes,Yes,No,No,0,0,0,0,0,0,0,0,0,0,1,0,1,0,0,0,0,0,0,0
74,Female,195714,No,No,No,No,No,No,Yes,No,Yes,No,Yes,No,Yes,No,No,No,0,1,0,0,0,0,0,1,0,0,1,1,0,0,0,0,0,0,0,0
53,Female,345763,No,No,No,No,Yes,No,Yes,Yes,Yes,No,Yes,Yes,Yes,Yes,No,Yes,0,0,0,0,0,0,0,1,0,0,1,0,0,0,0,0,0,0,0,0
10,Female,231497,Yes,Yes,No,No,No,No,No,No,No,No,No,No,Yes,Yes,Yes,No,0,0,0,0,0,0,0,0,0,0,0,1,0,0,0,0,0,0,0,0
44,Male,294317,No,No,No,No,No,No,Yes,Yes,Yes,No,No,No,No,No,No,No,0,0,0,0,0,0,0,0,0,0,0,0,0,0,0,0,0,0,0,0
56,Female,27608,No,No,Yes,Yes,No,Yes,Yes,Yes,No,No,Yes,No,No,No,No,Yes,0,1,0,0,0,1,0,1,0,0,0,0,0,0,0,0,0,0,0,0
6,Male,29205,Yes,Yes,No,No,No,No,Yes,No,No,No,Yes,Yes,No,Yes,No,No,0,0,0,1,0,0,0,1,0,0,0,0,0,0,1,0,0,0,0,0
29,Male,101666,No,No,Yes,No,Yes,No,Yes,No,No,No,No,Yes,No,Yes,No,Yes,0,0,0,0,0,0,0,0,0,1,0,0,0,0,0,0,0,0,0,0
4,Female,334455,No,No,No,No,No,No,No,Yes,No,No,Yes,Yes,No,No,Yes,No,0,0,0,0,0,0,0,1,0,0,0,0,0,0,0,0,0,0,0,0
33,Female,409277,No,No,Yes,No,Yes,No,Yes,Yes,Yes,Yes,Yes,Yes,Yes,Yes,No,Yes,0,0,0,0,0,0,0,0,1,0,1,0,1,0,0,0,1,1,0,0
17,Female,354198,No,No,No,No,No,Yes,Yes,Yes,Yes,No,Yes,No,No,No,Yes,No,0,0,0,0,0,0,0,1,0,0,0,0,0,0,0,0,0,0,0,0
82,Male,19960,No,No,Yes,No,Yes,No,No,No,No,No,No,No,Yes,No,No,No,0,0,0,0,0,0,0,0,0,0,0,1,0,0,0,0,0,0,0,0
49,Male,110814,No,No,Yes,No,No,No,Yes,No,Yes,No,Yes,Yes,Yes,No,No,Yes,0,0,0,0,0,0,0,1,1,1,0,1,0,0,0,0,1,0,0,0
52,Female,302619,No,No,No,Yes,No,No,Yes,No,No,No,No,No,Yes,No,No,No,0,0,0,0,0,0,0,0,0,0,1,0,0,0,0,0,0,0,0,0
15,Female,303901,Yes,No,No,No,No,No,No,Yes,No,No,No,No,Yes,No,Yes,No,0,0,0,0,0,0,0,0,0,0,0,0,0,0,0,1,0,0,0,0
70,Female,16006,No,No,Yes,Yes,No,Yes,No,No,No,No,Yes,Yes,No,No,No,No,0,1,0,0,1,1,0,1,0,1,0,0,0,0,0,0,0,0,0,0
54,Male,181490,No,No,No,No,Yes,No,Yes,Yes,Yes,No,No,Yes,No,No,No,Yes,0,0,0,0,0,0,0,0,0,1,0,0,0,0,0,0,0,0,0,0
84,Female,351041,No,No,Yes,No,No,Yes,No,No,Yes,No,Yes,Yes,No,Yes,No,No,0,0,0,0,0,0,0,1,1,0,0,0,0,0,0,0,1,0,0,0
51,Male,316339,No,No,No,No,No,No,No,Yes,No,No,No,No,Yes,Yes,No,No,0,0,0,0,0,0,0,0,0,0,0,0,0,0,0,0,0,0,0,0
43,Female,77707,No,No,Yes,No,Yes,Yes,Yes,Yes,No,No,Yes,No,Yes,No,No,Yes,0,1,0,0,0,0,0,1,0,0,1,1,0,0,0,0,0,0,0,0
64,Female,381843,No,No,Yes,No,Yes,Yes,Yes,Yes,Yes,No,No,Yes,No,No,No,No,0,0,0,0,0,0,0,0,1,0,0,0,0,0,0,0,0,0,0,0
51,Male,450117,No,No,Yes,No,Yes,No,No,Yes,Yes,No,No,Yes,Yes,No,No,Yes,0,0,0,0,0,0,0,0,1,0,0,0,0,0,0,0,0,0,0,0
36,Male,136967,No,No,Yes,No,Yes,No,Yes,Yes,Yes,No,No,No,No,Yes,No,No,0,0,0,0,0,0,0,0,1,0,0,0,0,0,0,0,0,0,0,0
24,Female,35927,Yes,No,No,No,Yes,Yes,No,No,No,Yes,Yes,No,No,No,No,No,1,1,0,0,0,0,1,1,0,0,0,0,1,0,0,0,0,1,0,0
58,Female,233292,No,No,Yes,Yes,No,No,Yes,Yes,No,No,Yes,Yes,Yes,No,No,No,0,1,0,0,0,0,0,1,0,1,1,1,0,0,0,0,0,0,0,0
64,Male,158712,No,No,No,No,No,No,Yes,Yes,No,No,No,No,Yes,No,No,Yes,0,0,0,0,0,0,0,0,0,0,0,1,0,0,0,0,0,0,0,0
68,Male,490899,No,No,Yes,No,Yes,No,Yes,Yes,Yes,No,No,No,No,Yes,No,No,0,0,0,0,0,0,0,0,1,0,0,0,0,0,0,0,0,0,0,0
25,Female,115215,No,No,No,Yes,Yes,No,No,No,No,Yes,No,No,Yes,No,No,No,0,0,0,0,0,0,0,0,0,0,1,1,1,0,0,0,0,0,0,0
41,Male,262206,No,No,No,No,No,No,No,No,No,No,Yes,No,Yes,No,No,No,0,0,0,0,0,0,0,1,0,0,0,0,0,0,0,0,0,0,0,0
58,Male,330829,No,No,Yes,No,No,No,Yes,Yes,No,No,No,Yes,No,No,No,No,0,0,0,0,0,0,0,0,0,0,0,0,0,0,0,0,0,0,0,0
55,Female,213771,No,No,Yes,Yes,Yes,No,Yes,No,No,No,No,Yes,No,Yes,No,No,0,0,0,0,0,0,0,0,0,1,0,0,0,0,0,0,0,0,0,0
57,Male,411304,No,No,Yes,No,No,No,Yes,Yes,No,No,Yes,Yes,No,Yes,No,No,0,0,0,0,0,0,0,0,0,0,0,0,0,0,0,0,0,0,0,0
38,Female,149304,No,No,Yes,No,No,Yes,No,No,Yes,No,Yes,Yes,Yes,No,No,Yes,0,1,0,0,0,0,0,1,1,1,1,1,0,0,0,0,1,0,0,0
19,Male,274205,Yes,No,No,No,Yes,No,No,Yes,Yes,No,No,Yes,Yes,Yes,No,Yes,0,0,0,0,0,0,0,0,0,1,0,0,0,0,0,1,0,0,0,0
79,Male,373386,No,No,No,No,No,No,No,No,Yes,No,No,No,No,No,No,No,0,0,0,0,0,0,0,0,0,0,0,0,0,0,0,0,0,0,0,0
26,Female,18206,No,No,No,No,No,No,No,Yes,No,Yes,Yes,Yes,Yes,No,No,No,0,1,0,0,0,0,0,1,0,1,1,1,1,0,0,0,0,1,0,0
67,Male,341746,No,No,Yes,No,No,No,No,Yes,No,No,No,Yes,No,No,No,No,0,0,0,0,0,0,0,0,0,0,0,0,0,0,0,0,0,0,0,0
64,Male,161606,No,No,No,No,No,No,No,Yes,Yes,No,No,Yes,No,Yes,No,No,0,0,0,0,0,0,0,0,0,1,0,0,0,0,0,0,0,0,0,0
49,Male,26378,No,No,Yes,No,No,No,No,Yes,Yes,No,No,Yes,Yes,Yes,No,No,0,0,0,0,0,0,0,0,1,1,0,1,0,1,0,0,0,0,0,0
44,Male,372071,No,No,Yes,No,Yes,No,Yes,No,Yes,No,No,No,Yes,No,No,No,0,0,0,0,0,0,0,0,1,0,0,0,0,0,0,0,0,0,0,0
55,Male,215773,No,No,Yes,No,No,No,Yes,Yes,Yes,No,No,Yes,Yes,No,No,No,0,0,0,0,0,0,0,0,1,1,0,1,0,0,0,0,0,0,0,0
21,Female,301313,No,No,No,No,Yes,No,Yes,No,No,Yes,Yes,Yes,No,Yes,No,Yes,0,0,0,0,0,0,0,1,0,0,0,0,1,0,0,0,0,1,0,1
78,Female,45983,No,No,Yes,No,No,Yes,Yes,No,Yes,No,Yes,No,Yes,No,No,Yes,0,1,0,0,1,0,0,1,1,0,1,1,0,0,0,0,1,0,0,0
66,Male,340974,No,No,No,No,Yes,No,No,No,No,No,No,No,Yes,Yes,No,Yes,0,0,0,0,0,0,0,0,0,0,0,0,0,0,0,0,0,0,0,0
47,Male,13251,No,No,No,No,No,No,No,Yes,No,No,Yes,No,Yes,No,No,Yes,0,0,0,0,0,0,0,1,0,0,0,1,0,0,0,0,0,0,0,0
21,Female,290158,No,No,No,Yes,No,No,No,No,Yes,Yes,No,No,Yes,Yes,No,Yes,0,0,0,0,0,0,0,0,0,0,1,0,1,0,0,0,0,0,0,0
4,Male,337289,Yes,Yes,Yes,No,Yes,No,No,No,No,No,No,Yes,No,No,No,Yes,0,0,0,0,0,0,0,0,0,0,0,0,0,0,0,0,0,0,0,0
10,Female,336705,No,No,No,No,Yes,No,Yes,No,No,No,Yes,No,Yes,Yes,Yes,Yes,0,0,0,0,0,0,0,1,0,0,0,0,0,0,0,0,0,0,0,0
55,Female,405308,No,No,No,Yes,No,Yes,No,No,No,No,No,No,Yes,Yes,No,No,0,0,0,0,0,0,0,0,0,0,1,0,0,0,0,0,0,0,0,0
73,Female,163923,No,No,No,No,Yes,No,Yes,Yes,Yes,No,No,No,Yes,No,No,Yes,0,0,0,0,0,0,0,0,0,0,1,1,0,0,0,0,0,0,0,0
8,Female,182613,Yes,Yes,No,No,Yes,No,Yes,No,Yes,No,Yes,No,Yes,Yes,Yes,Yes,0,0,0,1,0,0,0,1,0,0,0,1,0,0,1,0,0,0,0,0
51,Female,425301,No,No,Yes,No,Yes,Yes,Yes,No,Yes,No,Yes,Yes,Yes,No,No,Yes,0,0,0,0,0,0,0,0,1,0,1,0,0,0,0,0,1,0,0,0
33,Female,356779,No,No,Yes,No,Yes,No,Yes,Yes,Yes,Yes,No,No,No,Yes,No,No,0,0,0,0,0,0,0,0,1,0,0,0,1,0,0,0,0,0,0,0
7,Female,69219,Yes,No,No,No,No,Yes,No,Yes,No,No,No,No,No,Yes,Yes,Yes,0,0,0,0,0,0,0,0,0,0,0,0,0,0,0,1,0,0,0,0
53,Female,430697,No,No,Yes,No,Yes,Yes,Yes,No,Yes,No,No,Yes,No,Yes,No,Yes,0,0,0,0,0,0,0,0,1,0,0,0,0,0,0,0,0,0,0,0
75,Male,56900,No,No,No,No,No,No,No,Yes,Yes,No,Yes,No,Yes,Yes,No,Yes,0,0,0,0,1,0,0,1,0,0,0,1,0,1,0,0,0,0,0,0
75,Male,59267,No,No,No,No,Yes,No,Yes,No,No,No,Yes,Yes,Yes,Yes,No,No,0,0,0,0,1,0,1,1,0,1,0,1,0,1,0,0,0,0,0,0
5,Female,101565,Yes,No,No,No,Yes,No,No,Yes,No,No,No,Yes,Yes,No,Yes,No,0,0,0,0,0,0,0,0,0,0,0,1,0,0,0,1,0,0,0,0
11,Male,343810,No,No,Yes,No,Yes,No,No,Yes,Yes,No,No,No,Yes,No,No,Yes,0,0,0,0,0,0,0,0,0,0,0,0,0,0,0,0,0,0,0,0
55,Female,111563,No,No,Yes,No,No,Yes,No,Yes,No,No,No,No,No,Yes,No,No,0,0,0,0,0,0,0,0,0,0,0,0,0,0,0,0,0,0,0,0
12,Male,113881,No,No,Yes,No,Yes,No,Yes,Yes,Yes,No,Yes,Yes,No,Yes,No,No,0,0,0,0,0,0,0,1,0,0,0,0,0,0,0,0,0,0,0,0
68,Male,17832,No,No,No,No,No,No,No,No,No,No,Yes,Yes,No,No,No,Yes,0,0,0,0,1,0,0,1,0,1,0,0,0,0,0,0,0,0,0,0
65,Male,386780,No,No,No,No,No,No,No,Yes,No,No,No,Yes,No,No,No,No,0,0,0,0,0,0,0,0,0,0,0,0,0,0,0,0,0,0,0,0
59,Female,107934,No,No,Yes,No,No,No,No,Yes,Yes,No,No,Yes,Yes,Yes,No,No,0,0,0,0,0,0,0,0,1,1,1,1,0,0,0,0,0,0,0,0
33,Female,30883,No,No,No,Yes,No,No,No,Yes,No,Yes,No,Yes,No,Yes,No,Yes,0,0,0,0,0,0,0,0,0,1,0,0,1,1,0,0,0,0,0,0
12,Female,159395,Yes,No,No,No,Yes,No,No,No,No,No,No,Yes,No,No,Yes,Yes,0,0,0,0,0,0,0,0,0,0,0,0,0,0,0,0,0,0,0,0
75,Male,44127,No,No,No,No,No,No,Yes,No,No,No,No,Yes,Yes,Yes,No,Yes,0,0,0,0,0,0,0,0,0,1,0,1,0,1,0,0,0,0,0,0
85,Female,288374,No,No,No,Yes,No,No,No,Yes,Yes,No,No,No,Yes,No,No,Yes,0,0,0,0,0,0,0,0,0,0,1,0,0,0,0,0,0,0,0,0
8,Male,326797,Yes,Yes,Yes,No,Yes,No,No,Yes,Yes,No,No,No,Yes,Yes,No,No,0,0,0,0,0,0,0,0,0,0,0,0,0,0,0,1,0,0,0,0
13,Female,448876,Yes,Yes,No,No,No,Yes,Yes,No,No,No,Yes,Yes,Yes,No,Yes,Yes,0,0,0,1,0,0,0,0,0,0,0,0,0,0,1,0,0,0,0,0
64,Female,245203,No,No,Yes,Yes,Yes,No,No,No,Yes,No,No,No,Yes,No,No,Yes,0,0,0,0,0,0,0,0,1,0,1,1,0,0,0,0,0,0,0,0
26,Female,213949,No,No,Yes,Yes,Yes,No,No,Yes,Yes,Yes,No,No,Yes,No,No,No,0,0,0,0,0,0,0,0,1,0,1,1,1,0,0,0,0,0,0,0
21,Male,135601,Yes,Yes,Yes,No,Yes,No,No,No,No,No,No,No,No,No,No,No,0,0,0,0,0,0,0,0,0,0,0,0,0,0,0,0,0,0,0,0
47,Male,236095,No,No,No,No,Yes,No,No,Yes,Yes,No,No,Yes,No,Yes,No,No,0,0,0,0,0,0,0,0,0,1,0,0,0,0,0,0,0,0,0,0
77,Male,237384,No,No,No,No,Yes,No,No,Yes,No,No,Yes,No,Yes,No,No,Yes,0,0,0,0,0,0,0,1,0,0,0,1,0,0,0,0,0,0,0,0
59,Male,250200,No,No,No,No,Yes,No,No,Yes,No,No,No,Yes,Yes,Yes,No,No,0,0,0,0,0,0,0,0,0,1,0,0,0,0,0,0,0,0,0,0
2,Male,498338,No,No,Yes,No,No,No,No,No,Yes,No,Yes,Yes,Yes,Yes,No,Yes,0,0,0,0,0,0,0,0,0,0,0,0,0,0,0,0,0,0,0,0
33,Female,398088,No,No,Yes,No,No,Yes,No,No,No,Yes,No,No,Yes,Yes,No,Yes,0,0,0,0,0,0,0,0,0,0,1,0,1,0,0,0,0,0,0,0
34,Male,15755,No,No,Yes,No,Yes,No,No,Yes,Yes,No,No,Yes,No,No,No,No,0,0,0,0,0,0,0,0,1,1,0,0,0,0,0,0,0,0,0,0
71,Female,283514,No,No,No,Yes,Yes,No,No,Yes,No,No,Yes,Yes,Yes,No,No,No,0,0,0,0,0,0,0,1,0,1,1,0,0,0,0,0,0,0,0,0
79,Male,132069,No,No,Yes,No,No,No,No,No,Yes,No,Yes,No,No,Yes,No,No,0,0,0,0,0,0,0,1,1,0,0,0,0,0,0,0,1,0,0,0
33,Male,354054,No,No,Yes,No,Yes,No,Yes,No,Yes,No,No,Yes,No,Yes,No,Yes,0,0,0,0,0,0,0,0,1,0,0,0,0,0,0,0,0,0,0,0
32,Male,328259,No,No,No,No,No,No,No,No,Yes,No,Yes,No,Yes,No,No,Yes,0,0,0,0,0,0,0,1,0,0,0,0,0,0,0,0,0,0,0,0
25,Female,454301,Yes,Yes,Yes,Yes,No,Yes,No,Yes,No,No,Yes,No,Yes,Yes,No,No,0,0,0,0,0,0,0,0,0,0,1,0,0,0,0,1,0,0,0,0
36,Female,68132,No,No,Yes,No,Yes,No,No,No,No,Yes,Yes,No,Yes,Yes,No,No,0,1,0,0,0,0,1,1,0,0,1,1,1,1,0,0,0,1,0,0
74,Female,191829,No,No,No,Yes,Yes,Yes,No,No,No,No,Yes,Yes,Yes,No,No,No,0,1,0,0,0,0,0,1,0,1,1,1,0,0,0,0,0,0,0,0
39,Female,215435,No,No,Yes,Yes,No,Yes,No,No,No,No,Yes,Yes,No,No,No,No,0,1,0,0,0,0,0,1,0,1,0,0,0,0,0,0,0,0,0,0
79,Male,23728,No,No,Yes,No,No,No,Yes,No,No,No,No,Yes,No,No,No,No,0,0,0,0,0,0,0,0,0,1,0,0,0,0,0,0,0,0,0,0
82,Female,389303,No,No,Yes,Yes,Yes,No,No,Yes,Yes,No,No,Yes,Yes,Yes,No,No,0,0,0,0,0,0,0,0,1,0,1,0,0,0,0,0,0,0,0,0
39,Male,269032,No,No,Yes,No,No,No,Yes,Yes,Yes,No,No,No,Yes,No,No,Yes,0,0,0,0,0,0,0,0,1,0,0,0,0,0,0,0,0,0,0,0
60,Male,413111,No,No,Yes,No,Yes,No,No,Yes,Yes,No,No,Yes,Yes,Yes,No,No,0,0,0,0,0,0,0,0,1,0,0,0,0,0,0,0,0,0,0,0
49,Male,71809,No,No,Yes,No,No,No,Yes,Yes,No,No,No,Yes,No,Yes,No,Yes,0,0,0,0,0,0,0,0,0,1,0,0,0,1,0,0,0,0,0,0
76,Female,245602,No,No,Yes,No,Yes,Yes,Yes,Yes,Yes,No,No,Yes,No,Yes,No,No,0,0,0,0,0,0,0,0,1,1,0,0,0,0,0,0,0,0,0,0
61,Female,254542,No,No,No,Yes,Yes,Yes,Yes,No,Yes,No,Yes,No,No,Yes,No,Yes,0,0,0,0,0,0,0,1,0,0,0,0,0,0,0,0,0,0,0,0
29,Male,248545,No,No,No,No,No,No,Yes,No,No,No,No,No,No,No,No,Yes,0,0,0,0,0,0,0,0,0,0,0,0,0,0,0,0,0,0,0,0
30,Female,279443,No,No,No,No,No,No,Yes,No,No,No,Yes,Yes,No,Yes,No,No,0,0,0,0,0,0,0,1,0,1,0,0,0,0,0,0,0,0,0,0
77,Female,55947,No,No,No,Yes,Yes,No,No,Yes,No,No,Yes,Yes,No,No,No,No,0,1,0,0,1,1,1,1,0,1,0,0,0,0,0,0,0,0,0,0
2,Male,206220,No,No,Yes,No,No,No,No,Yes,No,No,No,Yes,No,No,No,Yes,0,0,0,0,0,0,0,0,0,0,0,0,0,0,0,0,0,0,0,0
46,Male,414013,No,No,No,No,No,No,No,Yes,No,No,Yes,Yes,No,Yes,No,Yes,0,0,0,0,0,0,0,0,0,0,0,0,0,0,0,0,0,0,0,0
39,Male,494000,No,No,Yes,No,No,No,Yes,Yes,Yes,No,No,No,No,Yes,No,Yes,0,0,0,0,0,0,0,0,1,0,0,0,0,0,0,0,0,0,0,0
65,Male,301762,No,No,Yes,No,Yes,No,Yes,Yes,Yes,No,Yes,No,No,No,No,Yes,0,0,0,0,0,0,0,1,1,0,0,0,0,0,0,0,1,0,0,0
24,Male,148555,No,No,No,No,No,No,Yes,Yes,No,No,Yes,No,Yes,No,No,No,0,0,0,0,0,0,0,1,0,0,0,1,0,0,0,0,0,0,0,0
50,Male,114579,No,No,Yes,No,Yes,No,Yes,No,Yes,No,No,No,Yes,No,No,No,0,0,0,0,0,0,0,0,1,0,0,1,0,0,0,0,0,0,0,0
30,Female,133716,No,No,No,Yes,Yes,No,Yes,No,Yes,No,No,Yes,No,No,No,Yes,0,0,0,0,0,0,0,0,0,1,0,0,0,0,0,0,0,0,0,0
21,Male,270581,Yes,No,No,No,No,No,Yes,No,Yes,No,No,Yes,Yes,No,No,No,0,0,0,0,0,0,0,0,0,1,0,0,0,0,1,0,0,0,0,0
47,Female,160505,No,No,No,No,Yes,Yes,Yes,No,No,No,No,Yes,Yes,Yes,No,Yes,0,0,0,0,0,0,0,0,0,1,1,1,0,0,0,0,0,0,0,0
7,Male,62575,No,No,Yes,No,No,No,Yes,Yes,Yes,No,Yes,Yes,No,No,No,No,0,0,0,0,0,0,0,1,0,0,0,0,0,0,0,0,0,0,0,0
8,Female,351893,Yes,No,Yes,No,Yes,Yes,No,Yes,No,No,Yes,Yes,No,No,Yes,Yes,0,0,0,0,0,0,0,1,0,0,0,0,0,0,0,1,0,0,0,0
76,Male,416731,No,No,No,No,No,No,Yes,Yes,Yes,No,No,Yes,Yes,Yes,No,Yes,0,0,0,0,0,0,0,0,0,0,0,0,0,0,0,0,0,0,0,0
5,Female,56559,No,No,No,No,Yes,No,No,Yes,Yes,No,No,Yes,Yes,Yes,Yes,No,0,0,0,0,0,0,0,0,0,0,0,1,0,0,0,0,0,0,0,0
45,Female,355100,No,No,Yes,No,No,No,No,No,No,No,Yes,Yes,No,No,No,Yes,0,0,0,0,0,0,0,1,0,0,0,0,0,0,0,0,0,0,0,0
79,Female,360246,No,No,Yes,Yes,No,Yes,Yes,Yes,Yes,No,Yes,No,No,Yes,No,No,0,0,0,0,0,0,0,1,1,0,0,0,0,0,0,0,1,0,0,0
2,Male,48622,Yes,No,No,No,Yes,No,No,No,No,No,No,Yes,Yes,No,No,Yes,0,0,0,0,0,0,0,0,0,0,0,1,0,0,0,0,0,0,0,0
60,Female,220204,No,No,Yes,Yes,No,No,No,No,Yes,No,No,Yes,No,No,No,No,0,0,0,0,0,0,0,0,1,1,0,0,0,0,0,0,0,0,0,0
58,Male,152467,No,No,Yes,No,No,No,Yes,Yes,No,No,No,No,Yes,Yes,No,No,0,0,0,0,0,0,0,0,0,0,0,1,0,0,0,0,0,0,0,0
39,Male,349206,No,No,Yes,No,No,No,No,Yes,No,No,No,No,No,Yes,No,Yes,0,0,0,0,0,0,0,0,0,0,0,0,0,0,0,0,0,0,0,0
73,Female,144116,No,No,No,No,No,Yes,Yes,No,Yes,No,Yes,No,Yes,No,No,Yes,0,1,0,0,0,0,0,1,0,0,1,1,0,0,0,0,0,0,0,0
75,Female,210958,No,No,No,No,Yes,Yes,No,No,Yes,No,Yes,No,No,Yes,No,No,0,1,0,0,0,0,0,1,0,0,0,0,0,0,0,0,0,0,0,0
49,Female,475035,No,No,Yes,Yes,Yes,Yes,Yes,No,Yes,No,Yes,Yes,No,Yes,No,No,0,0,0,0,0,0,0,0,1,0,0,0,0,0,0,0,1,0,0,0
76,Female,358702,No,No,Yes,Yes,No,Yes,No,Yes,No,No,Yes,Yes,No,Yes,No,No,0,0,0,0,0,0,0,1,0,0,0,0,0,0,0,0,0,0,0,0
82,Male,292848,No,No,No,No,Yes,No,Yes,Yes,Yes,No,Yes,Yes,No,Yes,No,Yes,0,0,0,0,0,0,0,1,0,1,0,0,0,0,0,0,0,0,0,0
56,Male,163576,No,No,No,No,No,No,Yes,No,Yes,No,Yes,Yes,Yes,No,No,Yes,0,0,0,0,0,0,0,1,0,1,0,1,0,0,0,0,0,0,0,0
68,Female,414128,No,No,No,No,No,Yes,No,No,No,No,Yes,No,No,Yes,No,Yes,0,0,0,0,0,0,0,0,0,0,0,0,0,0,0,0,0,0,0,0
80,Male,255758,No,No,Yes,No,No,No,Yes,Yes,No,No,No,No,Yes,No,No,Yes,0,0,0,0,0,0,0,0,0,0,0,0,0,0,0,0,0,0,0,0
41,Female,385664,No,No,Yes,No,Yes,No,Yes,No,No,No,Yes,No,Yes,No,No,Yes,0,0,0,0,0,0,0,1,0,0,1,0,0,0,0,0,0,0,0,0
5,Male,65028,Yes,No,Yes,No,Yes,No,No,Yes,Yes,No,No,Yes,Yes,No,No,No,0,0,0,0,0,0,0,0,0,0,0,1,0,0,0,1,0,0,0,0
37,Female,44093,No,No,No,Yes,No,No,Yes,No,No,Yes,No,No,No,Yes,No,No,0,0,0,0,0,0,0,0,0,0,0,0,1,1,0,0,0,0,0,0
4,Female,315713,No,No,Yes,No,No,No,Yes,Yes,Yes,No,No,Yes,Yes,Yes,Yes,Yes,0,0,0,0,0,0,0,0,0,0,0,0,0,0,0,0,0,0,0,0
1,Female,457211,No,No,Yes,No,No,Yes,No,Yes,No,No,Yes,No,No,Yes,Yes,Yes,0,0,0,0,0,0,0,0,0,0,0,0,0,0,0,0,0,0,0,0
37,Female,491169,No,No,Yes,Yes,Yes,No,No,No,No,No,Yes,No,No,Yes,No,Yes,0,0,0,0,0,0,0,0,0,0,0,0,0,0,0,0,0,0,0,0
31,Female,88498,No,No,No,Yes,No,Yes,No,No,Yes,No,Yes,No,No,No,No,Yes,0,1,0,0,0,0,0,1,0,0,0,0,0,0,0,0,0,0,0,0
65,Female,187486,No,No,Yes,Yes,No,Yes,No,Yes,No,No,Yes,Yes,No,Yes,No,Yes,0,1,0,0,0,0,0,1,0,1,0,0,0,0,0,0,0,0,0,0
76,Female,492097,No,No,No,No,No,No,No,No,No,No,No,Yes,Yes,Yes,No,No,0,0,0,0,0,0,0,0,0,0,1,0,0,0,0,0,0,0,0,0
76,Female,337603,No,No,Yes,Yes,No,No,No,Yes,No,No,Yes,No,No,No,No,Yes,0,0,0,0,0,0,0,1,0,0,0,0,0,0,0,0,0,0,0,0
35,Female,173318,No,No,No,Yes,Yes,No,Yes,Yes,No,No,Yes,Yes,No,No,No,No,0,1,0,0,0,0,0,1,0,1,0,0,0,0,0,0,0,0,0,0
43,Male,72773,No,No,No,No,Yes,No,Yes,Yes,Yes,No,No,No,No,Yes,No,Yes,0,0,0,0,0,0,0,0,0,0,0,0,0,1,0,0,0,0,0,0
58,Female,238044,No,No,No,No,Yes,No,Yes,No,Yes,No,No,Yes,No,Yes,No,No,0,0,0,0,0,0,0,0,0,1,0,0,0,0,0,0,0,0,0,0
46,Male,23071,No,No,No,No,No,No,Yes,No,No,No,No,No,No,Yes,No,Yes,0,0,0,0,0,0,0,0,0,0,0,0,0,1,0,0,0,0,0,0
53,Male,318828,No,No,No,No,Yes,No,No,No,No,No,No,Yes,No,Yes,No,Yes,0,0,0,0,0,0,0,0,0,0,0,0,0,0,0,0,0,0,0,0
17,Female,276176,No,No,Yes,No,No,No,Yes,Yes,No,No,Yes,Yes,Yes,No,Yes,No,0,0,0,0,0,0,0,1,0,0,0,0,0,0,0,0,0,0,0,0
84,Male,97493,No,No,Yes,No,Yes,No,Yes,No,No,No,Yes,No,Yes,Yes,No,Yes,0,0,0,0,0,0,0,1,0,0,0,1,0,0,0,0,0,0,0,0
82,Female,140213,No,No,Yes,No,Yes,No,Yes,Yes,Yes,No,Yes,Yes,Yes,Yes,No,Yes,0,1,0,0,0,0,0,1,1,1,1,1,0,0,0,0,1,0,0,0
42,Female,58729,No,No,No,Yes,Yes,Yes,Yes,No,Yes,Yes,No,Yes,Yes,Yes,No,No,0,0,0,0,0,0,0,0,0,1,1,1,1,1,0,0,0,0,0,0
9,Female,474509,Yes,Yes,No,No,No,Yes,No,Yes,No,No,Yes,No,No,No,Yes,No,0,0,0,1,0,0,0,0,0,0,0,0,0,0,0,1,0,0,0,0
75,Male,141959,No,No,No,No,Yes,No,Yes,No,Yes,No,No,Yes,Yes,No,No,No,0,0,0,0,0,0,0,0,0,1,0,1,0,0,0,0,0,0,0,0
55,Male,138742,No,No,Yes,No,Yes,No,Yes,Yes,Yes,No,Yes,No,Yes,Yes,No,Yes,0,0,0,0,0,0,0,1,1,0,0,1,0,0,0,0,1,0,0,0
2,Male,499045,Yes,No,Yes,No,No,No,Yes,Yes,No,No,No,No,Yes,No,No,No,0,0,0,0,0,0,0,0,0,0,0,0,0,0,0,0,0,0,0,0
5,Male,344280,No,No,No,No,No,No,Yes,No,No,No,Yes,No,Yes,No,No,Yes,0,0,0,0,0,0,0,1,0,0,0,0,0,0,0,0,0,0,0,0
72,Male,282374,No,No,No,No,No,No,No,Yes,Yes,No,Yes,Yes,No,No,No,Yes,0,0,0,0,0,0,0,1,0,1,0,0,0,0,0,0,0,0,0,0
61,Female,234936,No,No,No,No,No,No,Yes,Yes,Yes,No,No,No,Yes,Yes,No,Yes,0,0,0,0,0,0,0,0,0,0,1,1,0,0,0,0,0,0,0,0
52,Female,30468,No,No,Yes,No,Yes,Yes,No,No,No,No,Yes,Yes,Yes,No,No,No,0,1,0,0,0,0,1,1,0,1,1,1,0,0,0,0,0,0,0,0
23,Female,391070,Yes,Yes,Yes,Yes,Yes,Yes,Yes,Yes,Yes,No,No,No,Yes,Yes,No,No,0,0,0,0,0,0,0,0,1,0,1,0,0,0,1,1,0,0,0,0
49,Female,224546,No,No,Yes,Yes,No,No,No,No,No,No,No,No,Yes,No,No,No,0,0,0,0,0,0,0,0,0,0,1,1,0,0,0,0,0,0,0,0
25,Female,107746,Yes,No,Yes,Yes,Yes,Yes,No,No,No,No,No,No,Yes,Yes,No,Yes,0,0,0,0,0,0,0,0,0,0,1,1,0,0,0,0,0,0,0,0
22,Female,314458,No,No,Yes,No,No,Yes,Yes,Yes,Yes,Yes,Yes,No,No,No,No,No,0,0,0,0,0,0,0,1,1,0,0,0,1,0,0,0,1,1,0,0
16,Male,241822,Yes,No,Yes,No,No,No,No,No,No,No,Yes,No,Yes,Yes,No,Yes,0,0,0,0,0,0,0,1,0,0,0,1,0,0,0,0,0,0,0,0
67,Male,286230,No,No,Yes,No,No,No,Yes,Yes,Yes,No,No,No,No,No,No,No,0,0,0,0,0,0,0,0,1,0,0,0,0,0,0,0,0,0,0,0
31,Male,93980,No,No,Yes,No,No,No,Yes,Yes,Yes,No,No,No,Yes,No,No,No,0,0,0,0,0,0,0,0,1,0,0,1,0,0,0,0,0,0,0,0
78,Female,52853,No,No,Yes,Yes,Yes,No,Yes,No,Yes,No,Yes,Yes,Yes,Yes,No,Yes,0,1,0,0,1,1,1,1,1,1,1,1,0,1,0,0,1,0,0,0
44,Male,222933,No,No,No,No,Yes,No,No,No,No,No,Yes,No,Yes,No,No,No,0,0,0,0,0,0,0,1,0,0,0,1,0,0,0,0,0,0,0,0
68,Male,51671,No,No,No,No,No,No,No,No,Yes,No,No,No,Yes,Yes,No,Yes,0,0,0,0,0,0,0,0,0,0,0,1,0,1,0,0,0,0,0,0
70,Female,465871,No,No,Yes,Yes,No,No,Yes,No,Yes,No,Yes,No,No,Yes,No,Yes,0,0,0,0,0,0,0,0,1,0,0,0,0,0,0,0,1,0,0,0
60,Female,98284,No,No,Yes,Yes,Yes,Yes,No,No,No,No,No,Yes,Yes,Yes,No,Yes,0,0,0,0,0,0,0,0,0,1,1,1,0,0,0,0,0,0,0,0
50,Female,302885,No,No,Yes,No,No,No,Yes,No,No,No,Yes,Yes,Yes,Yes,No,No,0,0,0,0,0,0,0,1,0,0,1,0,0,0,0,0,0,0,0,0
77,Male,268662,No,No,Yes,No,No,No,No,No,No,No,No,No,No,No,No,No,0,0,0,0,0,0,0,0,0,0,0,0,0,0,0,0,0,0,0,0
34,Female,135633,No,No,Yes,No,Yes,No,No,No,No,Yes,Yes,No,No,No,No,No,0,1,0,0,0,0,0,1,0,0,0,0,1,0,0,0,0,1,0,0
22,Female,167479,Yes,No,No,No,Yes,Yes,Yes,Yes,No,Yes,Yes,No,No,Yes,No,No,1,1,0,0,0,0,0,1,0,0,0,0,1,0,1,1,0,1,0,0
38,Male,34992,No,No,Yes,No,No,No,Yes,No,No,No,No,No,Yes,Yes,No,No,0,0,0,0,0,0,0,0,0,0,0,1,0,1,0,0,0,0,0,0
65,Female,97508,No,No,Yes,No,Yes,Yes,No,Yes,No,No,Yes,Yes,Yes,Yes,No,Yes,0,1,0,0,0,0,0,1,0,1,1,1,0,0,0,0,0,0,0,0
76,Female,363622,No,No,No,Yes,Yes,No,Yes,No,No,No,Yes,Yes,Yes,Yes,No,No,0,0,0,0,0,0,0,1,0,0,1,0,0,0,0,0,0,0,0,0
65,Female,310088,No,No,Yes,No,Yes,No,Yes,Yes,No,No,Yes,No,Yes,No,No,Yes,0,0,0,0,0,0,0,1,0,0,1,0,0,0,0,0,0,0,0,0
46,Female,94347,No,No,Yes,No,No,No,No,Yes,No,No,Yes,Yes,No,Yes,No,No,0,1,0,0,0,0,0,1,0,1,0,0,0,0,0,0,0,0,0,0
47,Female,317862,No,No,No,No,No,Yes,No,Yes,No,No,Yes,Yes,Yes,Yes,No,Yes,0,0,0,0,0,0,0,1,0,0,1,0,0,0,0,0,0,0,0,0
73,Female,419923,No,No,No,Yes,No,Yes,No,Yes,No,No,No,Yes,No,No,No,Yes,0,0,0,0,0,0,0,0,0,0,0,0,0,0,0,0,0,0,0,0
69,Male,426774,No,No,No,No,Yes,No,Yes,No,No,No,No,No,No,No,No,Yes,0,0,0,0,0,0,0,0,0,0,0,0,0,0,0,0,0,0,0,0
43,Male,387858,No,No,No,No,No,No,Yes,No,Yes,No,No,No,No,Yes,No,Yes,0,0,0,0,0,0,0,0,0,0,0,0,0,0,0,0,0,0,0,0
83,Male,150275,No,No,Yes,No,Yes,No,No,Yes,Yes,No,No,No,Yes,Yes,No,Yes,0,0,0,0,0,0,0,0,1,0,0,1,0,0,0,0,0,0,0,0
81,Female,304501,No,No,Yes,Yes,Yes,No,Yes,No,Yes,No,No,No,No,No,No,No,0,0,0,0,0,0,0,0,1,0,0,0,0,0,0,0,0,0,0,0
64,Male,202825,No,No,No,No,No,No,Yes,No,Yes,No,Yes,Yes,Yes,Yes,No,No,0,0,0,0,0,0,0,1,0,1,0,1,0,0,0,0,0,0,0,0
50,Female,122923,No,No,Yes,Yes,No,Yes,Yes,No,No,No,No,Yes,Yes,No,No,Yes,0,0,0,0,0,0,0,0,0,1,1,1,0,0,0,0,0,0,0,0
49,Female,409081,No,No,No,Yes,No,No,Yes,Yes,No,No,Yes,No,No,No,No,No,0,0,0,0,0,0,0,0,0,0,0,0,0,0,0,0,0,0,0,0
2,Female,108361,No,No,No,No,No,No,Yes,No,Yes,No,No,No,No,Yes,Yes,Yes,0,0,0,0,0,0,0,0,0,0,0,0,0,0,0,0,0,0,0,0
16,Female,450666,No,No,No,No,No,No,Yes,Yes,No,No,No,Yes,No,No,Yes,Yes,0,0,0,0,0,0,0,0,0,0,0,0,0,0,0,0,0,0,0,0
42,Female,440242,No,No,No,No,Yes,Yes,No,Yes,Yes,No,Yes,Yes,Yes,No,No,Yes,0,0,0,0,0,0,0,0,0,0,1,0,0,0,0,0,0,0,0,0
61,Female,335831,No,No,No,No,No,Yes,No,No,No,No,No,No,Yes,Yes,No,Yes,0,0,0,0,0,0,0,0,0,0,1,0,0,0,0,0,0,0,0,0
48,Male,16596,No,No,No,No,No,No,Yes,No,Yes,No,Yes,No,Yes,Yes,No,Yes,0,0,0,0,0,0,0,1,0,0,0,1,0,1,0,0,0,0,0,0
60,Male,118505,No,No,No,No,Yes,No,No,No,No,No,Yes,No,No,No,No,No,0,0,0,0,0,0,0,1,0,0,0,0,0,0,0,0,0,0,0,0
82,Female,67899,No,No,No,No,Yes,Yes,No,Yes,Yes,No,Yes,No,No,No,No,No,0,1,0,0,1,0,1,1,0,0,0,0,0,0,0,0,0,0,0,0
67,Female,241490,No,No,Yes,No,No,Yes,Yes,No,Yes,No,No,No,No,No,No,Yes,0,0,0,0,0,0,0,0,1,0,0,0,0,0,0,0,0,0,0,0
48,Male,492769,No,No,Yes,No,No,No,Yes,Yes,No,No,Yes,Yes,Yes,No,No,No,0,0,0,0,0,0,0,0,0,0,0,0,0,0,0,0,0,0,0,0
55,Male,49118,No,No,No,No,No,No,Yes,No,No,No,Yes,No,Yes,No,No,Yes,0,0,0,0,0,0,0,1,0,0,0,1,0,0,0,0,0,0,0,0
15,Female,130059,Yes,Yes,No,No,Yes,No,No,Yes,Yes,Yes,No,Yes,No,No,Yes,Yes,0,0,0,0,0,0,0,0,0,0,0,0,0,0,0,1,0,0,0,0
10,Male,318213,No,No,Yes,No,Yes,No,Yes,Yes,Yes,No,Yes,Yes,No,No,No,Yes,0,0,0,0,0,0,0,1,0,0,0,0,0,0,0,0,0,0,0,0
12,Male,187851,No,No,No,No,No,No,No,Yes,Yes,No,No,Yes,No,No,No,Yes,0,0,0,0,0,0,0,0,0,0,0,0,0,0,0,0,0,0,0,0
9,Male,283985,Yes,No,No,No,Yes,No,Yes,No,Yes,No,No,Yes,Yes,No,No,No,0,0,0,0,0,0,0,0,0,0,0,0,0,0,1,0,0,0,0,0
38,Male,183474,No,No,No,No,No,No,Yes,Yes,No,No,No,No,No,No,No,No,0,0,0,0,0,0,0,0,0,0,0,0,0,0,0,0,0,0,0,0
6,Female,326365,Yes,Yes,Yes,No,No,No,Yes,Yes,Yes,No,No,No,No,Yes,Yes,No,0,0,0,0,0,0,0,0,0,0,0,0,0,0,1,1,0,0,0,0
24,Male,384473,Yes,No,Yes,No,No,No,No,Yes,Yes,No,Yes,Yes,Yes,Yes,No,Yes,0,0,0,0,0,0,0,1,1,0,0,0,0,0,0,1,1,0,0,1
34,Male,141994,No,No,No,No,Yes,No,No,Yes,Yes,No,Yes,No,No,No,No,No,0,0,0,0,0,0,0,1,0,0,0,0,0,0,0,0,0,0,0,0
71,Female,344058,No,No,Yes,Yes,No,Yes,No,Yes,No,No,No,Yes,Yes,No,No,No,0,0,0,0,0,0,0,0,0,0,1,0,0,0,0,0,0,0,0,0
66,Female,473489,No,No,No,No,Yes,Yes,Yes,No,Yes,No,No,No,No,No,No,Yes,0,0,0,0,0,0,0,0,0,0,0,0,0,0,0,0,0,0,0,0
72,Male,496872,No,No,No,No,Yes,No,Yes,No,No,No,No,No,Yes,Yes,No,Yes,0,0,0,0,0,0,0,0,0,0,0,0,0,0,0,0,0,0,0,0
61,Male,108686,No,No,Yes,No,No,No,No,Yes,Yes,No,Yes,Yes,No,Yes,No,No,0,0,0,0,0,0,0,1,1,1,0,0,0,0,0,0,1,0,0,0
66,Male,36480,No,No,No,No,No,No,Yes,No,Yes,No,Yes,Yes,No,No,No,No,0,0,0,0,1,0,0,1,0,1,0,0,0,0,0,0,0,0,0,0
22,Female,457287,No,No,No,Yes,Yes,No,Yes,No,No,Yes,Yes,No,No,No,No,Yes,0,0,0,0,0,0,0,0,0,0,0,0,1,0,0,0,0,1,0,1
45,Male,495999,No,No,Yes,No,No,No,No,Yes,No,No,Yes,Yes,Yes,Yes,No,No,0,0,0,0,0,0,0,0,0,0,0,0,0,0,0,0,0,0,0,0
32,Female,74293,No,No,Yes,No,Yes,Yes,No,Yes,No,No,No,No,Yes,Yes,No,Yes,0,0,0,0,0,0,0,0,0,0,1,1,0,1,0,0,0,0,0,0
78,Female,440110,No,No,No,No,Yes,No,Yes,No,Yes,No,No,Yes,No,Yes,No,No,0,0,0,0,0,0,0,0,0,0,0,0,0,0,0,0,0,0,0,0
35,Female,245241,No,No,Yes,No,Yes,No,Yes,No,No,Yes,No,No,Yes,Yes,No,No,0,0,0,0,0,0,0,0,0,0,1,1,1,0,0,0,0,0,0,0
10,Female,364953,No,No,No,No,No,Yes,No,No,No,No,No,No,No,No,Yes,No,0,0,0,0,0,0,0,0,0,0,0,0,0,0,0,0,0,0,0,0
10,Female,93437,No,No,Yes,No,No,No,Yes,Yes,Yes,No,No,No,No,No,Yes,Yes,0,0,0,0,0,0,0,0,0,0,0,0,0,0,0,0,0,0,0,0
61,Male,401814,No,No,Yes,No,No,No,No,No,No,No,No,Yes,No,Yes,No,No,0,0,0,0,0,0,0,0,0,0,0,0,0,0,0,0,0,0,0,0
10,Male,102829,No,No,No,No,Yes,No,No,Yes,No,No,Yes,Yes,Yes,No,No,Yes,0,0,0,0,0,0,0,1,0,0,0,1,0,0,0,0,0,0,0,0
39,Male,426861,No,No,Yes,No,No,No,No,No,No,No,No,No,Yes,Yes,No,Yes,0,0,0,0,0,0,0,0,0,0,0,0,0,0,0,0,0,0,0,0
2,Female,469888,No,No,Yes,No,Yes,No,Yes,No,Yes,No,No,No,No,Yes,Yes,No,0,0,0,0,0,0,0,0,0,0,0,0,0,0,0,0,0,0,0,0
42,Female,347763,No,No,No,No,No,Yes,No,Yes,No,No,Yes,Yes,Yes,Yes,No,No,0,0,0,0,0,0,0,1,0,0,1,0,0,0,0,0,0,0,0,0
12,Male,282927,No,No,No,No,Yes,No,Yes,Yes,Yes,No,Yes,Yes,No,Yes,No,Yes,0,0,0,0,0,0,0,1,0,0,0,0,0,0,0,0,0,0,0,0
14,Male,181834,No,No,No,No,No,No,Yes,Yes,No,No,No,Yes,No,No,No,Yes,0,0,0,0,0,0,0,0,0,0,0,0,0,0,0,0,0,0,0,0
33,Male,436961,No,No,Yes,No,No,No,Yes,No,No,No,Yes,No,Yes,Yes,No,Yes,0,0,0,0,0,0,0,0,0,0,0,0,0,0,0,0,0,0,0,0
8,Male,357245,No,No,Yes,No,Yes,No,No,No,No,No,No,Yes,No,Yes,No,Yes,0,0,0,0,0,0,0,0,0,0,0,0,0,0,0,0,0,0,0,0
56,Male,84236,No,No,No,No,No,No,Yes,Yes,Yes,No,No,Yes,No,Yes,No,No,0,0,0,0,0,0,0,0,0,1,0,0,0,0,0,0,0,0,0,0
41,Male,376748,No,No,Yes,No,No,No,Yes,Yes,No,No,No,Yes,No,Yes,No,Yes,0,0,0,0,0,0,0,0,0,0,0,0,0,0,0,0,0,0,0,0
3,Female,418370,Yes,No,No,No,No,Yes,Yes,Yes,No,No,No,Yes,No,Yes,Yes,Yes,0,0,0,0,0,0,0,0,0,0,0,0,0,0,0,0,0,0,0,0
37,Female,383646,No,No,Yes,Yes,No,Yes,No,Yes,Yes,No,Yes,No,No,No,No,Yes,0,0,0,0,0,0,0,1,1,0,0,0,0,0,0,0,1,0,0,0
33,Male,226513,No,No,No,No,Yes,No,No,Yes,Yes,No,No,Yes,Yes,No,No,No,0,0,0,0,0,0,0,0,0,1,0,1,0,0,0,0,0,0,0,0
81,Male,303165,No,No,No,No,Yes,No,No,Yes,No,No,Yes,Yes,No,Yes,No,Yes,0,0,0,0,0,0,0,1,0,0,0,0,0,0,0,0,0,0,0,0
14,Female,305515,Yes,No,No,No,Yes,No,No,No,Yes,No,No,No,Yes,No,Yes,Yes,0,0,0,0,0,0,0,0,0,0,0,0,0,0,0,0,0,0,0,0
14,Female,417428,Yes,Yes,No,No,No,No,Yes,Yes,Yes,No,Yes,Yes,Yes,Yes,Yes,No,0,0,0,1,0,0,0,0,0,0,0,0,0,0,1,1,0,0,0,0
74,Male,199744,No,No,No,No,No,No,No,Yes,No,No,No,Yes,Yes,No,No,Yes,0,0,0,0,0,0,0,0,0,1,0,1,0,0,0,0,0,0,0,0
66,Female,88441,No,No,Yes,Yes,Yes,Yes,No,No,No,No,No,No,Yes,Yes,No,Yes,0,0,0,0,0,0,0,0,0,0,1,1,0,0,0,0,0,0,0,0
24,Female,39590,No,No,No,No,No,Yes,No,Yes,Yes,No,No,No,No,No,No,No,0,0,0,0,0,0,0,0,0,0,0,0,0,0,0,0,0,0,0,0
56,Male,123787,No,No,Yes,No,Yes,No,No,Yes,Yes,No,Yes,No,Yes,No,No,No,0,0,0,0,0,0,0,1,1,0,0,1,0,0,0,0,1,0,0,0
46,Female,346746,No,No,No,Yes,No,Yes,No,Yes,No,No,No,No,No,No,No,Yes,0,0,0,0,0,0,0,0,0,0,0,0,0,0,0,0,0,0,0,0
25,Female,366173,No,No,Yes,Yes,No,Yes,Yes,Yes,No,Yes,No,Yes,No,Yes,No,Yes,0,0,0,0,0,0,0,0,0,0,0,0,1,0,0,0,0,0,0,0
64,Male,459068,No,No,Yes,No,No,No,Yes,No,Yes,No,No,No,Yes,No,No,No,0,0,0,0,0,0,0,0,1,0,0,0,0,0,0,0,0,0,0,0
25,Female,286469,Yes,Yes,No,No,Yes,Yes,No,No,No,No,Yes,No,Yes,Yes,No,No,0,0,0,0,0,0,0,1,0,0,1,0,0,0,0,0,0,0,0,0
39,Female,463573,No,No,No,No,Yes,No,Yes,Yes,No,No,Yes,No,No,Yes,No,Yes,0,0,0,0,0,0,0,0,0,0,0,0,0,0,0,0,0,0,0,0
75,Female,370333,No,No,No,Yes,No,No,No,No,Yes,No,Yes,No,Yes,Yes,No,No,0,0,0,0,0,0,0,1,0,0,1,0,0,0,0,0,0,0,0,0
47,Female,465324,No,No,No,No,No,No,No,Yes,No,No,Yes,Yes,No,Yes,No,No,0,0,0,0,0,0,0,0,0,0,0,0,0,0,0,0,0,0,0,0
35,Male,384173,No,No,No,No,Yes,No,Yes,Yes,Yes,No,Yes,No,Yes,No,No,Yes,0,0,0,0,0,0,0,1,0,0,0,0,0,0,0,0,0,0,0,0
25,Female,274727,No,No,Yes,No,Yes,No,No,Yes,No,No,No,Yes,Yes,Yes,No,No,0,0,0,0,0,0,0,0,0,1,1,0,0,0,0,0,0,0,0,0
43,Female,398570,No,No,Yes,Yes,Yes,Yes,No,Yes,No,No,No,No,Yes,Yes,No,Yes,0,0,0,0,0,0,0,0,0,0,1,0,0,0,0,0,0,0,0,0
51,Female,23528,No,No,Yes,No,No,No,Yes,Yes,No,No,No,Yes,No,Yes,No,Yes,0,0,0,0,0,0,0,0,0,1,0,0,0,1,0,0,0,0,0,0
56,Male,384096,No,No,No,No,No,No,No,Yes,Yes,No,Yes,No,Yes,Yes,No,No,0,0,0,0,0,0,0,1,0,0,0,0,0,0,0,0,0,0,0,0
64,Female,54453,No,No,Yes,No,No,Yes,No,No,Yes,No,Yes,Yes,Yes,No,No,Yes,0,1,0,0,1,0,0,1,1,1,1,1,0,0,0,0,1,0,0,0
22,Male,257319,Yes,No,No,No,Yes,No,No,No,Yes,No,Yes,Yes,Yes,No,No,No,0,0,0,0,0,0,0,1,0,1,0,0,0,0,0,0,0,0,0,0
19,Female,335890,Yes,No,Yes,No,Yes,No,No,No,No,Yes,Yes,Yes,Yes,No,No,Yes,0,0,0,0,0,0,0,1,0,0,1,0,1,0,0,0,0,1,0,1
26,Female,204155,No,No,No,Yes,Yes,No,Yes,No,Yes,No,No,No,No,Yes,No,No,0,0,0,0,0,0,0,0,0,0,0,0,0,0,0,0,0,0,0,0
28,Female,160590,No,No,Yes,No,No,Yes,Yes,No,Yes,No,Yes,No,No,Yes,No,Yes,0,1,0,0,0,0,0,1,1,0,0,0,0,0,0,0,1,0,0,1
73,Female,148629,No,No,No,No,Yes,No,Yes,No,Yes,No,No,Yes,No,Yes,No,Yes,0,0,0,0,0,0,0,0,0,1,0,0,0,0,0,0,0,0,0,0
33,Female,164685,No,No,No,No,Yes,No,Yes,No,Yes,Yes,No,No,No,No,No,No,0,0,0,0,0,0,0,0,0,0,0,0,1,0,0,0,0,0,0,0
30,Female,329857,No,No,No,No,Yes,Yes,No,No,Yes,No,Yes,Yes,Yes,No,No,Yes,0,0,0,0,0,0,0,1,0,0,1,0,0,0,0,0,0,0,0,1
82,Male,343699,No,No,No,No,Yes,No,Yes,Yes,Yes,No,Yes,Yes,No,No,No,No,0,0,0,0,0,0,0,1,0,0,0,0,0,0,0,0,0,0,0,0
39,Male,246393,No,No,Yes,No,No,No,Yes,Yes,Yes,No,Yes,Yes,No,No,No,No,0,0,0,0,0,0,0,1,1,1,0,0,0,0,0,0,1,0,0,0
21,Female,135873,No,No,No,No,Yes,Yes,No,No,No,No,No,Yes,Yes,Yes,No,Yes,0,0,0,0,0,0,0,0,0,1,1,1,0,0,0,0,0,0,0,0
10,Female,323972,No,No,Yes,No,Yes,Yes,No,No,No,No,Yes,Yes,Yes,No,Yes,Yes,0,0,0,0,0,0,0,1,0,0,0,0,0,0,0,0,0,0,0,0
74,Male,438425,No,No,No,No,No,No,No,Yes,No,No,Yes,No,Yes,Yes,No,Yes,0,0,0,0,0,0,0,0,0,0,0,0,0,0,0,0,0,0,0,0
16,Female,61828,No,No,No,No,Yes,Yes,No,No,Yes,No,Yes,Yes,No,Yes,Yes,No,0,0,0,0,0,0,0,1,0,0,0,0,0,0,0,0,0,0,1,0
80,Female,286429,No,No,No,No,No,Yes,No,No,No,No,Yes,No,No,Yes,No,Yes,0,0,0,0,0,0,0,1,0,0,0,0,0,0,0,0,0,0,0,0
29,Male,68612,No,No,Yes,No,No,No,Yes,No,No,No,Yes,No,No,No,No,No,0,0,0,0,0,0,0,1,0,0,0,0,0,0,0,0,0,0,0,0
8,Male,396589,No,No,Yes,No,No,No,No,No,No,No,No,No,Yes,No,No,No,0,0,0,0,0,0,0,0,0,0,0,0,0,0,0,0,0,0,0,0
37,Male,246593,No,No,Yes,No,Yes,No,Yes,Yes,Yes,No,Yes,No,Yes,No,No,No,0,0,0,0,0,0,0,1,1,0,0,1,0,0,0,0,1,0,0,0
76,Female,109011,No,No,No,No,No,Yes,No,Yes,Yes,No,Yes,No,No,No,No,Yes,0,1,0,0,0,0,0,1,0,0,0,0,0,0,0,0,0,0,0,0
16,Male,395708,No,No,Yes,No,Yes,No,Yes,Yes,Yes,No,Yes,No,Yes,No,No,Yes,0,0,0,0,0,0,0,1,0,0,0,0,0,0,0,0,0,0,0,0
35,Male,462595,No,No,Yes,No,No,No,Yes,Yes,Yes,No,No,Yes,Yes,No,No,Yes,0,0,0,0,0,0,0,0,1,0,0,0,0,0,0,0,0,0,0,0
25,Male,396497,No,No,Yes,No,Yes,No,Yes,Yes,No,No,Yes,Yes,Yes,No,No,No,0,0,0,0,0,0,0,1,0,0,0,0,0,0,0,0,0,0,0,0
38,Female,219835,No,No,No,Yes,Yes,Yes,No,No,Yes,Yes,Yes,Yes,No,No,No,No,0,1,0,0,0,0,0,1,0,1,0,0,1,0,0,0,0,1,0,0
70,Male,34598,No,No,Yes,No,Yes,No,Yes,No,Yes,No,Yes,No,No,No,No,No,0,0,0,0,1,0,1,1,1,0,0,0,0,0,0,0,1,0,0,0
5,Male,216708,Yes,Yes,No,No,No,No,Yes,No,Yes,No,Yes,Yes,Yes,No,No,Yes,0,0,0,1,0,0,0,1,0,0,0,1,0,0,1,0,0,0,0,0
11,Female,438791,Yes,No,No,No,Yes,No,Yes,No,Yes,No,No,No,Yes,No,Yes,Yes,0,0,0,0,0,0,0,0,0,0,0,0,0,0,1,0,0,0,0,0
23,Female,472797,No,No,Yes,No,Yes,No,Yes,No,Yes,Yes,No,No,Yes,Yes,No,Yes,0,0,0,0,0,0,0,0,1,0,1,0,1,0,0,0,0,0,0,0
7,Male,432549,Yes,Yes,Yes,No,Yes,No,Yes,Yes,No,No,Yes,Yes,Yes,Yes,No,No,0,0,0,1,0,0,0,0,0,0,0,0,0,0,1,1,0,0,0,0
8,Male,213497,Yes,Yes,Yes,No,Yes,No,Yes,Yes,Yes,No,Yes,Yes,No,Yes,No,No,0,0,0,1,0,0,0,1,0,0,0,0,0,0,1,1,0,0,0,0
43,Female,478756,No,No,No,No,No,No,Yes,Yes,Yes,No,Yes,No,No,No,No,No,0,0,0,0,0,0,0,0,0,0,0,0,0,0,0,0,0,0,0,0
54,Female,435522,No,No,No,No,Yes,Yes,No,No,Yes,No,No,Yes,No,No,No,No,0,0,0,0,0,0,0,0,0,0,0,0,0,0,0,0,0,0,0,0
31,Female,41448,No,No,Yes,Yes,No,No,No,No,Yes,No,No,No,Yes,No,No,No,0,0,0,0,0,0,0,0,1,0,1,1,0,0,0,0,0,0,0,0
33,Female,258708,No,No,No,Yes,No,Yes,No,Yes,Yes,Yes,No,Yes,Yes,Yes,No,Yes,0,0,0,0,0,0,0,0,0,1,1,0,1,0,0,0,0,0,0,0
60,Male,213442,No,No,Yes,No,Yes,No,Yes,No,Yes,No,Yes,Yes,No,Yes,No,Yes,0,0,0,0,0,0,0,1,1,1,0,0,0,0,0,0,1,0,0,0
60,Male,399424,No,No,Yes,No,Yes,No,No,Yes,No,No,No,Yes,No,Yes,No,Yes,0,0,0,0,0,0,0,0,0,0,0,0,0,0,0,0,0,0,0,0
5,Female,400600,Yes,Yes,No,No,Yes,No,No,Yes,No,No,No,No,No,Yes,Yes,Yes,0,0,0,0,0,0,0,0,0,0,0,0,0,0,0,1,0,0,0,0
45,Male,123713,No,No,No,No,No,No,No,No,Yes,No,No,Yes,Yes,Yes,No,No,0,0,0,0,0,0,0,0,0,1,0,1,0,0,0,0,0,0,0,0
8,Female,499683,Yes,No,Yes,No,No,No,Yes,No,No,No,Yes,Yes,Yes,Yes,Yes,Yes,0,0,0,0,0,0,0,0,0,0,0,0,0,0,1,0,0,0,0,0
23,Male,477272,No,No,No,No,Yes,No,No,Yes,Yes,No,No,Yes,Yes,No,No,Yes,0,0,0,0,0,0,0,0,0,0,0,0,0,0,0,0,0,0,0,0
84,Male,167357,No,No,No,No,No,No,Yes,Yes,Yes,No,Yes,Yes,Yes,No,No,Yes,0,0,0,0,0,0,0,1,0,1,0,1,0,0,0,0,0,0,0,0
16,Female,22542,No,No,Yes,No,Yes,No,Yes,No,No,Yes,Yes,Yes,Yes,Yes,Yes,Yes,0,0,0,0,0,0,0,1,0,0,0,1,0,0,0,0,0,0,1,0
31,Male,420237,No,No,Yes,No,Yes,No,Yes,No,Yes,No,No,Yes,No,No,No,Yes,0,0,0,0,0,0,0,0,1,0,0,0,0,0,0,0,0,0,0,0
15,Female,489865,No,No,No,No,No,No,Yes,No,Yes,No,No,Yes,No,No,Yes,Yes,0,0,0,0,0,0,0,0,0,0,0,0,0,0,0,0,0,0,0,0
47,Female,10243,No,No,No,No,Yes,Yes,Yes,No,No,No,No,No,No,Yes,No,Yes,0,0,0,0,0,0,0,0,0,0,0,0,0,1,0,0,0,0,0,0
20,Male,205775,Yes,Yes,Yes,No,No,No,Yes,No,No,No,No,Yes,Yes,Yes,No,Yes,0,0,0,0,0,0,0,0,0,1,0,1,0,0,1,0,0,0,0,0
19,Male,355676,Yes,Yes,No,No,No,No,No,Yes,No,No,No,No,No,No,No,Yes,0,0,0,0,0,0,0,0,0,0,0,0,0,0,0,1,0,0,0,0
79,Female,105935,No,No,No,Yes,Yes,No,Yes,No,Yes,No,No,Yes,No,Yes,No,Yes,0,0,0,0,0,0,0,0,0,1,0,0,0,0,0,0,0,0,0,0
41,Female,202825,No,No,No,Yes,No,Yes,No,Yes,Yes,Yes,Yes,Yes,No,No,No,No,0,1,0,0,0,0,0,1,0,1,0,0,1,0,0,0,0,1,0,0
3,Female,61028,Yes,No,No,No,Yes,Yes,No,Yes,Yes,No,No,Yes,Yes,Yes,Yes,Yes,0,0,0,0,0,0,0,0,0,0,0,1,0,0,0,0,0,0,0,0
51,Female,120644,No,No,No,No,No,Yes,Yes,No,Yes,No,No,Yes,Yes,Yes,No,No,0,0,0,0,0,0,0,0,0,1,1,1,0,0,0,0,0,0,0,0
23,Male,178262,Yes,No,Yes,No,No,No,Yes,No,No,No,No,No,Yes,No,No,Yes,0,0,0,0,0,0,0,0,0,0,0,1,0,0,1,0,0,0,0,0
17,Female,288297,No,No,No,No,No,No,No,Yes,Yes,Yes,Yes,No,Yes,Yes,Yes,Yes,0,0,0,0,0,0,0,1,0,0,0,0,0,0,0,0,0,0,0,1
61,Female,118192,No,No,No,Yes,Yes,Yes,No,No,No,No,Yes,No,Yes,Yes,No,No,0,1,0,0,0,0,0,1,0,0,1,1,0,0,0,0,0,0,0,0
50,Female,239696,No,No,Yes,Yes,Yes,Yes,Yes,No,Yes,No,Yes,No,Yes,Yes,No,Yes,0,1,0,0,0,0,0,1,1,0,1,1,0,0,0,0,1,0,0,0
85,Female,377831,No,No,No,No,No,No,No,No,No,No,No,No,No,No,No,Yes,0,0,0,0,0,0,0,0,0,0,0,0,0,0,0,0,0,0,0,0
23,Male,383804,No,No,Yes,No,No,No,No,Yes,No,No,Yes,Yes,Yes,No,No,No,0,0,0,0,0,0,0,1,0,0,0,0,0,0,0,0,0,0,0,0
84,Male,295514,No,No,No,No,Yes,No,No,No,No,No,No,No,No,No,No,No,0,0,0,0,0,0,0,0,0,0,0,0,0,0,0,0,0,0,0,0
24,Female,142158,No,No,No,No,Yes,Yes,No,Yes,No,No,No,Yes,No,Yes,No,No,0,0,0,0,0,0,0,0,0,1,0,0,0,0,0,0,0,0,0,0
45,Female,155491,No,No,No,Yes,No,Yes,Yes,No,Yes,Yes,No,Yes,No,Yes,No,No,0,0,0,0,0,0,0,0,0,1,0,0,1,0,0,0,0,0,0,0
15,Female,182719,No,No,Yes,No,No,No,No,Yes,Yes,Yes,No,Yes,Yes,Yes,Yes,Yes,0,0,0,0,0,0,0,0,0,0,0,1,0,0,0,0,0,0,0,0
62,Male,93862,No,No,Yes,No,No,No,Yes,No,Yes,No,Yes,Yes,Yes,No,No,No,0,0,0,0,0,0,0,1,1,1,0,1,0,0,0,0,1,0,0,0
29,Female,258258,No,No,Yes,No,Yes,Yes,No,No,Yes,Yes,Yes,Yes,Yes,Yes,No,Yes,0,0,0,0,0,0,0,1,1,1,1,0,1,0,0,0,1,1,0,1
9,Female,466923,No,No,No,No,Yes,No,Yes,No,Yes,No,No,No,No,Yes,Yes,Yes,0,0,0,0,0,0,0,0,0,0,0,0,0,0,0,0,0,0,0,0
5,Male,194971,Yes,No,Yes,No,Yes,No,Yes,No,Yes,No,No,Yes,Yes,Yes,No,No,0,0,0,0,0,0,0,0,0,0,0,1,0,0,1,0,0,0,0,0
61,Female,195827,No,No,No,Yes,Yes,No,No,Yes,Yes,No,No,No,Yes,No,No,No,0,0,0,0,0,0,0,0,0,0,1,1,0,0,0,0,0,0,0,0
54,Female,117569,No,No,No,No,No,Yes,Yes,Yes,Yes,No,No,Yes,No,Yes,No,Yes,0,0,0,0,0,0,0,0,0,1,0,0,0,0,0,0,0,0,0,0
16,Male,481082,No,No,No,No,Yes,No,Yes,Yes,No,No,No,No,Yes,No,No,No,0,0,0,0,0,0,0,0,0,0,0,0,0,0,0,0,0,0,0,0
69,Female,351152,No,No,Yes,No,No,No,Yes,No,Yes,No,No,Yes,Yes,No,No,No,0,0,0,0,0,0,0,0,1,0,1,0,0,0,0,0,0,0,0,0
56,Male,427306,No,No,Yes,No,Yes,No,No,Yes,No,No,No,Yes,Yes,No,No,No,0,0,0,0,0,0,0,0,0,0,0,0,0,0,0,0,0,0,0,0
4,Female,66319,No,No,Yes,No,No,No,No,Yes,Yes,No,Yes,No,No,No,Yes,Yes,0,0,0,0,0,0,0,1,0,0,0,0,0,0,0,0,0,0,1,0
4,Male,431688,Yes,Yes,No,No,No,No,No,No,No,No,Yes,No,Yes,No,No,No,0,0,0,0,0,0,0,0,0,0,0,0,0,0,0,0,0,0,0,0
40,Female,273433,No,No,Yes,Yes,No,Yes,No,Yes,Yes,Yes,Yes,No,No,Yes,No,No,0,0,0,0,0,0,0,1,1,0,0,0,1,0,0,0,1,1,0,0
79,Male,390807,No,No,No,No,No,No,No,Yes,Yes,No,Yes,No,Yes,Yes,No,No,0,0,0,0,0,0,0,1,0,0,0,0,0,0,0,0,0,0,0,0
71,Male,138239,No,No,No,No,Yes,No,No,No,Yes,No,Yes,No,Yes,Yes,No,Yes,0,0,0,0,0,0,0,1,0,0,0,1,0,0,0,0,0,0,0,0
52,Male,98317,No,No,No,No,Yes,No,Yes,No,Yes,No,No,Yes,Yes,Yes,No,Yes,0,0,0,0,0,0,0,0,0,1,0,1,0,0,0,0,0,0,0,0
4,Male,150563,Yes,Yes,No,No,Yes,No,Yes,No,No,No,No,No,Yes,Yes,No,No,0,0,0,0,0,0,0,0,0,0,0,1,0,0,0,0,0,0,0,0
72,Male,498648,No,No,No,No,Yes,No,Yes,No,Yes,No,Yes,Yes,No,Yes,No,Yes,0,0,0,0,0,0,0,0,0,0,0,0,0,0,0,0,0,0,0,0
79,Female,24228,No,No,No,Yes,Yes,Yes,No,Yes,Yes,No,No,Yes,Yes,Yes,No,No,0,0,0,0,0,0,0,0,0,1,1,1,0,1,0,0,0,0,0,0
75,Male,455464,No,No,No,No,Yes,No,No,Yes,No,No,Yes,Yes,No,Yes,No,No,0,0,0,0,0,0,0,0,0,0,0,0,0,0,0,0,0,0,0,0
31,Female,437694,No,No,Yes,Yes,Yes,No,Yes,No,Yes,No,Yes,Yes,No,Yes,No,Yes,0,0,0,0,0,0,0,0,1,0,0,0,0,0,0,0,1,0,0,0
74,Female,140035,No,No,Yes,Yes,No,No,No,Yes,Yes,No,Yes,No,Yes,No,No,Yes,0,1,0,0,0,0,0,1,1,0,1,1,0,0,0,0,1,0,0,0
84,Male,313866,No,No,Yes,No,Yes,No,Yes,Yes,No,No,Yes,No,No,Yes,No,No,0,0,0,0,0,0,0,1,0,0,0,0,0,0,0,0,0,0,0,0
53,Male,158529,No,No,Yes,No,Yes,No,No,No,Yes,No,Yes,No,No,No,No,No,0,0,0,0,0,0,0,1,1,0,0,0,0,0,0,0,1,0,0,0
54,Female,62880,No,No,No,No,Yes,Yes,No,No,No,No,No,Yes,No,No,No,No,0,0,0,0,0,0,0,0,0,1,0,0,0,0,0,0,0,0,0,0
30,Male,399635,No,No,No,No,Yes,No,No,No,No,No,No,No,No,Yes,No,No,0,0,0,0,0,0,0,0,0,0,0,0,0,0,0,0,0,0,0,0
3,Female,11341,Yes,No,No,No,No,Yes,Yes,No,No,No,No,Yes,Yes,Yes,Yes,No,0,0,0,0,0,0,0,0,0,0,0,1,0,0,0,0,0,0,0,0
80,Female,436330,No,No,Yes,Yes,No,Yes,No,No,No,No,No,Yes,Yes,No,No,No,0,0,0,0,0,0,0,0,0,0,1,0,0,0,0,0,0,0,0,0
29,Male,449093,No,No,No,No,Yes,No,No,Yes,Yes,No,No,No,No,No,No,Yes,0,0,0,0,0,0,0,0,0,0,0,0,0,0,0,0,0,0,0,0
71,Female,430720,No,No,Yes,Yes,Yes,No,No,No,No,No,Yes,No,Yes,Yes,No,Yes,0,0,0,0,0,0,0,0,0,0,1,0,0,0,0,0,0,0,0,0
42,Male,322445,No,No,No,No,No,No,Yes,No,No,No,No,No,Yes,No,No,No,0,0,0,0,0,0,0,0,0,0,0,0,0,0,0,0,0,0,0,0
20,Male,293542,Yes,Yes,Yes,No,No,No,No,Yes,No,No,Yes,Yes,No,Yes,No,No,0,0,1,0,0,0,0,1,0,1,0,0,0,0,0,1,0,0,0,0
17,Female,403893,No,No,Yes,No,No,No,Yes,No,No,No,No,No,Yes,Yes,Yes,No,0,0,0,0,0,0,0,0,0,0,0,0,0,0,0,0,0,0,0,0
6,Male,202876,No,No,No,No,Yes,No,Yes,Yes,No,No,No,No,Yes,Yes,No,No,0,0,0,0,0,0,0,0,0,0,0,1,0,0,0,0,0,0,0,0
18,Female,101117,No,No,No,No,Yes,No,Yes,No,No,Yes,No,Yes,Yes,No,No,Yes,0,0,0,0,0,0,0,0,0,1,1,1,1,0,0,0,0,0,0,0
83,Female,105104,No,No,Yes,Yes,No,No,No,Yes,No,No,Yes,Yes,Yes,No,No,No,0,1,0,0,0,0,0,1,0,1,1,1,0,0,0,0,0,0,0,0
45,Male,311578,No,No,Yes,No,Yes,No,Yes,No,No,No,Yes,Yes,No,No,No,Yes,0,0,0,0,0,0,0,1,0,0,0,0,0,0,0,0,0,0,0,0
67,Male,131192,No,No,Yes,No,No,No,Yes,No,No,No,No,No,Yes,Yes,No,No,0,0,0,0,0,0,0,0,0,0,0,1,0,0,0,0,0,0,0,0
13,Female,63664,No,No,No,No,No,Yes,No,No,Yes,No,No,No,No,No,Yes,Yes,0,0,0,0,0,0,0,0,0,0,0,0,0,0,0,0,0,0,0,0
61,Female,491814,No,No,No,Yes,No,Yes,No,No,Yes,No,No,No,No,Yes,No,Yes,0,0,0,0,0,0,0,0,0,0,0,0,0,0,0,0,0,0,0,0
47,Male,51129,No,No,No,No,Yes,No,Yes,Yes,No,No,No,No,Yes,No,No,Yes,0,0,0,0,0,0,0,0,0,0,0,1,0,0,0,0,0,0,0,0
69,Female,56692,No,No,Yes,Yes,Yes,No,Yes,No,Yes,No,Yes,No,Yes,No,No,Yes,0,1,0,0,1,1,1,1,1,0,1,1,0,0,0,0,1,0,0,0
35,Male,316302,No,No,No,No,Yes,No,Yes,No,No,No,No,No,No,No,No,Yes,0,0,0,0,0,0,0,0,0,0,0,0,0,0,0,0,0,0,0,0
65,Female,131493,No,No,No,Yes,Yes,Yes,No,Yes,Yes,No,Yes,Yes,No,No,No,No,0,1,0,0,0,0,0,1,0,1,0,0,0,0,0,0,0,0,0,0
51,Male,278882,No,No,No,No,No,No,Yes,Yes,No,No,Yes,No,No,Yes,No,No,0,0,0,0,0,0,0,1,0,0,0,0,0,0,0,0,0,0,0,0
25,Female,265865,Yes,No,No,Yes,No,Yes,No,Yes,No,Yes,Yes,No,Yes,Yes,No,Yes,0,0,0,0,0,0,0,1,0,0,1,0,1,0,0,1,0,1,0,1
85,Female,60624,No,No,Yes,No,No,Yes,No,No,Yes,No,No,No,Yes,Yes,No,Yes,0,0,0,0,0,0,0,0,1,0,1,1,0,1,0,0,0,0,0,0
82,Female,229891,No,No,Yes,Yes,Yes,No,No,Yes,Yes,No,No,No,Yes,Yes,No,Yes,0,0,0,0,0,0,0,0,1,0,1,1,0,0,0,0,0,0,0,0
23,Male,211772,Yes,Yes,No,No,No,No,No,No,No,No,No,No,Yes,No,No,Yes,0,0,0,0,0,0,0,0,0,0,0,1,0,0,0,0,0,0,0,0
37,Female,70242,No,No,No,Yes,No,No,No,No,No,No,Yes,Yes,No,Yes,No,Yes,0,1,0,0,0,1,0,1,0,1,0,0,0,1,0,0,0,0,0,0
28,Female,487595,No,No,Yes,Yes,No,No,No,No,No,No,No,No,No,Yes,No,Yes,0,0,0,0,0,0,0,0,0,0,0,0,0,0,0,0,0,0,0,0
78,Female,337067,No,No,No,No,No,No,No,Yes,No,No,Yes,Yes,No,Yes,No,Yes,0,0,0,0,0,0,0,1,0,0,0,0,0,0,0,0,0,0,0,0
55,Female,341891,No,No,Yes,No,No,Yes,No,No,Yes,No,Yes,Yes,No,Yes,No,Yes,0,0,0,0,0,0,0,1,1,0,0,0,0,0,0,0,1,0,0,0
81,Male,26587,No,No,No,No,Yes,No,No,Yes,No,No,Yes,No,Yes,No,No,Yes,0,0,0,0,1,0,1,1,0,0,0,1,0,0,0,0,0,0,0,0
70,Female,392029,No,No,No,Yes,Yes,Yes,No,Yes,Yes,No,No,No,Yes,No,No,No,0,0,0,0,0,0,0,0,0,0,1,0,0,0,0,0,0,0,0,0
22,Male,498665,Yes,No,No,No,No,No,No,Yes,No,No,No,No,No,No,No,No,0,0,0,0,0,0,0,0,0,0,0,0,0,0,0,1,0,0,0,0
10,Female,258949,No,No,Yes,No,No,No,Yes,No,Yes,No,No,Yes,Yes,No,Yes,Yes,0,0,0,0,0,0,0,0,0,0,0,0,0,0,0,0,0,0,0,0
13,Female,323870,No,No,No,No,Yes,No,Yes,No,No,No,Yes,Yes,Yes,Yes,Yes,Yes,0,0,0,0,0,0,0,1,0,0,0,0,0,0,0,0,0,0,0,0
18,Female,264233,Yes,Yes,Yes,Yes,Yes,Yes,Yes,Yes,Yes,No,Yes,Yes,Yes,Yes,No,Yes,0,0,0,0,0,0,0,1,1,1,1,0,0,0,1,1,1,0,0,1
68,Male,341195,No,No,No,No,No,No,No,Yes,No,No,Yes,No,No,Yes,No,No,0,0,0,0,0,0,0,1,0,0,0,0,0,0,0,0,0,0,0,0
24,Male,26533,No,No,No,No,No,No,Yes,Yes,No,No,No,No,Yes,No,No,No,0,0,0,0,0,0,0,0,0,0,0,1,0,0,0,0,0,0,0,0
38,Female,40433,No,No,No,Yes,No,Yes,Yes,Yes,No,Yes,No,Yes,Yes,Yes,No,Yes,0,0,0,0,0,0,0,0,0,1,1,1,1,1,0,0,0,0,0,0
18,Female,55305,Yes,Yes,No,No,Yes,Yes,No,Yes,No,Yes,No,Yes,Yes,No,No,Yes,0,0,0,0,0,0,0,0,0,1,1,1,1,0,0,1,0,0,0,0
76,Female,374062,No,No,No,No,Yes,Yes,No,No,Yes,No,No,No,No,No,No,No,0,0,0,0,0,0,0,0,0,0,0,0,0,0,0,0,0,0,0,0
22,Male,67396,No,No,No,No,No,No,Yes,Yes,Yes,No,Yes,No,No,Yes,No,No,0,0,0,0,0,0,0,1,0,0,0,0,0,1,0,0,0,0,0,0
26,Male,130859,No,No,Yes,No,No,No,Yes,Yes,Yes,No,Yes,Yes,Yes,No,No,No,0,0,0,0,0,0,0,1,1,1,0,1,0,0,0,0,1,0,0,0
27,Male,239328,No,No,No,No,Yes,No,No,Yes,No,No,Yes,Yes,Yes,Yes,No,No,0,0,0,0,0,0,0,1,0,1,0,1,0,0,0,0,0,0,0,0
44,Female,110430,No,No,No,Yes,No,No,Yes,No,Yes,Yes,No,No,Yes,No,No,Yes,0,0,0,0,0,0,0,0,0,0,1,1,1,0,0,0,0,0,0,0
42,Female,295247,No,No,Yes,No,No,Yes,Yes,No,No,No,No,No,Yes,Yes,No,Yes,0,0,0,0,0,0,0,0,0,0,1,0,0,0,0,0,0,0,0,0
67,Male,103238,No,No,No,No,No,No,No,No,Yes,No,No,No,No,Yes,No,No,0,0,0,0,0,0,0,0,0,0,0,0,0,0,0,0,0,0,0,0
79,Male,180429,No,No,No,No,Yes,No,Yes,No,No,No,No,Yes,Yes,Yes,No,Yes,0,0,0,0,0,0,0,0,0,1,0,1,0,0,0,0,0,0,0,0
7,Male,390224,No,No,Yes,No,No,No,Yes,No,Yes,No,Yes,Yes,Yes,Yes,No,No,0,0,0,0,0,0,0,1,0,0,0,0,0,0,0,0,0,0,0,0
40,Female,34107,No,No,Yes,No,No,No,Yes,No,Yes,No,No,Yes,No,Yes,No,Yes,0,0,0,0,0,0,0,0,1,1,0,0,0,1,0,0,0,0,0,0
41,Male,64991,No,No,No,No,No,No,Yes,Yes,Yes,No,No,Yes,No,Yes,No,No,0,0,0,0,0,0,0,0,0,1,0,0,0,1,0,0,0,0,0,0
80,Male,231387,No,No,No,No,No,No,Yes,Yes,No,No,No,Yes,No,No,No,No,0,0,0,0,0,0,0,0,0,1,0,0,0,0,0,0,0,0,0,0
80,Female,80961,No,No,No,No,No,Yes,No,No,Yes,No,Yes,Yes,No,Yes,No,No,0,1,0,0,0,0,0,1,0,1,0,0,0,0,0,0,0,0,0,0
67,Male,31481,No,No,Yes,No,No,No,Yes,Yes,No,No,Yes,Yes,No,No,No,No,0,0,0,0,1,0,0,1,0,1,0,0,0,0,0,0,0,0,0,0
75,Male,234997,No,No,Yes,No,Yes,No,Yes,Yes,Yes,No,Yes,Yes,Yes,Yes,No,No,0,0,0,0,0,0,0,1,1,1,0,1,0,0,0,0,1,0,0,0
14,Female,280048,No,No,Yes,No,Yes,Yes,Yes,Yes,Yes,No,Yes,Yes,Yes,Yes,Yes,Yes,0,0,0,0,0,0,0,1,0,0,0,0,0,0,0,0,0,0,0,0
54,Male,329574,No,No,Yes,No,Yes,No,Yes,Yes,Yes,No,Yes,Yes,Yes,No,No,No,0,0,0,0,0,0,0,1,1,0,0,0,0,0,0,0,1,0,0,0
15,Male,114061,No,No,Yes,No,No,No,Yes,No,No,No,No,Yes,No,No,No,No,0,0,0,0,0,0,0,0,0,0,0,0,0,0,0,0,0,0,0,0
5,Male,64158,No,No,Yes,No,No,No,No,Yes,No,No,No,No,Yes,Yes,No,Yes,0,0,0,0,0,0,0,0,0,0,0,1,0,0,0,0,0,0,0,0
32,Male,378503,No,No,No,No,No,No,Yes,Yes,Yes,No,No,No,Yes,Yes,No,Yes,0,0,0,0,0,0,0,0,0,0,0,0,0,0,0,0,0,0,0,0
31,Female,204018,No,No,No,No,No,No,No,Yes,No,No,No,Yes,No,Yes,No,No,0,0,0,0,0,0,0,0,0,1,0,0,0,0,0,0,0,0,0,0
13,Female,277091,No,No,No,No,Yes,No,Yes,Yes,Yes,No,No,Yes,No,Yes,Yes,No,0,0,0,0,0,0,0,0,0,0,0,0,0,0,0,0,0,0,0,0
22,Male,239105,No,No,Yes,No,Yes,No,Yes,No,Yes,No,Yes,Yes,No,No,No,No,0,0,0,0,0,0,0,1,1,1,0,0,0,0,0,0,1,0,0,0
21,Male,210663,No,No,No,No,No,No,Yes,Yes,Yes,No,Yes,No,Yes,No,No,Yes,0,0,0,0,0,0,0,1,0,0,0,1,0,0,0,0,0,0,0,1
18,Male,78441,Yes,No,Yes,No,No,No,Yes,Yes,No,No,Yes,No,Yes,Yes,No,Yes,0,0,0,0,0,0,0,1,0,0,0,1,0,0,1,1,0,0,0,1
70,Male,491813,No,No,No,No,No,No,Yes,Yes,No,No,No,Yes,Yes,No,No,No,0,0,0,0,0,0,0,0,0,0,0,0,0,0,0,0,0,0,0,0
36,Female,343144,No,No,No,Yes,Yes,No,Yes,No,Yes,No,No,Yes,No,Yes,No,No,0,0,0,0,0,0,0,0,0,0,0,0,0,0,0,0,0,0,0,0
84,Female,63969,No,No,Yes,Yes,Yes,No,Yes,Yes,Yes,No,No,Yes,Yes,Yes,No,No,0,0,0,0,0,0,0,0,1,1,1,1,0,1,0,0,0,0,0,0
58,Female,13734,No,No,No,Yes,No,No,Yes,No,No,No,No,No,No,No,No,Yes,0,0,0,0,0,0,0,0,0,0,0,0,0,0,0,0,0,0,0,0
85,Female,348700,No,No,Yes,No,Yes,Yes,No,Yes,No,No,No,Yes,Yes,No,No,No,0,0,0,0,0,0,0,0,0,0,1,0,0,0,0,0,0,0,0,0
60,Male,74243,No,No,Yes,No,No,No,Yes,No,No,No,No,Yes,Yes,Yes,No,No,0,0,0,0,0,0,0,0,0,1,0,1,0,1,0,0,0,0,0,0
8,Male,23839,Yes,No,Yes,No,Yes,No,Yes,No,Yes,No,Yes,No,No,Yes,No,Yes,0,0,0,0,0,0,0,1,0,0,0,0,0,0,1,0,0,0,0,0
49,Female,343143,No,No,No,Yes,Yes,Yes,No,Yes,Yes,No,Yes,No,Yes,Yes,No,No,0,0,0,0,0,0,0,1,0,0,1,0,0,0,0,0,0,0,0,0
62,Female,10367,No,No,Yes,No,No,No,Yes,No,No,No,No,Yes,Yes,No,No,Yes,0,0,0,0,0,0,0,0,0,1,1,1,0,0,0,0,0,0,0,0
63,Female,34047,No,No,No,No,No,No,Yes,No,Yes,No,No,Yes,No,No,No,No,0,0,0,0,0,0,0,0,0,1,0,0,0,0,0,0,0,0,0,0
24,Male,62957,Yes,Yes,No,No,Yes,No,Yes,Yes,No,No,No,No,No,No,No,Yes,0,0,0,0,0,0,0,0,0,0,0,0,0,0,1,1,0,0,0,0
56,Male,155191,No,No,No,No,No,No,Yes,No,Yes,No,No,No,Yes,No,No,No,0,0,0,0,0,0,0,0,0,0,0,1,0,0,0,0,0,0,0,0
44,Female,162398,No,No,No,No,Yes,Yes,No,No,No,Yes,Yes,No,No,No,No,Yes,0,1,0,0,0,0,0,1,0,0,0,0,1,0,0,0,0,1,0,0
31,Female,29402,No,No,Yes,No,Yes,Yes,Yes,Yes,No,Yes,Yes,Yes,Yes,Yes,No,No,0,1,0,0,0,0,1,1,0,1,1,1,1,1,0,0,0,1,0,0
52,Female,427962,No,No,No,No,Yes,No,Yes,No,No,No,No,No,No,No,No,Yes,0,0,0,0,0,0,0,0,0,0,0,0,0,0,0,0,0,0,0,0
32,Female,350085,No,No,No,Yes,Yes,Yes,Yes,No,Yes,Yes,Yes,No,Yes,No,No,No,0,0,0,0,0,0,0,1,0,0,1,0,1,0,0,0,0,1,0,0
59,Male,221301,No,No,Yes,No,No,No,No,Yes,No,No,Yes,No,No,Yes,No,No,0,0,0,0,0,0,0,1,0,0,0,0,0,0,0,0,0,0,0,0
69,Male,57883,No,No,No,No,No,No,No,No,Yes,No,No,Yes,No,No,No,Yes,0,0,0,0,0,0,0,0,0,1,0,0,0,0,0,0,0,0,0,0
20,Female,69028,No,No,No,No,Yes,Yes,No,No,No,Yes,No,Yes,No,No,No,Yes,0,0,0,0,0,0,0,0,0,1,0,0,1,0,0,0,0,0,0,0
69,Female,294315,No,No,No,No,Yes,Yes,Yes,No,Yes,No,No,Yes,Yes,Yes,No,No,0,0,0,0,0,0,0,0,0,1,1,0,0,0,0,0,0,0,0,0
65,Female,62913,No,No,No,No,No,Yes,Yes,Yes,No,No,No,Yes,No,Yes,No,No,0,0,0,0,0,0,0,0,0,1,0,0,0,1,0,0,0,0,0,0
82,Female,362533,No,No,Yes,Yes,Yes,Yes,Yes,Yes,Yes,No,Yes,No,Yes,Yes,No,Yes,0,0,0,0,0,0,0,1,1,0,1,0,0,0,0,0,1,0,0,0
31,Male,28843,No,No,Yes,No,Yes,No,No,Yes,No,No,Yes,Yes,Yes,Yes,No,No,0,0,0,0,0,0,1,1,0,1,0,1,0,1,0,0,0,0,0,0
51,Male,188319,No,No,No,No,No,No,No,No,No,No,No,No,Yes,Yes,No,Yes,0,0,0,0,0,0,0,0,0,0,0,1,0,0,0,0,0,0,0,0
32,Female,166934,No,No,No,No,No,No,No,No,No,Yes,No,No,Yes,No,No,Yes,0,0,0,0,0,0,0,0,0,0,1,1,1,0,0,0,0,0,0,0
56,Male,330232,No,No,No,No,No,No,Yes,Yes,Yes,No,Yes,Yes,Yes,Yes,No,No,0,0,0,0,0,0,0,1,0,0,0,0,0,0,0,0,0,0,0,0
67,Male,316569,No,No,No,No,Yes,No,No,No,No,No,Yes,Yes,No,Yes,No,No,0,0,0,0,0,0,0,1,0,0,0,0,0,0,0,0,0,0,0,0
82,Male,121498,No,No,Yes,No,Yes,No,Yes,No,No,No,Yes,No,Yes,Yes,No,Yes,0,0,0,0,0,0,0,1,0,0,0,1,0,0,0,0,0,0,0,0
37,Male,41095,No,No,Yes,No,Yes,No,Yes,Yes,Yes,No,Yes,Yes,Yes,Yes,No,No,0,0,0,0,0,0,1,1,1,1,0,1,0,1,0,0,1,0,0,0
63,Male,241143,No,No,Yes,No,No,No,Yes,Yes,No,No,No,No,No,Yes,No,No,0,0,0,0,0,0,0,0,0,0,0,0,0,0,0,0,0,0,0,0
77,Female,365391,No,No,Yes,Yes,No,No,Yes,No,No,No,No,No,Yes,No,No,No,0,0,0,0,0,0,0,0,0,0,1,0,0,0,0,0,0,0,0,0
69,Male,72587,No,No,No,No,No,No,No,Yes,Yes,No,Yes,Yes,No,No,No,Yes,0,0,0,0,1,0,0,1,0,1,0,0,0,0,0,0,0,0,0,0
12,Male,398330,No,No,Yes,No,No,No,No,Yes,No,No,Yes,Yes,Yes,No,No,No,0,0,0,0,0,0,0,1,0,0,0,0,0,0,0,0,0,0,0,0
36,Male,256450,No,No,Yes,No,No,No,No,Yes,Yes,No,No,No,Yes,Yes,No,No,0,0,0,0,0,0,0,0,1,0,0,0,0,0,0,0,0,0,0,0
23,Female,466354,Yes,Yes,Yes,No,Yes,No,Yes,Yes,No,Yes,No,Yes,No,Yes,No,No,0,0,0,0,0,0,0,0,0,0,0,0,1,0,1,1,0,0,0,0
71,Male,471539,No,No,Yes,No,No,No,Yes,Yes,No,No,No,Yes,No,No,No,Yes,0,0,0,0,0,0,0,0,0,0,0,0,0,0,0,0,0,0,0,0
40,Male,241485,No,No,Yes,No,Yes,No,Yes,Yes,No,No,No,Yes,Yes,Yes,No,Yes,0,0,0,0,0,0,0,0,0,1,0,1,0,0,0,0,0,0,0,0
5,Male,105258,Yes,Yes,No,No,No,No,Yes,No,No,No,Yes,Yes,Yes,No,No,Yes,0,0,0,1,0,0,0,1,0,0,0,1,0,0,1,0,0,0,0,0
73,Male,24258,No,No,Yes,No,No,No,Yes,No,Yes,No,Yes,No,No,No,No,Yes,0,0,0,0,1,0,0,1,1,0,0,0,0,0,0,0,1,0,0,0
38,Male,15028,No,No,No,No,Yes,No,No,No,Yes,No,Yes,Yes,Yes,Yes,No,No,0,0,0,0,0,0,1,1,0,1,0,1,0,1,0,0,0,0,0,0
75,Female,409699,No,No,No,No,Yes,No,No,No,Yes,No,No,Yes,Yes,No,No,No,0,0,0,0,0,0,0,0,0,0,1,0,0,0,0,0,0,0,0,0
41,Male,422700,No,No,No,No,Yes,No,No,Yes,No,No,No,No,Yes,Yes,No,No,0,0,0,0,0,0,0,0,0,0,0,0,0,0,0,0,0,0,0,0
35,Male,453904,No,No,Yes,No,Yes,No,No,No,Yes,No,Yes,No,No,Yes,No,No,0,0,0,0,0,0,0,0,1,0,0,0,0,0,0,0,1,0,0,0
69,Female,450334,No,No,No,No,Yes,Yes,Yes,No,No,No,No,Yes,Yes,Yes,No,Yes,0,0,0,0,0,0,0,0,0,0,1,0,0,0,0,0,0,0,0,0
48,Male,316318,No,No,No,No,Yes,No,No,No,No,No,Yes,Yes,Yes,No,No,Yes,0,0,0,0,0,0,0,1,0,0,0,0,0,0,0,0,0,0,0,0
79,Male,37443,No,No,Yes,No,No,No,Yes,Yes,Yes,No,Yes,No,No,No,No,Yes,0,0,0,0,1,0,0,1,1,0,0,0,0,0,0,0,1,0,0,0
10,Male,184213,Yes,No,No,No,Yes,No,Yes,Yes,No,No,Yes,No,Yes,No,No,No,0,0,0,0,0,0,0,1,0,0,0,1,0,0,1,1,0,0,0,0
65,Male,106490,No,No,Yes,No,Yes,No,Yes,Yes,No,No,No,Yes,No,Yes,No,No,0,0,0,0,0,0,0,0,0,1,0,0,0,0,0,0,0,0,0,0
50,Female,34744,No,No,Yes,No,No,Yes,Yes,No,No,No,No,No,No,No,No,Yes,0,0,0,0,0,0,0,0,0,0,0,0,0,0,0,0,0,0,0,0
56,Male,357320,No,No,Yes,No,No,No,No,No,Yes,No,Yes,Yes,Yes,Yes,No,No,0,0,0,0,0,0,0,1,1,0,0,0,0,0,0,0,1,0,0,0
32,Female,242421,No,No,Yes,No,No,Yes,No,Yes,No,No,No,No,Yes,No,No,Yes,0,0,0,0,0,0,0,0,0,0,1,1,0,0,0,0,0,0,0,0
17,Female,229302,No,No,Yes,No,No,No,Yes,Yes,Yes,No,Yes,No,No,Yes,Yes,No,0,0,0,0,0,0,0,1,0,0,0,0,0,0,0,0,0,0,0,0
39,Male,217079,No,No,No,No,No,No,Yes,No,Yes,No,No,No,No,No,No,No,0,0,0,0,0,0,0,0,0,0,0,0,0,0,0,0,0,0,0,0
7,Male,148059,No,No,No,No,No,No,Yes,No,No,No,Yes,Yes,Yes,Yes,No,No,0,0,0,0,0,0,0,1,0,0,0,1,0,0,0,0,0,0,0,0
23,Male,391718,No,No,No,No,Yes,No,No,Yes,No,No,Yes,Yes,No,No,No,Yes,0,0,0,0,0,0,0,1,0,0,0,0,0,0,0,0,0,0,0,1
29,Male,334766,No,No,No,No,Yes,No,Yes,No,No,No,Yes,Yes,Yes,Yes,No,Yes,0,0,0,0,0,0,0,1,0,0,0,0,0,0,0,0,0,0,0,1
62,Male,100394,No,No,No,No,No,No,Yes,No,No,No,Yes,No,No,No,No,Yes,0,0,0,0,0,0,0,1,0,0,0,0,0,0,0,0,0,0,0,0
10,Female,221874,No,No,No,No,No,No,Yes,Yes,No,No,Yes,Yes,No,No,Yes,Yes,0,0,0,0,0,0,0,1,0,0,0,0,0,0,0,0,0,0,0,0
6,Female,399692,Yes,No,No,No,No,No,Yes,Yes,Yes,No,No,No,Yes,No,Yes,Yes,0,0,0,0,0,0,0,0,0,0,0,0,0,0,1,1,0,0,0,0
23,Male,89240,Yes,No,Yes,No,No,No,No,No,Yes,No,No,Yes,No,Yes,No,Yes,0,0,0,0,0,0,0,0,1,1,0,0,0,0,0,0,0,0,0,0
41,Female,241297,No,No,No,Yes,Yes,Yes,No,No,No,No,No,No,Yes,Yes,No,Yes,0,0,0,0,0,0,0,0,0,0,1,1,0,0,0,0,0,0,0,0
61,Male,253943,No,No,Yes,No,No,No,No,No,Yes,No,Yes,No,No,No,No,Yes,0,0,0,0,0,0,0,1,1,0,0,0,0,0,0,0,1,0,0,0
10,Female,64160,No,No,No,No,Yes,Yes,Yes,Yes,No,No,Yes,No,Yes,Yes,Yes,Yes,0,0,0,0,0,0,0,1,0,0,0,1,0,0,0,0,0,0,1,0
69,Female,196788,No,No,No,No,No,Yes,Yes,No,No,No,No,No,No,No,No,Yes,0,0,0,0,0,0,0,0,0,0,0,0,0,0,0,0,0,0,0,0
29,Male,241664,No,No,No,No,Yes,No,No,No,No,No,Yes,Yes,No,No,No,No,0,0,0,0,0,0,0,1,0,1,0,0,0,0,0,0,0,0,0,0
20,Male,400056,Yes,Yes,No,No,No,No,Yes,Yes,No,No,No,Yes,Yes,Yes,No,Yes,0,0,0,0,0,0,0,0,0,0,0,0,0,0,1,1,0,0,0,0
31,Female,12999,No,No,No,Yes,Yes,No,Yes,No,No,No,No,No,Yes,No,No,Yes,0,0,0,0,0,0,0,0,0,0,1,1,0,0,0,0,0,0,0,0
22,Male,181453,No,No,Yes,No,No,No,No,No,No,No,No,Yes,Yes,No,No,Yes,0,0,0,0,0,0,0,0,0,1,0,1,0,0,0,0,0,0,0,0
80,Male,377103,No,No,Yes,No,No,No,No,Yes,No,No,Yes,No,Yes,Yes,No,No,0,0,0,0,0,0,0,1,0,0,0,0,0,0,0,0,0,0,0,0
76,Female,321020,No,No,Yes,No,No,Yes,No,No,Yes,No,Yes,No,Yes,Yes,No,Yes,0,0,0,0,0,0,0,1,1,0,1,0,0,0,0,0,1,0,0,0
22,Female,86941,Yes,Yes,No,No,No,No,No,Yes,Yes,No,No,Yes,Yes,Yes,No,No,0,0,0,0,0,0,0,0,0,1,1,1,0,0,0,1,0,0,0,0
9,Male,65149,No,No,Yes,No,Yes,No,Yes,No,No,No,No,No,No,Yes,No,Yes,0,0,0,0,0,0,0,0,0,0,0,0,0,0,0,0,0,0,0,0
19,Male,355637,No,No,Yes,No,Yes,No,Yes,No,No,No,Yes,Yes,Yes,Yes,No,No,0,0,0,0,0,0,0,1,0,0,0,0,0,0,0,0,0,0,0,0
1,Male,80754,No,No,No,No,No,No,No,No,No,No,Yes,Yes,Yes,No,No,No,0,0,0,0,0,0,0,1,0,0,0,1,0,0,0,0,0,0,0,0
34,Male,293691,No,No,No,No,Yes,No,No,Yes,No,No,Yes,No,Yes,No,No,No,0,0,0,0,0,0,0,1,0,0,0,0,0,0,0,0,0,0,0,0
76,Male,382445,No,No,No,No,Yes,No,Yes,Yes,No,No,Yes,No,Yes,No,No,Yes,0,0,0,0,0,0,0,1,0,0,0,0,0,0,0,0,0,0,0,0
11,Female,167024,No,No,No,No,Yes,No,No,Yes,Yes,No,No,Yes,No,No,Yes,No,0,0,0,0,0,0,0,0,0,0,0,0,0,0,0,0,0,0,0,0
33,Male,360948,No,No,Yes,No,Yes,No,No,No,No,No,No,Yes,No,No,No,Yes,0,0,0,0,0,0,0,0,0,0,0,0,0,0,0,0,0,0,0,0
37,Male,40019,No,No,Yes,No,Yes,No,No,Yes,No,No,No,Yes,No,Yes,No,Yes,0,0,0,0,0,0,0,0,0,1,0,0,0,1,0,0,0,0,0,0
23,Male,369419,No,No,Yes,No,No,No,Yes,No,Yes,No,No,No,Yes,Yes,No,Yes,0,0,0,0,0,0,0,0,1,0,0,0,0,0,0,0,0,0,0,0
69,Female,444945,No,No,No,Yes,No,Yes,No,Yes,No,No,Yes,Yes,No,Yes,No,No,0,0,0,0,0,0,0,0,0,0,0,0,0,0,0,0,0,0,0,0
31,Female,292149,No,No,Yes,Yes,Yes,Yes,No,No,No,Yes,Yes,No,No,No,No,Yes,0,0,0,0,0,0,0,1,0,0,0,0,1,0,0,0,0,1,0,0
31,Female,203362,No,No,Yes,Yes,No,No,Yes,No,No,Yes,Yes,Yes,No,Yes,No,No,0,1,0,0,0,0,0,1,0,1,0,0,1,0,0,0,0,1,0,0
31,Female,414504,No,No,No,Yes,Yes,No,Yes,No,Yes,Yes,Yes,Yes,Yes,No,No,Yes,0,0,0,0,0,0,0,0,0,0,1,0,1,0,0,0,0,1,0,0
48,Male,117044,No,No,Yes,No,Yes,No,Yes,Yes,No,No,Yes,No,No,No,No,No,0,0,0,0,0,0,0,1,0,0,0,0,0,0,0,0,0,0,0,0
63,Male,59923,No,No,Yes,No,Yes,No,No,Yes,Yes,No,Yes,No,No,No,No,Yes,0,0,0,0,1,0,1,1,1,0,0,0,0,0,0,0,1,0,0,0
56,Male,166119,No,No,No,No,No,No,No,No,Yes,No,Yes,No,Yes,No,No,Yes,0,0,0,0,0,0,0,1,0,0,0,1,0,0,0,0,0,0,0,0
9,Male,93936,No,No,No,No,No,No,Yes,No,Yes,No,No,No,No,Yes,No,Yes,0,0,0,0,0,0,0,0,0,0,0,0,0,0,0,0,0,0,0,0
10,Male,367918,Yes,No,No,No,No,No,Yes,Yes,Yes,No,No,Yes,Yes,Yes,No,Yes,0,0,0,0,0,0,0,0,0,0,0,0,0,0,1,1,0,0,0,0
50,Female,212944,No,No,No,Yes,Yes,No,No,No,No,No,No,No,No,No,No,Yes,0,0,0,0,0,0,0,0,0,0,0,0,0,0,0,0,0,0,0,0
83,Female,33020,No,No,No,Yes,No,No,No,Yes,No,No,Yes,Yes,No,Yes,No,No,0,1,0,0,1,1,0,1,0,1,0,0,0,1,0,0,0,0,0,0
37,Female,451410,No,No,Yes,No,No,No,No,No,Yes,Yes,No,Yes,No,No,No,Yes,0,0,0,0,0,0,0,0,1,0,0,0,1,0,0,0,0,0,0,0
54,Male,459618,No,No,Yes,No,No,No,Yes,No,Yes,No,Yes,No,Yes,No,No,Yes,0,0,0,0,0,0,0,0,1,0,0,0,0,0,0,0,1,0,0,0
7,Female,349292,Yes,Yes,Yes,No,Yes,No,Yes,Yes,No,No,No,No,No,Yes,Yes,Yes,0,0,0,0,0,0,0,0,0,0,0,0,0,0,1,1,0,0,0,0
78,Male,33986,No,No,No,No,Yes,No,Yes,No,No,No,Yes,Yes,Yes,Yes,No,Yes,0,0,0,0,1,0,1,1,0,1,0,1,0,1,0,0,0,0,0,0
2,Male,68286,No,No,Yes,No,Yes,No,Yes,Yes,Yes,No,Yes,No,No,No,No,No,0,0,0,0,0,0,0,1,0,0,0,0,0,0,0,0,0,0,0,0
3,Male,408744,Yes,No,No,No,Yes,No,Yes,Yes,No,No,No,Yes,No,No,No,No,0,0,0,0,0,0,0,0,0,0,0,0,0,0,0,0,0,0,0,0
45,Male,160366,No,No,No,No,No,No,No,Yes,No,No,Yes,No,Yes,Yes,No,Yes,0,0,0,0,0,0,0,1,0,0,0,1,0,0,0,0,0,0,0,0
26,Female,401837,No,No,No,No,No,No,Yes,Yes,Yes,No,Yes,Yes,No,No,No,No,0,0,0,0,0,0,0,0,0,0,0,0,0,0,0,0,0,0,0,0
57,Female,93500,No,No,No,Yes,Yes,Yes,Yes,No,No,No,Yes,No,Yes,Yes,No,No,0,1,0,0,0,0,0,1,0,0,1,1,0,0,0,0,0,0,0,0
28,Male,266847,No,No,No,No,No,No,Yes,No,No,No,No,Yes,Yes,Yes,No,No,0,0,0,0,0,0,0,0,0,1,0,0,0,0,0,0,0,0,0,0
82,Male,90208,No,No,Yes,No,No,No,No,No,Yes,No,Yes,Yes,Yes,No,No,Yes,0,0,0,0,0,0,0,1,1,1,0,1,0,0,0,0,1,0,0,0
13,Male,275513,Yes,No,Yes,No,No,No,Yes,Yes,Yes,No,Yes,No,Yes,No,No,No,0,0,0,0,0,0,0,1,0,0,0,0,0,0,1,1,0,0,0,0
37,Female,191130,No,No,Yes,No,No,Yes,Yes,No,No,Yes,Yes,Yes,Yes,No,No,No,0,1,0,0,0,0,0,1,0,1,1,1,1,0,0,0,0,1,0,0
85,Male,405299,No,No,No,No,No,No,Yes,Yes,No,No,Yes,No,No,No,No,No,0,0,0,0,0,0,0,0,0,0,0,0,0,0,0,0,0,0,0,0
69,Male,129391,No,No,No,No,No,No,Yes,Yes,Yes,No,Yes,No,No,Yes,No,No,0,0,0,0,0,0,0,1,0,0,0,0,0,0,0,0,0,0,0,0
82,Male,125410,No,No,No,No,No,No,No,Yes,No,No,Yes,No,Yes,No,No,Yes,0,0,0,0,0,0,0,1,0,0,0,1,0,0,0,0,0,0,0,0
22,Female,115457,No,No,No,Yes,No,Yes,Yes,No,Yes,Yes,Yes,Yes,No,Yes,No,No,0,1,0,0,0,0,0,1,0,1,0,0,1,0,0,0,0,1,0,0
5,Female,168204,Yes,No,Yes,No,No,No,No,No,Yes,No,No,No,Yes,No,Yes,Yes,0,0,0,0,0,0,0,0,0,0,0,1,0,0,0,0,0,0,0,0
79,Female,278501,No,No,Yes,No,Yes,No,Yes,Yes,No,No,No,Yes,Yes,No,No,No,0,0,0,0,0,0,0,0,0,1,1,0,0,0,0,0,0,0,0,0
32,Female,409703,No,No,No,Yes,Yes,Yes,No,Yes,No,No,No,No,No,Yes,No,No,0,0,0,0,0,0,0,0,0,0,0,0,0,0,0,0,0,0,0,0
43,Female,206772,No,No,No,Yes,Yes,No,Yes,Yes,Yes,Yes,Yes,Yes,Yes,Yes,No,Yes,0,1,0,0,0,0,0,1,0,1,1,1,1,0,0,0,0,1,0,0
36,Male,233796,No,No,No,No,No,No,No,No,No,No,Yes,No,No,No,No,Yes,0,0,0,0,0,0,0,1,0,0,0,0,0,0,0,0,0,0,0,0
56,Male,314786,No,No,No,No,Yes,No,No,No,Yes,No,Yes,Yes,No,Yes,No,Yes,0,0,0,0,0,0,0,1,0,0,0,0,0,0,0,0,0,0,0,0
82,Female,67788,No,No,Yes,Yes,Yes,Yes,Yes,Yes,No,No,Yes,No,Yes,No,No,No,0,1,0,0,1,1,1,1,0,0,1,1,0,0,0,0,0,0,0,0
69,Male,349260,No,No,No,No,No,No,No,No,No,No,No,No,Yes,Yes,No,No,0,0,0,0,0,0,0,0,0,0,0,0,0,0,0,0,0,0,0,0
23,Male,220228,Yes,No,Yes,No,No,No,No,Yes,No,No,Yes,No,No,No,No,No,0,0,0,0,0,0,0,1,0,0,0,0,0,0,0,1,0,0,0,0
66,Male,332016,No,No,No,No,No,No,Yes,No,Yes,No,No,No,Yes,No,No,Yes,0,0,0,0,0,0,0,0,0,0,0,0,0,0,0,0,0,0,0,0
84,Female,478238,No,No,No,No,Yes,No,No,No,No,No,Yes,Yes,No,No,No,Yes,0,0,0,0,0,0,0,0,0,0,0,0,0,0,0,0,0,0,0,0
39,Female,227766,No,No,No,No,Yes,No,No,Yes,No,No,No,Yes,Yes,No,No,Yes,0,0,0,0,0,0,0,0,0,1,1,1,0,0,0,0,0,0,0,0
31,Female,384563,No,No,No,No,Yes,Yes,Yes,Yes,Yes,Yes,Yes,No,No,Yes,No,Yes,0,0,0,0,0,0,0,1,0,0,0,0,1,0,0,0,0,1,0,0
74,Female,244988,No,No,Yes,Yes,No,No,Yes,No,Yes,No,No,Yes,No,No,No,Yes,0,0,0,0,0,0,0,0,1,1,0,0,0,0,0,0,0,0,0,0
10,Female,205493,No,No,No,No,No,Yes,No,No,No,No,No,Yes,No,Yes,Yes,Yes,0,0,0,0,0,0,0,0,0,0,0,0,0,0,0,0,0,0,0,0
58,Male,439407,No,No,No,No,Yes,No,Yes,No,No,No,Yes,Yes,No,Yes,No,Yes,0,0,0,0,0,0,0,0,0,0,0,0,0,0,0,0,0,0,0,0
25,Male,29465,No,No,Yes,No,Yes,No,No,No,Yes,No,No,No,No,Yes,No,Yes,0,0,0,0,0,0,0,0,1,0,0,0,0,1,0,0,0,0,0,0
36,Male,28941,No,No,Yes,No,Yes,No,No,No,No,No,No,No,No,No,No,Yes,0,0,0,0,0,0,0,0,0,0,0,0,0,0,0,0,0,0,0,0
62,Female,79235,No,No,Yes,No,Yes,No,Yes,Yes,Yes,No,No,No,No,Yes,No,No,0,0,0,0,0,0,0,0,1,0,0,0,0,0,0,0,0,0,0,0
82,Female,121441,No,No,No,No,Yes,Yes,No,No,Yes,No,Yes,Yes,Yes,Yes,No,Yes,0,1,0,0,0,0,0,1,0,1,1,1,0,0,0,0,0,0,0,0
4,Female,81453,Yes,No,No,No,No,Yes,Yes,No,No,No,Yes,No,No,No,Yes,Yes,0,0,0,0,0,0,0,1,0,0,0,0,0,0,0,0,0,0,0,0
80,Male,127041,No,No,No,No,Yes,No,Yes,No,No,No,Yes,No,Yes,No,No,Yes,0,0,0,0,0,0,0,1,0,0,0,1,0,0,0,0,0,0,0,0
28,Female,272602,No,No,No,No,No,No,No,No,No,Yes,Yes,No,No,No,No,Yes,0,0,0,0,0,0,0,1,0,0,0,0,1,0,0,0,0,1,0,1
32,Female,382298,No,No,Yes,No,Yes,No,No,Yes,No,Yes,Yes,Yes,Yes,Yes,No,Yes,0,0,0,0,0,0,0,1,0,0,1,0,1,0,0,0,0,1,0,0
12,Female,346678,No,No,No,No,Yes,No,No,Yes,Yes,No,No,No,No,No,Yes,Yes,0,0,0,0,0,0,0,0,0,0,0,0,0,0,0,0,0,0,0,0
55,Female,392873,No,No,No,Yes,Yes,No,No,Yes,No,No,No,Yes,No,Yes,No,Yes,0,0,0,0,0,0,0,0,0,0,0,0,0,0,0,0,0,0,0,0
1,Male,25318,Yes,No,No,No,Yes,No,No,Yes,Yes,No,No,No,No,Yes,No,Yes,0,0,0,0,0,0,0,0,0,0,0,0,0,0,0,0,0,0,0,0
26,Female,110342,No,No,No,No,No,Yes,No,Yes,No,Yes,No,No,No,Yes,No,Yes,0,0,0,0,0,0,0,0,0,0,0,0,1,0,0,0,0,0,0,0
80,Female,328442,No,No,No,Yes,No,No,Yes,Yes,Yes,No,No,Yes,No,No,No,Yes,0,0,0,0,0,0,0,0,0,0,0,0,0,0,0,0,0,0,0,0
72,Female,321856,No,No,No,Yes,No,No,Yes,No,No,No,No,Yes,Yes,No,No,Yes,0,0,0,0,0,0,0,0,0,0,1,0,0,0,0,0,0,0,0,0
28,Male,374509,No,No,Yes,No,Yes,No,No,Yes,Yes,No,Yes,Yes,Yes,Yes,No,No,0,0,0,0,0,0,0,1,1,0,0,0,0,0,0,0,1,0,0,0
66,Female,470469,No,No,No,No,No,No,No,Yes,No,No,No,Yes,Yes,Yes,No,Yes,0,0,0,0,0,0,0,0,0,0,1,0,0,0,0,0,0,0,0,0
52,Female,57742,No,No,No,No,No,No,No,Yes,No,No,No,Yes,No,No,No,Yes,0,0,0,0,0,0,0,0,0,1,0,0,0,0,0,0,0,0,0,0
56,Female,85609,No,No,No,No,No,No,No,Yes,Yes,No,Yes,Yes,Yes,Yes,No,No,0,1,0,0,0,0,0,1,0,1,1,1,0,0,0,0,0,0,0,0
84,Female,400223,No,No,Yes,No,No,Yes,No,Yes,Yes,No,No,No,Yes,Yes,No,No,0,0,0,0,0,0,0,0,1,0,1,0,0,0,0,0,0,0,0,0
69,Male,96858,No,No,No,No,No,No,Yes,No,No,No,Yes,No,Yes,Yes,No,Yes,0,0,0,0,0,0,0,1,0,0,0,1,0,0,0,0,0,0,0,0
82,Male,255778,No,No,Yes,No,Yes,No,Yes,Yes,No,No,Yes,Yes,No,No,No,No,0,0,0,0,0,0,0,1,0,1,0,0,0,0,0,0,0,0,0,0
63,Female,132115,No,No,Yes,No,Yes,No,No,Yes,Yes,No,No,Yes,No,Yes,No,No,0,0,0,0,0,0,0,0,1,1,0,0,0,0,0,0,0,0,0,0
38,Female,482997,No,No,No,No,No,No,No,No,Yes,Yes,Yes,Yes,Yes,No,No,No,0,0,0,0,0,0,0,0,0,0,1,0,1,0,0,0,0,1,0,0
30,Female,111732,No,No,No,No,Yes,No,No,Yes,No,Yes,No,No,Yes,Yes,No,Yes,0,0,0,0,0,0,0,0,0,0,1,1,1,0,0,0,0,0,0,0
16,Female,241435,Yes,Yes,Yes,No,No,Yes,Yes,No,Yes,Yes,Yes,No,No,No,Yes,No,0,0,0,0,0,0,0,1,0,0,0,0,0,0,1,0,0,0,0,0
23,Male,184160,No,No,No,No,Yes,No,No,Yes,Yes,No,No,No,No,Yes,No,Yes,0,0,0,0,0,0,0,0,0,0,0,0,0,0,0,0,0,0,0,0
39,Male,292252,No,No,No,No,Yes,No,Yes,Yes,Yes,No,No,No,Yes,No,No,Yes,0,0,0,0,0,0,0,0,0,0,0,0,0,0,0,0,0,0,0,0
85,Male,328318,No,No,No,No,Yes,No,No,No,Yes,No,Yes,Yes,No,Yes,No,No,0,0,0,0,0,0,0,1,0,0,0,0,0,0,0,0,0,0,0,0
75,Male,205460,No,No,No,No,Yes,No,No,No,Yes,No,No,No,Yes,No,No,No,0,0,0,0,0,0,0,0,0,0,0,1,0,0,0,0,0,0,0,0
9,Male,467941,No,No,No,No,Yes,No,Yes,Yes,Yes,No,Yes,No,No,No,No,Yes,0,0,0,0,0,0,0,0,0,0,0,0,0,0,0,0,0,0,0,0
43,Male,292683,No,No,Yes,No,Yes,No,No,No,Yes,No,No,Yes,Yes,Yes,No,No,0,0,0,0,0,0,0,0,1,1,0,0,0,0,0,0,0,0,0,0
76,Female,26720,No,No,Yes,No,Yes,No,Yes,Yes,No,No,No,Yes,No,Yes,No,Yes,0,0,0,0,0,0,0,0,0,1,0,0,0,1,0,0,0,0,0,0
1,Female,313756,Yes,Yes,No,No,No,Yes,Yes,Yes,Yes,No,Yes,No,Yes,No,Yes,Yes,0,0,0,0,0,0,0,1,0,0,0,0,0,0,0,0,0,0,0,0
35,Female,345791,No,No,Yes,No,Yes,Yes,No,Yes,Yes,Yes,No,Yes,Yes,Yes,No,No,0,0,0,0,0,0,0,0,1,0,1,0,1,0,0,0,0,0,0,0
46,Male,362631,No,No,Yes,No,No,No,No,Yes,Yes,No,Yes,Yes,Yes,Yes,No,Yes,0,0,0,0,0,0,0,1,1,0,0,0,0,0,0,0,1,0,0,0
80,Male,99197,No,No,Yes,No,No,No,Yes,No,Yes,No,Yes,No,Yes,Yes,No,No,0,0,0,0,0,0,0,1,1,0,0,1,0,0,0,0,1,0,0,0
61,Male,93141,No,No,No,No,Yes,No,Yes,No,Yes,No,No,No,Yes,Yes,No,No,0,0,0,0,0,0,0,0,0,0,0,1,0,0,0,0,0,0,0,0
28,Female,132871,No,No,Yes,Yes,No,No,Yes,No,No,Yes,Yes,No,No,Yes,No,No,0,1,0,0,0,0,0,1,0,0,0,0,1,0,0,0,0,1,0,0
43,Female,46760,No,No,No,Yes,Yes,No,No,No,No,No,Yes,No,Yes,Yes,No,No,0,1,0,0,0,1,1,1,0,0,1,1,0,1,0,0,0,0,0,0
62,Male,272885,No,No,No,No,No,No,Yes,No,No,No,Yes,No,Yes,Yes,No,Yes,0,0,0,0,0,0,0,1,0,0,0,0,0,0,0,0,0,0,0,0
32,Male,219398,No,No,No,No,Yes,No,Yes,Yes,Yes,No,No,No,No,Yes,No,Yes,0,0,0,0,0,0,0,0,0,0,0,0,0,0,0,0,0,0,0,0
51,Male,392245,No,No,Yes,No,No,No,Yes,Yes,Yes,No,Yes,Yes,No,Yes,No,No,0,0,0,0,0,0,0,1,1,0,0,0,0,0,0,0,1,0,0,0
53,Male,318424,No,No,Yes,No,No,No,No,Yes,Yes,No,Yes,Yes,No,No,No,Yes,0,0,0,0,0,0,0,1,1,0,0,0,0,0,0,0,1,0,0,0
21,Male,95414,Yes,Yes,Yes,No,No,No,No,Yes,No,No,Yes,No,Yes,No,No,No,0,0,1,0,0,0,0,1,0,0,0,1,0,0,0,1,0,0,0,0
44,Female,72584,No,No,No,No,No,No,Yes,Yes,No,Yes,No,Yes,No,No,No,No,0,0,0,0,0,0,0,0,0,1,0,0,1,0,0,0,0,0,0,0
84,Male,233586,No,No,No,No,Yes,No,No,No,No,No,No,Yes,Yes,No,No,No,0,0,0,0,0,0,0,0,0,1,0,1,0,0,0,0,0,0,0,0
85,Male,363720,No,No,Yes,No,No,No,No,Yes,Yes,No,No,No,No,No,No,No,0,0,0,0,0,0,0,0,1,0,0,0,0,0,0,0,0,0,0,0
48,Female,32020,No,No,No,No,No,Yes,Yes,Yes,No,No,Yes,No,No,No,No,No,0,1,0,0,0,0,0,1,0,0,0,0,0,0,0,0,0,0,0,0
14,Male,347745,Yes,Yes,Yes,No,Yes,No,Yes,No,Yes,No,No,Yes,Yes,Yes,No,No,0,0,0,0,0,0,0,0,0,0,0,0,0,0,1,0,0,0,0,0
26,Male,40532,No,No,Yes,No,Yes,No,Yes,Yes,Yes,No,Yes,No,Yes,No,No,No,0,0,0,0,0,0,1,1,1,0,0,1,0,0,0,0,1,0,0,0
31,Male,35750,No,No,Yes,No,Yes,No,Yes,Yes,Yes,No,Yes,Yes,No,No,No,No,0,0,0,0,0,0,1,1,1,1,0,0,0,0,0,0,1,0,0,0
42,Male,429760,No,No,No,No,No,No,No,Yes,No,No,Yes,Yes,Yes,Yes,No,Yes,0,0,0,0,0,0,0,0,0,0,0,0,0,0,0,0,0,0,0,0
47,Female,19893,No,No,Yes,No,Yes,Yes,No,No,Yes,No,No,Yes,No,Yes,No,No,0,0,0,0,0,0,0,0,1,1,0,0,0,1,0,0,0,0,0,0
5,Female,472154,No,No,Yes,No,No,No,No,No,Yes,No,No,No,No,No,Yes,Yes,0,0,0,0,0,0,0,0,0,0,0,0,0,0,0,0,0,0,0,0
18,Male,413181,No,No,Yes,No,Yes,No,No,Yes,Yes,No,No,No,No,Yes,No,No,0,0,0,0,0,0,0,0,1,0,0,0,0,0,0,0,0,0,0,0
51,Female,190507,No,No,No,Yes,Yes,No,Yes,Yes,No,No,No,No,No,Yes,No,Yes,0,0,0,0,0,0,0,0,0,0,0,0,0,0,0,0,0,0,0,0
66,Female,157452,No,No,Yes,No,Yes,Yes,No,Yes,Yes,No,Yes,Yes,Yes,No,No,No,0,1,0,0,0,0,0,1,1,1,1,1,0,0,0,0,1,0,0,0
71,Female,411229,No,No,Yes,Yes,Yes,No,No,Yes,No,No,Yes,No,Yes,No,No,No,0,0,0,0,0,0,0,0,0,0,1,0,0,0,0,0,0,0,0,0
77,Male,468924,No,No,Yes,No,Yes,No,No,Yes,No,No,Yes,No,No,No,No,Yes,0,0,0,0,0,0,0,0,0,0,0,0,0,0,0,0,0,0,0,0
60,Male,298665,No,No,No,No,No,No,Yes,No,No,No,No,No,Yes,Yes,No,No,0,0,0,0,0,0,0,0,0,0,0,0,0,0,0,0,0,0,0,0
41,Male,479440,No,No,No,No,Yes,No,No,Yes,No,No,No,Yes,No,No,No,No,0,0,0,0,0,0,0,0,0,0,0,0,0,0,0,0,0,0,0,0
82,Male,163154,No,No,Yes,No,No,No,No,No,Yes,No,No,Yes,Yes,No,No,No,0,0,0,0,0,0,0,0,1,1,0,1,0,0,0,0,0,0,0,0
51,Male,363224,No,No,Yes,No,Yes,No,Yes,No,No,No,Yes,Yes,Yes,No,No,Yes,0,0,0,0,0,0,0,1,0,0,0,0,0,0,0,0,0,0,0,0
42,Female,71282,No,No,No,No,Yes,Yes,Yes,No,No,No,No,Yes,No,No,No,Yes,0,0,0,0,0,0,0,0,0,1,0,0,0,0,0,0,0,0,0,0
52,Male,338649,No,No,Yes,No,Yes,No,No,Yes,Yes,No,Yes,Yes,Yes,Yes,No,No,0,0,0,0,0,0,0,1,1,0,0,0,0,0,0,0,1,0,0,0
76,Female,357591,No,No,Yes,Yes,No,Yes,No,No,No,No,Yes,Yes,Yes,No,No,Yes,0,0,0,0,0,0,0,1,0,0,1,0,0,0,0,0,0,0,0,0
57,Male,127131,No,No,Yes,No,Yes,No,No,Yes,No,No,Yes,Yes,Yes,No,No,Yes,0,0,0,0,0,0,0,1,0,1,0,1,0,0,0,0,0,0,0,0
38,Male,124723,No,No,No,No,No,No,No,No,No,No,Yes,No,Yes,Yes,No,Yes,0,0,0,0,0,0,0,1,0,0,0,1,0,0,0,0,0,0,0,0
74,Female,494061,No,No,No,Yes,Yes,Yes,Yes,Yes,No,No,Yes,No,Yes,Yes,No,Yes,0,0,0,0,0,0,0,0,0,0,1,0,0,0,0,0,0,0,0,0
39,Female,303015,No,No,Yes,Yes,Yes,No,Yes,Yes,No,No,Yes,No,Yes,Yes,No,Yes,0,0,0,0,0,0,0,1,0,0,1,0,0,0,0,0,0,0,0,0
35,Male,92039,No,No,No,No,Yes,No,Yes,No,No,No,Yes,Yes,No,No,No,No,0,0,0,0,0,0,0,1,0,1,0,0,0,0,0,0,0,0,0,0
14,Female,169445,Yes,Yes,No,No,No,No,No,Yes,Yes,No,No,No,No,Yes,Yes,No,0,0,0,0,0,0,0,0,0,0,0,0,0,0,0,1,0,0,0,0
11,Male,356116,No,No,Yes,No,No,No,No,Yes,Yes,No,Yes,Yes,Yes,No,No,No,0,0,0,0,0,0,0,1,0,0,0,0,0,0,0,0,0,0,0,0
54,Male,397944,No,No,No,No,No,No,No,No,Yes,No,Yes,Yes,No,No,No,No,0,0,0,0,0,0,0,1,0,0,0,0,0,0,0,0,0,0,0,0
64,Male,98085,No,No,Yes,No,Yes,No,No,Yes,Yes,No,Yes,No,No,Yes,No,Yes,0,0,0,0,0,0,0,1,1,0,0,0,0,0,0,0,1,0,0,0
20,Female,168492,No,No,No,No,No,Yes,Yes,No,Yes,No,No,No,No,Yes,No,Yes,0,0,0,0,0,0,0,0,0,0,0,0,0,0,0,0,0,0,0,0
1,Female,18424,Yes,No,No,No,No,Yes,No,Yes,No,No,Yes,No,Yes,No,Yes,Yes,0,0,0,0,0,0,0,1,0,0,0,1,0,0,0,0,0,0,1,0
55,Male,232652,No,No,Yes,No,Yes,No,No,Yes,Yes,No,No,Yes,Yes,No,No,Yes,0,0,0,0,0,0,0,0,1,1,0,1,0,0,0,0,0,0,0,0
50,Male,496248,No,No,No,No,Yes,No,Yes,Yes,No,No,No,No,No,No,No,Yes,0,0,0,0,0,0,0,0,0,0,0,0,0,0,0,0,0,0,0,0
14,Male,484946,Yes,No,Yes,No,No,No,No,No,No,No,No,No,No,Yes,No,No,0,0,0,0,0,0,0,0,0,0,0,0,0,0,0,0,0,0,0,0
19,Female,309162,No,No,No,No,Yes,No,Yes,No,No,Yes,No,No,No,Yes,No,Yes,0,0,0,0,0,0,0,0,0,0,0,0,1,0,0,0,0,0,0,0
52,Male,411470,No,No,No,No,Yes,No,Yes,Yes,No,No,No,No,No,Yes,No,Yes,0,0,0,0,0,0,0,0,0,0,0,0,0,0,0,0,0,0,0,0
82,Female,349784,No,No,No,Yes,Yes,No,No,Yes,Yes,No,Yes,Yes,No,No,No,No,0,0,0,0,0,0,0,1,0,0,0,0,0,0,0,0,0,0,0,0
11,Female,332726,No,No,No,No,Yes,No,Yes,No,Yes,No,No,Yes,No,Yes,Yes,Yes,0,0,0,0,0,0,0,0,0,0,0,0,0,0,0,0,0,0,0,0
47,Female,66013,No,No,Yes,Yes,Yes,No,Yes,No,Yes,No,Yes,No,Yes,Yes,No,Yes,0,1,0,0,0,1,1,1,1,0,1,1,0,1,0,0,1,0,0,0
29,Male,243526,No,No,Yes,No,No,No,Yes,Yes,No,No,No,No,No,Yes,No,Yes,0,0,0,0,0,0,0,0,0,0,0,0,0,0,0,0,0,0,0,0
85,Male,478985,No,No,Yes,No,Yes,No,Yes,Yes,Yes,No,Yes,Yes,Yes,No,No,Yes,0,0,0,0,0,0,0,0,1,0,0,0,0,0,0,0,1,0,0,0
41,Male,73857,No,No,No,No,Yes,No,No,Yes,No,No,Yes,No,No,No,No,No,0,0,0,0,0,0,1,1,0,0,0,0,0,0,0,0,0,0,0,0
75,Female,495268,No,No,No,No,No,No,No,No,No,No,No,Yes,No,Yes,No,Yes,0,0,0,0,0,0,0,0,0,0,0,0,0,0,0,0,0,0,0,0
19,Female,350181,Yes,No,Yes,No,Yes,Yes,Yes,Yes,No,No,Yes,Yes,Yes,No,No,Yes,0,0,0,0,0,0,0,1,0,0,1,0,0,0,1,1,0,0,0,1
6,Male,161020,No,No,No,No,No,No,No,No,Yes,No,Yes,Yes,No,No,No,No,0,0,0,0,0,0,0,1,0,0,0,0,0,0,0,0,0,0,0,0
45,Male,122985,No,No,No,No,Yes,No,No,Yes,Yes,No,No,Yes,Yes,Yes,No,Yes,0,0,0,0,0,0,0,0,0,1,0,1,0,0,0,0,0,0,0,0
9,Male,278155,No,No,No,No,Yes,No,No,No,No,No,No,No,Yes,Yes,No,Yes,0,0,0,0,0,0,0,0,0,0,0,0,0,0,0,0,0,0,0,0
45,Female,323964,No,No,Yes,No,Yes,Yes,Yes,Yes,Yes,Yes,Yes,Yes,Yes,Yes,No,No,0,0,0,0,0,0,0,1,1,0,1,0,1,0,0,0,1,1,0,0
81,Female,387587,No,No,No,Yes,Yes,Yes,No,No,Yes,No,No,Yes,Yes,No,No,No,0,0,0,0,0,0,0,0,0,0,1,0,0,0,0,0,0,0,0,0
83,Female,405920,No,No,Yes,No,Yes,Yes,No,No,No,No,Yes,Yes,No,Yes,No,Yes,0,0,0,0,0,0,0,0,0,0,0,0,0,0,0,0,0,0,0,0
59,Female,282073,No,No,No,No,No,Yes,No,Yes,Yes,No,Yes,Yes,Yes,No,No,Yes,0,0,0,0,0,0,0,1,0,1,1,0,0,0,0,0,0,0,0,0
2,Male,199577,Yes,Yes,No,No,No,No,Yes,No,Yes,No,No,No,No,Yes,No,Yes,0,0,0,0,0,0,0,0,0,0,0,0,0,0,0,0,0,0,0,0
35,Female,466752,No,No,Yes,Yes,No,Yes,No,Yes,Yes,No,Yes,No,No,Yes,No,Yes,0,0,0,0,0,0,0,0,1,0,0,0,0,0,0,0,1,0,0,0
51,Female,345192,No,No,Yes,No,Yes,No,No,No,Yes,No,No,Yes,Yes,Yes,No,No,0,0,0,0,0,0,0,0,1,0,1,0,0,0,0,0,0,0,0,0
29,Male,180410,No,No,No,No,Yes,No,Yes,No,No,No,Yes,Yes,No,No,No,Yes,0,0,0,0,0,0,0,1,0,1,0,0,0,0,0,0,0,0,0,1
84,Male,340000,No,No,Yes,No,Yes,No,Yes,Yes,No,No,Yes,No,Yes,Yes,No,Yes,0,0,0,0,0,0,0,1,0,0,0,0,0,0,0,0,0,0,0,0
35,Female,140303,No,No,No,No,No,No,No,Yes,No,No,Yes,No,Yes,No,No,Yes,0,1,0,0,0,0,0,1,0,0,1,1,0,0,0,0,0,0,0,0
52,Male,451449,No,No,No,No,Yes,No,No,Yes,Yes,No,Yes,Yes,Yes,Yes,No,Yes,0,0,0,0,0,0,0,0,0,0,0,0,0,0,0,0,0,0,0,0
5,Male,123323,Yes,Yes,Yes,No,No,No,No,Yes,No,No,Yes,No,Yes,Yes,No,Yes,0,0,0,1,0,0,0,1,0,0,0,1,0,0,0,1,0,0,0,0
10,Male,293106,No,No,No,No,No,No,No,Yes,Yes,No,Yes,Yes,No,Yes,No,No,0,0,0,0,0,0,0,1,0,0,0,0,0,0,0,0,0,0,0,0
49,Female,204361,No,No,No,Yes,Yes,Yes,Yes,No,No,No,Yes,No,Yes,Yes,No,No,0,1,0,0,0,0,0,1,0,0,1,1,0,0,0,0,0,0,0,0
35,Female,416453,No,No,Yes,Yes,Yes,Yes,Yes,Yes,No,Yes,Yes,No,No,No,No,No,0,0,0,0,0,0,0,0,0,0,0,0,1,0,0,0,0,1,0,0
26,Female,193885,No,No,No,Yes,Yes,Yes,Yes,Yes,No,Yes,No,No,No,No,No,No,0,0,0,0,0,0,0,0,0,0,0,0,1,0,0,0,0,0,0,0
35,Female,489706,No,No,No,No,Yes,Yes,Yes,No,No,No,Yes,Yes,No,Yes,No,Yes,0,0,0,0,0,0,0,0,0,0,0,0,0,0,0,0,0,0,0,0
59,Male,163870,No,No,Yes,No,No,No,Yes,No,No,No,No,Yes,No,No,No,No,0,0,0,0,0,0,0,0,0,1,0,0,0,0,0,0,0,0,0,0
71,Female,405991,No,No,No,Yes,No,No,Yes,Yes,Yes,No,No,Yes,No,Yes,No,No,0,0,0,0,0,0,0,0,0,0,0,0,0,0,0,0,0,0,0,0
68,Male,399872,No,No,No,No,Yes,No,No,No,No,No,No,Yes,Yes,No,No,No,0,0,0,0,0,0,0,0,0,0,0,0,0,0,0,0,0,0,0,0
79,Male,51095,No,No,Yes,No,Yes,No,No,Yes,Yes,No,Yes,No,Yes,Yes,No,Yes,0,0,0,0,1,0,1,1,1,0,0,1,0,1,0,0,1,0,0,0
61,Female,401205,No,No,No,Yes,No,Yes,Yes,No,Yes,No,No,Yes,Yes,Yes,No,Yes,0,0,0,0,0,0,0,0,0,0,1,0,0,0,0,0,0,0,0,0
28,Female,159270,No,No,Yes,Yes,Yes,No,Yes,Yes,No,Yes,No,Yes,No,No,No,Yes,0,0,0,0,0,0,0,0,0,1,0,0,1,0,0,0,0,0,0,0
7,Male,302890,Yes,Yes,No,No,No,No,Yes,Yes,No,No,Yes,Yes,No,Yes,No,Yes,0,0,0,1,0,0,0,1,0,0,0,0,0,0,1,1,0,0,0,0
28,Male,363091,No,No,Yes,No,No,No,No,No,No,No,Yes,No,Yes,Yes,No,Yes,0,0,0,0,0,0,0,1,0,0,0,0,0,0,0,0,0,0,0,1
14,Male,162752,No,No,Yes,No,Yes,No,No,Yes,Yes,No,No,No,No,Yes,No,No,0,0,0,0,0,0,0,0,0,0,0,0,0,0,0,0,0,0,0,0
20,Female,80745,Yes,Yes,No,Yes,Yes,No,Yes,Yes,Yes,Yes,No,Yes,No,Yes,No,Yes,0,0,0,0,0,0,0,0,0,1,0,0,1,0,1,1,0,0,0,0
5,Male,413291,Yes,Yes,No,No,Yes,No,No,No,No,No,No,Yes,No,No,No,No,0,0,0,0,0,0,0,0,0,0,0,0,0,0,0,0,0,0,0,0
49,Male,269411,No,No,No,No,Yes,No,No,No,No,No,No,Yes,Yes,No,No,No,0,0,0,0,0,0,0,0,0,1,0,0,0,0,0,0,0,0,0,0
22,Female,341229,No,No,No,No,No,Yes,Yes,Yes,Yes,No,Yes,No,Yes,No,No,No,0,0,0,0,0,0,0,1,0,0,1,0,0,0,0,0,0,0,0,0
25,Female,148842,Yes,Yes,No,No,Yes,Yes,Yes,Yes,No,Yes,Yes,No,No,Yes,No,Yes,1,1,0,0,0,0,0,1,0,0,0,0,1,0,1,1,0,1,0,1
45,Male,378576,No,No,No,No,No,No,Yes,No,No,No,No,No,Yes,Yes,No,Yes,0,0,0,0,0,0,0,0,0,0,0,0,0,0,0,0,0,0,0,0
48,Female,274671,No,No,Yes,Yes,Yes,No,No,Yes,No,No,No,Yes,No,Yes,No,No,0,0,0,0,0,0,0,0,0,1,0,0,0,0,0,0,0,0,0,0
13,Female,380249,Yes,No,Yes,No,Yes,Yes,Yes,No,No,No,No,No,Yes,Yes,Yes,Yes,0,0,0,0,0,0,0,0,0,0,0,0,0,0,1,0,0,0,0,0
66,Female,25710,No,No,No,No,No,No,Yes,No,No,No,Yes,No,Yes,Yes,No,Yes,0,1,0,0,1,0,0,1,0,0,1,1,0,1,0,0,0,0,0,0
49,Male,128009,No,No,No,No,Yes,No,Yes,No,Yes,No,No,Yes,No,Yes,No,Yes,0,0,0,0,0,0,0,0,0,1,0,0,0,0,0,0,0,0,0,0
77,Female,499844,No,No,Yes,Yes,No,Yes,No,Yes,Yes,No,No,No,Yes,No,No,No,0,0,0,0,0,0,0,0,1,0,1,0,0,0,0,0,0,0,0,0
77,Male,271164,No,No,Yes,No,Yes,No,No,Yes,No,No,Yes,No,No,No,No,No,0,0,0,0,0,0,0,1,0,0,0,0,0,0,0,0,0,0,0,0
58,Male,135872,No,No,No,No,No,No,Yes,No,Yes,No,No,No,No,Yes,No,No,0,0,0,0,0,0,0,0,0,0,0,0,0,0,0,0,0,0,0,0
55,Female,19566,No,No,No,No,Yes,No,Yes,Yes,No,No,Yes,No,Yes,Yes,No,Yes,0,1,0,0,0,0,1,1,0,0,1,1,0,1,0,0,0,0,0,0
83,Male,298944,No,No,No,No,Yes,No,No,No,No,No,Yes,No,Yes,No,No,Yes,0,0,0,0,0,0,0,1,0,0,0,0,0,0,0,0,0,0,0,0
3,Male,148816,No,No,No,No,Yes,No,No,Yes,No,No,No,Yes,Yes,Yes,No,Yes,0,0,0,0,0,0,0,0,0,0,0,1,0,0,0,0,0,0,0,0
45,Female,103075,No,No,Yes,No,No,Yes,Yes,Yes,Yes,Yes,No,No,Yes,Yes,No,Yes,0,0,0,0,0,0,0,0,1,0,1,1,1,0,0,0,0,0,0,0
2,Female,250307,Yes,Yes,No,No,Yes,Yes,Yes,No,Yes,No,No,Yes,No,No,Yes,No,0,0,0,0,0,0,0,0,0,0,0,0,0,0,0,0,0,0,0,0
40,Male,292840,No,No,No,No,Yes,No,Yes,Yes,Yes,No,No,Yes,Yes,Yes,No,No,0,0,0,0,0,0,0,0,0,1,0,0,0,0,0,0,0,0,0,0
76,Female,341448,No,No,Yes,Yes,Yes,Yes,No,Yes,No,No,No,Yes,Yes,No,No,Yes,0,0,0,0,0,0,0,0,0,0,1,0,0,0,0,0,0,0,0,0
39,Male,230315,No,No,Yes,No,Yes,No,No,Yes,Yes,No,Yes,No,Yes,No,No,No,0,0,0,0,0,0,0,1,1,0,0,1,0,0,0,0,1,0,0,0
24,Female,365735,Yes,No,Yes,No,No,Yes,No,Yes,Yes,Yes,No,Yes,No,Yes,No,No,0,0,0,0,0,0,0,0,1,0,0,0,1,0,0,1,0,0,0,0
55,Male,366412,No,No,No,No,Yes,No,Yes,No,No,No,No,Yes,No,Yes,No,No,0,0,0,0,0,0,0,0,0,0,0,0,0,0,0,0,0,0,0,0
51,Female,41305,No,No,Yes,Yes,No,Yes,Yes,No,No,No,Yes,Yes,Yes,Yes,No,Yes,0,1,0,0,0,1,0,1,0,1,1,1,0,1,0,0,0,0,0,0
34,Female,158780,No,No,No,No,Yes,No,No,Yes,Yes,No,No,Yes,Yes,No,No,No,0,0,0,0,0,0,0,0,0,1,1,1,0,0,0,0,0,0,0,0
3,Male,285948,No,No,No,No,No,No,No,No,No,No,Yes,No,No,No,No,No,0,0,0,0,0,0,0,1,0,0,0,0,0,0,0,0,0,0,0,0
25,Female,119775,No,No,Yes,No,No,No,Yes,Yes,No,No,Yes,Yes,Yes,Yes,No,Yes,0,1,0,0,0,0,0,1,0,1,1,1,0,0,0,0,0,0,0,1
37,Female,80259,No,No,No,Yes,Yes,Yes,No,Yes,No,No,No,No,Yes,Yes,No,No,0,0,0,0,0,0,0,0,0,0,1,1,0,0,0,0,0,0,0,0
70,Female,327985,No,No,No,No,No,No,No,No,No,No,No,Yes,No,Yes,No,Yes,0,0,0,0,0,0,0,0,0,0,0,0,0,0,0,0,0,0,0,0
44,Female,341719,No,No,No,No,No,No,No,No,Yes,No,Yes,No,No,No,No,No,0,0,0,0,0,0,0,1,0,0,0,0,0,0,0,0,0,0,0,0
38,Male,106818,No,No,Yes,No,No,No,Yes,Yes,Yes,No,Yes,Yes,No,Yes,No,No,0,0,0,0,0,0,0,1,1,1,0,0,0,0,0,0,1,0,0,0
73,Female,50684,No,No,Yes,Yes,Yes,No,No,No,No,No,No,Yes,Yes,No,No,Yes,0,0,0,0,0,0,0,0,0,1,1,1,0,0,0,0,0,0,0,0
17,Male,255503,Yes,No,No,No,Yes,No,No,Yes,Yes,No,Yes,Yes,Yes,Yes,No,Yes,0,0,0,0,0,0,0,1,0,0,0,0,0,0,0,1,0,0,0,1
11,Male,375476,No,No,No,No,No,No,No,Yes,Yes,No,No,No,Yes,Yes,No,No,0,0,0,0,0,0,0,0,0,0,0,0,0,0,0,0,0,0,0,0
20,Female,56423,Yes,No,No,No,Yes,Yes,No,Yes,No,Yes,No,Yes,No,Yes,No,Yes,0,0,0,0,0,0,0,0,0,1,0,0,1,1,0,1,0,0,0,0
4,Male,357692,No,No,No,No,Yes,No,No,Yes,No,No,No,No,No,No,No,No,0,0,0,0,0,0,0,0,0,0,0,0,0,0,0,0,0,0,0,0
29,Female,460345,No,No,Yes,Yes,Yes,Yes,Yes,Yes,No,No,No,No,Yes,No,No,No,0,0,0,0,0,0,0,0,0,0,1,0,0,0,0,0,0,0,0,0
49,Male,195329,No,No,No,No,No,No,No,Yes,No,No,No,Yes,No,Yes,No,No,0,0,0,0,0,0,0,0,0,1,0,0,0,0,0,0,0,0,0,0
45,Male,181926,No,No,No,No,No,No,No,No,No,No,Yes,Yes,No,No,No,No,0,0,0,0,0,0,0,1,0,1,0,0,0,0,0,0,0,0,0,0
31,Male,176317,No,No,No,No,Yes,No,Yes,Yes,No,No,Yes,No,No,Yes,No,No,0,0,0,0,0,0,0,1,0,0,0,0,0,0,0,0,0,0,0,0
7,Male,177670,No,No,No,No,Yes,No,No,Yes,Yes,No,Yes,Yes,No,No,No,Yes,0,0,0,0,0,0,0,1,0,0,0,0,0,0,0,0,0,0,0,0
24,Female,136270,No,No,No,Yes,Yes,Yes,Yes,No,No,Yes,No,No,No,Yes,No,Yes,0,0,0,0,0,0,0,0,0,0,0,0,1,0,0,0,0,0,0,0
65,Female,453629,No,No,Yes,No,No,Yes,No,No,No,No,No,No,No,Yes,No,No,0,0,0,0,0,0,0,0,0,0,0,0,0,0,0,0,0,0,0,0
50,Male,231459,No,No,No,No,No,No,Yes,Yes,No,No,Yes,Yes,Yes,No,No,Yes,0,0,0,0,0,0,0,1,0,1,0,1,0,0,0,0,0,0,0,0
32,Female,181631,No,No,Yes,No,No,Yes,No,No,Yes,Yes,No,No,No,No,No,Yes,0,0,0,0,0,0,0,0,1,0,0,0,1,0,0,0,0,0,0,0
63,Male,97127,No,No,Yes,No,No,No,Yes,No,Yes,No,Yes,No,No,No,No,No,0,0,0,0,0,0,0,1,1,0,0,0,0,0,0,0,1,0,0,0
58,Female,407616,No,No,No,No,Yes,No,Yes,No,No,No,Yes,No,Yes,Yes,No,No,0,0,0,0,0,0,0,0,0,0,1,0,0,0,0,0,0,0,0,0
40,Female,470330,No,No,Yes,No,Yes,Yes,Yes,No,Yes,No,No,Yes,No,No,No,No,0,0,0,0,0,0,0,0,1,0,0,0,0,0,0,0,0,0,0,0
80,Female,396614,No,No,Yes,Yes,No,Yes,Yes,Yes,No,No,Yes,No,No,No,No,No,0,0,0,0,0,0,0,1,0,0,0,0,0,0,0,0,0,0,0,0
29,Female,435186,No,No,Yes,Yes,No,No,Yes,No,No,Yes,No,No,No,No,No,No,0,0,0,0,0,0,0,0,0,0,0,0,1,0,0,0,0,0,0,0
67,Male,348666,No,No,No,No,No,No,No,No,No,No,Yes,Yes,No,No,No,Yes,0,0,0,0,0,0,0,1,0,0,0,0,0,0,0,0,0,0,0,0
27,Male,254571,No,No,Yes,No,No,No,Yes,No,Yes,No,No,No,No,No,No,Yes,0,0,0,0,0,0,0,0,1,0,0,0,0,0,0,0,0,0,0,0
74,Female,269847,No,No,Yes,Yes,No,No,No,Yes,No,No,No,Yes,No,Yes,No,Yes,0,0,0,0,0,0,0,0,0,1,0,0,0,0,0,0,0,0,0,0
67,Female,89160,No,No,No,No,Yes,Yes,Yes,No,Yes,No,No,No,No,Yes,No,No,0,0,0,0,0,0,0,0,0,0,0,0,0,0,0,0,0,0,0,0
50,Male,265360,No,No,No,No,No,No,Yes,Yes,Yes,No,No,Yes,No,Yes,No,Yes,0,0,0,0,0,0,0,0,0,1,0,0,0,0,0,0,0,0,0,0
18,Female,344485,No,No,No,Yes,No,Yes,No,No,No,Yes,Yes,Yes,No,No,No,No,0,0,0,0,0,0,0,1,0,0,0,0,1,0,0,0,0,1,0,0
8,Female,424096,No,No,No,No,Yes,No,Yes,No,Yes,No,No,No,No,Yes,Yes,No,0,0,0,0,0,0,0,0,0,0,0,0,0,0,0,0,0,0,0,0
13,Female,426042,No,No,No,No,Yes,No,Yes,Yes,No,No,Yes,No,Yes,No,Yes,Yes,0,0,0,0,0,0,0,0,0,0,0,0,0,0,0,0,0,0,0,0
16,Male,399303,Yes,No,Yes,No,No,No,Yes,Yes,Yes,No,No,No,Yes,Yes,No,Yes,0,0,0,0,0,0,0,0,0,0,0,0,0,0,1,1,0,0,0,0
12,Male,245933,No,No,Yes,No,Yes,No,Yes,Yes,No,No,Yes,Yes,No,Yes,No,No,0,0,0,0,0,0,0,1,0,0,0,0,0,0,0,0,0,0,0,0
75,Male,246648,No,No,Yes,No,No,No,No,No,No,No,Yes,No,Yes,Yes,No,Yes,0,0,0,0,0,0,0,1,0,0,0,1,0,0,0,0,0,0,0,0
48,Male,442523,No,No,Yes,No,No,No,Yes,No,Yes,No,Yes,Yes,No,No,No,No,0,0,0,0,0,0,0,0,1,0,0,0,0,0,0,0,1,0,0,0
71,Male,196674,No,No,Yes,No,Yes,No,No,Yes,No,No,No,Yes,No,No,No,No,0,0,0,0,0,0,0,0,0,1,0,0,0,0,0,0,0,0,0,0
10,Female,425858,Yes,No,No,No,No,Yes,Yes,No,No,No,Yes,No,No,No,Yes,No,0,0,0,0,0,0,0,0,0,0,0,0,0,0,1,0,0,0,0,0
10,Male,191724,No,No,Yes,No,No,No,Yes,Yes,No,No,Yes,No,Yes,No,No,Yes,0,0,0,0,0,0,0,1,0,0,0,1,0,0,0,0,0,0,0,0
76,Female,402802,No,No,No,No,Yes,No,Yes,No,Yes,No,No,Yes,Yes,Yes,No,No,0,0,0,0,0,0,0,0,0,0,1,0,0,0,0,0,0,0,0,0
31,Female,166703,No,No,Yes,No,Yes,No,No,No,Yes,No,Yes,Yes,Yes,No,No,No,0,1,0,0,0,0,0,1,1,1,1,1,0,0,0,0,1,0,0,0
60,Female,314058,No,No,No,Yes,Yes,Yes,Yes,Yes,No,No,Yes,Yes,No,Yes,No,Yes,0,0,0,0,0,0,0,1,0,0,0,0,0,0,0,0,0,0,0,0
22,Male,315812,No,No,Yes,No,Yes,No,No,Yes,No,No,Yes,No,Yes,Yes,No,No,0,0,0,0,0,0,0,1,0,0,0,0,0,0,0,0,0,0,0,0
83,Male,381215,No,No,Yes,No,No,No,Yes,Yes,No,No,Yes,No,Yes,No,No,Yes,0,0,0,0,0,0,0,1,0,0,0,0,0,0,0,0,0,0,0,0
31,Male,115131,No,No,No,No,Yes,No,Yes,No,Yes,No,Yes,No,Yes,No,No,Yes,0,0,0,0,0,0,0,1,0,0,0,1,0,0,0,0,0,0,0,0
45,Male,79019,No,No,Yes,No,Yes,No,No,No,No,No,Yes,No,Yes,No,No,Yes,0,0,0,0,0,0,0,1,0,0,0,1,0,0,0,0,0,0,0,0
69,Female,30175,No,No,No,Yes,Yes,Yes,No,No,Yes,No,No,No,Yes,No,No,No,0,0,0,0,0,0,0,0,0,0,1,1,0,0,0,0,0,0,0,0
57,Female,131166,No,No,Yes,No,Yes,Yes,Yes,No,Yes,No,No,No,No,No,No,Yes,0,0,0,0,0,0,0,0,1,0,0,0,0,0,0,0,0,0,0,0
41,Female,156524,No,No,Yes,Yes,Yes,Yes,No,No,No,Yes,Yes,Yes,No,No,No,No,0,1,0,0,0,0,0,1,0,1,0,0,1,0,0,0,0,1,0,0
59,Female,163391,No,No,Yes,No,No,Yes,No,No,Yes,No,Yes,Yes,Yes,No,No,Yes,0,1,0,0,0,0,0,1,1,1,1,1,0,0,0,0,1,0,0,0
46,Female,397453,No,No,Yes,No,No,Yes,Yes,Yes,Yes,No,Yes,Yes,Yes,Yes,No,No,0,0,0,0,0,0,0,1,1,0,1,0,0,0,0,0,1,0,0,0
37,Female,96644,No,No,Yes,No,Yes,No,No,Yes,No,Yes,No,Yes,No,No,No,No,0,0,0,0,0,0,0,0,0,1,0,0,1,0,0,0,0,0,0,0
12,Male,241135,No,No,No,No,No,No,No,Yes,No,No,No,No,Yes,No,No,No,0,0,0,0,0,0,0,0,0,0,0,1,0,0,0,0,0,0,0,0
24,Male,193351,No,No,Yes,No,Yes,No,Yes,No,Yes,No,Yes,Yes,Yes,Yes,No,Yes,0,0,0,0,0,0,0,1,1,1,0,1,0,0,0,0,1,0,0,1
46,Male,442029,No,No,No,No,No,No,Yes,Yes,No,No,Yes,Yes,Yes,No,No,No,0,0,0,0,0,0,0,0,0,0,0,0,0,0,0,0,0,0,0,0
8,Male,201290,No,No,No,No,Yes,No,No,No,Yes,No,No,No,Yes,No,No,No,0,0,0,0,0,0,0,0,0,0,0,1,0,0,0,0,0,0,0,0
35,Male,307492,No,No,Yes,No,No,No,Yes,Yes,No,No,Yes,No,No,No,No,Yes,0,0,0,0,0,0,0,1,0,0,0,0,0,0,0,0,0,0,0,0
82,Female,260986,No,No,No,No,Yes,Yes,Yes,No,Yes,No,No,Yes,Yes,No,No,Yes,0,0,0,0,0,0,0,0,0,1,1,0,0,0,0,0,0,0,0,0
70,Female,21488,No,No,Yes,No,No,Yes,No,Yes,No,No,Yes,Yes,No,No,No,Yes,0,1,0,0,1,0,0,1,0,1,0,0,0,0,0,0,0,0,0,0
29,Male,336497,No,No,No,No,No,No,No,No,Yes,No,No,No,Yes,Yes,No,Yes,0,0,0,0,0,0,0,0,0,0,0,0,0,0,0,0,0,0,0,0
85,Female,119346,No,No,Yes,Yes,Yes,No,Yes,No,No,No,No,No,Yes,Yes,No,Yes,0,0,0,0,0,0,0,0,0,0,1,1,0,0,0,0,0,0,0,0
80,Male,241618,No,No,Yes,No,Yes,No,No,Yes,No,No,No,No,No,Yes,No,Yes,0,0,0,0,0,0,0,0,0,0,0,0,0,0,0,0,0,0,0,0
50,Male,279092,No,No,No,No,Yes,No,Yes,No,No,No,Yes,Yes,Yes,No,No,No,0,0,0,0,0,0,0,1,0,1,0,0,0,0,0,0,0,0,0,0
55,Female,317725,No,No,Yes,No,No,Yes,Yes,No,No,No,No,No,Yes,Yes,No,Yes,0,0,0,0,0,0,0,0,0,0,1,0,0,0,0,0,0,0,0,0
34,Female,460754,No,No,No,No,Yes,No,No,No,No,Yes,No,No,No,Yes,No,No,0,0,0,0,0,0,0,0,0,0,0,0,1,0,0,0,0,0,0,0
38,Male,108910,No,No,No,No,No,No,Yes,Yes,Yes,No,No,No,Yes,Yes,No,No,0,0,0,0,0,0,0,0,0,0,0,1,0,0,0,0,0,0,0,0
41,Male,111267,No,No,Yes,No,Yes,No,No,Yes,Yes,No,Yes,Yes,Yes,No,No,Yes,0,0,0,0,0,0,0,1,1,1,0,1,0,0,0,0,1,0,0,0
14,Female,290464,No,No,No,No,Yes,No,No,Yes,Yes,No,No,No,No,Yes,Yes,Yes,0,0,0,0,0,0,0,0,0,0,0,0,0,0,0,0,0,0,0,0
27,Female,140617,No,No,No,Yes,No,Yes,Yes,Yes,No,Yes,No,Yes,No,No,No,No,0,0,0,0,0,0,0,0,0,1,0,0,1,0,0,0,0,0,0,0
10,Male,197454,No,No,Yes,No,No,No,Yes,Yes,No,No,Yes,No,No,No,No,Yes,0,0,0,0,0,0,0,1,0,0,0,0,0,0,0,0,0,0,0,0
58,Male,231482,No,No,No,No,No,No,No,No,Yes,No,Yes,No,No,Yes,No,Yes,0,0,0,0,0,0,0,1,0,0,0,0,0,0,0,0,0,0,0,0
4,Female,205417,Yes,Yes,Yes,No,No,No,Yes,No,No,No,Yes,Yes,No,Yes,Yes,Yes,0,0,0,0,0,0,0,1,0,0,0,0,0,0,0,0,0,0,0,0
17,Male,383671,Yes,Yes,No,No,No,No,No,Yes,No,No,Yes,Yes,No,No,No,No,0,0,0,0,0,0,0,1,0,0,0,0,0,0,0,1,0,0,0,0
75,Male,422396,No,No,No,No,Yes,No,No,Yes,No,No,No,Yes,No,Yes,No,No,0,0,0,0,0,0,0,0,0,0,0,0,0,0,0,0,0,0,0,0
83,Male,273995,No,No,No,No,No,No,No,No,No,No,No,Yes,No,No,No,No,0,0,0,0,0,0,0,0,0,1,0,0,0,0,0,0,0,0,0,0
59,Female,26207,No,No,Yes,No,No,Yes,Yes,No,No,No,No,Yes,Yes,Yes,No,No,0,0,0,0,0,0,0,0,0,1,1,1,0,1,0,0,0,0,0,0
49,Male,409670,No,No,No,No,No,No,Yes,No,Yes,No,No,Yes,Yes,Yes,No,No,0,0,0,0,0,0,0,0,0,0,0,0,0,0,0,0,0,0,0,0
7,Male,366938,Yes,No,No,No,No,No,Yes,No,Yes,No,Yes,No,No,Yes,No,Yes,0,0,0,0,0,0,0,1,0,0,0,0,0,0,1,0,0,0,0,0
23,Female,335346,No,No,No,Yes,Yes,Yes,No,No,No,No,No,Yes,No,No,No,Yes,0,0,0,0,0,0,0,0,0,0,0,0,0,0,0,0,0,0,0,0
18,Female,369925,Yes,No,No,No,No,No,No,No,No,No,Yes,No,Yes,No,No,Yes,0,0,0,0,0,0,0,1,0,0,1,0,0,0,0,0,0,0,0,1
30,Male,118819,No,No,No,No,No,No,No,Yes,No,No,Yes,No,No,No,No,No,0,0,0,0,0,0,0,1,0,0,0,0,0,0,0,0,0,0,0,0
4,Male,417687,No,No,No,No,No,No,Yes,No,No,No,No,Yes,Yes,No,No,Yes,0,0,0,0,0,0,0,0,0,0,0,0,0,0,0,0,0,0,0,0
13,Female,258110,Yes,No,No,No,No,No,No,No,No,No,No,No,No,Yes,Yes,Yes,0,0,0,0,0,0,0,0,0,0,0,0,0,0,0,0,0,0,0,0
50,Male,373111,No,No,Yes,No,No,No,No,Yes,Yes,No,Yes,Yes,No,No,No,No,0,0,0,0,0,0,0,1,1,0,0,0,0,0,0,0,1,0,0,0
10,Male,385524,No,No,Yes,No,No,No,No,No,No,No,Yes,No,Yes,Yes,No,No,0,0,0,0,0,0,0,1,0,0,0,0,0,0,0,0,0,0,0,0
51,Female,82730,No,No,No,No,Yes,Yes,No,No,No,No,Yes,Yes,Yes,Yes,No,No,0,1,0,0,0,0,0,1,0,1,1,1,0,0,0,0,0,0,0,0
13,Female,351394,No,No,Yes,No,Yes,Yes,No,Yes,Yes,No,No,Yes,Yes,Yes,Yes,No,0,0,0,0,0,0,0,0,0,0,0,0,0,0,0,0,0,0,0,0
32,Female,279042,No,No,Yes,Yes,No,No,No,No,Yes,Yes,No,Yes,Yes,No,No,No,0,0,0,0,0,0,0,0,1,1,1,0,1,0,0,0,0,0,0,0
48,Male,174868,No,No,No,No,Yes,No,Yes,Yes,Yes,No,No,No,No,Yes,No,Yes,0,0,0,0,0,0,0,0,0,0,0,0,0,0,0,0,0,0,0,0
61,Female,374073,No,No,No,No,No,No,No,No,No,No,No,No,No,No,No,No,0,0,0,0,0,0,0,0,0,0,0,0,0,0,0,0,0,0,0,0
78,Male,113542,No,No,Yes,No,Yes,No,Yes,No,No,No,Yes,No,No,No,No,Yes,0,0,0,0,0,0,0,1,0,0,0,0,0,0,0,0,0,0,0,0
23,Male,70355,Yes,No,No,No,No,No,Yes,Yes,Yes,No,Yes,No,No,No,No,No,0,0,0,0,0,0,0,1,0,0,0,0,0,0,1,1,0,0,0,0
32,Female,130784,No,No,No,Yes,Yes,Yes,Yes,No,Yes,No,No,No,No,No,No,Yes,0,0,0,0,0,0,0,0,0,0,0,0,0,0,0,0,0,0,0,0
23,Female,298406,No,No,Yes,Yes,Yes,No,Yes,No,No,No,Yes,No,Yes,No,No,Yes,0,0,0,0,0,0,0,1,0,0,1,0,0,0,0,0,0,0,0,1
80,Male,83817,No,No,No,No,No,No,No,Yes,Yes,No,No,Yes,Yes,No,No,Yes,0,0,0,0,0,0,0,0,0,1,0,1,0,0,0,0,0,0,0,0
83,Male,259920,No,No,Yes,No,No,No,Yes,No,Yes,No,No,No,Yes,No,No,No,0,0,0,0,0,0,0,0,1,0,0,0,0,0,0,0,0,0,0,0
21,Male,183081,No,No,No,No,No,No,Yes,No,Yes,No,No,No,Yes,Yes,No,No,0,0,0,0,0,0,0,0,0,0,0,1,0,0,0,0,0,0,0,0
40,Male,82347,No,No,Yes,No,Yes,No,No,No,Yes,No,Yes,No,No,Yes,No,No,0,0,0,0,0,0,0,1,1,0,0,0,0,0,0,0,1,0,0,0
59,Male,430699,No,No,Yes,No,Yes,No,No,Yes,No,No,No,No,No,Yes,No,No,0,0,0,0,0,0,0,0,0,0,0,0,0,0,0,0,0,0,0,0
6,Female,252711,Yes,Yes,Yes,No,No,No,No,Yes,No,No,No,Yes,Yes,Yes,Yes,Yes,0,0,0,0,0,0,0,0,0,0,0,0,0,0,0,1,0,0,0,0
14,Female,101186,Yes,Yes,Yes,No,No,No,No,No,Yes,No,Yes,No,No,Yes,Yes,No,0,0,0,1,0,0,0,1,0,0,0,0,0,0,0,0,0,0,0,0
21,Female,96588,Yes,Yes,No,Yes,Yes,Yes,No,No,Yes,Yes,No,No,No,No,No,No,0,0,0,0,0,0,0,0,0,0,0,0,1,0,0,0,0,0,0,0
30,Female,485509,No,No,Yes,Yes,No,Yes,No,Yes,No,No,No,Yes,No,No,No,No,0,0,0,0,0,0,0,0,0,0,0,0,0,0,0,0,0,0,0,0
71,Male,210552,No,No,No,No,No,No,No,No,No,No,No,Yes,No,No,No,No,0,0,0,0,0,0,0,0,0,1,0,0,0,0,0,0,0,0,0,0
66,Male,183232,No,No,No,No,No,No,Yes,Yes,Yes,No,Yes,Yes,Yes,No,No,No,0,0,0,0,0,0,0,1,0,1,0,1,0,0,0,0,0,0,0,0
13,Male,238399,Yes,No,Yes,No,No,No,Yes,Yes,No,No,No,No,No,No,No,No,0,0,0,0,0,0,0,0,0,0,0,0,0,0,1,1,0,0,0,0
67,Male,118802,No,No,Yes,No,No,No,No,Yes,Yes,No,No,No,Yes,Yes,No,No,0,0,0,0,0,0,0,0,1,0,0,1,0,0,0,0,0,0,0,0
45,Female,192561,No,No,Yes,No,Yes,No,No,No,No,Yes,No,Yes,Yes,Yes,No,No,0,0,0,0,0,0,0,0,0,1,1,1,1,0,0,0,0,0,0,0
34,Female,476012,No,No,Yes,No,Yes,Yes,No,No,Yes,Yes,Yes,Yes,No,Yes,No,No,0,0,0,0,0,0,0,0,1,0,0,0,1,0,0,0,1,1,0,0
5,Male,195806,Yes,Yes,No,No,No,No,Yes,Yes,No,No,Yes,No,No,Yes,No,Yes,0,0,0,1,0,0,0,1,0,0,0,0,0,0,1,1,0,0,0,0
52,Female,349577,No,No,Yes,No,Yes,No,No,No,Yes,No,No,Yes,Yes,No,No,Yes,0,0,0,0,0,0,0,0,1,0,1,0,0,0,0,0,0,0,0,0
23,Male,482379,Yes,Yes,No,No,Yes,No,No,No,Yes,No,Yes,Yes,No,No,No,No,0,0,1,0,0,0,0,0,0,0,0,0,0,0,0,0,0,0,0,0
66,Male,416984,No,No,Yes,No,No,No,No,No,No,No,Yes,Yes,No,No,No,Yes,0,0,0,0,0,0,0,0,0,0,0,0,0,0,0,0,0,0,0,0
77,Female,435024,No,No,Yes,No,Yes,No,No,Yes,Yes,No,No,No,No,No,No,No,0,0,0,0,0,0,0,0,1,0,0,0,0,0,0,0,0,0,0,0
52,Female,357947,No,No,No,No,Yes,No,No,No,No,No,No,Yes,Yes,Yes,No,No,0,0,0,0,0,0,0,0,0,0,1,0,0,0,0,0,0,0,0,0
37,Female,411086,No,No,Yes,Yes,No,Yes,Yes,Yes,Yes,Yes,Yes,No,Yes,Yes,No,Yes,0,0,0,0,0,0,0,0,1,0,1,0,1,0,0,0,1,1,0,0
17,Male,80957,Yes,Yes,No,No,Yes,No,Yes,No,Yes,No,Yes,Yes,Yes,Yes,No,Yes,0,0,0,0,0,0,0,1,0,0,0,1,0,0,1,0,0,0,0,1
20,Female,215084,No,No,Yes,Yes,No,Yes,No,No,No,Yes,No,No,Yes,No,No,Yes,0,0,0,0,0,0,0,0,0,0,1,1,1,0,0,0,0,0,0,0
7,Male,277482,Yes,No,Yes,No,Yes,No,Yes,Yes,No,No,No,Yes,Yes,No,No,No,0,0,0,0,0,0,0,0,0,0,0,0,0,0,1,1,0,0,0,0
36,Female,440145,No,No,No,No,Yes,No,No,Yes,No,Yes,Yes,No,No,Yes,No,No,0,0,0,0,0,0,0,0,0,0,0,0,1,0,0,0,0,1,0,0
11,Female,452475,Yes,Yes,Yes,No,Yes,Yes,Yes,Yes,Yes,No,Yes,No,Yes,Yes,Yes,Yes,0,0,0,1,0,0,0,0,0,0,0,0,0,0,1,1,0,0,0,0
67,Male,126615,No,No,No,No,No,No,No,No,No,No,Yes,No,Yes,No,No,Yes,0,0,0,0,0,0,0,1,0,0,0,1,0,0,0,0,0,0,0,0
73,Female,126099,No,No,Yes,No,Yes,No,No,No,Yes,No,Yes,Yes,Yes,Yes,No,No,0,1,0,0,0,0,0,1,1,1,1,1,0,0,0,0,1,0,0,0
53,Male,253161,No,No,Yes,No,Yes,No,Yes,No,No,No,No,Yes,No,Yes,No,Yes,0,0,0,0,0,0,0,0,0,1,0,0,0,0,0,0,0,0,0,0
1,Female,478482,Yes,Yes,Yes,No,No,Yes,No,Yes,No,No,No,No,Yes,Yes,Yes,Yes,0,0,0,0,0,0,0,0,0,0,0,0,0,0,0,0,0,0,0,0
18,Female,241350,No,No,No,Yes,No,No,Yes,Yes,Yes,Yes,No,Yes,No,Yes,No,Yes,0,0,0,0,0,0,0,0,0,1,0,0,1,0,0,0,0,0,0,0
79,Female,302185,No,No,Yes,No,Yes,No,Yes,Yes,No,No,No,No,No,No,No,Yes,0,0,0,0,0,0,0,0,0,0,0,0,0,0,0,0,0,0,0,0
24,Female,78296,Yes,Yes,No,No,No,Yes,Yes,No,No,No,No,No,No,Yes,No,No,0,0,0,0,0,0,0,0,0,0,0,0,0,0,1,0,0,0,0,0
43,Male,266140,No,No,Yes,No,Yes,No,Yes,No,Yes,No,No,Yes,No,No,No,No,0,0,0,0,0,0,0,0,1,1,0,0,0,0,0,0,0,0,0,0
47,Male,410828,No,No,No,No,No,No,No,Yes,Yes,No,Yes,Yes,No,Yes,No,No,0,0,0,0,0,0,0,0,0,0,0,0,0,0,0,0,0,0,0,0
70,Female,164329,No,No,Yes,No,Yes,Yes,No,Yes,No,No,No,Yes,No,No,No,No,0,0,0,0,0,0,0,0,0,1,0,0,0,0,0,0,0,0,0,0
13,Male,381021,Yes,No,No,No,Yes,No,Yes,Yes,No,No,Yes,Yes,No,No,No,Yes,0,0,0,0,0,0,0,1,0,0,0,0,0,0,1,1,0,0,0,0
21,Female,113162,No,No,No,No,No,No,Yes,Yes,No,Yes,No,Yes,No,No,No,No,0,0,0,0,0,0,0,0,0,1,0,0,1,0,0,0,0,0,0,0
38,Female,48937,No,No,No,Yes,Yes,No,No,No,No,Yes,Yes,No,Yes,No,No,No,0,1,0,0,0,1,1,1,0,0,1,1,1,0,0,0,0,1,0,0
55,Male,373716,No,No,No,No,No,No,Yes,No,Yes,No,No,Yes,Yes,Yes,No,Yes,0,0,0,0,0,0,0,0,0,0,0,0,0,0,0,0,0,0,0,0
51,Female,130400,No,No,No,Yes,No,No,Yes,Yes,No,No,Yes,Yes,No,No,No,Yes,0,1,0,0,0,0,0,1,0,1,0,0,0,0,0,0,0,0,0,0
44,Female,283617,No,No,Yes,Yes,No,Yes,Yes,No,No,Yes,No,Yes,Yes,Yes,No,Yes,0,0,0,0,0,0,0,0,0,1,1,0,1,0,0,0,0,0,0,0
78,Female,135596,No,No,Yes,Yes,Yes,No,No,Yes,No,No,No,Yes,Yes,Yes,No,No,0,0,0,0,0,0,0,0,0,1,1,1,0,0,0,0,0,0,0,0
32,Female,311504,No,No,No,Yes,Yes,No,No,No,No,No,Yes,No,No,Yes,No,No,0,0,0,0,0,0,0,1,0,0,0,0,0,0,0,0,0,0,0,0
54,Male,362906,No,No,Yes,No,Yes,No,No,Yes,No,No,Yes,Yes,Yes,Yes,No,Yes,0,0,0,0,0,0,0,1,0,0,0,0,0,0,0,0,0,0,0,0
81,Female,444691,No,No,Yes,No,No,Yes,No,No,No,No,No,No,Yes,No,No,No,0,0,0,0,0,0,0,0,0,0,1,0,0,0,0,0,0,0,0,0
6,Male,477525,Yes,No,No,No,Yes,No,Yes,Yes,Yes,No,No,Yes,No,Yes,No,No,0,0,0,0,0,0,0,0,0,0,0,0,0,0,1,1,0,0,0,0
18,Male,75619,Yes,Yes,Yes,No,Yes,No,Yes,Yes,Yes,No,Yes,No,Yes,Yes,No,Yes,0,0,1,0,0,0,0,1,1,0,0,1,0,0,1,1,1,0,0,1
65,Female,286755,No,No,Yes,Yes,No,Yes,No,No,Yes,No,No,No,No,Yes,No,No,0,0,0,0,0,0,0,0,1,0,0,0,0,0,0,0,0,0,0,0
61,Male,273848,No,No,Yes,No,No,No,No,Yes,No,No,No,No,Yes,Yes,No,Yes,0,0,0,0,0,0,0,0,0,0,0,0,0,0,0,0,0,0,0,0
82,Female,350674,No,No,Yes,No,Yes,No,Yes,Yes,No,No,Yes,Yes,No,Yes,No,No,0,0,0,0,0,0,0,1,0,0,0,0,0,0,0,0,0,0,0,0
32,Male,152162,No,No,No,No,Yes,No,No,No,No,No,Yes,No,Yes,Yes,No,No,0,0,0,0,0,0,0,1,0,0,0,1,0,0,0,0,0,0,0,0
2,Male,263339,No,No,No,No,Yes,No,Yes,Yes,Yes,No,Yes,No,No,Yes,No,Yes,0,0,0,0,0,0,0,1,0,0,0,0,0,0,0,0,0,0,0,0
22,Female,22512,Yes,No,No,No,Yes,Yes,Yes,Yes,Yes,No,Yes,No,No,No,No,No,1,1,0,0,0,0,1,1,0,0,0,0,0,0,1,1,0,0,0,0
29,Female,287515,No,No,No,No,Yes,Yes,Yes,Yes,Yes,Yes,No,No,Yes,No,No,No,0,0,0,0,0,0,0,0,0,0,1,0,1,0,0,0,0,0,0,0
29,Female,403231,No,No,No,No,No,Yes,Yes,Yes,Yes,No,No,No,Yes,Yes,No,No,0,0,0,0,0,0,0,0,0,0,1,0,0,0,0,0,0,0,0,0
22,Male,239751,Yes,No,Yes,No,Yes,No,Yes,No,Yes,No,No,No,Yes,Yes,No,No,0,0,0,0,0,0,0,0,1,0,0,1,0,0,1,0,0,0,0,0
11,Female,332881,Yes,No,Yes,No,No,No,No,No,Yes,No,Yes,No,Yes,No,Yes,No,0,0,0,0,0,0,0,1,0,0,0,0,0,0,0,0,0,0,0,0
79,Male,267204,No,No,Yes,No,No,No,Yes,Yes,No,No,Yes,Yes,Yes,Yes,No,Yes,0,0,0,0,0,0,0,1,0,1,0,0,0,0,0,0,0,0,0,0
69,Male,387574,No,No,No,No,No,No,No,No,Yes,No,No,Yes,No,No,No,No,0,0,0,0,0,0,0,0,0,0,0,0,0,0,0,0,0,0,0,0
51,Female,381199,No,No,No,No,No,Yes,Yes,No,No,No,No,Yes,Yes,Yes,No,No,0,0,0,0,0,0,0,0,0,0,1,0,0,0,0,0,0,0,0,0
12,Female,48142,Yes,Yes,Yes,No,Yes,Yes,No,No,No,No,No,No,No,Yes,Yes,Yes,0,0,0,0,0,0,0,0,0,0,0,0,0,0,0,0,0,0,0,0
4,Female,97400,No,No,No,No,Yes,Yes,Yes,No,No,No,No,No,Yes,No,Yes,No,0,0,0,0,0,0,0,0,0,0,0,1,0,0,0,0,0,0,0,0
51,Male,198409,No,No,No,No,Yes,No,No,Yes,No,No,Yes,Yes,No,Yes,No,Yes,0,0,0,0,0,0,0,1,0,1,0,0,0,0,0,0,0,0,0,0
79,Female,328296,No,No,Yes,No,Yes,No,No,Yes,Yes,No,No,Yes,Yes,No,No,No,0,0,0,0,0,0,0,0,1,0,1,0,0,0,0,0,0,0,0,0
25,Male,72585,No,No,No,No,Yes,No,No,Yes,No,No,Yes,No,Yes,No,No,Yes,0,0,0,0,0,0,1,1,0,0,0,1,0,0,0,0,0,0,0,1
53,Female,128169,No,No,Yes,Yes,Yes,No,No,No,No,No,No,Yes,No,Yes,No,Yes,0,0,0,0,0,0,0,0,0,1,0,0,0,0,0,0,0,0,0,0
75,Female,393358,No,No,No,Yes,Yes,Yes,No,Yes,Yes,No,No,No,Yes,Yes,No,Yes,0,0,0,0,0,0,0,0,0,0,1,0,0,0,0,0,0,0,0,0
10,Female,390045,Yes,Yes,No,No,No,Yes,No,No,Yes,No,No,No,No,No,Yes,Yes,0,0,0,0,0,0,0,0,0,0,0,0,0,0,0,0,0,0,0,0
30,Female,69828,No,No,No,Yes,Yes,No,No,Yes,No,No,No,No,No,No,No,No,0,0,0,0,0,0,0,0,0,0,0,0,0,0,0,0,0,0,0,0
58,Male,371059,No,No,Yes,No,Yes,No,Yes,No,No,No,Yes,Yes,No,No,No,Yes,0,0,0,0,0,0,0,1,0,0,0,0,0,0,0,0,0,0,0,0
22,Male,75479,No,No,Yes,No,Yes,No,No,Yes,No,No,No,No,Yes,Yes,No,Yes,0,0,0,0,0,0,0,0,0,0,0,1,0,0,0,0,0,0,0,0
56,Female,177392,No,No,No,Yes,No,Yes,No,No,No,No,No,Yes,Yes,Yes,No,No,0,0,0,0,0,0,0,0,0,1,1,1,0,0,0,0,0,0,0,0
58,Male,324859,No,No,Yes,No,Yes,No,No,No,No,No,Yes,No,No,No,No,Yes,0,0,0,0,0,0,0,1,0,0,0,0,0,0,0,0,0,0,0,0
59,Female,472945,No,No,Yes,Yes,No,No,Yes,Yes,No,No,No,No,Yes,Yes,No,Yes,0,0,0,0,0,0,0,0,0,0,1,0,0,0,0,0,0,0,0,0
49,Male,200155,No,No,Yes,No,Yes,No,Yes,No,Yes,No,Yes,Yes,No,No,No,Yes,0,0,0,0,0,0,0,1,1,1,0,0,0,0,0,0,1,0,0,0
78,Female,365617,No,No,Yes,No,Yes,Yes,Yes,No,Yes,No,Yes,No,Yes,No,No,No,0,0,0,0,0,0,0,1,1,0,1,0,0,0,0,0,1,0,0,0
44,Female,456005,No,No,No,Yes,Yes,Yes,Yes,No,No,Yes,Yes,Yes,Yes,Yes,No,No,0,0,0,0,0,0,0,0,0,0,1,0,1,0,0,0,0,1,0,0
85,Female,194860,No,No,Yes,No,Yes,Yes,Yes,Yes,No,No,No,Yes,No,No,No,Yes,0,0,0,0,0,0,0,0,0,1,0,0,0,0,0,0,0,0,0,0
63,Male,405309,No,No,No,No,No,No,No,No,Yes,No,Yes,Yes,No,Yes,No,No,0,0,0,0,0,0,0,0,0,0,0,0,0,0,0,0,0,0,0,0
12,Male,491445,No,No,No,No,No,No,No,No,No,No,Yes,No,No,Yes,No,No,0,0,0,0,0,0,0,0,0,0,0,0,0,0,0,0,0,0,0,0
32,Female,475768,No,No,No,Yes,Yes,No,Yes,Yes,Yes,No,No,Yes,Yes,No,No,Yes,0,0,0,0,0,0,0,0,0,0,1,0,0,0,0,0,0,0,0,0
59,Female,250985,No,No,Yes,Yes,Yes,Yes,Yes,Yes,Yes,No,No,Yes,No,Yes,No,No,0,0,0,0,0,0,0,0,1,1,0,0,0,0,0,0,0,0,0,0
74,Male,102285,No,No,Yes,No,No,No,No,No,No,No,No,Yes,No,No,No,Yes,0,0,0,0,0,0,0,0,0,1,0,0,0,0,0,0,0,0,0,0
50,Female,43033,No,No,No,No,No,Yes,Yes,Yes,No,No,Yes,Yes,Yes,Yes,No,Yes,0,1,0,0,0,0,0,1,0,1,1,1,0,1,0,0,0,0,0,0
8,Male,94813,Yes,Yes,Yes,No,No,No,Yes,No,Yes,No,Yes,Yes,Yes,No,No,Yes,0,0,0,1,0,0,0,1,0,0,0,1,0,0,1,0,0,0,0,0
39,Female,213604,No,No,No,No,Yes,Yes,Yes,No,No,Yes,No,No,Yes,No,No,Yes,0,0,0,0,0,0,0,0,0,0,1,1,1,0,0,0,0,0,0,0
21,Male,73070,Yes,Yes,Yes,No,Yes,No,Yes,No,Yes,No,Yes,Yes,Yes,Yes,No,No,0,0,1,0,0,0,1,1,1,1,0,1,0,1,1,0,1,0,0,0
9,Male,482634,Yes,No,No,No,No,No,No,No,Yes,No,Yes,Yes,Yes,No,No,Yes,0,0,0,0,0,0,0,0,0,0,0,0,0,0,0,0,0,0,0,0
43,Male,86913,No,No,No,No,Yes,No,No,No,No,No,No,Yes,No,Yes,No,No,0,0,0,0,0,0,0,0,0,1,0,0,0,0,0,0,0,0,0,0
71,Male,281488,No,No,No,No,No,No,No,No,No,No,Yes,No,Yes,Yes,No,No,0,0,0,0,0,0,0,1,0,0,0,0,0,0,0,0,0,0,0,0
81,Male,459526,No,No,Yes,No,No,No,No,No,No,No,No,No,No,No,No,Yes,0,0,0,0,0,0,0,0,0,0,0,0,0,0,0,0,0,0,0,0
59,Female,13414,No,No,No,Yes,Yes,Yes,No,Yes,Yes,No,Yes,No,No,Yes,No,Yes,0,1,0,0,0,1,1,1,0,0,0,0,0,1,0,0,0,0,0,0
46,Female,441937,No,No,Yes,Yes,No,Yes,No,No,Yes,No,Yes,Yes,No,No,No,Yes,0,0,0,0,0,0,0,0,1,0,0,0,0,0,0,0,1,0,0,0
78,Male,91286,No,No,Yes,No,Yes,No,Yes,No,Yes,No,Yes,No,Yes,No,No,Yes,0,0,0,0,0,0,0,1,1,0,0,1,0,0,0,0,1,0,0,0
61,Female,499309,No,No,Yes,Yes,No,Yes,Yes,Yes,Yes,No,No,No,No,No,No,Yes,0,0,0,0,0,0,0,0,1,0,0,0,0,0,0,0,0,0,0,0
5,Male,329328,Yes,No,No,No,Yes,No,Yes,No,No,No,No,Yes,Yes,No,No,No,0,0,0,0,0,0,0,0,0,0,0,0,0,0,1,0,0,0,0,0
19,Female,385815,Yes,No,No,Yes,Yes,Yes,Yes,No,No,No,No,Yes,No,No,No,No,0,0,0,0,0,0,0,0,0,0,0,0,0,0,1,0,0,0,0,0
30,Female,343069,No,No,Yes,Yes,Yes,Yes,Yes,No,Yes,Yes,Yes,No,Yes,No,No,No,0,0,0,0,0,0,0,1,1,0,1,0,1,0,0,0,1,1,0,0
39,Male,286697,No,No,No,No,Yes,No,No,No,Yes,No,No,No,No,No,No,Yes,0,0,0,0,0,0,0,0,0,0,0,0,0,0,0,0,0,0,0,0
49,Male,122272,No,No,No,No,Yes,No,Yes,No,No,No,No,No,Yes,Yes,No,Yes,0,0,0,0,0,0,0,0,0,0,0,1,0,0,0,0,0,0,0,0
54,Female,39610,No,No,No,Yes,Yes,Yes,Yes,No,Yes,No,No,Yes,No,No,No,No,0,0,0,0,0,0,0,0,0,1,0,0,0,0,0,0,0,0,0,0
68,Female,128993,No,No,No,No,Yes,No,No,Yes,No,No,Yes,No,Yes,No,No,No,0,1,0,0,0,0,0,1,0,0,1,1,0,0,0,0,0,0,0,0
24,Male,424363,No,No,No,No,Yes,No,No,No,Yes,No,Yes,Yes,Yes,No,No,Yes,0,0,0,0,0,0,0,0,0,0,0,0,0,0,0,0,0,0,0,1
2,Male,399521,No,No,No,No,No,No,Yes,No,No,No,Yes,No,No,Yes,No,No,0,0,0,0,0,0,0,1,0,0,0,0,0,0,0,0,0,0,0,0
1,Female,351709,Yes,Yes,Yes,No,Yes,No,Yes,No,Yes,No,Yes,No,No,No,Yes,No,0,0,0,0,0,0,0,1,0,0,0,0,0,0,0,0,0,0,0,0
82,Male,347477,No,No,No,No,No,No,Yes,No,Yes,No,Yes,Yes,Yes,No,No,No,0,0,0,0,0,0,0,1,0,0,0,0,0,0,0,0,0,0,0,0
43,Male,88201,No,No,Yes,No,No,No,No,Yes,No,No,No,No,Yes,No,No,Yes,0,0,0,0,0,0,0,0,0,0,0,1,0,0,0,0,0,0,0,0
35,Female,43753,No,No,No,Yes,No,Yes,No,Yes,No,No,No,Yes,No,No,No,No,0,0,0,0,0,0,0,0,0,1,0,0,0,0,0,0,0,0,0,0
75,Male,77147,No,No,Yes,No,No,No,No,Yes,No,No,Yes,Yes,Yes,No,No,Yes,0,0,0,0,0,0,0,1,0,1,0,1,0,0,0,0,0,0,0,0
62,Male,477454,No,No,Yes,No,No,No,Yes,Yes,No,No,No,No,Yes,No,No,Yes,0,0,0,0,0,0,0,0,0,0,0,0,0,0,0,0,0,0,0,0
80,Female,316707,No,No,No,No,No,Yes,Yes,Yes,Yes,No,Yes,Yes,No,No,No,No,0,0,0,0,0,0,0,1,0,0,0,0,0,0,0,0,0,0,0,0
37,Female,57070,No,No,No,Yes,No,Yes,No,No,Yes,Yes,Yes,Yes,No,Yes,No,No,0,1,0,0,0,1,0,1,0,1,0,0,1,1,0,0,0,1,0,0
84,Female,78191,No,No,Yes,No,No,Yes,Yes,No,Yes,No,No,Yes,Yes,Yes,No,Yes,0,0,0,0,0,0,0,0,1,1,1,1,0,0,0,0,0,0,0,0
67,Male,383913,No,No,No,No,No,No,Yes,No,Yes,No,No,No,No,No,No,Yes,0,0,0,0,0,0,0,0,0,0,0,0,0,0,0,0,0,0,0,0
52,Male,275432,No,No,No,No,No,No,Yes,No,No,No,Yes,No,Yes,No,No,Yes,0,0,0,0,0,0,0,1,0,0,0,0,0,0,0,0,0,0,0,0
25,Male,209734,Yes,Yes,Yes,No,No,No,Yes,No,No,No,Yes,No,Yes,No,No,Yes,0,0,1,0,0,0,0,1,0,0,0,1,0,0,1,0,0,0,0,1
41,Female,446157,No,No,Yes,No,No,No,Yes,No,No,Yes,No,Yes,No,Yes,No,Yes,0,0,0,0,0,0,0,0,0,0,0,0,1,0,0,0,0,0,0,0
4,Male,491709,No,No,No,No,Yes,No,No,No,Yes,No,No,Yes,No,No,No,No,0,0,0,0,0,0,0,0,0,0,0,0,0,0,0,0,0,0,0,0
77,Female,295222,No,No,No,Yes,No,Yes,No,Yes,Yes,No,Yes,Yes,Yes,Yes,No,No,0,0,0,0,0,0,0,1,0,1,1,0,0,0,0,0,0,0,0,0
73,Male,189985,No,No,Yes,No,Yes,No,No,No,No,No,Yes,Yes,No,Yes,No,No,0,0,0,0,0,0,0,1,0,1,0,0,0,0,0,0,0,0,0,0
63,Female,343681,No,No,Yes,Yes,No,No,Yes,No,No,No,No,No,Yes,Yes,No,Yes,0,0,0,0,0,0,0,0,0,0,1,0,0,0,0,0,0,0,0,0
49,Male,387872,No,No,Yes,No,No,No,Yes,Yes,Yes,No,Yes,Yes,No,Yes,No,No,0,0,0,0,0,0,0,1,1,0,0,0,0,0,0,0,1,0,0,0
40,Male,10388,No,No,No,No,Yes,No,No,No,Yes,No,No,No,Yes,No,No,No,0,0,0,0,0,0,0,0,0,0,0,1,0,0,0,0,0,0,0,0
82,Female,190488,No,No,Yes,No,Yes,Yes,No,No,Yes,No,No,No,Yes,Yes,No,Yes,0,0,0,0,0,0,0,0,1,0,1,1,0,0,0,0,0,0,0,0
21,Female,450198,No,No,Yes,Yes,No,Yes,Yes,No,Yes,Yes,Yes,No,No,No,No,No,0,0,0,0,0,0,0,0,1,0,0,0,1,0,0,0,1,1,0,0
81,Male,206789,No,No,Yes,No,Yes,No,Yes,Yes,Yes,No,No,Yes,No,Yes,No,No,0,0,0,0,0,0,0,0,1,1,0,0,0,0,0,0,0,0,0,0
83,Male,492683,No,No,No,No,No,No,No,Yes,Yes,No,No,No,No,No,No,Yes,0,0,0,0,0,0,0,0,0,0,0,0,0,0,0,0,0,0,0,0
52,Male,130102,No,No,Yes,No,No,No,Yes,Yes,Yes,No,Yes,Yes,No,No,No,No,0,0,0,0,0,0,0,1,1,1,0,0,0,0,0,0,1,0,0,0
39,Female,485619,No,No,Yes,No,Yes,Yes,No,No,Yes,No,No,Yes,Yes,Yes,No,No,0,0,0,0,0,0,0,0,1,0,1,0,0,0,0,0,0,0,0,0
51,Female,324338,No,No,No,No,No,Yes,Yes,No,Yes,No,Yes,No,No,No,No,Yes,0,0,0,0,0,0,0,1,0,0,0,0,0,0,0,0,0,0,0,0
77,Male,350025,No,No,Yes,No,No,No,No,No,Yes,No,No,No,Yes,Yes,No,Yes,0,0,0,0,0,0,0,0,1,0,0,0,0,0,0,0,0,0,0,0
81,Female,279184,No,No,No,No,No,Yes,No,Yes,Yes,No,Yes,Yes,Yes,Yes,No,Yes,0,0,0,0,0,0,0,1,0,1,1,0,0,0,0,0,0,0,0,0
12,Male,196884,No,No,No,No,No,No,Yes,No,Yes,No,Yes,Yes,No,Yes,No,No,0,0,0,0,0,0,0,1,0,0,0,0,0,0,0,0,0,0,0,0
36,Male,13245,No,No,Yes,No,Yes,No,No,No,No,No,No,Yes,No,No,No,No,0,0,0,0,0,0,0,0,0,1,0,0,0,0,0,0,0,0,0,0
75,Female,266789,No,No,Yes,Yes,Yes,No,Yes,Yes,No,No,Yes,Yes,Yes,No,No,No,0,0,0,0,0,0,0,1,0,1,1,0,0,0,0,0,0,0,0,0
65,Female,283493,No,No,Yes,Yes,No,Yes,Yes,No,No,No,No,No,Yes,No,No,No,0,0,0,0,0,0,0,0,0,0,1,0,0,0,0,0,0,0,0,0
1,Female,97578,Yes,Yes,No,No,No,No,No,Yes,No,No,Yes,Yes,Yes,Yes,Yes,Yes,0,0,0,0,0,0,0,1,0,0,0,1,0,0,0,0,0,0,0,0
30,Male,414372,No,No,Yes,No,Yes,No,No,Yes,No,No,No,Yes,No,No,No,No,0,0,0,0,0,0,0,0,0,0,0,0,0,0,0,0,0,0,0,0
62,Female,345558,No,No,Yes,No,Yes,No,Yes,Yes,No,No,Yes,No,Yes,No,No,Yes,0,0,0,0,0,0,0,1,0,0,1,0,0,0,0,0,0,0,0,0
36,Male,51817,No,No,No,No,Yes,No,Yes,No,Yes,No,Yes,Yes,No,No,No,No,0,0,0,0,0,0,1,1,0,1,0,0,0,0,0,0,0,0,0,0
35,Male,108818,No,No,Yes,No,No,No,Yes,No,Yes,No,Yes,Yes,No,Yes,No,Yes,0,0,0,0,0,0,0,1,1,1,0,0,0,0,0,0,1,0,0,0
80,Female,246759,No,No,Yes,No,No,Yes,Yes,No,Yes,No,Yes,No,Yes,Yes,No,No,0,1,0,0,0,0,0,1,1,0,1,1,0,0,0,0,1,0,0,0
44,Male,144509,No,No,No,No,Yes,No,No,Yes,Yes,No,No,Yes,No,No,No,No,0,0,0,0,0,0,0,0,0,1,0,0,0,0,0,0,0,0,0,0
20,Male,52379,Yes,No,Yes,No,No,No,No,Yes,Yes,No,No,Yes,Yes,Yes,No,No,0,0,0,0,0,0,0,0,1,1,0,1,0,1,0,1,0,0,0,0
78,Female,47264,No,No,No,Yes,Yes,No,No,No,Yes,No,Yes,Yes,No,Yes,No,Yes,0,1,0,0,1,1,1,1,0,1,0,0,0,1,0,0,0,0,0,0
52,Male,106999,No,No,Yes,No,No,No,No,No,No,No,Yes,Yes,No,No,No,Yes,0,0,0,0,0,0,0,1,0,1,0,0,0,0,0,0,0,0,0,0
15,Female,14183,Yes,No,Yes,No,No,No,Yes,Yes,Yes,Yes,No,No,No,Yes,Yes,Yes,0,0,0,0,0,0,0,0,0,0,0,0,0,0,1,1,0,0,0,0
59,Male,95714,No,No,Yes,No,No,No,Yes,No,No,No,Yes,No,No,No,No,No,0,0,0,0,0,0,0,1,0,0,0,0,0,0,0,0,0,0,0,0
22,Male,480576,Yes,No,No,No,No,No,Yes,No,Yes,No,No,No,Yes,Yes,No,Yes,0,0,0,0,0,0,0,0,0,0,0,0,0,0,1,0,0,0,0,0
51,Female,452641,No,No,No,Yes,Yes,No,No,Yes,Yes,No,No,No,Yes,Yes,No,No,0,0,0,0,0,0,0,0,0,0,1,0,0,0,0,0,0,0,0,0
27,Male,415103,No,No,No,No,No,No,Yes,Yes,Yes,No,Yes,Yes,Yes,No,No,Yes,0,0,0,0,0,0,0,0,0,0,0,0,0,0,0,0,0,0,0,1
30,Female,75368,No,No,Yes,Yes,Yes,No,No,Yes,No,No,No,Yes,Yes,Yes,No,Yes,0,0,0,0,0,0,0,0,0,1,1,1,0,0,0,0,0,0,0,0
63,Male,152336,No,No,Yes,No,Yes,No,No,Yes,No,No,Yes,No,Yes,Yes,No,No,0,0,0,0,0,0,0,1,0,0,0,1,0,0,0,0,0,0,0,0
26,Male,133307,No,No,Yes,No,Yes,No,Yes,Yes,No,No,No,Yes,Yes,No,No,No,0,0,0,0,0,0,0,0,0,1,0,1,0,0,0,0,0,0,0,0
59,Male,123682,No,No,Yes,No,Yes,No,Yes,Yes,Yes,No,No,Yes,Yes,Yes,No,No,0,0,0,0,0,0,0,0,1,1,0,1,0,0,0,0,0,0,0,0
44,Female,414115,No,No,Yes,Yes,No,No,Yes,No,No,Yes,Yes,No,No,No,No,No,0,0,0,0,0,0,0,0,0,0,0,0,1,0,0,0,0,1,0,0
1,Male,277995,No,No,Yes,No,No,No,No,No,Yes,No,Yes,No,Yes,Yes,No,No,0,0,0,0,0,0,0,1,0,0,0,0,0,0,0,0,0,0,0,0
38,Female,430225,No,No,Yes,No,No,No,Yes,Yes,Yes,No,No,No,No,Yes,No,No,0,0,0,0,0,0,0,0,1,0,0,0,0,0,0,0,0,0,0,0
63,Female,411395,No,No,Yes,Yes,No,No,Yes,No,No,No,No,Yes,No,No,No,No,0,0,0,0,0,0,0,0,0,0,0,0,0,0,0,0,0,0,0,0
64,Female,350311,No,No,Yes,No,Yes,Yes,No,No,Yes,No,No,Yes,Yes,No,No,No,0,0,0,0,0,0,0,0,1,0,1,0,0,0,0,0,0,0,0,0
48,Female,35267,No,No,No,Yes,No,No,No,No,Yes,No,Yes,Yes,No,Yes,No,Yes,0,1,0,0,0,1,0,1,0,1,0,0,0,1,0,0,0,0,0,0
3,Male,302002,Yes,Yes,Yes,No,Yes,No,Yes,Yes,No,No,Yes,Yes,Yes,Yes,No,Yes,0,0,0,0,0,0,0,1,0,0,0,0,0,0,0,0,0,0,0,0
52,Female,335333,No,No,No,Yes,Yes,Yes,Yes,Yes,No,No,No,Yes,No,Yes,No,Yes,0,0,0,0,0,0,0,0,0,0,0,0,0,0,0,0,0,0,0,0
28,Male,130130,No,No,Yes,No,Yes,No,No,No,Yes,No,No,No,Yes,Yes,No,Yes,0,0,0,0,0,0,0,0,1,0,0,1,0,0,0,0,0,0,0,0
23,Female,348212,Yes,Yes,No,Yes,No,No,Yes,No,Yes,Yes,No,No,No,No,No,No,0,0,0,0,0,0,0,0,0,0,0,0,1,0,1,0,0,0,0,0
4,Female,267004,No,No,No,No,Yes,No,No,No,Yes,No,No,Yes,No,Yes,Yes,No,0,0,0,0,0,0,0,0,0,0,0,0,0,0,0,0,0,0,0,0
37,Female,110614,No,No,Yes,Yes,Yes,Yes,Yes,No,No,No,Yes,Yes,Yes,Yes,No,Yes,0,1,0,0,0,0,0,1,0,1,1,1,0,0,0,0,0,0,0,0
33,Male,433227,No,No,No,No,No,No,Yes,Yes,Yes,No,No,No,No,No,No,No,0,0,0,0,0,0,0,0,0,0,0,0,0,0,0,0,0,0,0,0
24,Female,264314,No,No,No,Yes,Yes,Yes,No,Yes,Yes,No,Yes,No,Yes,No,No,No,0,0,0,0,0,0,0,1,0,0,1,0,0,0,0,0,0,0,0,0
11,Female,274049,No,No,Yes,No,No,Yes,No,Yes,Yes,No,No,Yes,Yes,No,Yes,No,0,0,0,0,0,0,0,0,0,0,0,0,0,0,0,0,0,0,0,0
76,Male,119262,No,No,Yes,No,Yes,No,Yes,Yes,No,No,No,No,Yes,No,No,No,0,0,0,0,0,0,0,0,0,0,0,1,0,0,0,0,0,0,0,0
15,Male,431132,Yes,No,No,No,Yes,No,No,No,Yes,No,Yes,No,No,Yes,No,No,0,0,0,0,0,0,0,0,0,0,0,0,0,0,0,0,0,0,0,0
79,Male,400563,No,No,No,No,No,No,No,No,Yes,No,Yes,Yes,No,No,No,Yes,0,0,0,0,0,0,0,0,0,0,0,0,0,0,0,0,0,0,0,0
83,Female,440182,No,No,No,Yes,No,No,Yes,Yes,No,No,Yes,Yes,No,Yes,No,Yes,0,0,0,0,0,0,0,0,0,0,0,0,0,0,0,0,0,0,0,0
2,Female,361119,Yes,Yes,Yes,No,Yes,Yes,Yes,Yes,Yes,No,Yes,No,Yes,Yes,Yes,Yes,0,0,0,0,0,0,0,1,0,0,0,0,0,0,0,0,0,0,0,0
84,Female,197191,No,No,Yes,No,Yes,Yes,No,Yes,No,No,Yes,Yes,No,Yes,No,Yes,0,1,0,0,0,0,0,1,0,1,0,0,0,0,0,0,0,0,0,0
17,Female,356105,No,No,No,No,No,Yes,No,Yes,No,No,No,No,Yes,Yes,Yes,Yes,0,0,0,0,0,0,0,0,0,0,0,0,0,0,0,0,0,0,0,0
24,Female,25523,Yes,Yes,No,Yes,No,No,Yes,No,Yes,No,Yes,No,No,No,No,No,1,1,0,0,0,1,0,1,0,0,0,0,0,0,1,0,0,0,0,0
17,Female,70580,Yes,Yes,No,No,No,No,No,Yes,Yes,Yes,Yes,Yes,No,Yes,Yes,No,0,0,0,0,0,0,0,1,0,0,0,0,0,0,0,1,0,0,1,0
18,Female,457812,Yes,Yes,Yes,No,No,Yes,No,No,No,No,No,Yes,No,No,No,No,0,0,0,0,0,0,0,0,0,0,0,0,0,0,0,0,0,0,0,0
32,Female,197122,No,No,No,Yes,No,Yes,Yes,Yes,No,No,No,No,No,No,No,Yes,0,0,0,0,0,0,0,0,0,0,0,0,0,0,0,0,0,0,0,0
83,Female,177218,No,No,No,No,No,Yes,No,No,No,No,No,Yes,Yes,Yes,No,Yes,0,0,0,0,0,0,0,0,0,1,1,1,0,0,0,0,0,0,0,0
17,Female,201546,Yes,Yes,Yes,No,No,No,Yes,No,Yes,No,Yes,Yes,Yes,No,Yes,Yes,0,0,0,0,0,0,0,1,0,0,0,1,0,0,1,0,0,0,0,1
82,Male,68044,No,No,Yes,No,No,No,No,No,No,No,Yes,Yes,No,Yes,No,Yes,0,0,0,0,1,0,0,1,0,1,0,0,0,1,0,0,0,0,0,0
15,Female,52072,Yes,Yes,No,No,No,Yes,Yes,No,No,No,Yes,No,No,No,Yes,No,0,0,0,1,0,0,0,1,0,0,0,0,0,0,1,0,0,0,1,0
1,Female,407047,Yes,No,No,No,Yes,No,Yes,No,No,No,Yes,Yes,Yes,Yes,Yes,Yes,0,0,0,0,0,0,0,0,0,0,0,0,0,0,0,0,0,0,0,0
27,Female,282121,No,No,Yes,No,Yes,Yes,No,No,Yes,Yes,No,Yes,No,Yes,No,No,0,0,0,0,0,0,0,0,1,1,0,0,1,0,0,0,0,0,0,0
57,Female,186417,No,No,No,Yes,No,No,Yes,Yes,No,No,No,No,No,No,No,Yes,0,0,0,0,0,0,0,0,0,0,0,0,0,0,0,0,0,0,0,0
47,Male,496867,No,No,No,No,Yes,No,Yes,Yes,No,No,Yes,Yes,No,No,No,No,0,0,0,0,0,0,0,0,0,0,0,0,0,0,0,0,0,0,0,0
17,Female,495877,No,No,Yes,No,No,Yes,No,Yes,No,No,Yes,No,No,Yes,Yes,Yes,0,0,0,0,0,0,0,0,0,0,0,0,0,0,0,0,0,0,0,1
18,Male,390225,Yes,No,Yes,No,No,No,No,Yes,No,No,Yes,No,No,Yes,No,No,0,0,0,0,0,0,0,1,0,0,0,0,0,0,0,1,0,0,0,0
25,Female,309820,No,No,Yes,No,Yes,Yes,Yes,No,Yes,Yes,No,Yes,No,Yes,No,No,0,0,0,0,0,0,0,0,1,0,0,0,1,0,0,0,0,0,0,0
71,Male,225103,No,No,Yes,No,Yes,No,No,Yes,Yes,No,No,Yes,No,No,No,No,0,0,0,0,0,0,0,0,1,1,0,0,0,0,0,0,0,0,0,0
5,Female,30098,No,No,No,No,No,No,Yes,Yes,No,No,Yes,Yes,No,No,Yes,Yes,0,0,0,0,0,0,0,1,0,0,0,0,0,0,0,0,0,0,1,0
85,Female,373185,No,No,Yes,Yes,Yes,No,No,Yes,Yes,No,Yes,No,No,Yes,No,No,0,0,0,0,0,0,0,1,1,0,0,0,0,0,0,0,1,0,0,0
14,Male,343804,Yes,Yes,No,No,Yes,No,Yes,Yes,Yes,No,No,No,Yes,Yes,No,No,0,0,0,0,0,0,0,0,0,0,0,0,0,0,1,1,0,0,0,0
46,Female,413400,No,No,No,Yes,Yes,Yes,No,No,Yes,No,No,No,Yes,Yes,No,No,0,0,0,0,0,0,0,0,0,0,1,0,0,0,0,0,0,0,0,0
28,Female,103458,No,No,Yes,No,No,No,Yes,No,No,No,Yes,Yes,No,No,No,Yes,0,1,0,0,0,0,0,1,0,1,0,0,0,0,0,0,0,0,0,1
63,Female,97505,No,No,No,No,No,No,No,No,Yes,No,No,Yes,Yes,Yes,No,No,0,0,0,0,0,0,0,0,0,1,1,1,0,0,0,0,0,0,0,0
83,Female,422944,No,No,No,Yes,No,Yes,No,Yes,Yes,No,Yes,No,No,No,No,Yes,0,0,0,0,0,0,0,0,0,0,0,0,0,0,0,0,0,0,0,0
37,Male,169641,No,No,No,No,Yes,No,No,No,No,No,No,No,No,No,No,Yes,0,0,0,0,0,0,0,0,0,0,0,0,0,0,0,0,0,0,0,0
7,Male,249299,No,No,No,No,No,No,Yes,Yes,Yes,No,Yes,Yes,Yes,No,No,No,0,0,0,0,0,0,0,1,0,0,0,1,0,0,0,0,0,0,0,0
44,Male,279120,No,No,Yes,No,No,No,Yes,No,No,No,No,No,No,No,No,Yes,0,0,0,0,0,0,0,0,0,0,0,0,0,0,0,0,0,0,0,0
39,Female,445390,No,No,No,No,No,Yes,Yes,Yes,Yes,No,No,No,No,No,No,Yes,0,0,0,0,0,0,0,0,0,0,0,0,0,0,0,0,0,0,0,0
68,Female,271859,No,No,Yes,No,Yes,No,Yes,No,Yes,No,No,No,No,Yes,No,Yes,0,0,0,0,0,0,0,0,1,0,0,0,0,0,0,0,0,0,0,0
6,Male,186418,No,No,Yes,No,Yes,No,Yes,No,Yes,No,Yes,No,Yes,No,No,No,0,0,0,0,0,0,0,1,0,0,0,1,0,0,0,0,0,0,0,0
46,Female,263665,No,No,Yes,Yes,Yes,Yes,Yes,No,Yes,No,No,Yes,Yes,Yes,No,Yes,0,0,0,0,0,0,0,0,1,1,1,0,0,0,0,0,0,0,0,0
54,Male,201570,No,No,Yes,No,Yes,No,Yes,No,Yes,No,Yes,No,No,No,No,Yes,0,0,0,0,0,0,0,1,1,0,0,0,0,0,0,0,1,0,0,0
79,Female,240439,No,No,No,No,No,No,Yes,No,No,No,No,No,Yes,Yes,No,No,0,0,0,0,0,0,0,0,0,0,1,1,0,0,0,0,0,0,0,0
70,Male,483786,No,No,Yes,No,Yes,No,Yes,Yes,No,No,Yes,No,Yes,No,No,No,0,0,0,0,0,0,0,0,0,0,0,0,0,0,0,0,0,0,0,0
8,Female,288843,Yes,Yes,No,No,No,No,No,No,Yes,No,No,Yes,No,No,Yes,No,0,0,0,0,0,0,0,0,0,0,0,0,0,0,0,0,0,0,0,0
56,Female,122317,No,No,No,No,Yes,No,Yes,No,No,No,No,No,No,Yes,No,No,0,0,0,0,0,0,0,0,0,0,0,0,0,0,0,0,0,0,0,0
12,Female,64351,Yes,Yes,Yes,No,Yes,Yes,No,No,Yes,No,Yes,Yes,No,No,Yes,Yes,0,0,0,1,0,0,0,1,0,0,0,0,0,0,0,0,0,0,1,0
38,Female,323140,No,No,No,No,No,Yes,Yes,No,Yes,No,No,No,No,Yes,No,No,0,0,0,0,0,0,0,0,0,0,0,0,0,0,0,0,0,0,0,0
50,Male,311158,No,No,No,No,Yes,No,No,No,No,No,No,Yes,Yes,No,No,Yes,0,0,0,0,0,0,0,0,0,0,0,0,0,0,0,0,0,0,0,0
29,Male,125080,No,No,Yes,No,No,No,Yes,Yes,Yes,No,Yes,Yes,No,No,No,Yes,0,0,0,0,0,0,0,1,1,1,0,0,0,0,0,0,1,0,0,1
41,Male,37357,No,No,No,No,Yes,No,Yes,Yes,Yes,No,Yes,Yes,No,Yes,No,No,0,0,0,0,0,0,1,1,0,1,0,0,0,1,0,0,0,0,0,0
82,Female,481705,No,No,Yes,No,Yes,No,No,Yes,Yes,No,No,Yes,No,No,No,Yes,0,0,0,0,0,0,0,0,1,0,0,0,0,0,0,0,0,0,0,0
38,Female,474607,No,No,Yes,Yes,Yes,Yes,No,No,Yes,No,No,No,No,Yes,No,Yes,0,0,0,0,0,0,0,0,1,0,0,0,0,0,0,0,0,0,0,0
6,Male,212086,No,No,Yes,No,Yes,No,Yes,No,No,No,Yes,No,Yes,Yes,No,Yes,0,0,0,0,0,0,0,1,0,0,0,1,0,0,0,0,0,0,0,0
57,Male,271593,No,No,Yes,No,No,No,No,Yes,Yes,No,Yes,Yes,Yes,No,No,Yes,0,0,0,0,0,0,0,1,1,1,0,0,0,0,0,0,1,0,0,0
23,Male,463826,No,No,Yes,No,Yes,No,No,Yes,Yes,No,No,No,Yes,No,No,Yes,0,0,0,0,0,0,0,0,1,0,0,0,0,0,0,0,0,0,0,0
3,Female,174483,No,No,No,No,Yes,Yes,No,Yes,Yes,No,No,Yes,No,No,Yes,No,0,0,0,0,0,0,0,0,0,0,0,0,0,0,0,0,0,0,0,0
69,Female,186864,No,No,Yes,Yes,Yes,No,No,No,No,No,No,No,No,No,No,Yes,0,0,0,0,0,0,0,0,0,0,0,0,0,0,0,0,0,0,0,0
31,Female,375066,No,No,No,Yes,Yes,Yes,Yes,No,No,Yes,Yes,Yes,No,Yes,No,No,0,0,0,0,0,0,0,1,0,0,0,0,1,0,0,0,0,1,0,0
39,Female,287234,No,No,Yes,Yes,No,Yes,No,No,No,Yes,Yes,Yes,No,Yes,No,Yes,0,0,0,0,0,0,0,1,0,1,0,0,1,0,0,0,0,1,0,0
8,Male,387383,No,No,No,No,Yes,No,No,No,No,No,Yes,No,Yes,Yes,No,Yes,0,0,0,0,0,0,0,1,0,0,0,0,0,0,0,0,0,0,0,0
64,Male,361353,No,No,No,No,No,No,Yes,No,No,No,Yes,No,No,No,No,Yes,0,0,0,0,0,0,0,1,0,0,0,0,0,0,0,0,0,0,0,0
37,Male,490957,No,No,No,No,Yes,No,No,No,No,No,Yes,No,Yes,No,No,No,0,0,0,0,0,0,0,0,0,0,0,0,0,0,0,0,0,0,0,0
28,Male,446670,No,No,No,No,Yes,No,No,No,Yes,No,No,No,No,Yes,No,Yes,0,0,0,0,0,0,0,0,0,0,0,0,0,0,0,0,0,0,0,0
15,Female,14766,Yes,Yes,No,No,No,No,Yes,No,No,No,No,Yes,Yes,No,Yes,Yes,0,0,0,0,0,0,0,0,0,0,0,1,0,0,1,0,0,0,0,0
23,Female,73566,Yes,No,Yes,Yes,Yes,Yes,No,No,Yes,Yes,No,No,Yes,No,No,Yes,0,0,0,0,0,0,0,0,1,0,1,1,1,0,0,0,0,0,0,0
47,Male,359571,No,No,Yes,No,Yes,No,No,Yes,Yes,No,No,No,No,Yes,No,No,0,0,0,0,0,0,0,0,1,0,0,0,0,0,0,0,0,0,0,0
60,Female,411259,No,No,Yes,No,Yes,Yes,Yes,No,No,No,Yes,No,No,Yes,No,Yes,0,0,0,0,0,0,0,0,0,0,0,0,0,0,0,0,0,0,0,0
6,Female,307057,No,No,No,No,Yes,No,Yes,No,Yes,No,No,No,No,Yes,Yes,No,0,0,0,0,0,0,0,0,0,0,0,0,0,0,0,0,0,0,0,0
44,Male,57498,No,No,No,No,No,No,Yes,Yes,No,No,Yes,Yes,Yes,Yes,No,Yes,0,0,0,0,0,0,0,1,0,1,0,1,0,1,0,0,0,0,0,0
57,Male,155169,No,No,No,No,Yes,No,No,No,No,No,No,Yes,No,Yes,No,Yes,0,0,0,0,0,0,0,0,0,1,0,0,0,0,0,0,0,0,0,0
24,Female,443423,No,No,Yes,No,No,No,Yes,No,No,No,Yes,No,No,Yes,No,No,0,0,0,0,0,0,0,0,0,0,0,0,0,0,0,0,0,0,0,0
56,Male,63603,No,No,No,No,No,No,Yes,Yes,Yes,No,No,Yes,Yes,No,No,No,0,0,0,0,0,0,0,0,0,1,0,1,0,0,0,0,0,0,0,0
29,Female,82903,No,No,Yes,Yes,Yes,Yes,No,No,Yes,Yes,No,No,Yes,Yes,No,No,0,0,0,0,0,0,0,0,1,0,1,1,1,0,0,0,0,0,0,0
36,Male,25481,No,No,No,No,Yes,No,Yes,Yes,No,No,Yes,No,No,No,No,Yes,0,0,0,0,0,0,1,1,0,0,0,0,0,0,0,0,0,0,0,0
35,Male,156129,No,No,No,No,No,No,No,Yes,No,No,No,No,No,Yes,No,No,0,0,0,0,0,0,0,0,0,0,0,0,0,0,0,0,0,0,0,0
32,Female,123690,No,No,No,No,Yes,Yes,No,No,Yes,Yes,Yes,No,No,Yes,No,Yes,0,1,0,0,0,0,0,1,0,0,0,0,1,0,0,0,0,1,0,0
51,Female,330487,No,No,Yes,Yes,Yes,Yes,Yes,No,Yes,No,No,Yes,No,No,No,Yes,0,0,0,0,0,0,0,0,1,0,0,0,0,0,0,0,0,0,0,0
18,Male,421641,Yes,Yes,Yes,No,No,No,No,Yes,Yes,No,No,Yes,No,No,No,Yes,0,0,0,0,0,0,0,0,1,0,0,0,0,0,0,1,0,0,0,0
19,Female,301296,Yes,Yes,No,No,No,No,Yes,Yes,No,No,Yes,No,Yes,No,No,No,0,0,0,0,0,0,0,1,0,0,1,0,0,0,1,1,0,0,0,0
30,Male,295467,No,No,Yes,No,No,No,Yes,Yes,Yes,No,Yes,Yes,No,Yes,No,No,0,0,0,0,0,0,0,1,1,1,0,0,0,0,0,0,1,0,0,0
70,Female,48755,No,No,No,Yes,Yes,No,Yes,No,Yes,No,Yes,No,No,No,No,Yes,0,1,0,0,1,1,1,1,0,0,0,0,0,0,0,0,0,0,0,0
55,Female,81063,No,No,Yes,No,No,No,Yes,No,No,No,Yes,No,Yes,Yes,No,No,0,1,0,0,0,0,0,1,0,0,1,1,0,0,0,0,0,0,0,0
9,Male,440431,Yes,No,No,No,Yes,No,Yes,Yes,Yes,No,No,No,No,No,No,No,0,0,0,0,0,0,0,0,0,0,0,0,0,0,1,1,0,0,0,0
64,Male,250152,No,No,No,No,No,No,No,No,Yes,No,Yes,Yes,Yes,Yes,No,Yes,0,0,0,0,0,0,0,1,0,1,0,0,0,0,0,0,0,0,0,0
40,Male,234929,No,No,No,No,Yes,No,Yes,Yes,Yes,No,Yes,No,No,No,No,No,0,0,0,0,0,0,0,1,0,0,0,0,0,0,0,0,0,0,0,0
53,Female,462003,No,No,Yes,Yes,No,No,Yes,Yes,Yes,No,No,Yes,Yes,Yes,No,Yes,0,0,0,0,0,0,0,0,1,0,1,0,0,0,0,0,0,0,0,0
66,Female,337043,No,No,No,No,Yes,Yes,No,No,No,No,No,Yes,No,No,No,No,0,0,0,0,0,0,0,0,0,0,0,0,0,0,0,0,0,0,0,0
6,Female,461517,Yes,No,Yes,No,No,Yes,No,No,Yes,No,Yes,Yes,Yes,No,Yes,No,0,0,0,0,0,0,0,0,0,0,0,0,0,0,0,0,0,0,0,0
78,Female,348664,No,No,No,Yes,Yes,No,No,No,Yes,No,No,Yes,Yes,No,No,Yes,0,0,0,0,0,0,0,0,0,0,1,0,0,0,0,0,0,0,0,0
72,Female,98066,No,No,Yes,Yes,Yes,Yes,Yes,Yes,No,No,No,No,Yes,No,No,No,0,0,0,0,0,0,0,0,0,0,1,1,0,0,0,0,0,0,0,0
6,Female,226708,Yes,No,Yes,No,Yes,Yes,No,No,Yes,No,Yes,Yes,Yes,Yes,Yes,Yes,0,0,0,0,0,0,0,1,0,0,0,1,0,0,0,0,0,0,0,0
85,Female,64131,No,No,Yes,Yes,No,Yes,Yes,Yes,No,No,Yes,Yes,No,No,No,No,0,1,0,0,1,1,0,1,0,1,0,0,0,0,0,0,0,0,0,0
19,Female,102259,No,No,Yes,No,No,Yes,Yes,Yes,No,Yes,Yes,No,Yes,No,No,No,0,0,0,0,0,0,0,1,0,0,1,1,1,0,0,0,0,1,0,0
62,Female,401847,No,No,No,No,Yes,No,No,No,No,No,No,Yes,Yes,Yes,No,Yes,0,0,0,0,0,0,0,0,0,0,1,0,0,0,0,0,0,0,0,0
21,Female,330019,No,No,Yes,No,No,Yes,Yes,Yes,No,Yes,No,No,Yes,No,No,Yes,0,0,0,0,0,0,0,0,0,0,1,0,1,0,0,0,0,0,0,0
50,Male,10266,No,No,No,No,No,No,No,No,Yes,No,Yes,No,Yes,Yes,No,Yes,0,0,0,0,0,0,0,1,0,0,0,1,0,1,0,0,0,0,0,0
31,Female,296261,No,No,Yes,Yes,Yes,No,Yes,No,Yes,No,Yes,No,No,No,No,Yes,0,0,0,0,0,0,0,1,1,0,0,0,0,0,0,0,1,0,0,0
33,Female,277675,No,No,No,Yes,No,Yes,No,Yes,Yes,Yes,No,No,No,No,No,Yes,0,0,0,0,0,0,0,0,0,0,0,0,1,0,0,0,0,0,0,0
42,Male,33963,No,No,No,No,No,No,Yes,Yes,Yes,No,No,Yes,Yes,Yes,No,Yes,0,0,0,0,0,0,0,0,0,1,0,1,0,1,0,0,0,0,0,0
31,Female,361869,No,No,No,Yes,No,Yes,Yes,Yes,Yes,No,Yes,Yes,Yes,Yes,No,No,0,0,0,0,0,0,0,1,0,0,1,0,0,0,0,0,0,0,0,0
82,Male,359523,No,No,No,No,No,No,No,No,Yes,No,Yes,No,No,Yes,No,No,0,0,0,0,0,0,0,1,0,0,0,0,0,0,0,0,0,0,0,0
51,Female,44297,No,No,No,No,No,Yes,No,Yes,No,No,Yes,Yes,No,Yes,No,No,0,1,0,0,0,0,0,1,0,1,0,0,0,1,0,0,0,0,0,0
50,Male,409101,No,No,No,No,No,No,Yes,No,Yes,No,Yes,Yes,No,No,No,Yes,0,0,0,0,0,0,0,0,0,0,0,0,0,0,0,0,0,0,0,0
44,Female,59945,No,No,No,No,No,No,Yes,Yes,Yes,Yes,No,No,Yes,Yes,No,No,0,0,0,0,0,0,0,0,0,0,1,1,1,1,0,0,0,0,0,0
57,Female,251558,No,No,No,No,No,No,Yes,Yes,Yes,No,Yes,Yes,Yes,No,No,Yes,0,0,0,0,0,0,0,1,0,1,1,0,0,0,0,0,0,0,0,0
37,Female,11660,No,No,Yes,No,No,Yes,Yes,No,No,Yes,Yes,Yes,Yes,No,No,No,0,1,0,0,0,0,0,1,0,1,1,1,1,0,0,0,0,1,0,0
36,Male,112351,No,No,Yes,No,No,No,No,No,Yes,No,No,No,No,No,No,Yes,0,0,0,0,0,0,0,0,1,0,0,0,0,0,0,0,0,0,0,0
4,Male,477681,No,No,Yes,No,No,No,Yes,Yes,Yes,No,Yes,Yes,Yes,No,No,Yes,0,0,0,0,0,0,0,0,0,0,0,0,0,0,0,0,0,0,0,0
57,Female,315378,No,No,No,No,No,No,Yes,No,No,No,Yes,No,No,No,No,Yes,0,0,0,0,0,0,0,1,0,0,0,0,0,0,0,0,0,0,0,0
16,Female,299807,Yes,Yes,No,No,Yes,Yes,No,Yes,No,No,Yes,Yes,Yes,No,Yes,Yes,0,0,0,0,0,0,0,1,0,0,0,0,0,0,0,1,0,0,0,0
26,Female,78804,No,No,No,No,No,Yes,Yes,No,No,Yes,No,No,Yes,Yes,No,No,0,0,0,0,0,0,0,0,0,0,1,1,1,0,0,0,0,0,0,0
76,Female,10114,No,No,No,No,No,No,Yes,No,No,No,No,Yes,No,No,No,No,0,0,0,0,0,0,0,0,0,1,0,0,0,0,0,0,0,0,0,0
41,Male,190918,No,No,No,No,Yes,No,Yes,Yes,Yes,No,Yes,No,Yes,No,No,No,0,0,0,0,0,0,0,1,0,0,0,1,0,0,0,0,0,0,0,0
36,Male,330349,No,No,Yes,No,Yes,No,No,Yes,No,No,Yes,No,Yes,Yes,No,Yes,0,0,0,0,0,0,0,1,0,0,0,0,0,0,0,0,0,0,0,0
37,Female,12312,No,No,Yes,No,Yes,Yes,No,No,Yes,No,Yes,Yes,No,No,No,No,0,1,0,0,0,0,1,1,1,1,0,0,0,0,0,0,1,0,0,0
6,Male,110476,No,No,No,No,No,No,Yes,No,No,No,No,Yes,No,No,No,No,0,0,0,0,0,0,0,0,0,0,0,0,0,0,0,0,0,0,0,0
34,Female,145906,No,No,No,No,No,No,No,No,No,Yes,No,Yes,No,Yes,No,No,0,0,0,0,0,0,0,0,0,1,0,0,1,0,0,0,0,0,0,0
20,Male,91296,No,No,No,No,No,No,Yes,No,Yes,No,Yes,No,No,No,No,No,0,0,0,0,0,0,0,1,0,0,0,0,0,0,0,0,0,0,0,0
36,Female,351023,No,No,No,Yes,No,No,No,Yes,Yes,Yes,Yes,No,No,No,No,No,0,0,0,0,0,0,0,1,0,0,0,0,1,0,0,0,0,1,0,0
55,Male,23330,No,No,No,No,No,No,No,Yes,Yes,No,Yes,No,Yes,No,No,Yes,0,0,0,0,0,0,0,1,0,0,0,1,0,0,0,0,0,0,0,0
49,Male,406762,No,No,Yes,No,Yes,No,Yes,No,No,No,No,No,No,Yes,No,Yes,0,0,0,0,0,0,0,0,0,0,0,0,0,0,0,0,0,0,0,0
45,Male,246630,No,No,No,No,Yes,No,Yes,Yes,Yes,No,Yes,Yes,Yes,Yes,No,Yes,0,0,0,0,0,0,0,1,0,1,0,1,0,0,0,0,0,0,0,0
81,Male,450941,No,No,No,No,Yes,No,Yes,Yes,Yes,No,Yes,Yes,Yes,Yes,No,Yes,0,0,0,0,0,0,0,0,0,0,0,0,0,0,0,0,0,0,0,0
70,Female,320258,No,No,No,No,No,Yes,No,Yes,No,No,Yes,No,Yes,No,No,No,0,0,0,0,0,0,0,1,0,0,1,0,0,0,0,0,0,0,0,0
76,Female,398652,No,No,Yes,Yes,Yes,No,Yes,No,Yes,No,No,Yes,No,Yes,No,No,0,0,0,0,0,0,0,0,1,0,0,0,0,0,0,0,0,0,0,0
47,Male,205126,No,No,Yes,No,Yes,No,No,No,Yes,No,No,Yes,Yes,No,No,No,0,0,0,0,0,0,0,0,1,1,0,1,0,0,0,0,0,0,0,0
5,Male,102041,Yes,No,Yes,No,Yes,No,Yes,No,No,No,No,No,Yes,Yes,No,No,0,0,0,0,0,0,0,0,0,0,0,1,0,0,1,0,0,0,0,0
35,Female,413814,No,No,No,No,No,Yes,No,No,No,Yes,No,No,No,No,No,No,0,0,0,0,0,0,0,0,0,0,0,0,1,0,0,0,0,0,0,0
66,Female,178897,No,No,No,No,Yes,No,No,No,No,No,No,Yes,Yes,No,No,Yes,0,0,0,0,0,0,0,0,0,1,1,1,0,0,0,0,0,0,0,0
3,Female,374636,No,No,No,No,No,No,No,No,Yes,No,Yes,Yes,No,Yes,Yes,No,0,0,0,0,0,0,0,1,0,0,0,0,0,0,0,0,0,0,0,0
76,Male,434923,No,No,Yes,No,No,No,Yes,Yes,Yes,No,Yes,No,Yes,No,No,No,0,0,0,0,0,0,0,0,1,0,0,0,0,0,0,0,1,0,0,0
2,Male,28939,Yes,Yes,No,No,No,No,No,No,Yes,No,Yes,No,Yes,Yes,No,Yes,0,0,0,0,0,0,0,1,0,0,0,1,0,0,0,0,0,0,0,0
25,Male,267535,No,No,Yes,No,No,No,No,No,No,No,Yes,Yes,No,Yes,No,Yes,0,0,0,0,0,0,0,1,0,1,0,0,0,0,0,0,0,0,0,1
81,Male,497962,No,No,Yes,No,No,No,No,Yes,Yes,No,No,No,No,No,No,No,0,0,0,0,0,0,0,0,1,0,0,0,0,0,0,0,0,0,0,0
20,Male,261115,Yes,No,Yes,No,No,No,Yes,Yes,Yes,No,No,No,No,Yes,No,No,0,0,0,0,0,0,0,0,1,0,0,0,0,0,1,1,0,0,0,0
55,Female,332190,No,No,No,Yes,Yes,No,Yes,Yes,Yes,No,No,Yes,No,No,No,No,0,0,0,0,0,0,0,0,0,0,0,0,0,0,0,0,0,0,0,0
41,Male,268438,No,No,Yes,No,No,No,Yes,Yes,Yes,No,No,No,No,Yes,No,No,0,0,0,0,0,0,0,0,1,0,0,0,0,0,0,0,0,0,0,0
18,Female,273220,No,No,No,Yes,Yes,No,No,Yes,Yes,No,Yes,Yes,No,No,No,Yes,0,0,0,0,0,0,0,1,0,1,0,0,0,0,0,0,0,0,0,1
6,Male,235788,No,No,Yes,No,Yes,No,Yes,No,Yes,No,Yes,No,No,Yes,No,Yes,0,0,0,0,0,0,0,1,0,0,0,0,0,0,0,0,0,0,0,0
76,Male,306716,No,No,Yes,No,No,No,Yes,No,Yes,No,No,No,Yes,No,No,No,0,0,0,0,0,0,0,0,1,0,0,0,0,0,0,0,0,0,0,0
36,Male,193396,No,No,Yes,No,No,No,No,Yes,No,No,No,No,No,Yes,No,Yes,0,0,0,0,0,0,0,0,0,0,0,0,0,0,0,0,0,0,0,0
75,Male,104707,No,No,No,No,No,No,No,Yes,No,No,Yes,No,Yes,Yes,No,Yes,0,0,0,0,0,0,0,1,0,0,0,1,0,0,0,0,0,0,0,0
10,Female,96192,Yes,Yes,No,No,No,No,Yes,No,Yes,No,No,No,Yes,No,Yes,No,0,0,0,0,0,0,0,0,0,0,0,1,0,0,1,0,0,0,0,0
71,Male,192073,No,No,Yes,No,Yes,No,No,No,Yes,No,Yes,Yes,Yes,Yes,No,Yes,0,0,0,0,0,0,0,1,1,1,0,1,0,0,0,0,1,0,0,0
45,Male,171289,No,No,No,No,No,No,No,Yes,Yes,No,Yes,No,No,Yes,No,No,0,0,0,0,0,0,0,1,0,0,0,0,0,0,0,0,0,0,0,0
5,Male,369002,No,No,No,No,No,No,No,No,No,No,No,No,Yes,Yes,No,No,0,0,0,0,0,0,0,0,0,0,0,0,0,0,0,0,0,0,0,0
70,Female,319290,No,No,No,Yes,Yes,Yes,Yes,Yes,Yes,No,No,No,No,No,No,No,0,0,0,0,0,0,0,0,0,0,0,0,0,0,0,0,0,0,0,0
51,Female,341220,No,No,Yes,Yes,No,Yes,No,Yes,Yes,No,Yes,No,No,Yes,No,No,0,0,0,0,0,0,0,1,1,0,0,0,0,0,0,0,1,0,0,0
8,Female,303037,No,No,No,No,Yes,No,Yes,Yes,Yes,No,No,Yes,Yes,No,Yes,No,0,0,0,0,0,0,0,0,0,0,0,0,0,0,0,0,0,0,0,0
48,Female,97234,No,No,Yes,No,No,No,Yes,Yes,No,No,Yes,No,No,No,No,No,0,1,0,0,0,0,0,1,0,0,0,0,0,0,0,0,0,0,0,0
54,Female,297427,No,No,No,No,No,No,No,Yes,Yes,No,Yes,Yes,Yes,No,No,Yes,0,0,0,0,0,0,0,1,0,1,1,0,0,0,0,0,0,0,0,0
16,Female,111809,Yes,Yes,No,No,Yes,Yes,No,No,Yes,No,No,Yes,No,No,Yes,No,0,0,0,0,0,0,0,0,0,0,0,0,0,0,0,0,0,0,0,0
46,Male,418969,No,No,No,No,No,No,Yes,No,No,No,Yes,Yes,No,Yes,No,No,0,0,0,0,0,0,0,0,0,0,0,0,0,0,0,0,0,0,0,0
23,Female,217089,Yes,Yes,Yes,Yes,No,Yes,Yes,Yes,No,Yes,No,No,Yes,No,No,Yes,0,0,0,0,0,0,0,0,0,0,1,1,1,0,1,1,0,0,0,0
44,Male,460797,No,No,Yes,No,Yes,No,Yes,Yes,Yes,No,Yes,No,No,No,No,Yes,0,0,0,0,0,0,0,0,1,0,0,0,0,0,0,0,1,0,0,0
69,Female,199914,No,No,Yes,Yes,Yes,No,Yes,Yes,Yes,No,No,Yes,No,Yes,No,Yes,0,0,0,0,0,0,0,0,1,1,0,0,0,0,0,0,0,0,0,0
15,Female,328932,No,No,No,No,No,Yes,No,Yes,Yes,No,Yes,Yes,No,No,Yes,No,0,0,0,0,0,0,0,1,0,0,0,0,0,0,0,0,0,0,0,0
45,Female,207179,No,No,Yes,Yes,Yes,Yes,No,No,Yes,Yes,No,Yes,No,No,No,Yes,0,0,0,0,0,0,0,0,1,1,0,0,1,0,0,0,0,0,0,0
47,Male,252842,No,No,No,No,No,No,No,Yes,No,No,No,Yes,No,Yes,No,Yes,0,0,0,0,0,0,0,0,0,1,0,0,0,0,0,0,0,0,0,0
8,Female,142006,No,No,No,No,No,Yes,Yes,Yes,Yes,No,No,Yes,Yes,No,Yes,No,0,0,0,0,0,0,0,0,0,0,0,1,0,0,0,0,0,0,0,0
20,Male,143071,No,No,Yes,No,No,No,Yes,No,No,No,Yes,No,Yes,No,No,No,0,0,0,0,0,0,0,1,0,0,0,1,0,0,0,0,0,0,0,0
63,Female,350357,No,No,Yes,No,No,Yes,Yes,Yes,Yes,No,No,No,No,Yes,No,No,0,0,0,0,0,0,0,0,1,0,0,0,0,0,0,0,0,0,0,0
23,Male,466694,No,No,No,No,Yes,No,Yes,No,No,No,Yes,No,Yes,No,No,No,0,0,0,0,0,0,0,0,0,0,0,0,0,0,0,0,0,0,0,0
72,Male,257420,No,No,No,No,Yes,No,No,No,Yes,No,No,No,No,No,No,Yes,0,0,0,0,0,0,0,0,0,0,0,0,0,0,0,0,0,0,0,0
26,Female,55642,No,No,Yes,No,No,No,Yes,Yes,No,Yes,No,Yes,No,No,No,Yes,0,0,0,0,0,0,0,0,0,1,0,0,1,0,0,0,0,0,0,0
28,Female,494787,No,No,Yes,No,No,Yes,No,No,No,Yes,Yes,Yes,No,Yes,No,Yes,0,0,0,0,0,0,0,0,0,0,0,0,1,0,0,0,0,1,0,1
57,Male,355776,No,No,Yes,No,No,No,Yes,Yes,Yes,No,No,No,No,Yes,No,Yes,0,0,0,0,0,0,0,0,1,0,0,0,0,0,0,0,0,0,0,0
18,Female,72839,No,No,Yes,Yes,Yes,Yes,No,Yes,No,No,No,No,No,Yes,No,Yes,0,0,0,0,0,0,0,0,0,0,0,0,0,1,0,0,0,0,0,0
84,Female,293382,No,No,Yes,No,Yes,No,Yes,No,No,No,Yes,Yes,No,Yes,No,No,0,0,0,0,0,0,0,1,0,1,0,0,0,0,0,0,0,0,0,0
10,Female,434397,Yes,Yes,No,No,Yes,No,No,No,No,No,No,Yes,Yes,No,Yes,No,0,0,0,0,0,0,0,0,0,0,0,0,0,0,0,0,0,0,0,0
83,Female,320879,No,No,Yes,Yes,Yes,Yes,No,Yes,No,No,Yes,No,No,No,No,Yes,0,0,0,0,0,0,0,1,0,0,0,0,0,0,0,0,0,0,0,0
79,Female,340682,No,No,Yes,No,No,No,No,Yes,Yes,No,Yes,No,No,No,No,No,0,0,0,0,0,0,0,1,1,0,0,0,0,0,0,0,1,0,0,0
2,Female,497524,Yes,No,No,No,No,Yes,Yes,No,No,No,Yes,Yes,Yes,No,Yes,Yes,0,0,0,0,0,0,0,0,0,0,0,0,0,0,0,0,0,0,0,0
72,Female,204176,No,No,No,No,Yes,No,No,Yes,No,No,Yes,Yes,No,Yes,No,Yes,0,1,0,0,0,0,0,1,0,1,0,0,0,0,0,0,0,0,0,0
2,Male,374909,Yes,No,No,No,No,No,Yes,No,Yes,No,Yes,Yes,Yes,Yes,No,Yes,0,0,0,0,0,0,0,1,0,0,0,0,0,0,0,0,0,0,0,0
64,Female,320643,No,No,Yes,Yes,No,No,No,Yes,Yes,No,No,No,No,Yes,No,No,0,0,0,0,0,0,0,0,1,0,0,0,0,0,0,0,0,0,0,0
53,Male,438849,No,No,Yes,No,Yes,No,No,No,Yes,No,Yes,No,Yes,No,No,Yes,0,0,0,0,0,0,0,0,1,0,0,0,0,0,0,0,1,0,0,0
68,Female,68752,No,No,No,No,No,No,Yes,No,No,No,No,No,Yes,No,No,No,0,0,0,0,0,0,0,0,0,0,1,1,0,0,0,0,0,0,0,0
73,Female,349637,No,No,Yes,Yes,Yes,Yes,No,No,No,No,Yes,No,No,No,No,Yes,0,0,0,0,0,0,0,1,0,0,0,0,0,0,0,0,0,0,0,0
5,Male,391939,Yes,No,Yes,No,Yes,No,No,Yes,Yes,No,Yes,Yes,No,Yes,No,Yes,0,0,0,0,0,0,0,1,0,0,0,0,0,0,0,1,0,0,0,0
62,Male,358252,No,No,No,No,Yes,No,No,Yes,No,No,Yes,Yes,Yes,No,No,Yes,0,0,0,0,0,0,0,1,0,0,0,0,0,0,0,0,0,0,0,0
16,Female,124357,No,No,Yes,No,Yes,No,No,No,Yes,Yes,No,No,Yes,Yes,Yes,Yes,0,0,0,0,0,0,0,0,0,0,0,1,0,0,0,0,0,0,0,0
32,Male,378709,No,No,Yes,No,No,No,Yes,No,No,No,Yes,Yes,Yes,Yes,No,No,0,0,0,0,0,0,0,1,0,0,0,0,0,0,0,0,0,0,0,0
29,Female,204055,No,No,Yes,Yes,No,Yes,Yes,No,Yes,No,Yes,No,Yes,No,No,No,0,1,0,0,0,0,0,1,1,0,1,1,0,0,0,0,1,0,0,0
34,Male,114640,No,No,No,No,No,No,No,No,Yes,No,No,Yes,Yes,Yes,No,No,0,0,0,0,0,0,0,0,0,1,0,1,0,0,0,0,0,0,0,0
26,Male,22452,No,No,No,No,No,No,No,No,Yes,No,No,Yes,No,Yes,No,Yes,0,0,0,0,0,0,0,0,0,1,0,0,0,1,0,0,0,0,0,0
62,Female,250912,No,No,Yes,No,No,No,No,No,Yes,No,Yes,Yes,No,No,No,Yes,0,0,0,0,0,0,0,1,1,1,0,0,0,0,0,0,1,0,0,0
66,Female,248865,No,No,Yes,No,Yes,Yes,Yes,Yes,Yes,No,No,No,Yes,No,No,No,0,0,0,0,0,0,0,0,1,0,1,1,0,0,0,0,0,0,0,0
52,Male,47160,No,No,Yes,No,Yes,No,No,Yes,Yes,No,No,No,No,No,No,Yes,0,0,0,0,0,0,0,0,1,0,0,0,0,0,0,0,0,0,0,0
4,Female,127997,No,No,Yes,No,Yes,No,No,Yes,No,No,No,No,Yes,No,Yes,No,0,0,0,0,0,0,0,0,0,0,0,1,0,0,0,0,0,0,0,0
72,Female,454952,No,No,Yes,No,No,Yes,Yes,No,Yes,No,No,Yes,No,No,No,No,0,0,0,0,0,0,0,0,1,0,0,0,0,0,0,0,0,0,0,0
74,Female,42478,No,No,Yes,Yes,No,Yes,Yes,No,No,No,Yes,No,No,Yes,No,Yes,0,1,0,0,1,1,0,1,0,0,0,0,0,1,0,0,0,0,0,0
62,Female,276687,No,No,Yes,Yes,Yes,Yes,No,No,Yes,No,Yes,Yes,No,No,No,No,0,0,0,0,0,0,0,1,1,1,0,0,0,0,0,0,1,0,0,0
21,Female,406491,Yes,Yes,No,No,Yes,Yes,No,No,No,Yes,Yes,Yes,Yes,Yes,No,No,0,0,0,0,0,0,0,0,0,0,1,0,1,0,0,0,0,1,0,0
64,Female,39238,No,No,Yes,No,No,No,Yes,No,Yes,No,No,No,Yes,Yes,No,No,0,0,0,0,0,0,0,0,1,0,1,1,0,1,0,0,0,0,0,0
33,Female,468161,No,No,Yes,Yes,No,Yes,No,No,No,Yes,Yes,Yes,Yes,No,No,No,0,0,0,0,0,0,0,0,0,0,1,0,1,0,0,0,0,1,0,0
82,Male,315984,No,No,Yes,No,Yes,No,Yes,Yes,No,No,Yes,Yes,Yes,Yes,No,No,0,0,0,0,0,0,0,1,0,0,0,0,0,0,0,0,0,0,0,0
13,Male,297359,No,No,No,No,No,No,Yes,Yes,No,No,No,No,No,Yes,No,No,0,0,0,0,0,0,0,0,0,0,0,0,0,0,0,0,0,0,0,0
62,Female,424393,No,No,Yes,Yes,Yes,No,No,No,No,No,Yes,Yes,Yes,No,No,No,0,0,0,0,0,0,0,0,0,0,1,0,0,0,0,0,0,0,0,0
16,Female,402138,No,No,Yes,No,No,Yes,No,No,No,Yes,No,No,No,No,Yes,Yes,0,0,0,0,0,0,0,0,0,0,0,0,0,0,0,0,0,0,0,0
81,Male,370422,No,No,Yes,No,No,No,No,No,Yes,No,Yes,No,No,No,No,No,0,0,0,0,0,0,0,1,1,0,0,0,0,0,0,0,1,0,0,0
26,Male,481115,No,No,Yes,No,Yes,No,No,Yes,No,No,No,No,No,No,No,No,0,0,0,0,0,0,0,0,0,0,0,0,0,0,0,0,0,0,0,0
21,Male,20637,Yes,No,Yes,No,No,No,No,Yes,Yes,No,Yes,No,No,Yes,No,No,0,0,0,0,0,0,0,1,1,0,0,0,0,1,0,1,1,0,0,0
19,Male,342464,No,No,Yes,No,Yes,No,No,Yes,Yes,No,No,No,No,No,No,Yes,0,0,0,0,0,0,0,0,1,0,0,0,0,0,0,0,0,0,0,0
75,Male,110961,No,No,No,No,Yes,No,Yes,No,Yes,No,Yes,No,Yes,Yes,No,No,0,0,0,0,0,0,0,1,0,0,0,1,0,0,0,0,0,0,0,0
22,Male,267661,No,No,Yes,No,Yes,No,No,Yes,No,No,Yes,Yes,Yes,No,No,No,0,0,0,0,0,0,0,1,0,1,0,0,0,0,0,0,0,0,0,0
23,Male,353314,No,No,Yes,No,No,No,No,Yes,Yes,No,Yes,Yes,Yes,No,No,No,0,0,0,0,0,0,0,1,1,0,0,0,0,0,0,0,1,0,0,0
15,Female,315339,Yes,Yes,No,No,No,Yes,Yes,No,No,Yes,No,Yes,No,Yes,Yes,Yes,0,0,0,0,0,0,0,0,0,0,0,0,0,0,1,0,0,0,0,0
6,Female,370109,No,No,No,No,Yes,Yes,No,Yes,Yes,No,No,No,Yes,No,Yes,No,0,0,0,0,0,0,0,0,0,0,0,0,0,0,0,0,0,0,0,0
57,Female,312313,No,No,Yes,No,Yes,No,Yes,No,Yes,No,Yes,No,Yes,Yes,No,No,0,0,0,0,0,0,0,1,1,0,1,0,0,0,0,0,1,0,0,0
60,Male,76210,No,No,Yes,No,No,No,Yes,Yes,Yes,No,Yes,Yes,Yes,No,No,Yes,0,0,0,0,0,0,0,1,1,1,0,1,0,0,0,0,1,0,0,0
5,Female,274992,Yes,Yes,Yes,No,Yes,Yes,No,No,Yes,No,Yes,No,No,No,Yes,No,0,0,0,1,0,0,0,1,0,0,0,0,0,0,0,0,0,0,0,0
83,Male,103785,No,No,Yes,No,No,No,Yes,No,Yes,No,Yes,Yes,Yes,No,No,No,0,0,0,0,0,0,0,1,1,1,0,1,0,0,0,0,1,0,0,0
49,Male,468674,No,No,Yes,No,No,No,No,No,Yes,No,No,No,No,Yes,No,No,0,0,0,0,0,0,0,0,1,0,0,0,0,0,0,0,0,0,0,0
19,Male,109127,Yes,Yes,No,No,Yes,No,Yes,No,Yes,No,Yes,No,Yes,Yes,No,No,0,0,1,0,0,0,0,1,0,0,0,1,0,0,1,0,0,0,0,0
54,Male,424815,No,No,No,No,No,No,No,No,No,No,Yes,Yes,No,Yes,No,No,0,0,0,0,0,0,0,0,0,0,0,0,0,0,0,0,0,0,0,0
37,Male,81835,No,No,No,No,No,No,Yes,No,No,No,No,Yes,Yes,No,No,Yes,0,0,0,0,0,0,0,0,0,1,0,1,0,0,0,0,0,0,0,0
1,Male,94495,No,No,Yes,No,No,No,No,Yes,Yes,No,No,No,No,No,No,No,0,0,0,0,0,0,0,0,0,0,0,0,0,0,0,0,0,0,0,0
28,Male,454278,No,No,Yes,No,No,No,No,Yes,Yes,No,Yes,Yes,No,No,No,No,0,0,0,0,0,0,0,0,1,0,0,0,0,0,0,0,1,0,0,0
25,Female,438344,Yes,No,Yes,Yes,No,No,No,No,Yes,No,Yes,No,No,No,No,No,0,0,0,0,0,0,0,0,1,0,0,0,0,0,0,0,1,0,0,0
84,Male,128052,No,No,No,No,No,No,No,Yes,Yes,No,Yes,Yes,No,No,No,No,0,0,0,0,0,0,0,1,0,1,0,0,0,0,0,0,0,0,0,0
28,Male,464567,No,No,No,No,Yes,No,Yes,Yes,Yes,No,No,No,No,No,No,No,0,0,0,0,0,0,0,0,0,0,0,0,0,0,0,0,0,0,0,0
22,Male,327479,No,No,No,No,No,No,Yes,Yes,No,No,Yes,Yes,Yes,Yes,No,No,0,0,0,0,0,0,0,1,0,0,0,0,0,0,0,0,0,0,0,0
78,Male,187658,No,No,No,No,Yes,No,Yes,No,No,No,No,Yes,No,Yes,No,No,0,0,0,0,0,0,0,0,0,1,0,0,0,0,0,0,0,0,0,0
34,Female,496273,No,No,No,Yes,No,Yes,No,No,No,Yes,No,Yes,No,No,No,No,0,0,0,0,0,0,0,0,0,0,0,0,1,0,0,0,0,0,0,0
11,Male,445867,Yes,Yes,No,No,Yes,No,Yes,No,Yes,No,Yes,Yes,Yes,No,No,Yes,0,0,0,1,0,0,0,0,0,0,0,0,0,0,1,0,0,0,0,0
27,Male,326935,No,No,No,No,Yes,No,Yes,Yes,Yes,No,No,No,Yes,Yes,No,No,0,0,0,0,0,0,0,0,0,0,0,0,0,0,0,0,0,0,0,0
11,Female,328332,Yes,Yes,No,No,No,No,No,No,Yes,No,No,No,Yes,No,Yes,No,0,0,0,0,0,0,0,0,0,0,0,0,0,0,0,0,0,0,0,0
7,Female,150312,Yes,No,Yes,No,No,Yes,No,No,Yes,No,No,Yes,No,No,Yes,No,0,0,0,0,0,0,0,0,0,0,0,0,0,0,0,0,0,0,0,0
83,Male,149795,No,No,Yes,No,Yes,No,No,Yes,Yes,No,Yes,No,Yes,No,No,No,0,0,0,0,0,0,0,1,1,0,0,1,0,0,0,0,1,0,0,0
55,Female,484159,No,No,No,No,Yes,Yes,No,No,Yes,No,Yes,No,No,Yes,No,Yes,0,0,0,0,0,0,0,0,0,0,0,0,0,0,0,0,0,0,0,0
67,Male,265637,No,No,No,No,Yes,No,No,Yes,Yes,No,No,Yes,No,Yes,No,Yes,0,0,0,0,0,0,0,0,0,1,0,0,0,0,0,0,0,0,0,0
8,Female,234033,Yes,No,No,No,No,No,Yes,Yes,No,No,No,Yes,No,No,Yes,No,0,0,0,0,0,0,0,0,0,0,0,0,0,0,1,1,0,0,0,0
44,Female,480755,No,No,No,No,No,No,Yes,Yes,No,Yes,No,Yes,Yes,No,No,Yes,0,0,0,0,0,0,0,0,0,0,1,0,1,0,0,0,0,0,0,0
66,Female,90031,No,No,No,No,No,Yes,No,No,Yes,No,No,No,No,Yes,No,No,0,0,0,0,0,0,0,0,0,0,0,0,0,0,0,0,0,0,0,0
41,Male,167249,No,No,Yes,No,No,No,Yes,Yes,No,No,Yes,No,No,No,No,No,0,0,0,0,0,0,0,1,0,0,0,0,0,0,0,0,0,0,0,0
26,Male,305827,No,No,No,No,Yes,No,Yes,No,No,No,Yes,No,Yes,No,No,Yes,0,0,0,0,0,0,0,1,0,0,0,0,0,0,0,0,0,0,0,1
10,Male,84578,No,No,Yes,No,No,No,Yes,Yes,No,No,Yes,Yes,No,No,No,Yes,0,0,0,0,0,0,0,1,0,0,0,0,0,0,0,0,0,0,0,0
48,Female,385100,No,No,Yes,No,Yes,No,No,Yes,No,No,Yes,No,No,No,No,Yes,0,0,0,0,0,0,0,1,0,0,0,0,0,0,0,0,0,0,0,0
18,Female,338726,Yes,Yes,No,No,Yes,No,No,No,No,Yes,Yes,Yes,No,Yes,No,Yes,0,0,0,0,0,0,0,1,0,0,0,0,1,0,0,0,0,1,0,1
74,Male,233337,No,No,Yes,No,No,No,No,No,Yes,No,Yes,Yes,Yes,Yes,No,Yes,0,0,0,0,0,0,0,1,1,1,0,1,0,0,0,0,1,0,0,0
32,Female,119597,No,No,Yes,No,No,No,Yes,No,Yes,No,Yes,No,No,No,No,Yes,0,1,0,0,0,0,0,1,1,0,0,0,0,0,0,0,1,0,0,0
65,Female,21395,No,No,Yes,No,Yes,No,Yes,No,Yes,No,No,Yes,Yes,No,No,No,0,0,0,0,0,0,0,0,1,1,1,1,0,0,0,0,0,0,0,0
16,Male,285690,Yes,Yes,No,No,Yes,No,No,Yes,Yes,No,No,Yes,No,No,No,Yes,0,0,0,0,0,0,0,0,0,0,0,0,0,0,0,1,0,0,0,0
41,Male,66041,No,No,Yes,No,Yes,No,No,Yes,Yes,No,Yes,No,No,No,No,Yes,0,0,0,0,0,0,1,1,1,0,0,0,0,0,0,0,1,0,0,0
56,Female,182661,No,No,Yes,Yes,Yes,No,No,No,Yes,No,No,Yes,Yes,Yes,No,No,0,0,0,0,0,0,0,0,1,1,1,1,0,0,0,0,0,0,0,0
20,Female,59659,Yes,Yes,No,No,Yes,Yes,No,No,Yes,Yes,No,Yes,Yes,No,No,Yes,0,0,0,0,0,0,0,0,0,1,1,1,1,0,0,0,0,0,0,0
73,Female,476549,No,No,No,Yes,Yes,Yes,Yes,Yes,Yes,No,No,No,No,No,No,Yes,0,0,0,0,0,0,0,0,0,0,0,0,0,0,0,0,0,0,0,0
50,Female,307460,No,No,Yes,Yes,No,Yes,Yes,Yes,No,No,Yes,No,Yes,Yes,No,Yes,0,0,0,0,0,0,0,1,0,0,1,0,0,0,0,0,0,0,0,0
38,Male,203202,No,No,Yes,No,No,No,No,No,No,No,Yes,Yes,No,Yes,No,Yes,0,0,0,0,0,0,0,1,0,1,0,0,0,0,0,0,0,0,0,0
49,Female,143696,No,No,Yes,No,Yes,No,No,Yes,Yes,No,Yes,Yes,No,No,No,No,0,1,0,0,0,0,0,1,1,1,0,0,0,0,0,0,1,0,0,0
81,Male,419329,No,No,No,No,No,No,Yes,No,No,No,Yes,No,No,Yes,No,No,0,0,0,0,0,0,0,0,0,0,0,0,0,0,0,0,0,0,0,0
45,Male,336105,No,No,No,No,No,No,No,No,Yes,No,Yes,No,Yes,Yes,No,Yes,0,0,0,0,0,0,0,1,0,0,0,0,0,0,0,0,0,0,0,0
2,Male,31509,Yes,No,Yes,No,Yes,No,Yes,Yes,No,No,Yes,Yes,No,No,No,No,0,0,0,0,0,0,0,1,0,0,0,0,0,0,0,0,0,0,0,0
54,Female,137305,No,No,Yes,No,No,Yes,Yes,No,Yes,No,Yes,No,No,Yes,No,Yes,0,1,0,0,0,0,0,1,1,0,0,0,0,0,0,0,1,0,0,0
55,Female,430073,No,No,No,Yes,Yes,No,Yes,Yes,Yes,No,No,Yes,No,Yes,No,Yes,0,0,0,0,0,0,0,0,0,0,0,0,0,0,0,0,0,0,0,0
45,Male,153417,No,No,No,No,No,No,Yes,Yes,Yes,No,Yes,Yes,Yes,Yes,No,No,0,0,0,0,0,0,0,1,0,1,0,1,0,0,0,0,0,0,0,0
82,Female,241593,No,No,No,Yes,Yes,Yes,No,No,Yes,No,Yes,Yes,No,No,No,No,0,1,0,0,0,0,0,1,0,1,0,0,0,0,0,0,0,0,0,0
78,Female,373523,No,No,Yes,Yes,No,No,No,No,Yes,No,No,Yes,Yes,No,No,Yes,0,0,0,0,0,0,0,0,1,0,1,0,0,0,0,0,0,0,0,0
82,Male,366655,No,No,Yes,No,Yes,No,No,Yes,Yes,No,Yes,Yes,No,No,No,Yes,0,0,0,0,0,0,0,1,1,0,0,0,0,0,0,0,1,0,0,0
68,Female,33143,No,No,Yes,No,No,No,Yes,Yes,Yes,No,Yes,Yes,No,Yes,No,No,0,1,0,0,1,0,0,1,1,1,0,0,0,1,0,0,1,0,0,0
17,Female,315234,No,No,Yes,No,No,Yes,Yes,Yes,Yes,Yes,Yes,Yes,Yes,No,Yes,No,0,0,0,0,0,0,0,1,0,0,0,0,0,0,0,0,0,0,0,0
6,Male,141647,No,No,Yes,No,No,No,Yes,No,Yes,No,No,Yes,No,No,No,Yes,0,0,0,0,0,0,0,0,0,0,0,0,0,0,0,0,0,0,0,0
38,Female,405943,No,No,Yes,No,Yes,No,No,Yes,Yes,No,Yes,Yes,Yes,Yes,No,Yes,0,0,0,0,0,0,0,0,1,0,1,0,0,0,0,0,1,0,0,0
67,Male,200992,No,No,Yes,No,No,No,Yes,Yes,No,No,No,No,Yes,No,No,No,0,0,0,0,0,0,0,0,0,0,0,1,0,0,0,0,0,0,0,0
26,Male,86169,No,No,Yes,No,No,No,Yes,Yes,No,No,Yes,Yes,Yes,Yes,No,No,0,0,0,0,0,0,0,1,0,1,0,1,0,0,0,0,0,0,0,0
26,Male,204036,No,No,Yes,No,Yes,No,Yes,No,No,No,Yes,No,Yes,Yes,No,Yes,0,0,0,0,0,0,0,1,0,0,0,1,0,0,0,0,0,0,0,1
49,Male,220429,No,No,Yes,No,Yes,No,Yes,Yes,Yes,No,Yes,Yes,Yes,No,No,No,0,0,0,0,0,0,0,1,1,1,0,1,0,0,0,0,1,0,0,0
13,Female,117888,No,No,No,No,No,No,No,No,No,No,Yes,Yes,Yes,Yes,Yes,Yes,0,0,0,0,0,0,0,1,0,0,0,1,0,0,0,0,0,0,0,0
13,Male,473117,No,No,No,No,Yes,No,No,Yes,No,No,Yes,No,No,Yes,No,Yes,0,0,0,0,0,0,0,0,0,0,0,0,0,0,0,0,0,0,0,0
27,Female,475069,No,No,No,Yes,Yes,No,Yes,No,No,Yes,Yes,No,Yes,No,No,No,0,0,0,0,0,0,0,0,0,0,1,0,1,0,0,0,0,1,0,0
56,Female,363750,No,No,No,Yes,No,No,Yes,Yes,No,No,No,Yes,No,Yes,No,Yes,0,0,0,0,0,0,0,0,0,0,0,0,0,0,0,0,0,0,0,0
46,Female,219372,No,No,Yes,Yes,No,Yes,No,Yes,Yes,No,Yes,No,No,No,No,Yes,0,1,0,0,0,0,0,1,1,0,0,0,0,0,0,0,1,0,0,0
35,Female,257021,No,No,No,Yes,Yes,Yes,Yes,No,Yes,Yes,Yes,No,No,Yes,No,No,0,0,0,0,0,0,0,1,0,0,0,0,1,0,0,0,0,1,0,0
62,Female,196743,No,No,Yes,Yes,No,Yes,No,No,Yes,No,Yes,Yes,Yes,Yes,No,Yes,0,1,0,0,0,0,0,1,1,1,1,1,0,0,0,0,1,0,0,0
60,Female,336773,No,No,Yes,Yes,Yes,No,Yes,Yes,Yes,No,No,No,Yes,No,No,No,0,0,0,0,0,0,0,0,1,0,1,0,0,0,0,0,0,0,0,0
45,Male,361523,No,No,No,No,Yes,No,Yes,No,Yes,No,Yes,No,Yes,Yes,No,No,0,0,0,0,0,0,0,1,0,0,0,0,0,0,0,0,0,0,0,0
4,Male,62716,No,No,No,No,Yes,No,No,Yes,No,No,Yes,No,No,No,No,Yes,0,0,0,0,0,0,0,1,0,0,0,0,0,0,0,0,0,0,0,0
7,Female,320498,Yes,No,Yes,No,No,Yes,No,Yes,No,No,No,No,No,No,Yes,No,0,0,0,0,0,0,0,0,0,0,0,0,0,0,0,1,0,0,0,0
68,Male,432301,No,No,Yes,No,Yes,No,No,Yes,No,No,No,Yes,No,Yes,No,No,0,0,0,0,0,0,0,0,0,0,0,0,0,0,0,0,0,0,0,0
20,Male,57154,Yes,Yes,No,No,Yes,No,Yes,Yes,No,No,No,No,Yes,Yes,No,No,0,0,0,0,0,0,0,0,0,0,0,1,0,1,1,1,0,0,0,0
71,Female,233645,No,No,Yes,No,No,Yes,Yes,No,No,No,No,No,No,Yes,No,Yes,0,0,0,0,0,0,0,0,0,0,0,0,0,0,0,0,0,0,0,0
79,Male,111249,No,No,Yes,No,Yes,No,Yes,No,Yes,No,Yes,Yes,Yes,Yes,No,Yes,0,0,0,0,0,0,0,1,1,1,0,1,0,0,0,0,1,0,0,0
29,Male,171840,No,No,No,No,Yes,No,Yes,No,No,No,No,No,No,Yes,No,No,0,0,0,0,0,0,0,0,0,0,0,0,0,0,0,0,0,0,0,0
52,Male,275609,No,No,Yes,No,No,No,No,Yes,No,No,No,No,No,Yes,No,No,0,0,0,0,0,0,0,0,0,0,0,0,0,0,0,0,0,0,0,0
18,Female,402155,Yes,No,Yes,Yes,Yes,No,Yes,Yes,Yes,Yes,No,No,Yes,No,No,No,0,0,0,0,0,0,0,0,1,0,1,0,1,0,1,1,0,0,0,0
29,Female,156688,No,No,Yes,No,Yes,Yes,Yes,Yes,Yes,Yes,Yes,No,Yes,Yes,No,Yes,0,1,0,0,0,0,0,1,1,0,1,1,1,0,0,0,1,1,0,1
2,Female,11268,No,No,Yes,No,No,Yes,Yes,No,No,No,Yes,No,Yes,No,Yes,No,0,0,0,0,0,0,0,1,0,0,0,1,0,0,0,0,0,0,1,0
31,Female,278808,No,No,Yes,Yes,No,Yes,Yes,No,No,No,No,Yes,Yes,No,No,Yes,0,0,0,0,0,0,0,0,0,1,1,0,0,0,0,0,0,0,0,0
66,Female,407319,No,No,Yes,Yes,No,No,No,No,No,No,Yes,Yes,No,No,No,No,0,0,0,0,0,0,0,0,0,0,0,0,0,0,0,0,0,0,0,0
75,Male,370086,No,No,No,No,No,No,No,No,Yes,No,Yes,Yes,Yes,No,No,No,0,0,0,0,0,0,0,1,0,0,0,0,0,0,0,0,0,0,0,0
2,Female,340639,Yes,Yes,Yes,No,No,Yes,No,No,Yes,No,Yes,No,No,Yes,Yes,Yes,0,0,0,0,0,0,0,1,0,0,0,0,0,0,0,0,0,0,0,0
65,Female,64414,No,No,Yes,Yes,Yes,No,Yes,Yes,No,No,Yes,No,No,Yes,No,No,0,1,0,0,1,1,1,1,0,0,0,0,0,1,0,0,0,0,0,0
12,Female,331101,No,No,No,No,Yes,No,No,No,No,No,No,No,No,No,Yes,Yes,0,0,0,0,0,0,0,0,0,0,0,0,0,0,0,0,0,0,0,0
56,Female,98525,No,No,Yes,No,No,No,Yes,No,Yes,No,No,No,Yes,Yes,No,No,0,0,0,0,0,0,0,0,1,0,1,1,0,0,0,0,0,0,0,0
51,Female,204055,No,No,Yes,No,No,No,No,Yes,Yes,No,Yes,No,Yes,No,No,Yes,0,1,0,0,0,0,0,1,1,0,1,1,0,0,0,0,1,0,0,0
50,Male,143296,No,No,Yes,No,Yes,No,No,No,No,No,Yes,No,No,Yes,No,Yes,0,0,0,0,0,0,0,1,0,0,0,0,0,0,0,0,0,0,0,0
84,Male,343510,No,No,Yes,No,Yes,No,No,Yes,Yes,No,Yes,Yes,Yes,Yes,No,No,0,0,0,0,0,0,0,1,1,0,0,0,0,0,0,0,1,0,0,0
25,Male,173535,Yes,No,No,No,Yes,No,Yes,Yes,Yes,No,No,Yes,Yes,Yes,No,Yes,0,0,0,0,0,0,0,0,0,1,0,1,0,0,1,1,0,0,0,0
51,Female,161982,No,No,Yes,Yes,Yes,Yes,Yes,No,No,No,Yes,No,Yes,No,No,Yes,0,1,0,0,0,0,0,1,0,0,1,1,0,0,0,0,0,0,0,0
29,Male,328545,No,No,Yes,No,Yes,No,No,Yes,Yes,No,No,Yes,No,No,No,Yes,0,0,0,0,0,0,0,0,1,0,0,0,0,0,0,0,0,0,0,0
74,Male,68531,No,No,No,No,No,No,No,No,Yes,No,No,No,No,Yes,No,No,0,0,0,0,0,0,0,0,0,0,0,0,0,1,0,0,0,0,0,0
31,Female,57986,No,No,No,Yes,No,No,No,Yes,Yes,No,Yes,No,No,Yes,No,No,0,1,0,0,0,1,0,1,0,0,0,0,0,1,0,0,0,0,0,0
22,Female,148440,Yes,Yes,Yes,Yes,Yes,Yes,No,Yes,No,Yes,No,No,No,No,No,No,0,0,0,0,0,0,0,0,0,0,0,0,1,0,0,1,0,0,0,0
38,Male,406439,No,No,Yes,No,No,No,No,No,No,No,Yes,Yes,No,Yes,No,Yes,0,0,0,0,0,0,0,0,0,0,0,0,0,0,0,0,0,0,0,0
72,Female,15808,No,No,Yes,Yes,No,Yes,No,No,No,No,No,Yes,No,Yes,No,Yes,0,0,0,0,0,0,0,0,0,1,0,0,0,1,0,0,0,0,0,0
60,Female,486295,No,No,No,Yes,Yes,No,Yes,Yes,No,No,Yes,Yes,No,Yes,No,No,0,0,0,0,0,0,0,0,0,0,0,0,0,0,0,0,0,0,0,0
42,Male,31276,No,No,No,No,Yes,No,No,Yes,No,No,No,Yes,No,No,No,No,0,0,0,0,0,0,0,0,0,1,0,0,0,0,0,0,0,0,0,0
59,Female,63571,No,No,No,Yes,No,No,No,Yes,No,No,No,No,No,Yes,No,Yes,0,0,0,0,0,0,0,0,0,0,0,0,0,1,0,0,0,0,0,0
20,Male,410983,Yes,No,Yes,No,No,No,Yes,Yes,Yes,No,No,Yes,No,Yes,No,No,0,0,0,0,0,0,0,0,1,0,0,0,0,0,1,1,0,0,0,0
31,Male,48814,No,No,Yes,No,Yes,No,Yes,Yes,No,No,Yes,Yes,Yes,Yes,No,No,0,0,0,0,0,0,1,1,0,1,0,1,0,1,0,0,0,0,0,0
24,Female,275976,No,No,Yes,Yes,No,No,Yes,No,No,No,Yes,Yes,Yes,Yes,No,No,0,0,0,0,0,0,0,1,0,1,1,0,0,0,0,0,0,0,0,0
83,Female,451009,No,No,Yes,No,No,No,Yes,Yes,No,No,No,Yes,No,No,No,Yes,0,0,0,0,0,0,0,0,0,0,0,0,0,0,0,0,0,0,0,0
12,Male,264036,No,No,Yes,No,Yes,No,No,No,No,No,No,Yes,No,Yes,No,Yes,0,0,0,0,0,0,0,0,0,0,0,0,0,0,0,0,0,0,0,0
22,Female,191173,Yes,Yes,Yes,No,Yes,No,No,Yes,No,Yes,Yes,No,Yes,Yes,No,No,1,1,0,0,0,0,0,1,0,0,1,1,1,0,0,1,0,1,0,0
64,Female,230582,No,No,Yes,Yes,No,Yes,Yes,No,Yes,No,Yes,Yes,Yes,No,No,No,0,1,0,0,0,0,0,1,1,1,1,1,0,0,0,0,1,0,0,0
54,Male,17677,No,No,No,No,Yes,No,No,Yes,Yes,No,Yes,No,Yes,Yes,No,Yes,0,0,0,0,0,0,1,1,0,0,0,1,0,1,0,0,0,0,0,0
67,Male,158867,No,No,Yes,No,Yes,No,Yes,No,No,No,Yes,Yes,Yes,No,No,Yes,0,0,0,0,0,0,0,1,0,1,0,1,0,0,0,0,0,0,0,0
37,Male,93211,No,No,Yes,No,No,No,No,Yes,Yes,No,Yes,No,Yes,Yes,No,Yes,0,0,0,0,0,0,0,1,1,0,0,1,0,0,0,0,1,0,0,0
36,Female,323670,No,No,No,No,No,No,Yes,Yes,No,Yes,No,No,No,Yes,No,No,0,0,0,0,0,0,0,0,0,0,0,0,1,0,0,0,0,0,0,0
7,Female,290624,Yes,No,No,No,Yes,No,No,No,No,No,No,No,No,No,Yes,Yes,0,0,0,0,0,0,0,0,0,0,0,0,0,0,0,0,0,0,0,0
71,Male,489591,No,No,No,No,Yes,No,Yes,No,No,No,No,No,No,No,No,Yes,0,0,0,0,0,0,0,0,0,0,0,0,0,0,0,0,0,0,0,0
80,Female,44370,No,No,Yes,Yes,No,No,No,No,Yes,No,No,Yes,No,No,No,No,0,0,0,0,0,0,0,0,1,1,0,0,0,0,0,0,0,0,0,0
38,Female,100495,No,No,Yes,Yes,No,No,Yes,Yes,No,Yes,No,No,No,No,No,Yes,0,0,0,0,0,0,0,0,0,0,0,0,1,0,0,0,0,0,0,0
40,Male,433265,No,No,Yes,No,No,No,Yes,No,No,No,No,Yes,No,Yes,No,No,0,0,0,0,0,0,0,0,0,0,0,0,0,0,0,0,0,0,0,0
3,Female,497503,No,No,No,No,Yes,Yes,No,Yes,No,No,No,No,Yes,No,Yes,No,0,0,0,0,0,0,0,0,0,0,0,0,0,0,0,0,0,0,0,0
70,Female,135157,No,No,No,No,Yes,No,Yes,No,Yes,No,No,Yes,Yes,Yes,No,No,0,0,0,0,0,0,0,0,0,1,1,1,0,0,0,0,0,0,0,0
39,Male,79409,No,No,No,No,No,No,Yes,Yes,Yes,No,Yes,Yes,Yes,Yes,No,No,0,0,0,0,0,0,0,1,0,1,0,1,0,0,0,0,0,0,0,0
45,Male,179443,No,No,No,No,No,No,Yes,No,Yes,No,No,Yes,Yes,No,No,No,0,0,0,0,0,0,0,0,0,1,0,1,0,0,0,0,0,0,0,0
84,Male,428069,No,No,No,No,No,No,No,Yes,No,No,No,No,No,No,No,Yes,0,0,0,0,0,0,0,0,0,0,0,0,0,0,0,0,0,0,0,0
50,Female,322203,No,No,Yes,No,Yes,No,Yes,Yes,No,No,Yes,Yes,Yes,Yes,No,Yes,0,0,0,0,0,0,0,1,0,0,1,0,0,0,0,0,0,0,0,0
58,Male,394475,No,No,No,No,Yes,No,No,Yes,No,No,No,No,Yes,No,No,No,0,0,0,0,0,0,0,0,0,0,0,0,0,0,0,0,0,0,0,0
11,Female,195686,Yes,No,No,No,No,Yes,Yes,Yes,No,No,Yes,No,Yes,Yes,Yes,Yes,0,0,0,0,0,0,0,1,0,0,0,1,0,0,1,1,0,0,0,0
68,Female,15686,No,No,No,No,No,Yes,No,No,Yes,No,Yes,Yes,Yes,No,No,Yes,0,1,0,0,1,0,0,1,0,1,1,1,0,0,0,0,0,0,0,0
29,Female,452122,No,No,No,No,Yes,Yes,Yes,Yes,No,Yes,No,Yes,Yes,Yes,No,No,0,0,0,0,0,0,0,0,0,0,1,0,1,0,0,0,0,0,0,0
61,Female,242514,No,No,No,Yes,No,No,No,Yes,Yes,No,Yes,No,No,No,No,No,0,1,0,0,0,0,0,1,0,0,0,0,0,0,0,0,0,0,0,0
42,Male,132362,No,No,No,No,Yes,No,No,No,Yes,No,No,No,No,Yes,No,No,0,0,0,0,0,0,0,0,0,0,0,0,0,0,0,0,0,0,0,0
46,Male,493068,No,No,Yes,No,Yes,No,No,Yes,Yes,No,No,Yes,Yes,No,No,No,0,0,0,0,0,0,0,0,1,0,0,0,0,0,0,0,0,0,0,0
66,Female,448588,No,No,Yes,Yes,No,No,No,Yes,No,No,No,Yes,Yes,Yes,No,No,0,0,0,0,0,0,0,0,0,0,1,0,0,0,0,0,0,0,0,0
9,Male,31212,Yes,No,Yes,No,No,No,Yes,No,Yes,No,No,Yes,Yes,No,No,Yes,0,0,0,0,0,0,0,0,0,0,0,1,0,0,1,0,0,0,0,0
51,Male,109138,No,No,No,No,No,No,No,No,Yes,No,Yes,Yes,No,No,No,No,0,0,0,0,0,0,0,1,0,1,0,0,0,0,0,0,0,0,0,0
80,Female,220058,No,No,Yes,Yes,No,Yes,Yes,Yes,Yes,No,Yes,No,No,Yes,No,Yes,0,1,0,0,0,0,0,1,1,0,0,0,0,0,0,0,1,0,0,0
27,Male,74276,No,No,No,No,No,No,Yes,No,Yes,No,No,Yes,No,No,No,Yes,0,0,0,0,0,0,0,0,0,1,0,0,0,0,0,0,0,0,0,0
44,Male,130907,No,No,No,No,No,No,No,Yes,No,No,Yes,No,Yes,Yes,No,Yes,0,0,0,0,0,0,0,1,0,0,0,1,0,0,0,0,0,0,0,0
24,Male,272397,No,No,No,No,No,No,No,No,No,No,Yes,Yes,Yes,No,No,Yes,0,0,0,0,0,0,0,1,0,1,0,0,0,0,0,0,0,0,0,1
80,Female,150234,No,No,Yes,No,Yes,Yes,Yes,Yes,Yes,No,No,Yes,No,No,No,No,0,0,0,0,0,0,0,0,1,1,0,0,0,0,0,0,0,0,0,0
28,Female,447281,No,No,Yes,Yes,Yes,Yes,Yes,Yes,Yes,Yes,Yes,Yes,No,No,No,Yes,0,0,0,0,0,0,0,0,1,0,0,0,1,0,0,0,1,1,0,1
73,Female,99946,No,No,Yes,Yes,No,Yes,No,No,Yes,No,No,No,No,No,No,Yes,0,0,0,0,0,0,0,0,1,0,0,0,0,0,0,0,0,0,0,0
26,Male,35739,No,No,No,No,Yes,No,No,Yes,Yes,No,Yes,No,No,Yes,No,Yes,0,0,0,0,0,0,1,1,0,0,0,0,0,1,0,0,0,0,0,1
40,Female,63306,No,No,No,No,No,No,No,Yes,Yes,No,Yes,No,No,Yes,No,Yes,0,1,0,0,0,0,0,1,0,0,0,0,0,1,0,0,0,0,0,0
4,Female,432069,Yes,Yes,Yes,No,Yes,No,No,No,Yes,No,No,Yes,No,No,Yes,Yes,0,0,0,0,0,0,0,0,0,0,0,0,0,0,0,0,0,0,0,0
21,Male,139843,Yes,No,Yes,No,Yes,No,No,Yes,No,No,No,No,No,No,No,Yes,0,0,0,0,0,0,0,0,0,0,0,0,0,0,0,1,0,0,0,0
10,Female,247804,Yes,Yes,No,No,Yes,Yes,Yes,Yes,No,No,Yes,No,No,Yes,Yes,Yes,0,0,0,1,0,0,0,1,0,0,0,0,0,0,1,1,0,0,0,0
4,Female,420940,Yes,No,No,No,No,Yes,No,No,No,No,Yes,No,No,Yes,Yes,No,0,0,0,0,0,0,0,0,0,0,0,0,0,0,0,0,0,0,0,0
66,Male,225247,No,No,No,No,No,No,Yes,Yes,No,No,No,No,Yes,No,No,No,0,0,0,0,0,0,0,0,0,0,0,1,0,0,0,0,0,0,0,0
19,Male,134023,No,No,No,No,Yes,No,No,Yes,No,No,No,Yes,Yes,No,No,Yes,0,0,0,0,0,0,0,0,0,1,0,1,0,0,0,0,0,0,0,0
14,Male,363761,Yes,No,No,No,Yes,No,No,No,No,No,No,No,No,No,No,Yes,0,0,0,0,0,0,0,0,0,0,0,0,0,0,0,0,0,0,0,0
5,Male,279217,Yes,No,No,No,No,No,Yes,Yes,Yes,No,No,Yes,Yes,Yes,No,No,0,0,0,0,0,0,0,0,0,0,0,0,0,0,1,1,0,0,0,0
31,Female,116773,No,No,No,Yes,No,Yes,No,No,Yes,No,Yes,Yes,No,Yes,No,No,0,1,0,0,0,0,0,1,0,1,0,0,0,0,0,0,0,0,0,0
47,Female,154208,No,No,Yes,Yes,Yes,No,No,Yes,Yes,No,No,No,Yes,Yes,No,Yes,0,0,0,0,0,0,0,0,1,0,1,1,0,0,0,0,0,0,0,0
18,Female,396166,Yes,No,Yes,No,Yes,Yes,Yes,Yes,No,No,No,Yes,No,No,No,No,0,0,0,0,0,0,0,0,0,0,0,0,0,0,1,1,0,0,0,0
64,Male,19075,No,No,Yes,No,No,No,No,No,No,No,No,No,No,Yes,No,No,0,0,0,0,0,0,0,0,0,0,0,0,0,1,0,0,0,0,0,0
41,Male,112782,No,No,No,No,Yes,No,Yes,No,No,No,No,No,No,Yes,No,No,0,0,0,0,0,0,0,0,0,0,0,0,0,0,0,0,0,0,0,0
22,Male,215280,Yes,Yes,No,No,No,No,Yes,Yes,No,No,Yes,No,Yes,Yes,No,No,0,0,1,0,0,0,0,1,0,0,0,1,0,0,1,1,0,0,0,0
12,Male,450782,No,No,No,No,Yes,No,No,No,No,No,No,Yes,Yes,No,No,No,0,0,0,0,0,0,0,0,0,0,0,0,0,0,0,0,0,0,0,0
83,Female,203894,No,No,Yes,Yes,No,Yes,Yes,Yes,Yes,No,Yes,Yes,Yes,No,No,No,0,1,0,0,0,0,0,1,1,1,1,1,0,0,0,0,1,0,0,0
81,Male,444300,No,No,Yes,No,No,No,No,Yes,No,No,No,Yes,Yes,No,No,Yes,0,0,0,0,0,0,0,0,0,0,0,0,0,0,0,0,0,0,0,0
84,Male,234077,No,No,Yes,No,Yes,No,No,Yes,Yes,No,Yes,No,Yes,Yes,No,No,0,0,0,0,0,0,0,1,1,0,0,1,0,0,0,0,1,0,0,0
29,Male,141722,No,No,No,No,No,No,Yes,No,Yes,No,No,Yes,Yes,Yes,No,Yes,0,0,0,0,0,0,0,0,0,1,0,1,0,0,0,0,0,0,0,0
66,Female,348009,No,No,Yes,Yes,No,No,Yes,No,No,No,No,Yes,No,No,No,Yes,0,0,0,0,0,0,0,0,0,0,0,0,0,0,0,0,0,0,0,0
84,Male,288763,No,No,Yes,No,Yes,No,Yes,No,Yes,No,No,No,No,No,No,Yes,0,0,0,0,0,0,0,0,1,0,0,0,0,0,0,0,0,0,0,0
28,Female,482325,No,No,Yes,Yes,Yes,No,No,No,Yes,Yes,No,Yes,Yes,Yes,No,No,0,0,0,0,0,0,0,0,1,0,1,0,1,0,0,0,0,0,0,0
49,Male,146924,No,No,No,No,Yes,No,Yes,No,No,No,Yes,Yes,No,No,No,Yes,0,0,0,0,0,0,0,1,0,1,0,0,0,0,0,0,0,0,0,0
16,Female,84791,Yes,No,No,No,No,Yes,No,No,Yes,Yes,Yes,Yes,No,Yes,Yes,Yes,0,0,0,0,0,0,0,1,0,0,0,0,0,0,0,0,0,0,0,0
57,Female,100435,No,No,No,Yes,Yes,No,No,No,No,No,Yes,Yes,No,Yes,No,No,0,1,0,0,0,0,0,1,0,1,0,0,0,0,0,0,0,0,0,0
52,Male,225766,No,No,No,No,Yes,No,Yes,Yes,No,No,Yes,Yes,No,Yes,No,Yes,0,0,0,0,0,0,0,1,0,1,0,0,0,0,0,0,0,0,0,0
74,Female,21277,No,No,No,No,Yes,No,Yes,No,Yes,No,No,Yes,No,Yes,No,No,0,0,0,0,0,0,0,0,0,1,0,0,0,1,0,0,0,0,0,0
46,Female,219213,No,No,No,Yes,No,No,Yes,Yes,Yes,No,No,No,No,No,No,Yes,0,0,0,0,0,0,0,0,0,0,0,0,0,0,0,0,0,0,0,0
28,Female,39090,No,No,Yes,Yes,Yes,No,Yes,No,Yes,No,No,No,Yes,Yes,No,Yes,0,0,0,0,0,0,0,0,1,0,1,1,0,1,0,0,0,0,0,0
38,Female,172445,No,No,Yes,No,Yes,Yes,Yes,No,Yes,No,No,Yes,No,No,No,No,0,0,0,0,0,0,0,0,1,1,0,0,0,0,0,0,0,0,0,0
58,Female,10179,No,No,Yes,No,Yes,No,Yes,Yes,Yes,No,Yes,No,No,Yes,No,Yes,0,1,0,0,0,0,1,1,1,0,0,0,0,1,0,0,1,0,0,0
36,Female,190640,No,No,Yes,No,No,Yes,No,No,Yes,No,No,No,Yes,No,No,Yes,0,0,0,0,0,0,0,0,1,0,1,1,0,0,0,0,0,0,0,0
7,Male,457727,Yes,No,No,No,No,No,Yes,No,Yes,No,No,Yes,No,No,No,No,0,0,0,0,0,0,0,0,0,0,0,0,0,0,1,0,0,0,0,0
11,Female,230038,No,No,No,No,Yes,Yes,Yes,No,Yes,No,No,No,Yes,Yes,Yes,Yes,0,0,0,0,0,0,0,0,0,0,0,1,0,0,0,0,0,0,0,0
11,Female,267795,Yes,Yes,Yes,No,Yes,No,Yes,Yes,No,No,No,Yes,Yes,No,Yes,Yes,0,0,0,0,0,0,0,0,0,0,0,0,0,0,1,1,0,0,0,0
76,Male,88210,No,No,Yes,No,No,No,No,No,No,No,No,Yes,No,No,No,Yes,0,0,0,0,0,0,0,0,0,1,0,0,0,0,0,0,0,0,0,0
47,Female,130311,No,No,Yes,No,Yes,No,No,No,Yes,No,Yes,Yes,Yes,Yes,No,Yes,0,1,0,0,0,0,0,1,1,1,1,1,0,0,0,0,1,0,0,0
71,Female,222955,No,No,Yes,No,No,Yes,Yes,No,No,No,No,No,No,Yes,No,No,0,0,0,0,0,0,0,0,0,0,0,0,0,0,0,0,0,0,0,0
41,Male,336067,No,No,Yes,No,No,No,No,Yes,No,No,No,No,No,Yes,No,No,0,0,0,0,0,0,0,0,0,0,0,0,0,0,0,0,0,0,0,0
35,Male,180201,No,No,No,No,No,No,Yes,Yes,No,No,No,Yes,Yes,Yes,No,No,0,0,0,0,0,0,0,0,0,1,0,1,0,0,0,0,0,0,0,0
34,Male,167700,No,No,Yes,No,No,No,Yes,No,Yes,No,No,No,No,No,No,Yes,0,0,0,0,0,0,0,0,1,0,0,0,0,0,0,0,0,0,0,0
20,Male,480305,Yes,No,Yes,No,No,No,No,No,No,No,Yes,No,No,No,No,Yes,0,0,0,0,0,0,0,0,0,0,0,0,0,0,0,0,0,0,0,1
5,Female,413360,Yes,Yes,Yes,No,No,Yes,Yes,No,No,No,No,No,No,Yes,Yes,No,0,0,0,0,0,0,0,0,0,0,0,0,0,0,1,0,0,0,0,0
41,Male,342726,No,No,No,No,No,No,No,No,Yes,No,No,Yes,Yes,No,No,Yes,0,0,0,0,0,0,0,0,0,0,0,0,0,0,0,0,0,0,0,0
12,Female,405864,Yes,No,Yes,No,Yes,No,No,Yes,Yes,No,Yes,Yes,No,Yes,Yes,No,0,0,0,0,0,0,0,0,0,0,0,0,0,0,0,1,0,0,0,0
75,Male,416281,No,No,Yes,No,No,No,Yes,Yes,No,No,Yes,No,Yes,Yes,No,No,0,0,0,0,0,0,0,0,0,0,0,0,0,0,0,0,0,0,0,0
79,Female,245249,No,No,No,Yes,No,Yes,No,No,Yes,No,Yes,Yes,No,No,No,No,0,1,0,0,0,0,0,1,0,1,0,0,0,0,0,0,0,0,0,0
10,Male,264305,No,No,No,No,Yes,No,Yes,Yes,No,No,Yes,Yes,No,No,No,Yes,0,0,0,0,0,0,0,1,0,0,0,0,0,0,0,0,0,0,0,0
29,Female,52610,No,No,No,Yes,Yes,No,No,No,Yes,No,No,Yes,No,Yes,No,No,0,0,0,0,0,0,0,0,0,1,0,0,0,1,0,0,0,0,0,0
28,Female,401750,No,No,No,No,No,No,No,Yes,No,No,Yes,No,No,No,No,Yes,0,0,0,0,0,0,0,0,0,0,0,0,0,0,0,0,0,0,0,1
63,Male,460888,No,No,Yes,No,No,No,No,No,No,No,No,No,Yes,Yes,No,No,0,0,0,0,0,0,0,0,0,0,0,0,0,0,0,0,0,0,0,0
52,Male,43581,No,No,Yes,No,No,No,Yes,Yes,Yes,No,Yes,Yes,Yes,Yes,No,No,0,0,0,0,0,0,0,1,1,1,0,1,0,1,0,0,1,0,0,0
65,Male,250879,No,No,No,No,Yes,No,No,No,Yes,No,No,Yes,Yes,Yes,No,No,0,0,0,0,0,0,0,0,0,1,0,0,0,0,0,0,0,0,0,0
16,Male,273585,Yes,No,No,No,Yes,No,No,No,Yes,No,Yes,Yes,Yes,No,No,Yes,0,0,0,0,0,0,0,1,0,0,0,0,0,0,0,0,0,0,0,0
30,Female,398737,No,No,No,No,Yes,Yes,No,Yes,Yes,Yes,Yes,Yes,Yes,No,No,Yes,0,0,0,0,0,0,0,1,0,0,1,0,1,0,0,0,0,1,0,1
48,Male,298172,No,No,Yes,No,Yes,No,No,No,No,No,Yes,Yes,No,Yes,No,Yes,0,0,0,0,0,0,0,1,0,1,0,0,0,0,0,0,0,0,0,0
32,Male,216509,No,No,Yes,No,No,No,No,No,Yes,No,No,Yes,Yes,Yes,No,Yes,0,0,0,0,0,0,0,0,1,1,0,1,0,0,0,0,0,0,0,0
81,Female,475484,No,No,Yes,No,Yes,Yes,Yes,No,Yes,No,Yes,Yes,Yes,No,No,Yes,0,0,0,0,0,0,0,0,1,0,1,0,0,0,0,0,1,0,0,0
60,Female,385792,No,No,No,Yes,No,No,No,No,Yes,No,Yes,Yes,Yes,No,No,No,0,0,0,0,0,0,0,1,0,0,1,0,0,0,0,0,0,0,0,0
72,Male,470202,No,No,No,No,No,No,No,Yes,Yes,No,No,No,No,No,No,Yes,0,0,0,0,0,0,0,0,0,0,0,0,0,0,0,0,0,0,0,0
47,Female,454722,No,No,No,No,Yes,No,No,Yes,No,No,Yes,Yes,No,No,No,Yes,0,0,0,0,0,0,0,0,0,0,0,0,0,0,0,0,0,0,0,0
62,Male,322870,No,No,No,No,Yes,No,Yes,Yes,Yes,No,No,No,No,Yes,No,No,0,0,0,0,0,0,0,0,0,0,0,0,0,0,0,0,0,0,0,0
66,Male,413998,No,No,Yes,No,No,No,No,Yes,Yes,No,No,No,Yes,Yes,No,No,0,0,0,0,0,0,0,0,1,0,0,0,0,0,0,0,0,0,0,0
18,Female,478385,Yes,Yes,Yes,No,No,No,Yes,No,Yes,No,No,No,No,Yes,No,No,0,0,0,0,0,0,0,0,1,0,0,0,0,0,1,0,0,0,0,0
74,Female,241286,No,No,No,Yes,No,Yes,Yes,Yes,No,No,No,Yes,Yes,No,No,No,0,0,0,0,0,0,0,0,0,1,1,1,0,0,0,0,0,0,0,0
72,Female,10314,No,No,No,Yes,Yes,No,No,No,No,No,Yes,No,No,No,No,Yes,0,1,0,0,1,1,1,1,0,0,0,0,0,0,0,0,0,0,0,0
6,Male,399649,No,No,Yes,No,Yes,No,Yes,Yes,Yes,No,No,Yes,No,No,No,No,0,0,0,0,0,0,0,0,0,0,0,0,0,0,0,0,0,0,0,0
32,Male,344376,No,No,Yes,No,No,No,No,Yes,Yes,No,No,No,No,No,No,No,0,0,0,0,0,0,0,0,1,0,0,0,0,0,0,0,0,0,0,0
71,Male,493664,No,No,No,No,Yes,No,Yes,No,Yes,No,Yes,Yes,No,Yes,No,No,0,0,0,0,0,0,0,0,0,0,0,0,0,0,0,0,0,0,0,0
41,Male,491904,No,No,Yes,No,Yes,No,No,Yes,No,No,No,No,No,No,No,Yes,0,0,0,0,0,0,0,0,0,0,0,0,0,0,0,0,0,0,0,0
49,Male,199297,No,No,Yes,No,No,No,No,Yes,No,No,No,No,No,No,No,No,0,0,0,0,0,0,0,0,0,0,0,0,0,0,0,0,0,0,0,0
69,Male,202675,No,No,Yes,No,No,No,No,No,Yes,No,Yes,No,No,No,No,No,0,0,0,0,0,0,0,1,1,0,0,0,0,0,0,0,1,0,0,0
12,Male,24401,Yes,Yes,Yes,No,No,No,Yes,No,No,No,No,No,No,No,No,No,0,0,0,0,0,0,0,0,0,0,0,0,0,0,1,0,0,0,0,0
85,Female,477370,No,No,Yes,Yes,No,Yes,No,No,No,No,Yes,No,Yes,No,No,No,0,0,0,0,0,0,0,0,0,0,1,0,0,0,0,0,0,0,0,0
7,Male,117444,Yes,Yes,No,No,Yes,No,No,No,No,No,No,No,No,No,No,No,0,0,0,0,0,0,0,0,0,0,0,0,0,0,0,0,0,0,0,0
11,Male,142614,Yes,No,Yes,No,No,No,No,No,Yes,No,No,No,Yes,Yes,No,Yes,0,0,0,0,0,0,0,0,0,0,0,1,0,0,0,0,0,0,0,0
62,Male,180942,No,No,No,No,No,No,Yes,Yes,No,No,No,No,No,No,No,Yes,0,0,0,0,0,0,0,0,0,0,0,0,0,0,0,0,0,0,0,0
64,Male,467748,No,No,No,No,Yes,No,No,No,No,No,Yes,Yes,Yes,No,No,Yes,0,0,0,0,0,0,0,0,0,0,0,0,0,0,0,0,0,0,0,0
76,Male,88248,No,No,No,No,No,No,No,No,Yes,No,No,No,Yes,Yes,No,Yes,0,0,0,0,0,0,0,0,0,0,0,1,0,0,0,0,0,0,0,0
39,Female,447995,No,No,Yes,No,No,Yes,No,No,No,Yes,Yes,Yes,No,Yes,No,No,0,0,0,0,0,0,0,0,0,0,0,0,1,0,0,0,0,1,0,0
63,Female,426161,No,No,Yes,Yes,Yes,Yes,Yes,Yes,Yes,No,No,Yes,No,Yes,No,Yes,0,0,0,0,0,0,0,0,1,0,0,0,0,0,0,0,0,0,0,0
53,Male,167145,No,No,No,No,Yes,No,Yes,Yes,No,No,Yes,Yes,Yes,Yes,No,Yes,0,0,0,0,0,0,0,1,0,1,0,1,0,0,0,0,0,0,0,0
67,Female,223118,No,No,No,Yes,Yes,No,Yes,Yes,No,No,Yes,No,Yes,Yes,No,Yes,0,1,0,0,0,0,0,1,0,0,1,1,0,0,0,0,0,0,0,0
59,Female,471701,No,No,Yes,Yes,Yes,No,Yes,No,No,No,No,Yes,Yes,Yes,No,No,0,0,0,0,0,0,0,0,0,0,1,0,0,0,0,0,0,0,0,0
51,Female,435788,No,No,Yes,No,No,Yes,Yes,Yes,No,No,No,No,No,Yes,No,No,0,0,0,0,0,0,0,0,0,0,0,0,0,0,0,0,0,0,0,0
83,Female,23249,No,No,Yes,No,Yes,No,Yes,No,Yes,No,No,Yes,Yes,Yes,No,No,0,0,0,0,0,0,0,0,1,1,1,1,0,1,0,0,0,0,0,0
73,Female,37075,No,No,Yes,Yes,No,Yes,Yes,No,Yes,No,No,No,Yes,No,No,Yes,0,0,0,0,0,0,0,0,1,0,1,1,0,0,0,0,0,0,0,0
60,Female,115672,No,No,No,No,Yes,No,Yes,No,Yes,No,No,No,No,Yes,No,No,0,0,0,0,0,0,0,0,0,0,0,0,0,0,0,0,0,0,0,0
12,Male,403869,Yes,Yes,Yes,No,Yes,No,No,Yes,Yes,No,Yes,Yes,Yes,Yes,No,No,0,0,0,1,0,0,0,0,0,0,0,0,0,0,0,1,0,0,0,0
49,Male,94230,No,No,Yes,No,No,No,Yes,Yes,No,No,Yes,No,No,No,No,Yes,0,0,0,0,0,0,0,1,0,0,0,0,0,0,0,0,0,0,0,0
26,Female,94105,No,No,Yes,No,No,No,No,Yes,Yes,No,Yes,No,Yes,Yes,No,Yes,0,1,0,0,0,0,0,1,1,0,1,1,0,0,0,0,1,0,0,1
10,Male,112295,Yes,Yes,Yes,No,No,No,No,No,Yes,No,Yes,No,No,No,No,Yes,0,0,0,1,0,0,0,1,0,0,0,0,0,0,0,0,0,0,0,0
47,Female,134090,No,No,No,Yes,Yes,Yes,Yes,Yes,Yes,No,Yes,Yes,No,Yes,No,No,0,1,0,0,0,0,0,1,0,1,0,0,0,0,0,0,0,0,0,0
44,Male,404902,No,No,No,No,No,No,Yes,No,Yes,No,No,Yes,Yes,No,No,Yes,0,0,0,0,0,0,0,0,0,0,0,0,0,0,0,0,0,0,0,0
45,Male,170103,No,No,No,No,Yes,No,Yes,No,No,No,No,Yes,Yes,No,No,No,0,0,0,0,0,0,0,0,0,1,0,1,0,0,0,0,0,0,0,0
19,Male,109632,Yes,No,Yes,No,Yes,No,No,Yes,No,No,No,No,No,Yes,No,Yes,0,0,0,0,0,0,0,0,0,0,0,0,0,0,0,1,0,0,0,0
45,Female,266244,No,No,Yes,Yes,Yes,No,No,No,No,Yes,Yes,Yes,Yes,Yes,No,No,0,0,0,0,0,0,0,1,0,1,1,0,1,0,0,0,0,1,0,0
26,Female,394032,No,No,Yes,Yes,Yes,No,Yes,Yes,Yes,Yes,No,No,No,Yes,No,Yes,0,0,0,0,0,0,0,0,1,0,0,0,1,0,0,0,0,0,0,0
16,Male,482330,Yes,No,No,No,No,No,Yes,No,No,No,No,No,Yes,Yes,No,No,0,0,0,0,0,0,0,0,0,0,0,0,0,0,1,0,0,0,0,0
68,Female,363559,No,No,No,No,No,No,No,No,Yes,No,No,Yes,No,No,No,No,0,0,0,0,0,0,0,0,0,0,0,0,0,0,0,0,0,0,0,0
19,Male,236440,Yes,No,Yes,No,No,No,No,No,Yes,No,No,Yes,Yes,Yes,No,Yes,0,0,0,0,0,0,0,0,1,1,0,1,0,0,0,0,0,0,0,0
28,Female,238237,No,No,Yes,Yes,No,Yes,Yes,No,Yes,No,Yes,No,No,No,No,No,0,1,0,0,0,0,0,1,1,0,0,0,0,0,0,0,1,0,0,0
73,Male,402194,No,No,No,No,Yes,No,Yes,No,No,No,Yes,No,No,No,No,Yes,0,0,0,0,0,0,0,0,0,0,0,0,0,0,0,0,0,0,0,0
23,Female,56687,No,No,No,No,No,No,No,Yes,Yes,No,Yes,Yes,No,Yes,No,No,0,1,0,0,0,0,0,1,0,1,0,0,0,1,0,0,0,0,0,0
81,Female,57594,No,No,No,No,No,Yes,Yes,No,No,No,No,Yes,No,Yes,No,No,0,0,0,0,0,0,0,0,0,1,0,0,0,1,0,0,0,0,0,0
3,Female,238134,No,No,No,No,No,Yes,No,No,Yes,No,No,Yes,Yes,No,Yes,Yes,0,0,0,0,0,0,0,0,0,0,0,1,0,0,0,0,0,0,0,0
71,Male,162588,No,No,No,No,No,No,No,No,No,No,Yes,No,Yes,No,No,No,0,0,0,0,0,0,0,1,0,0,0,1,0,0,0,0,0,0,0,0
35,Female,151748,No,No,Yes,Yes,No,No,No,Yes,No,No,No,Yes,No,No,No,No,0,0,0,0,0,0,0,0,0,1,0,0,0,0,0,0,0,0,0,0
56,Male,216159,No,No,Yes,No,Yes,No,Yes,No,No,No,Yes,No,Yes,Yes,No,No,0,0,0,0,0,0,0,1,0,0,0,1,0,0,0,0,0,0,0,0
31,Female,132500,No,No,Yes,Yes,No,No,Yes,No,No,Yes,No,Yes,No,Yes,No,Yes,0,0,0,0,0,0,0,0,0,1,0,0,1,0,0,0,0,0,0,0
43,Male,182589,No,No,No,No,Yes,No,Yes,No,No,No,No,Yes,No,No,No,No,0,0,0,0,0,0,0,0,0,1,0,0,0,0,0,0,0,0,0,0
42,Male,435199,No,No,No,No,No,No,Yes,No,Yes,No,No,No,Yes,Yes,No,No,0,0,0,0,0,0,0,0,0,0,0,0,0,0,0,0,0,0,0,0
30,Female,356910,No,No,Yes,No,Yes,No,Yes,Yes,No,Yes,Yes,No,Yes,No,No,Yes,0,0,0,0,0,0,0,1,0,0,1,0,1,0,0,0,0,1,0,1
31,Female,387691,No,No,No,Yes,No,Yes,No,No,No,Yes,No,No,Yes,Yes,No,No,0,0,0,0,0,0,0,0,0,0,1,0,1,0,0,0,0,0,0,0
17,Male,81634,Yes,Yes,Yes,No,Yes,No,No,No,No,No,No,No,Yes,Yes,No,Yes,0,0,0,0,0,0,0,0,0,0,0,1,0,0,0,0,0,0,0,0
21,Female,487811,No,No,Yes,No,No,No,Yes,No,No,Yes,Yes,Yes,Yes,Yes,No,No,0,0,0,0,0,0,0,0,0,0,1,0,1,0,0,0,0,1,0,0
84,Female,380771,No,No,No,No,No,No,No,Yes,No,No,No,No,Yes,Yes,No,No,0,0,0,0,0,0,0,0,0,0,1,0,0,0,0,0,0,0,0,0
84,Male,404798,No,No,Yes,No,Yes,No,Yes,Yes,Yes,No,No,Yes,Yes,No,No,No,0,0,0,0,0,0,0,0,1,0,0,0,0,0,0,0,0,0,0,0
43,Male,364370,No,No,Yes,No,No,No,No,Yes,Yes,No,Yes,Yes,No,No,No,Yes,0,0,0,0,0,0,0,1,1,0,0,0,0,0,0,0,1,0,0,0
69,Male,360792,No,No,Yes,No,Yes,No,No,Yes,No,No,Yes,Yes,No,No,No,No,0,0,0,0,0,0,0,1,0,0,0,0,0,0,0,0,0,0,0,0
16,Female,329396,No,No,Yes,No,No,Yes,No,Yes,No,Yes,No,No,No,No,Yes,No,0,0,0,0,0,0,0,0,0,0,0,0,0,0,0,0,0,0,0,0
35,Male,45764,No,No,Yes,No,No,No,No,Yes,No,No,Yes,No,Yes,Yes,No,Yes,0,0,0,0,0,0,0,1,0,0,0,1,0,1,0,0,0,0,0,0
45,Male,237051,No,No,No,No,No,No,No,No,Yes,No,No,Yes,No,No,No,Yes,0,0,0,0,0,0,0,0,0,1,0,0,0,0,0,0,0,0,0,0
60,Male,132503,No,No,No,No,Yes,No,No,No,Yes,No,No,No,Yes,Yes,No,Yes,0,0,0,0,0,0,0,0,0,0,0,1,0,0,0,0,0,0,0,0
82,Male,76164,No,No,No,No,Yes,No,Yes,Yes,No,No,Yes,No,No,No,No,Yes,0,0,0,0,0,0,0,1,0,0,0,0,0,0,0,0,0,0,0,0
19,Male,28542,Yes,No,Yes,No,No,No,Yes,Yes,No,No,Yes,No,No,Yes,No,Yes,0,0,0,0,0,0,0,1,0,0,0,0,0,1,1,1,0,0,0,1
82,Male,60969,No,No,Yes,No,Yes,No,Yes,Yes,No,No,Yes,No,Yes,No,No,No,0,0,0,0,1,0,1,1,0,0,0,1,0,0,0,0,0,0,0,0
37,Female,381914,No,No,Yes,Yes,Yes,No,No,No,Yes,Yes,No,Yes,Yes,Yes,No,No,0,0,0,0,0,0,0,0,1,0,1,0,1,0,0,0,0,0,0,0
3,Male,326598,No,No,No,No,Yes,No,No,Yes,Yes,No,No,No,Yes,Yes,No,Yes,0,0,0,0,0,0,0,0,0,0,0,0,0,0,0,0,0,0,0,0
17,Male,144145,Yes,Yes,No,No,Yes,No,Yes,No,Yes,No,Yes,Yes,Yes,No,No,Yes,0,0,0,0,0,0,0,1,0,0,0,1,0,0,1,0,0,0,0,1
79,Female,469462,No,No,Yes,No,Yes,No,No,No,No,No,No,Yes,Yes,No,No,No,0,0,0,0,0,0,0,0,0,0,1,0,0,0,0,0,0,0,0,0
23,Female,407867,Yes,No,No,No,No,No,Yes,No,No,Yes,Yes,Yes,No,Yes,No,Yes,0,0,0,0,0,0,0,0,0,0,0,0,1,0,1,0,0,1,0,1
66,Male,361524,No,No,No,No,No,No,No,No,Yes,No,No,No,Yes,Yes,No,Yes,0,0,0,0,0,0,0,0,0,0,0,0,0,0,0,0,0,0,0,0
11,Female,339551,Yes,No,No,No,Yes,Yes,No,No,No,No,Yes,No,No,No,Yes,No,0,0,0,0,0,0,0,1,0,0,0,0,0,0,0,0,0,0,0,0
8,Male,143582,No,No,No,No,No,No,Yes,No,No,No,Yes,No,No,Yes,No,Yes,0,0,0,0,0,0,0,1,0,0,0,0,0,0,0,0,0,0,0,0
31,Male,260734,No,No,Yes,No,No,No,No,No,No,No,Yes,Yes,Yes,Yes,No,No,0,0,0,0,0,0,0,1,0,1,0,0,0,0,0,0,0,0,0,0
19,Male,311208,Yes,Yes,Yes,No,Yes,No,No,Yes,No,No,No,No,No,No,No,Yes,0,0,0,0,0,0,0,0,0,0,0,0,0,0,0,1,0,0,0,0
10,Female,128845,Yes,Yes,No,No,No,No,No,No,No,No,Yes,No,Yes,No,Yes,No,0,0,0,1,0,0,0,1,0,0,0,1,0,0,0,0,0,0,0,0
82,Male,287364,No,No,Yes,No,No,No,No,No,No,No,No,No,Yes,Yes,No,Yes,0,0,0,0,0,0,0,0,0,0,0,0,0,0,0,0,0,0,0,0
82,Male,250781,No,No,No,No,No,No,No,Yes,Yes,No,No,Yes,Yes,No,No,Yes,0,0,0,0,0,0,0,0,0,1,0,0,0,0,0,0,0,0,0,0
49,Male,24042,No,No,No,No,No,No,Yes,Yes,No,No,No,No,Yes,Yes,No,No,0,0,0,0,0,0,0,0,0,0,0,1,0,1,0,0,0,0,0,0
83,Male,111315,No,No,No,No,Yes,No,Yes,Yes,Yes,No,Yes,Yes,Yes,No,No,Yes,0,0,0,0,0,0,0,1,0,1,0,1,0,0,0,0,0,0,0,0
18,Male,422943,No,No,No,No,No,No,No,No,Yes,No,Yes,Yes,Yes,No,No,Yes,0,0,0,0,0,0,0,0,0,0,0,0,0,0,0,0,0,0,0,1
85,Female,300056,No,No,Yes,Yes,Yes,Yes,Yes,Yes,Yes,No,Yes,Yes,No,No,No,Yes,0,0,0,0,0,0,0,1,1,0,0,0,0,0,0,0,1,0,0,0
64,Male,336982,No,No,Yes,No,No,No,No,No,Yes,No,No,Yes,No,Yes,No,No,0,0,0,0,0,0,0,0,1,0,0,0,0,0,0,0,0,0,0,0
82,Female,179764,No,No,No,No,Yes,Yes,No,Yes,Yes,No,No,Yes,Yes,Yes,No,Yes,0,0,0,0,0,0,0,0,0,1,1,1,0,0,0,0,0,0,0,0
68,Male,445589,No,No,No,No,Yes,No,No,Yes,Yes,No,Yes,Yes,Yes,No,No,No,0,0,0,0,0,0,0,0,0,0,0,0,0,0,0,0,0,0,0,0
45,Female,395838,No,No,Yes,Yes,Yes,No,No,No,No,No,No,Yes,No,Yes,No,No,0,0,0,0,0,0,0,0,0,0,0,0,0,0,0,0,0,0,0,0
76,Male,252138,No,No,No,No,No,No,Yes,No,Yes,No,No,No,Yes,No,No,Yes,0,0,0,0,0,0,0,0,0,0,0,0,0,0,0,0,0,0,0,0
84,Male,288231,No,No,No,No,No,No,Yes,No,Yes,No,Yes,No,No,Yes,No,No,0,0,0,0,0,0,0,1,0,0,0,0,0,0,0,0,0,0,0,0
31,Male,480361,No,No,No,No,No,No,No,Yes,No,No,Yes,No,Yes,No,No,Yes,0,0,0,0,0,0,0,0,0,0,0,0,0,0,0,0,0,0,0,0
6,Male,134962,Yes,Yes,No,No,Yes,No,Yes,No,Yes,No,Yes,No,Yes,Yes,No,No,0,0,0,1,0,0,0,1,0,0,0,1,0,0,1,0,0,0,0,0
67,Male,63484,No,No,Yes,No,No,No,Yes,No,Yes,No,No,Yes,No,Yes,No,No,0,0,0,0,0,0,0,0,1,1,0,0,0,1,0,0,0,0,0,0
6,Male,144149,Yes,No,Yes,No,Yes,No,Yes,Yes,No,No,No,Yes,Yes,No,No,Yes,0,0,0,0,0,0,0,0,0,0,0,1,0,0,1,1,0,0,0,0
72,Male,190602,No,No,No,No,Yes,No,No,Yes,Yes,No,Yes,No,No,Yes,No,No,0,0,0,0,0,0,0,1,0,0,0,0,0,0,0,0,0,0,0,0
28,Male,479275,No,No,Yes,No,No,No,Yes,Yes,No,No,No,No,Yes,No,No,No,0,0,0,0,0,0,0,0,0,0,0,0,0,0,0,0,0,0,0,0
48,Male,41744,No,No,Yes,No,Yes,No,No,Yes,Yes,No,No,No,Yes,No,No,Yes,0,0,0,0,0,0,0,0,1,0,0,1,0,0,0,0,0,0,0,0
34,Male,227465,No,No,No,No,No,No,Yes,Yes,Yes,No,No,No,No,Yes,No,No,0,0,0,0,0,0,0,0,0,0,0,0,0,0,0,0,0,0,0,0
53,Female,347312,No,No,Yes,No,No,No,Yes,No,No,No,Yes,No,No,No,No,Yes,0,0,0,0,0,0,0,1,0,0,0,0,0,0,0,0,0,0,0,0
70,Male,363798,No,No,Yes,No,No,No,Yes,No,Yes,No,No,Yes,No,No,No,Yes,0,0,0,0,0,0,0,0,1,0,0,0,0,0,0,0,0,0,0,0
35,Female,248447,No,No,Yes,Yes,Yes,Yes,No,No,Yes,No,Yes,Yes,Yes,Yes,No,Yes,0,1,0,0,0,0,0,1,1,1,1,1,0,0,0,0,1,0,0,0
62,Female,39149,No,No,Yes,Yes,No,Yes,Yes,No,Yes,No,No,No,No,Yes,No,No,0,0,0,0,0,0,0,0,1,0,0,0,0,1,0,0,0,0,0,0
57,Male,494106,No,No,Yes,No,No,No,No,Yes,Yes,No,No,Yes,No,No,No,Yes,0,0,0,0,0,0,0,0,1,0,0,0,0,0,0,0,0,0,0,0
84,Female,406214,No,No,Yes,Yes,No,No,No,No,No,No,Yes,Yes,No,Yes,No,Yes,0,0,0,0,0,0,0,0,0,0,0,0,0,0,0,0,0,0,0,0
33,Female,184056,No,No,No,No,No,No,Yes,Yes,No,Yes,No,No,Yes,No,No,No,0,0,0,0,0,0,0,0,0,0,1,1,1,0,0,0,0,0,0,0
80,Female,120754,No,No,No,Yes,Yes,Yes,Yes,No,Yes,No,Yes,Yes,No,Yes,No,No,0,1,0,0,0,0,0,1,0,1,0,0,0,0,0,0,0,0,0,0
40,Male,20163,No,No,No,No,No,No,Yes,Yes,Yes,No,No,Yes,No,No,No,Yes,0,0,0,0,0,0,0,0,0,1,0,0,0,0,0,0,0,0,0,0
6,Male,265158,No,No,No,No,Yes,No,Yes,No,Yes,No,No,Yes,No,Yes,No,Yes,0,0,0,0,0,0,0,0,0,0,0,0,0,0,0,0,0,0,0,0
21,Male,253042,Yes,Yes,Yes,No,No,No,Yes,Yes,No,No,Yes,No,No,Yes,No,No,0,0,1,0,0,0,0,1,0,0,0,0,0,0,1,1,0,0,0,0
74,Male,220838,No,No,No,No,Yes,No,No,Yes,No,No,No,No,Yes,No,No,Yes,0,0,0,0,0,0,0,0,0,0,0,1,0,0,0,0,0,0,0,0
53,Female,248054,No,No,Yes,No,Yes,Yes,No,Yes,No,No,No,Yes,Yes,No,No,No,0,0,0,0,0,0,0,0,0,1,1,1,0,0,0,0,0,0,0,0
62,Male,39480,No,No,No,No,No,No,Yes,Yes,Yes,No,No,No,No,Yes,No,Yes,0,0,0,0,0,0,0,0,0,0,0,0,0,1,0,0,0,0,0,0
72,Male,46148,No,No,Yes,No,Yes,No,No,Yes,Yes,No,No,Yes,Yes,Yes,No,No,0,0,0,0,0,0,0,0,1,1,0,1,0,1,0,0,0,0,0,0
59,Female,283821,No,No,No,No,Yes,Yes,Yes,Yes,No,No,Yes,Yes,Yes,No,No,Yes,0,0,0,0,0,0,0,1,0,1,1,0,0,0,0,0,0,0,0,0
40,Female,96261,No,No,No,Yes,No,No,No,Yes,Yes,No,No,Yes,No,Yes,No,Yes,0,0,0,0,0,0,0,0,0,1,0,0,0,0,0,0,0,0,0,0
54,Female,162778,No,No,Yes,No,Yes,Yes,Yes,No,No,No,No,No,No,No,No,Yes,0,0,0,0,0,0,0,0,0,0,0,0,0,0,0,0,0,0,0,0
59,Male,259004,No,No,Yes,No,Yes,No,Yes,No,No,No,Yes,Yes,No,No,No,No,0,0,0,0,0,0,0,1,0,1,0,0,0,0,0,0,0,0,0,0
38,Male,451321,No,No,No,No,No,No,No,Yes,Yes,No,Yes,Yes,Yes,No,No,Yes,0,0,0,0,0,0,0,0,0,0,0,0,0,0,0,0,0,0,0,0
46,Male,239296,No,No,No,No,Yes,No,Yes,Yes,No,No,No,Yes,No,Yes,No,No,0,0,0,0,0,0,0,0,0,1,0,0,0,0,0,0,0,0,0,0
4,Female,160534,No,No,Yes,No,Yes,No,No,No,Yes,No,No,No,Yes,Yes,Yes,No,0,0,0,0,0,0,0,0,0,0,0,1,0,0,0,0,0,0,0,0
24,Female,316271,No,No,Yes,No,Yes,No,Yes,No,Yes,Yes,Yes,No,Yes,No,No,No,0,0,0,0,0,0,0,1,1,0,1,0,1,0,0,0,1,1,0,0
36,Male,184839,No,No,Yes,No,No,No,Yes,Yes,No,No,No,Yes,Yes,Yes,No,Yes,0,0,0,0,0,0,0,0,0,1,0,1,0,0,0,0,0,0,0,0
44,Female,149961,No,No,Yes,Yes,No,No,No,No,Yes,No,Yes,Yes,No,Yes,No,No,0,1,0,0,0,0,0,1,1,1,0,0,0,0,0,0,1,0,0,0
52,Male,476809,No,No,No,No,Yes,No,Yes,Yes,Yes,No,Yes,No,Yes,Yes,No,Yes,0,0,0,0,0,0,0,0,0,0,0,0,0,0,0,0,0,0,0,0
31,Female,474831,No,No,Yes,Yes,Yes,Yes,No,Yes,Yes,Yes,No,No,Yes,Yes,No,Yes,0,0,0,0,0,0,0,0,1,0,1,0,1,0,0,0,0,0,0,0
47,Male,355888,No,No,Yes,No,No,No,Yes,No,No,No,Yes,Yes,No,No,No,Yes,0,0,0,0,0,0,0,1,0,0,0,0,0,0,0,0,0,0,0,0
81,Female,424779,No,No,No,Yes,Yes,No,No,Yes,No,No,Yes,Yes,No,No,No,No,0,0,0,0,0,0,0,0,0,0,0,0,0,0,0,0,0,0,0,0
70,Male,259870,No,No,Yes,No,Yes,No,Yes,Yes,No,No,Yes,Yes,Yes,No,No,Yes,0,0,0,0,0,0,0,1,0,1,0,0,0,0,0,0,0,0,0,0
24,Female,499197,No,No,No,Yes,Yes,Yes,No,No,No,Yes,Yes,Yes,No,No,No,Yes,0,0,0,0,0,0,0,0,0,0,0,0,1,0,0,0,0,1,0,1
21,Female,376896,No,No,No,Yes,Yes,Yes,Yes,Yes,No,No,Yes,No,No,Yes,No,No,0,0,0,0,0,0,0,1,0,0,0,0,0,0,0,0,0,0,0,0
48,Female,128330,No,No,Yes,Yes,Yes,Yes,Yes,No,Yes,No,Yes,Yes,Yes,No,No,Yes,0,1,0,0,0,0,0,1,1,1,1,1,0,0,0,0,1,0,0,0
44,Female,118321,No,No,Yes,Yes,No,No,Yes,No,No,No,No,Yes,No,No,No,No,0,0,0,0,0,0,0,0,0,1,0,0,0,0,0,0,0,0,0,0
51,Female,456244,No,No,Yes,Yes,Yes,No,Yes,Yes,Yes,No,No,Yes,No,Yes,No,No,0,0,0,0,0,0,0,0,1,0,0,0,0,0,0,0,0,0,0,0
60,Male,221726,No,No,No,No,Yes,No,No,No,No,No,No,No,No,Yes,No,No,0,0,0,0,0,0,0,0,0,0,0,0,0,0,0,0,0,0,0,0
60,Female,42221,No,No,Yes,No,No,Yes,No,No,Yes,No,No,Yes,Yes,Yes,No,Yes,0,0,0,0,0,0,0,0,1,1,1,1,0,1,0,0,0,0,0,0
59,Male,327107,No,No,No,No,No,No,Yes,Yes,Yes,No,Yes,No,No,No,No,No,0,0,0,0,0,0,0,1,0,0,0,0,0,0,0,0,0,0,0,0
24,Female,443002,No,No,No,Yes,Yes,Yes,Yes,No,No,Yes,No,No,Yes,No,No,Yes,0,0,0,0,0,0,0,0,0,0,1,0,1,0,0,0,0,0,0,0
42,Female,99287,No,No,Yes,Yes,Yes,No,Yes,No,No,No,No,Yes,Yes,Yes,No,Yes,0,0,0,0,0,0,0,0,0,1,1,1,0,0,0,0,0,0,0,0
84,Female,195464,No,No,Yes,No,No,Yes,Yes,No,No,No,No,Yes,Yes,Yes,No,Yes,0,0,0,0,0,0,0,0,0,1,1,1,0,0,0,0,0,0,0,0
60,Female,48810,No,No,No,Yes,Yes,No,No,Yes,No,No,Yes,No,Yes,No,No,No,0,1,0,0,1,1,1,1,0,0,1,1,0,0,0,0,0,0,0,0
55,Male,317650,No,No,No,No,Yes,No,Yes,No,No,No,No,No,Yes,No,No,No,0,0,0,0,0,0,0,0,0,0,0,0,0,0,0,0,0,0,0,0
70,Male,177458,No,No,Yes,No,No,No,Yes,No,Yes,No,Yes,Yes,Yes,No,No,No,0,0,0,0,0,0,0,1,1,1,0,1,0,0,0,0,1,0,0,0
68,Male,152500,No,No,No,No,Yes,No,No,No,No,No,Yes,No,Yes,Yes,No,Yes,0,0,0,0,0,0,0,1,0,0,0,1,0,0,0,0,0,0,0,0
73,Male,224899,No,No,Yes,No,Yes,No,Yes,No,Yes,No,Yes,No,No,No,No,No,0,0,0,0,0,0,0,1,1,0,0,0,0,0,0,0,1,0,0,0
59,Female,165843,No,No,Yes,No,No,No,Yes,Yes,No,No,No,No,No,Yes,No,No,0,0,0,0,0,0,0,0,0,0,0,0,0,0,0,0,0,0,0,0
16,Female,367309,Yes,Yes,No,No,No,Yes,No,Yes,Yes,Yes,Yes,Yes,No,No,Yes,No,0,0,0,0,0,0,0,1,0,0,0,0,0,0,0,1,0,0,0,0
63,Female,452368,No,No,Yes,Yes,Yes,No,Yes,Yes,No,No,No,Yes,No,Yes,No,No,0,0,0,0,0,0,0,0,0,0,0,0,0,0,0,0,0,0,0,0
13,Male,411602,Yes,No,Yes,No,Yes,No,Yes,No,No,No,Yes,No,No,No,No,No,0,0,0,0,0,0,0,0,0,0,0,0,0,0,1,0,0,0,0,0
22,Female,298848,Yes,Yes,No,No,Yes,Yes,Yes,No,No,Yes,No,No,Yes,No,No,Yes,0,0,0,0,0,0,0,0,0,0,1,0,1,0,1,0,0,0,0,0
35,Male,71580,No,No,Yes,No,Yes,No,Yes,Yes,Yes,No,Yes,No,Yes,No,No,Yes,0,0,0,0,0,0,1,1,1,0,0,1,0,0,0,0,1,0,0,0
13,Female,451116,No,No,Yes,No,No,Yes,No,No,Yes,No,Yes,No,Yes,No,Yes,Yes,0,0,0,0,0,0,0,0,0,0,0,0,0,0,0,0,0,0,0,0
32,Male,259828,No,No,Yes,No,No,No,Yes,No,Yes,No,Yes,No,No,No,No,No,0,0,0,0,0,0,0,1,1,0,0,0,0,0,0,0,1,0,0,0
39,Female,336419,No,No,No,No,Yes,No,No,No,No,Yes,Yes,No,No,Yes,No,Yes,0,0,0,0,0,0,0,1,0,0,0,0,1,0,0,0,0,1,0,0
77,Male,343877,No,No,No,No,No,No,No,No,Yes,No,Yes,Yes,Yes,No,No,Yes,0,0,0,0,0,0,0,1,0,0,0,0,0,0,0,0,0,0,0,0
45,Female,430888,No,No,Yes,No,No,Yes,Yes,No,Yes,No,Yes,Yes,No,Yes,No,No,0,0,0,0,0,0,0,0,1,0,0,0,0,0,0,0,1,0,0,0
78,Female,208203,No,No,Yes,Yes,No,No,Yes,Yes,No,No,No,No,No,Yes,No,Yes,0,0,0,0,0,0,0,0,0,0,0,0,0,0,0,0,0,0,0,0
52,Male,289750,No,No,Yes,No,Yes,No,Yes,Yes,No,No,Yes,No,No,Yes,No,Yes,0,0,0,0,0,0,0,1,0,0,0,0,0,0,0,0,0,0,0,0
58,Male,164243,No,No,No,No,Yes,No,No,Yes,Yes,No,Yes,No,Yes,No,No,No,0,0,0,0,0,0,0,1,0,0,0,1,0,0,0,0,0,0,0,0
11,Female,388613,Yes,Yes,No,No,Yes,Yes,No,No,Yes,No,Yes,No,Yes,Yes,Yes,No,0,0,0,1,0,0,0,1,0,0,0,0,0,0,0,0,0,0,0,0
15,Female,396222,No,No,Yes,No,Yes,Yes,Yes,Yes,Yes,No,No,Yes,Yes,Yes,Yes,No,0,0,0,0,0,0,0,0,0,0,0,0,0,0,0,0,0,0,0,0
39,Female,175270,No,No,No,Yes,Yes,No,No,Yes,No,Yes,Yes,No,Yes,No,No,No,0,1,0,0,0,0,0,1,0,0,1,1,1,0,0,0,0,1,0,0
19,Female,218177,No,No,No,Yes,No,Yes,Yes,Yes,Yes,No,Yes,No,Yes,No,No,No,0,0,0,0,0,0,0,1,0,0,1,1,0,0,0,0,0,0,0,0
67,Female,368680,No,No,No,No,Yes,Yes,No,Yes,No,No,Yes,No,No,No,No,No,0,0,0,0,0,0,0,1,0,0,0,0,0,0,0,0,0,0,0,0
34,Female,446082,No,No,No,Yes,No,No,Yes,Yes,Yes,No,Yes,Yes,Yes,No,No,Yes,0,0,0,0,0,0,0,0,0,0,1,0,0,0,0,0,0,0,0,0
44,Male,439822,No,No,No,No,Yes,No,Yes,Yes,No,No,Yes,Yes,No,Yes,No,No,0,0,0,0,0,0,0,0,0,0,0,0,0,0,0,0,0,0,0,0
12,Male,158804,No,No,No,No,Yes,No,Yes,No,Yes,No,Yes,Yes,No,No,No,No,0,0,0,0,0,0,0,1,0,0,0,0,0,0,0,0,0,0,0,0
44,Male,186528,No,No,Yes,No,Yes,No,No,Yes,No,No,Yes,Yes,No,Yes,No,No,0,0,0,0,0,0,0,1,0,1,0,0,0,0,0,0,0,0,0,0
19,Male,428847,Yes,Yes,No,No,Yes,No,Yes,Yes,No,No,No,Yes,Yes,No,No,Yes,0,0,0,0,0,0,0,0,0,0,0,0,0,0,1,1,0,0,0,0
16,Female,243550,Yes,No,No,No,No,Yes,No,Yes,No,No,No,Yes,No,Yes,Yes,No,0,0,0,0,0,0,0,0,0,0,0,0,0,0,0,1,0,0,0,0
43,Female,340045,No,No,No,No,Yes,Yes,No,No,Yes,Yes,Yes,Yes,Yes,No,No,Yes,0,0,0,0,0,0,0,1,0,0,1,0,1,0,0,0,0,1,0,0
65,Female,385667,No,No,Yes,No,No,No,No,No,No,No,Yes,No,Yes,Yes,No,No,0,0,0,0,0,0,0,1,0,0,1,0,0,0,0,0,0,0,0,0
78,Male,235894,No,No,No,No,Yes,No,Yes,Yes,No,No,Yes,Yes,Yes,Yes,No,Yes,0,0,0,0,0,0,0,1,0,1,0,1,0,0,0,0,0,0,0,0
24,Female,75034,Yes,Yes,No,No,Yes,No,Yes,No,No,No,No,No,No,No,No,Yes,0,0,0,0,0,0,0,0,0,0,0,0,0,0,1,0,0,0,0,0
17,Female,449245,Yes,No,Yes,No,Yes,No,Yes,No,Yes,Yes,No,No,No,No,Yes,Yes,0,0,0,0,0,0,0,0,0,0,0,0,0,0,1,0,0,0,0,0
76,Female,463014,No,No,No,No,No,Yes,No,No,Yes,No,Yes,No,Yes,Yes,No,Yes,0,0,0,0,0,0,0,0,0,0,1,0,0,0,0,0,0,0,0,0
26,Female,114447,No,No,No,No,Yes,Yes,Yes,Yes,Yes,No,Yes,No,Yes,Yes,No,Yes,0,1,0,0,0,0,0,1,0,0,1,1,0,0,0,0,0,0,0,1
54,Male,170856,No,No,No,No,Yes,No,No,Yes,No,No,No,Yes,No,No,No,No,0,0,0,0,0,0,0,0,0,1,0,0,0,0,0,0,0,0,0,0
83,Female,167726,No,No,No,Yes,Yes,Yes,Yes,No,Yes,No,No,No,No,Yes,No,Yes,0,0,0,0,0,0,0,0,0,0,0,0,0,0,0,0,0,0,0,0
83,Female,469377,No,No,Yes,Yes,No,Yes,Yes,Yes,No,No,Yes,Yes,No,No,No,No,0,0,0,0,0,0,0,0,0,0,0,0,0,0,0,0,0,0,0,0
14,Female,429342,No,No,Yes,No,Yes,Yes,Yes,No,No,No,No,No,No,Yes,Yes,No,0,0,0,0,0,0,0,0,0,0,0,0,0,0,0,0,0,0,0,0
72,Male,147760,No,No,No,No,Yes,No,Yes,Yes,Yes,No,Yes,No,No,Yes,No,Yes,0,0,0,0,0,0,0,1,0,0,0,0,0,0,0,0,0,0,0,0
35,Female,194708,No,No,No,Yes,Yes,No,Yes,No,No,No,Yes,No,Yes,No,No,Yes,0,1,0,0,0,0,0,1,0,0,1,1,0,0,0,0,0,0,0,0
40,Female,208613,No,No,No,Yes,No,No,Yes,No,Yes,No,Yes,No,No,Yes,No,No,0,1,0,0,0,0,0,1,0,0,0,0,0,0,0,0,0,0,0,0
84,Male,170740,No,No,Yes,No,Yes,No,No,No,No,No,Yes,No,No,No,No,No,0,0,0,0,0,0,0,1,0,0,0,0,0,0,0,0,0,0,0,0
37,Male,485654,No,No,Yes,No,No,No,No,Yes,Yes,No,Yes,No,Yes,No,No,Yes,0,0,0,0,0,0,0,0,1,0,0,0,0,0,0,0,1,0,0,0
24,Female,338264,No,No,Yes,Yes,Yes,No,Yes,Yes,Yes,Yes,Yes,Yes,No,Yes,No,No,0,0,0,0,0,0,0,1,1,0,0,0,1,0,0,0,1,1,0,0
53,Female,441399,No,No,Yes,No,No,No,No,No,Yes,No,Yes,Yes,No,Yes,No,Yes,0,0,0,0,0,0,0,0,1,0,0,0,0,0,0,0,1,0,0,0
50,Female,109091,No,No,Yes,No,Yes,No,Yes,Yes,No,No,Yes,No,No,Yes,No,Yes,0,1,0,0,0,0,0,1,0,0,0,0,0,0,0,0,0,0,0,0
45,Male,199537,No,No,No,No,No,No,No,No,Yes,No,Yes,No,No,No,No,Yes,0,0,0,0,0,0,0,1,0,0,0,0,0,0,0,0,0,0,0,0
37,Male,60375,No,No,No,No,Yes,No,Yes,Yes,No,No,Yes,No,Yes,Yes,No,Yes,0,0,0,0,0,0,1,1,0,0,0,1,0,1,0,0,0,0,0,0
3,Female,223054,Yes,No,Yes,No,No,Yes,No,Yes,No,No,Yes,No,No,Yes,Yes,No,0,0,0,0,0,0,0,1,0,0,0,0,0,0,0,0,0,0,0,0
70,Male,472830,No,No,Yes,No,Yes,No,No,Yes,No,No,No,Yes,Yes,No,No,No,0,0,0,0,0,0,0,0,0,0,0,0,0,0,0,0,0,0,0,0
43,Male,157162,No,No,Yes,No,No,No,Yes,No,No,No,No,Yes,Yes,No,No,No,0,0,0,0,0,0,0,0,0,1,0,1,0,0,0,0,0,0,0,0
59,Female,210002,No,No,Yes,Yes,No,Yes,No,No,No,No,Yes,Yes,Yes,No,No,No,0,1,0,0,0,0,0,1,0,1,1,1,0,0,0,0,0,0,0,0
78,Male,63470,No,No,No,No,Yes,No,No,No,Yes,No,Yes,Yes,No,Yes,No,No,0,0,0,0,1,0,1,1,0,1,0,0,0,1,0,0,0,0,0,0
69,Female,85398,No,No,Yes,No,Yes,Yes,No,No,No,No,Yes,No,No,Yes,No,No,0,1,0,0,0,0,0,1,0,0,0,0,0,0,0,0,0,0,0,0
10,Male,305381,Yes,No,No,No,No,No,Yes,Yes,No,No,Yes,Yes,No,No,No,Yes,0,0,0,0,0,0,0,1,0,0,0,0,0,0,1,1,0,0,0,0
40,Female,321143,No,No,Yes,No,No,No,No,No,No,No,Yes,Yes,Yes,No,No,Yes,0,0,0,0,0,0,0,1,0,0,1,0,0,0,0,0,0,0,0,0
61,Male,155690,No,No,Yes,No,Yes,No,No,Yes,Yes,No,Yes,No,Yes,Yes,No,Yes,0,0,0,0,0,0,0,1,1,0,0,1,0,0,0,0,1,0,0,0
63,Male,342960,No,No,Yes,No,No,No,No,Yes,No,No,No,Yes,No,Yes,No,Yes,0,0,0,0,0,0,0,0,0,0,0,0,0,0,0,0,0,0,0,0
12,Female,418544,No,No,No,No,Yes,No,Yes,Yes,No,No,Yes,No,Yes,No,Yes,No,0,0,0,0,0,0,0,0,0,0,0,0,0,0,0,0,0,0,0,0
63,Male,183341,No,No,No,No,No,No,No,No,Yes,No,No,Yes,Yes,Yes,No,No,0,0,0,0,0,0,0,0,0,1,0,1,0,0,0,0,0,0,0,0
52,Female,47828,No,No,Yes,No,No,No,No,No,Yes,No,No,No,Yes,Yes,No,Yes,0,0,0,0,0,0,0,0,1,0,1,1,0,1,0,0,0,0,0,0
13,Male,91078,Yes,Yes,Yes,No,No,No,No,Yes,No,No,Yes,No,No,No,No,Yes,0,0,0,1,0,0,0,1,0,0,0,0,0,0,0,1,0,0,0,0
33,Male,106511,No,No,No,No,Yes,No,Yes,Yes,Yes,No,No,Yes,Yes,Yes,No,Yes,0,0,0,0,0,0,0,0,0,1,0,1,0,0,0,0,0,0,0,0
44,Male,339016,No,No,No,No,No,No,Yes,No,Yes,No,Yes,No,Yes,Yes,No,Yes,0,0,0,0,0,0,0,1,0,0,0,0,0,0,0,0,0,0,0,0
15,Male,92874,No,No,No,No,Yes,No,No,Yes,No,No,No,Yes,Yes,Yes,No,No,0,0,0,0,0,0,0,0,0,0,0,1,0,0,0,0,0,0,0,0
10,Male,249435,No,No,No,No,Yes,No,No,No,Yes,No,Yes,No,No,No,No,Yes,0,0,0,0,0,0,0,1,0,0,0,0,0,0,0,0,0,0,0,0
32,Male,35572,No,No,Yes,No,No,No,No,No,No,No,Yes,Yes,Yes,Yes,No,No,0,0,0,0,0,0,0,1,0,1,0,1,0,1,0,0,0,0,0,0
33,Female,233213,No,No,Yes,No,No,Yes,No,Yes,Yes,No,Yes,No,Yes,Yes,No,No,0,1,0,0,0,0,0,1,1,0,1,1,0,0,0,0,1,0,0,0
85,Male,26365,No,No,Yes,No,No,No,No,Yes,No,No,No,No,No,Yes,No,No,0,0,0,0,0,0,0,0,0,0,0,0,0,1,0,0,0,0,0,0
73,Male,73843,No,No,No,No,No,No,Yes,No,Yes,No,No,No,Yes,Yes,No,Yes,0,0,0,0,0,0,0,0,0,0,0,1,0,1,0,0,0,0,0,0
30,Male,436008,No,No,Yes,No,Yes,No,Yes,No,Yes,No,Yes,Yes,No,No,No,No,0,0,0,0,0,0,0,0,1,0,0,0,0,0,0,0,1,0,0,0
1,Female,464072,No,No,No,No,No,Yes,No,Yes,No,No,Yes,Yes,No,No,Yes,No,0,0,0,0,0,0,0,0,0,0,0,0,0,0,0,0,0,0,0,0
68,Male,321886,No,No,No,No,Yes,No,No,Yes,Yes,No,Yes,No,Yes,No,No,No,0,0,0,0,0,0,0,1,0,0,0,0,0,0,0,0,0,0,0,0
61,Male,284290,No,No,Yes,No,Yes,No,No,No,No,No,Yes,No,No,No,No,Yes,0,0,0,0,0,0,0,1,0,0,0,0,0,0,0,0,0,0,0,0
53,Male,431353,No,No,Yes,No,Yes,No,Yes,No,No,No,No,Yes,Yes,Yes,No,Yes,0,0,0,0,0,0,0,0,0,0,0,0,0,0,0,0,0,0,0,0
19,Male,359881,Yes,No,Yes,No,No,No,No,Yes,Yes,No,No,Yes,No,Yes,No,Yes,0,0,0,0,0,0,0,0,1,0,0,0,0,0,0,1,0,0,0,0
30,Male,96163,No,No,Yes,No,No,No,Yes,No,Yes,No,No,No,Yes,No,No,No,0,0,0,0,0,0,0,0,1,0,0,1,0,0,0,0,0,0,0,0
61,Female,151670,No,No,Yes,No,No,No,No,No,Yes,No,Yes,No,No,No,No,No,0,1,0,0,0,0,0,1,1,0,0,0,0,0,0,0,1,0,0,0
43,Female,279923,No,No,No,No,Yes,No,No,Yes,No,No,Yes,No,No,No,No,No,0,0,0,0,0,0,0,1,0,0,0,0,0,0,0,0,0,0,0,0
9,Female,48656,No,No,Yes,No,No,Yes,Yes,No,Yes,No,Yes,Yes,No,No,Yes,No,0,0,0,0,0,0,0,1,0,0,0,0,0,0,0,0,0,0,1,0
85,Female,101543,No,No,Yes,No,No,No,Yes,No,No,No,No,Yes,Yes,Yes,No,Yes,0,0,0,0,0,0,0,0,0,1,1,1,0,0,0,0,0,0,0,0
30,Male,104941,No,No,No,No,No,No,Yes,Yes,Yes,No,No,Yes,No,Yes,No,Yes,0,0,0,0,0,0,0,0,0,1,0,0,0,0,0,0,0,0,0,0
84,Female,120597,No,No,No,No,No,No,Yes,No,Yes,No,No,Yes,Yes,Yes,No,No,0,0,0,0,0,0,0,0,0,1,1,1,0,0,0,0,0,0,0,0
1,Male,122479,Yes,Yes,No,No,Yes,No,Yes,Yes,Yes,No,No,No,No,No,No,Yes,0,0,0,0,0,0,0,0,0,0,0,0,0,0,0,0,0,0,0,0
29,Male,270883,No,No,No,No,Yes,No,No,Yes,No,No,No,No,No,No,No,No,0,0,0,0,0,0,0,0,0,0,0,0,0,0,0,0,0,0,0,0
47,Male,54141,No,No,No,No,No,No,No,Yes,No,No,No,Yes,No,No,No,No,0,0,0,0,0,0,0,0,0,1,0,0,0,0,0,0,0,0,0,0
83,Female,415512,No,No,No,No,Yes,No,No,No,No,No,Yes,Yes,Yes,Yes,No,Yes,0,0,0,0,0,0,0,0,0,0,1,0,0,0,0,0,0,0,0,0
79,Female,180227,No,No,Yes,Yes,Yes,No,No,Yes,Yes,No,Yes,Yes,Yes,Yes,No,Yes,0,1,0,0,0,0,0,1,1,1,1,1,0,0,0,0,1,0,0,0
42,Male,421714,No,No,No,No,No,No,No,Yes,Yes,No,No,Yes,No,No,No,No,0,0,0,0,0,0,0,0,0,0,0,0,0,0,0,0,0,0,0,0
79,Male,90266,No,No,No,No,No,No,Yes,No,Yes,No,Yes,No,Yes,No,No,Yes,0,0,0,0,0,0,0,1,0,0,0,1,0,0,0,0,0,0,0,0
74,Male,122738,No,No,No,No,No,No,Yes,No,Yes,No,No,Yes,No,Yes,No,No,0,0,0,0,0,0,0,0,0,1,0,0,0,0,0,0,0,0,0,0
66,Male,264860,No,No,Yes,No,Yes,No,No,Yes,Yes,No,Yes,Yes,No,Yes,No,Yes,0,0,0,0,0,0,0,1,1,1,0,0,0,0,0,0,1,0,0,0
37,Male,350007,No,No,No,No,No,No,No,Yes,Yes,No,Yes,Yes,No,Yes,No,Yes,0,0,0,0,0,0,0,1,0,0,0,0,0,0,0,0,0,0,0,0
79,Male,397640,No,No,No,No,No,No,No,Yes,Yes,No,Yes,No,No,No,No,Yes,0,0,0,0,0,0,0,1,0,0,0,0,0,0,0,0,0,0,0,0
9,Female,449847,No,No,Yes,No,No,Yes,No,Yes,No,No,Yes,Yes,No,No,Yes,Yes,0,0,0,0,0,0,0,0,0,0,0,0,0,0,0,0,0,0,0,0
74,Male,38116,No,No,No,No,No,No,No,Yes,No,No,Yes,Yes,No,No,No,No,0,0,0,0,1,0,0,1,0,1,0,0,0,0,0,0,0,0,0,0
45,Male,91015,No,No,Yes,No,No,No,Yes,No,Yes,No,No,No,Yes,Yes,No,No,0,0,0,0,0,0,0,0,1,0,0,1,0,0,0,0,0,0,0,0
28,Male,310844,No,No,No,No,No,No,Yes,Yes,Yes,No,Yes,No,No,No,No,Yes,0,0,0,0,0,0,0,1,0,0,0,0,0,0,0,0,0,0,0,1
79,Female,142048,No,No,No,No,No,No,No,No,Yes,No,No,No,Yes,Yes,No,No,0,0,0,0,0,0,0,0,0,0,1,1,0,0,0,0,0,0,0,0
50,Female,156958,No,No,No,Yes,Yes,No,No,No,Yes,No,Yes,No,Yes,Yes,No,No,0,1,0,0,0,0,0,1,0,0,1,1,0,0,0,0,0,0,0,0
68,Female,22458,No,No,Yes,No,No,No,No,No,Yes,No,Yes,Yes,Yes,No,No,Yes,0,1,0,0,1,0,0,1,1,1,1,1,0,0,0,0,1,0,0,0
13,Female,14494,Yes,Yes,No,No,No,No,Yes,No,Yes,No,Yes,No,Yes,No,Yes,Yes,0,0,0,1,0,0,0,1,0,0,0,1,0,0,1,0,0,0,1,0
22,Male,155915,No,No,Yes,No,No,No,Yes,No,No,No,Yes,Yes,Yes,Yes,No,Yes,0,0,0,0,0,0,0,1,0,1,0,1,0,0,0,0,0,0,0,1
85,Male,366398,No,No,Yes,No,No,No,Yes,Yes,No,No,Yes,Yes,Yes,No,No,No,0,0,0,0,0,0,0,1,0,0,0,0,0,0,0,0,0,0,0,0
84,Female,385939,No,No,Yes,Yes,Yes,Yes,No,No,No,No,Yes,Yes,No,No,No,No,0,0,0,0,0,0,0,1,0,0,0,0,0,0,0,0,0,0,0,0
3,Male,400745,No,No,Yes,No,Yes,No,Yes,No,Yes,No,Yes,Yes,No,Yes,No,Yes,0,0,0,0,0,0,0,0,0,0,0,0,0,0,0,0,0,0,0,0
9,Male,159118,No,No,Yes,No,Yes,No,No,Yes,Yes,No,Yes,Yes,No,No,No,No,0,0,0,0,0,0,0,1,0,0,0,0,0,0,0,0,0,0,0,0
59,Female,177680,No,No,No,No,No,No,Yes,Yes,Yes,No,No,No,Yes,Yes,No,No,0,0,0,0,0,0,0,0,0,0,1,1,0,0,0,0,0,0,0,0
73,Female,438312,No,No,No,No,No,No,No,No,No,No,Yes,No,Yes,Yes,No,No,0,0,0,0,0,0,0,0,0,0,1,0,0,0,0,0,0,0,0,0
3,Male,367050,No,No,No,No,No,No,Yes,Yes,Yes,No,No,Yes,No,Yes,No,No,0,0,0,0,0,0,0,0,0,0,0,0,0,0,0,0,0,0,0,0
73,Female,190002,No,No,No,Yes,No,Yes,Yes,Yes,No,No,No,No,Yes,No,No,No,0,0,0,0,0,0,0,0,0,0,1,1,0,0,0,0,0,0,0,0
54,Female,50767,No,No,Yes,No,No,No,No,No,No,No,No,Yes,Yes,Yes,No,No,0,0,0,0,0,0,0,0,0,1,1,1,0,1,0,0,0,0,0,0
35,Male,249582,No,No,Yes,No,Yes,No,No,No,Yes,No,No,No,No,No,No,Yes,0,0,0,0,0,0,0,0,1,0,0,0,0,0,0,0,0,0,0,0
49,Male,58998,No,No,Yes,No,No,No,Yes,No,Yes,No,Yes,No,No,No,No,No,0,0,0,0,0,0,0,1,1,0,0,0,0,0,0,0,1,0,0,0
58,Female,154310,No,No,Yes,Yes,Yes,Yes,No,No,Yes,No,No,Yes,No,Yes,No,Yes,0,0,0,0,0,0,0,0,1,1,0,0,0,0,0,0,0,0,0,0
61,Female,376440,No,No,Yes,No,Yes,Yes,No,Yes,Yes,No,No,Yes,Yes,No,No,Yes,0,0,0,0,0,0,0,0,1,0,1,0,0,0,0,0,0,0,0,0
19,Female,457941,Yes,No,No,No,Yes,Yes,No,No,Yes,Yes,No,Yes,No,No,No,Yes,0,0,0,0,0,0,0,0,0,0,0,0,1,0,0,0,0,0,0,0
65,Female,485842,No,No,No,Yes,Yes,No,No,No,No,No,Yes,Yes,Yes,Yes,No,No,0,0,0,0,0,0,0,0,0,0,1,0,0,0,0,0,0,0,0,0
21,Male,167125,No,No,Yes,No,Yes,No,No,Yes,Yes,No,Yes,Yes,No,No,No,No,0,0,0,0,0,0,0,1,1,1,0,0,0,0,0,0,1,0,0,0
34,Female,132852,No,No,Yes,Yes,Yes,No,No,No,Yes,Yes,Yes,No,No,Yes,No,Yes,0,1,0,0,0,0,0,1,1,0,0,0,1,0,0,0,1,1,0,0
26,Male,51121,No,No,No,No,No,No,Yes,Yes,Yes,No,Yes,Yes,No,No,No,Yes,0,0,0,0,0,0,0,1,0,1,0,0,0,0,0,0,0,0,0,1
39,Male,492137,No,No,Yes,No,No,No,Yes,No,No,No,No,Yes,Yes,No,No,No,0,0,0,0,0,0,0,0,0,0,0,0,0,0,0,0,0,0,0,0
20,Male,480719,Yes,Yes,No,No,Yes,No,Yes,No,Yes,No,Yes,No,No,Yes,No,No,0,0,1,0,0,0,0,0,0,0,0,0,0,0,1,0,0,0,0,0
65,Female,288331,No,No,No,Yes,No,Yes,No,Yes,No,No,Yes,Yes,No,Yes,No,No,0,0,0,0,0,0,0,1,0,1,0,0,0,0,0,0,0,0,0,0
50,Male,112562,No,No,No,No,No,No,Yes,No,No,No,Yes,No,Yes,No,No,No,0,0,0,0,0,0,0,1,0,0,0,1,0,0,0,0,0,0,0,0
32,Male,448991,No,No,No,No,No,No,Yes,Yes,No,No,Yes,Yes,Yes,No,No,No,0,0,0,0,0,0,0,0,0,0,0,0,0,0,0,0,0,0,0,0
2,Female,127772,Yes,No,No,No,No,Yes,Yes,No,Yes,No,Yes,Yes,Yes,No,Yes,Yes,0,0,0,0,0,0,0,1,0,0,0,1,0,0,0,0,0,0,0,0
1,Male,142238,Yes,No,Yes,No,No,No,No,Yes,Yes,No,No,Yes,Yes,Yes,No,Yes,0,0,0,0,0,0,0,0,0,0,0,1,0,0,0,0,0,0,0,0
7,Female,164218,No,No,No,No,No,No,No,Yes,No,No,No,Yes,No,No,Yes,No,0,0,0,0,0,0,0,0,0,0,0,0,0,0,0,0,0,0,0,0
36,Male,18762,No,No,Yes,No,No,No,No,Yes,Yes,No,No,Yes,Yes,Yes,No,Yes,0,0,0,0,0,0,0,0,1,1,0,1,0,1,0,0,0,0,0,0
50,Male,274938,No,No,Yes,No,No,No,No,No,Yes,No,No,No,No,Yes,No,No,0,0,0,0,0,0,0,0,1,0,0,0,0,0,0,0,0,0,0,0
31,Female,162289,No,No,No,No,No,No,No,Yes,Yes,No,No,Yes,No,No,No,Yes,0,0,0,0,0,0,0,0,0,1,0,0,0,0,0,0,0,0,0,0
33,Male,259091,No,No,Yes,No,Yes,No,Yes,No,No,No,No,Yes,Yes,Yes,No,Yes,0,0,0,0,0,0,0,0,0,1,0,0,0,0,0,0,0,0,0,0
46,Male,288228,No,No,Yes,No,Yes,No,Yes,Yes,Yes,No,No,Yes,No,Yes,No,No,0,0,0,0,0,0,0,0,1,1,0,0,0,0,0,0,0,0,0,0
5,Female,144923,Yes,Yes,Yes,No,Yes,No,No,Yes,No,No,No,No,Yes,No,Yes,Yes,0,0,0,0,0,0,0,0,0,0,0,1,0,0,0,1,0,0,0,0
20,Male,237151,Yes,Yes,No,No,Yes,No,Yes,No,No,No,Yes,Yes,Yes,No,No,Yes,0,0,1,0,0,0,0,1,0,1,0,1,0,0,1,0,0,0,0,1
32,Female,285687,No,No,Yes,Yes,No,Yes,No,Yes,No,Yes,Yes,Yes,No,Yes,No,Yes,0,0,0,0,0,0,0,1,0,1,0,0,1,0,0,0,0,1,0,0
10,Female,169878,Yes,No,Yes,No,No,No,Yes,Yes,Yes,No,No,Yes,Yes,No,Yes,No,0,0,0,0,0,0,0,0,0,0,0,1,0,0,1,1,0,0,0,0
38,Male,244027,No,No,Yes,No,No,No,Yes,No,No,No,Yes,Yes,No,Yes,No,Yes,0,0,0,0,0,0,0,1,0,1,0,0,0,0,0,0,0,0,0,0
42,Male,167456,No,No,No,No,No,No,Yes,Yes,Yes,No,Yes,No,No,No,No,Yes,0,0,0,0,0,0,0,1,0,0,0,0,0,0,0,0,0,0,0,0
52,Male,287394,No,No,Yes,No,Yes,No,No,No,No,No,No,Yes,Yes,No,No,No,0,0,0,0,0,0,0,0,0,1,0,0,0,0,0,0,0,0,0,0
78,Female,103300,No,No,No,Yes,Yes,No,No,Yes,No,No,Yes,Yes,No,Yes,No,No,0,1,0,0,0,0,0,1,0,1,0,0,0,0,0,0,0,0,0,0
61,Male,179602,No,No,Yes,No,Yes,No,Yes,No,No,No,No,No,Yes,Yes,No,Yes,0,0,0,0,0,0,0,0,0,0,0,1,0,0,0,0,0,0,0,0
6,Female,18851,Yes,Yes,No,No,No,No,No,No,No,No,No,No,No,Yes,Yes,Yes,0,0,0,0,0,0,0,0,0,0,0,0,0,0,0,0,0,0,0,0
53,Male,463397,No,No,No,No,Yes,No,Yes,No,No,No,Yes,No,No,No,No,Yes,0,0,0,0,0,0,0,0,0,0,0,0,0,0,0,0,0,0,0,0
7,Female,62661,Yes,Yes,No,No,Yes,No,Yes,Yes,Yes,No,Yes,No,Yes,Yes,Yes,No,0,0,0,1,0,0,0,1,0,0,0,1,0,0,1,1,0,0,1,0
58,Female,37667,No,No,Yes,No,Yes,No,Yes,Yes,No,No,No,No,Yes,No,No,Yes,0,0,0,0,0,0,0,0,0,0,1,1,0,0,0,0,0,0,0,0
56,Male,472795,No,No,No,No,No,No,No,Yes,No,No,No,No,Yes,No,No,Yes,0,0,0,0,0,0,0,0,0,0,0,0,0,0,0,0,0,0,0,0
80,Male,458873,No,No,Yes,No,No,No,No,Yes,No,No,Yes,No,Yes,Yes,No,Yes,0,0,0,0,0,0,0,0,0,0,0,0,0,0,0,0,0,0,0,0
27,Male,271404,No,No,No,No,Yes,No,Yes,Yes,No,No,No,No,No,No,No,Yes,0,0,0,0,0,0,0,0,0,0,0,0,0,0,0,0,0,0,0,0
76,Female,11066,No,No,No,No,Yes,No,No,Yes,Yes,No,No,Yes,No,Yes,No,Yes,0,0,0,0,0,0,0,0,0,1,0,0,0,1,0,0,0,0,0,0
33,Female,17431,No,No,No,Yes,No,Yes,No,No,No,Yes,No,No,Yes,Yes,No,Yes,0,0,0,0,0,0,0,0,0,0,1,1,1,1,0,0,0,0,0,0
70,Male,343649,No,No,Yes,No,Yes,No,No,Yes,No,No,Yes,No,No,No,No,No,0,0,0,0,0,0,0,1,0,0,0,0,0,0,0,0,0,0,0,0
11,Female,169020,No,No,Yes,No,No,No,No,No,No,No,Yes,Yes,No,No,Yes,Yes,0,0,0,0,0,0,0,1,0,0,0,0,0,0,0,0,0,0,0,0
84,Female,77252,No,No,Yes,Yes,Yes,No,Yes,Yes,No,No,No,No,Yes,No,No,No,0,0,0,0,0,0,0,0,0,0,1,1,0,0,0,0,0,0,0,0
34,Male,495749,No,No,No,No,No,No,Yes,No,No,No,Yes,Yes,Yes,No,No,Yes,0,0,0,0,0,0,0,0,0,0,0,0,0,0,0,0,0,0,0,0
56,Male,242906,No,No,Yes,No,Yes,No,No,Yes,Yes,No,Yes,No,Yes,Yes,No,No,0,0,0,0,0,0,0,1,1,0,0,1,0,0,0,0,1,0,0,0
51,Female,341693,No,No,Yes,Yes,Yes,No,No,Yes,Yes,No,Yes,Yes,Yes,No,No,No,0,0,0,0,0,0,0,1,1,0,1,0,0,0,0,0,1,0,0,0
37,Male,378088,No,No,Yes,No,Yes,No,Yes,No,Yes,No,Yes,No,No,Yes,No,No,0,0,0,0,0,0,0,1,1,0,0,0,0,0,0,0,1,0,0,0
31,Male,468830,No,No,Yes,No,Yes,No,No,No,Yes,No,No,Yes,No,No,No,Yes,0,0,0,0,0,0,0,0,1,0,0,0,0,0,0,0,0,0,0,0
85,Female,20517,No,No,Yes,No,No,Yes,Yes,Yes,No,No,Yes,Yes,No,No,No,Yes,0,1,0,0,1,0,0,1,0,1,0,0,0,0,0,0,0,0,0,0
77,Female,118199,No,No,Yes,No,Yes,Yes,Yes,Yes,Yes,No,No,No,No,Yes,No,Yes,0,0,0,0,0,0,0,0,1,0,0,0,0,0,0,0,0,0,0,0
36,Female,337490,No,No,No,Yes,No,No,No,Yes,Yes,Yes,Yes,No,No,No,No,No,0,0,0,0,0,0,0,1,0,0,0,0,1,0,0,0,0,1,0,0
8,Male,370161,No,No,Yes,No,No,No,Yes,No,No,No,Yes,No,No,No,No,No,0,0,0,0,0,0,0,1,0,0,0,0,0,0,0,0,0,0,0,0
15,Female,242339,Yes,No,Yes,No,Yes,Yes,Yes,Yes,No,Yes,Yes,Yes,Yes,No,Yes,No,0,0,0,0,0,0,0,1,0,0,0,1,0,0,1,1,0,0,0,0
22,Female,432128,No,No,Yes,Yes,Yes,No,No,Yes,No,Yes,No,Yes,No,Yes,No,No,0,0,0,0,0,0,0,0,0,0,0,0,1,0,0,0,0,0,0,0
55,Female,265754,No,No,Yes,No,No,Yes,No,Yes,No,No,No,No,No,Yes,No,Yes,0,0,0,0,0,0,0,0,0,0,0,0,0,0,0,0,0,0,0,0
72,Female,133002,No,No,No,No,No,Yes,No,No,Yes,No,Yes,No,No,No,No,No,0,1,0,0,0,0,0,1,0,0,0,0,0,0,0,0,0,0,0,0
21,Male,294506,No,No,Yes,No,Yes,No,Yes,No,No,No,Yes,Yes,No,No,No,Yes,0,0,0,0,0,0,0,1,0,1,0,0,0,0,0,0,0,0,0,1
83,Female,56197,No,No,No,No,Yes,Yes,Yes,No,Yes,No,Yes,No,No,Yes,No,Yes,0,1,0,0,1,0,1,1,0,0,0,0,0,1,0,0,0,0,0,0
53,Female,317811,No,No,Yes,Yes,No,Yes,No,No,No,No,No,No,No,Yes,No,Yes,0,0,0,0,0,0,0,0,0,0,0,0,0,0,0,0,0,0,0,0
24,Female,303458,Yes,Yes,No,No,Yes,No,No,Yes,Yes,Yes,Yes,No,No,No,No,No,0,0,0,0,0,0,0,1,0,0,0,0,1,0,0,1,0,1,0,0
73,Female,85039,No,No,No,No,Yes,No,No,No,No,No,Yes,No,No,No,No,Yes,0,1,0,0,0,0,0,1,0,0,0,0,0,0,0,0,0,0,0,0
61,Male,239710,No,No,No,No,No,No,No,Yes,No,No,No,Yes,No,No,No,Yes,0,0,0,0,0,0,0,0,0,1,0,0,0,0,0,0,0,0,0,0
63,Female,449001,No,No,Yes,Yes,No,No,No,No,No,No,No,Yes,No,No,No,No,0,0,0,0,0,0,0,0,0,0,0,0,0,0,0,0,0,0,0,0
73,Female,448585,No,No,No,Yes,No,Yes,Yes,Yes,Yes,No,Yes,Yes,Yes,Yes,No,No,0,0,0,0,0,0,0,0,0,0,1,0,0,0,0,0,0,0,0,0
48,Male,249897,No,No,Yes,No,Yes,No,Yes,No,Yes,No,Yes,No,Yes,Yes,No,Yes,0,0,0,0,0,0,0,1,1,0,0,1,0,0,0,0,1,0,0,0
58,Female,466237,No,No,No,Yes,Yes,No,Yes,No,No,No,Yes,No,Yes,Yes,No,Yes,0,0,0,0,0,0,0,0,0,0,1,0,0,0,0,0,0,0,0,0
53,Female,283402,No,No,Yes,No,Yes,Yes,Yes,Yes,Yes,No,Yes,No,Yes,No,No,No,0,0,0,0,0,0,0,1,1,0,1,0,0,0,0,0,1,0,0,0
20,Male,305270,No,No,Yes,No,Yes,No,No,Yes,Yes,No,No,No,No,Yes,No,No,0,0,0,0,0,0,0,0,1,0,0,0,0,0,0,0,0,0,0,0
55,Male,314051,No,No,Yes,No,No,No,No,No,Yes,No,No,Yes,No,No,No,Yes,0,0,0,0,0,0,0,0,1,0,0,0,0,0,0,0,0,0,0,0
79,Female,489111,No,No,No,No,Yes,No,Yes,Yes,Yes,No,Yes,Yes,Yes,Yes,No,No,0,0,0,0,0,0,0,0,0,0,1,0,0,0,0,0,0,0,0,0
85,Female,307662,No,No,Yes,No,Yes,No,Yes,Yes,No,No,No,Yes,Yes,Yes,No,Yes,0,0,0,0,0,0,0,0,0,0,1,0,0,0,0,0,0,0,0,0
25,Male,292729,No,No,No,No,No,No,No,Yes,No,No,Yes,No,No,Yes,No,No,0,0,0,0,0,0,0,1,0,0,0,0,0,0,0,0,0,0,0,0
44,Female,445441,No,No,Yes,Yes,No,Yes,Yes,Yes,Yes,No,Yes,Yes,Yes,No,No,No,0,0,0,0,0,0,0,0,1,0,1,0,0,0,0,0,1,0,0,0
23,Female,328632,Yes,No,Yes,Yes,No,Yes,Yes,No,Yes,Yes,No,Yes,Yes,Yes,No,No,0,0,0,0,0,0,0,0,1,0,1,0,1,0,1,0,0,0,0,0
58,Male,204584,No,No,Yes,No,No,No,No,Yes,No,No,No,Yes,Yes,Yes,No,Yes,0,0,0,0,0,0,0,0,0,1,0,1,0,0,0,0,0,0,0,0
42,Male,12867,No,No,No,No,Yes,No,Yes,No,No,No,Yes,Yes,No,Yes,No,Yes,0,0,0,0,0,0,1,1,0,1,0,0,0,1,0,0,0,0,0,0
72,Male,238219,No,No,No,No,No,No,Yes,No,Yes,No,No,Yes,Yes,No,No,No,0,0,0,0,0,0,0,0,0,1,0,1,0,0,0,0,0,0,0,0
66,Female,42124,No,No,No,Yes,Yes,No,Yes,Yes,No,No,No,No,No,No,No,Yes,0,0,0,0,0,0,0,0,0,0,0,0,0,0,0,0,0,0,0,0
81,Male,346409,No,No,No,No,No,No,No,Yes,No,No,Yes,Yes,No,No,No,Yes,0,0,0,0,0,0,0,1,0,0,0,0,0,0,0,0,0,0,0,0
30,Male,45265,No,No,No,No,Yes,No,No,No,No,No,No,Yes,Yes,Yes,No,No,0,0,0,0,0,0,0,0,0,1,0,1,0,1,0,0,0,0,0,0
41,Female,262242,No,No,Yes,Yes,Yes,No,No,No,No,Yes,Yes,No,Yes,No,No,No,0,0,0,0,0,0,0,1,0,0,1,0,1,0,0,0,0,1,0,0
77,Female,74604,No,No,No,Yes,Yes,No,Yes,Yes,Yes,No,Yes,Yes,Yes,No,No,No,0,1,0,0,1,1,1,1,0,1,1,1,0,0,0,0,0,0,0,0
30,Female,239447,No,No,No,Yes,No,No,Yes,No,Yes,Yes,Yes,No,Yes,Yes,No,Yes,0,1,0,0,0,0,0,1,0,0,1,1,1,0,0,0,0,1,0,1
61,Male,12156,No,No,No,No,No,No,Yes,Yes,Yes,No,No,Yes,No,No,No,Yes,0,0,0,0,0,0,0,0,0,1,0,0,0,0,0,0,0,0,0,0
61,Female,79642,No,No,No,Yes,No,No,Yes,Yes,No,No,Yes,Yes,Yes,No,No,No,0,1,0,0,0,0,0,1,0,1,1,1,0,0,0,0,0,0,0,0
36,Male,281510,No,No,Yes,No,Yes,No,No,No,No,No,No,Yes,Yes,Yes,No,Yes,0,0,0,0,0,0,0,0,0,1,0,0,0,0,0,0,0,0,0,0
44,Female,207727,No,No,Yes,Yes,Yes,Yes,No,No,Yes,Yes,Yes,Yes,No,Yes,No,No,0,1,0,0,0,0,0,1,1,1,0,0,1,0,0,0,1,1,0,0
63,Female,198456,No,No,Yes,No,No,Yes,No,No,Yes,No,Yes,Yes,No,No,No,Yes,0,1,0,0,0,0,0,1,1,1,0,0,0,0,0,0,1,0,0,0
28,Female,494699,No,No,Yes,Yes,No,Yes,No,No,No,No,No,No,Yes,Yes,No,Yes,0,0,0,0,0,0,0,0,0,0,1,0,0,0,0,0,0,0,0,0
84,Female,43120,No,No,No,No,No,No,No,No,Yes,No,Yes,Yes,Yes,Yes,No,Yes,0,1,0,0,1,0,0,1,0,1,1,1,0,1,0,0,0,0,0,0
67,Female,341742,No,No,No,Yes,No,Yes,No,No,Yes,No,No,Yes,Yes,Yes,No,No,0,0,0,0,0,0,0,0,0,0,1,0,0,0,0,0,0,0,0,0
84,Male,69978,No,No,No,No,No,No,No,No,No,No,Yes,Yes,No,Yes,No,Yes,0,0,0,0,1,0,0,1,0,1,0,0,0,1,0,0,0,0,0,0
73,Female,120119,No,No,No,Yes,No,No,No,No,No,No,Yes,No,No,Yes,No,No,0,1,0,0,0,0,0,1,0,0,0,0,0,0,0,0,0,0,0,0
34,Male,107255,No,No,No,No,No,No,Yes,Yes,No,No,Yes,Yes,No,Yes,No,No,0,0,0,0,0,0,0,1,0,1,0,0,0,0,0,0,0,0,0,0
21,Female,441345,No,No,Yes,Yes,Yes,No,Yes,Yes,Yes,Yes,Yes,Yes,No,No,No,Yes,0,0,0,0,0,0,0,0,1,0,0,0,1,0,0,0,1,1,0,1
24,Female,179043,Yes,No,No,No,No,No,No,No,Yes,No,Yes,No,Yes,Yes,No,Yes,1,1,0,0,0,0,0,1,0,0,1,1,0,0,0,0,0,0,0,1
27,Male,265721,No,No,No,No,No,No,Yes,No,Yes,No,No,No,No,No,No,Yes,0,0,0,0,0,0,0,0,0,0,0,0,0,0,0,0,0,0,0,0
80,Female,125309,No,No,No,Yes,Yes,Yes,Yes,No,No,No,No,No,No,No,No,Yes,0,0,0,0,0,0,0,0,0,0,0,0,0,0,0,0,0,0,0,0
53,Male,472194,No,No,Yes,No,Yes,No,Yes,Yes,Yes,No,No,Yes,No,Yes,No,No,0,0,0,0,0,0,0,0,1,0,0,0,0,0,0,0,0,0,0,0
25,Female,477618,No,No,No,Yes,No,No,No,Yes,Yes,No,Yes,Yes,Yes,Yes,No,No,0,0,0,0,0,0,0,0,0,0,1,0,0,0,0,0,0,0,0,0
78,Female,426614,No,No,No,No,Yes,Yes,No,Yes,No,No,Yes,No,Yes,Yes,No,Yes,0,0,0,0,0,0,0,0,0,0,1,0,0,0,0,0,0,0,0,0
40,Female,15861,No,No,No,Yes,No,No,Yes,Yes,No,Yes,No,Yes,Yes,Yes,No,Yes,0,0,0,0,0,0,0,0,0,1,1,1,1,1,0,0,0,0,0,0
65,Female,36559,No,No,No,No,Yes,No,Yes,Yes,Yes,No,Yes,No,No,Yes,No,No,0,1,0,0,1,0,1,1,0,0,0,0,0,1,0,0,0,0,0,0
50,Female,335491,No,No,No,Yes,No,Yes,No,Yes,Yes,No,No,No,Yes,No,No,No,0,0,0,0,0,0,0,0,0,0,1,0,0,0,0,0,0,0,0,0
3,Male,428181,Yes,Yes,Yes,No,No,No,Yes,Yes,Yes,No,Yes,Yes,Yes,No,No,Yes,0,0,0,0,0,0,0,0,0,0,0,0,0,0,0,0,0,0,0,0
57,Female,287784,No,No,No,Yes,No,No,Yes,No,No,No,Yes,Yes,No,Yes,No,No,0,0,0,0,0,0,0,1,0,1,0,0,0,0,0,0,0,0,0,0
32,Male,347436,No,No,Yes,No,Yes,No,No,Yes,No,No,No,Yes,No,Yes,No,No,0,0,0,0,0,0,0,0,0,0,0,0,0,0,0,0,0,0,0,0
59,Female,301610,No,No,No,Yes,No,Yes,Yes,No,No,No,No,Yes,Yes,Yes,No,Yes,0,0,0,0,0,0,0,0,0,0,1,0,0,0,0,0,0,0,0,0
66,Male,169976,No,No,Yes,No,No,No,Yes,Yes,Yes,No,Yes,Yes,Yes,Yes,No,Yes,0,0,0,0,0,0,0,1,1,1,0,1,0,0,0,0,1,0,0,0
11,Female,64330,Yes,Yes,Yes,No,No,Yes,Yes,Yes,Yes,No,Yes,Yes,No,No,Yes,Yes,0,0,0,1,0,0,0,1,0,0,0,0,0,0,1,1,0,0,1,0
48,Female,360530,No,No,No,Yes,Yes,No,Yes,Yes,No,No,Yes,Yes,Yes,Yes,No,Yes,0,0,0,0,0,0,0,1,0,0,1,0,0,0,0,0,0,0,0,0
42,Female,380540,No,No,Yes,No,Yes,No,Yes,No,Yes,Yes,No,Yes,Yes,Yes,No,No,0,0,0,0,0,0,0,0,1,0,1,0,1,0,0,0,0,0,0,0
3,Male,68222,No,No,No,No,Yes,No,No,No,Yes,No,No,Yes,Yes,Yes,No,Yes,0,0,0,0,0,0,0,0,0,0,0,1,0,0,0,0,0,0,0,0
44,Male,368989,No,No,Yes,No,No,No,Yes,No,No,No,Yes,No,No,No,No,No,0,0,0,0,0,0,0,1,0,0,0,0,0,0,0,0,0,0,0,0
60,Female,37659,No,No,No,No,Yes,No,Yes,No,No,No,No,No,Yes,Yes,No,No,0,0,0,0,0,0,0,0,0,0,1,1,0,1,0,0,0,0,0,0
68,Female,232179,No,No,No,No,Yes,No,Yes,No,Yes,No,Yes,No,No,Yes,No,No,0,1,0,0,0,0,0,1,0,0,0,0,0,0,0,0,0,0,0,0
21,Male,270038,Yes,Yes,No,No,No,No,Yes,No,Yes,No,No,No,No,Yes,No,Yes,0,0,0,0,0,0,0,0,0,0,0,0,0,0,1,0,0,0,0,0
26,Male,156538,No,No,Yes,No,Yes,No,Yes,Yes,Yes,No,No,Yes,Yes,Yes,No,No,0,0,0,0,0,0,0,0,1,1,0,1,0,0,0,0,0,0,0,0
38,Male,29629,No,No,No,No,Yes,No,No,Yes,No,No,No,Yes,Yes,Yes,No,No,0,0,0,0,0,0,0,0,0,1,0,1,0,1,0,0,0,0,0,0
1,Female,144231,Yes,Yes,No,No,No,Yes,Yes,No,No,No,No,No,Yes,Yes,Yes,No,0,0,0,0,0,0,0,0,0,0,0,1,0,0,0,0,0,0,0,0
38,Male,482908,No,No,Yes,No,No,No,Yes,No,No,No,Yes,Yes,Yes,No,No,Yes,0,0,0,0,0,0,0,0,0,0,0,0,0,0,0,0,0,0,0,0
33,Male,491956,No,No,Yes,No,Yes,No,No,Yes,Yes,No,Yes,Yes,No,Yes,No,Yes,0,0,0,0,0,0,0,0,1,0,0,0,0,0,0,0,1,0,0,0
13,Female,384686,No,No,Yes,No,Yes,No,No,Yes,Yes,No,Yes,Yes,No,No,Yes,No,0,0,0,0,0,0,0,1,0,0,0,0,0,0,0,0,0,0,0,0
30,Female,67744,No,No,No,Yes,Yes,Yes,Yes,No,Yes,No,No,Yes,Yes,Yes,No,Yes,0,0,0,0,0,0,0,0,0,1,1,1,0,1,0,0,0,0,0,0
14,Male,89043,Yes,Yes,No,No,Yes,No,Yes,Yes,Yes,No,No,Yes,No,Yes,No,Yes,0,0,0,0,0,0,0,0,0,0,0,0,0,0,1,1,0,0,0,0
2,Male,454842,Yes,Yes,No,No,Yes,No,Yes,Yes,Yes,No,No,Yes,No,No,No,Yes,0,0,0,0,0,0,0,0,0,0,0,0,0,0,0,0,0,0,0,0
40,Female,458847,No,No,No,Yes,Yes,No,No,Yes,No,Yes,Yes,Yes,No,Yes,No,No,0,0,0,0,0,0,0,0,0,0,0,0,1,0,0,0,0,1,0,0
68,Male,230117,No,No,No,No,Yes,No,Yes,Yes,Yes,No,No,No,Yes,Yes,No,No,0,0,0,0,0,0,0,0,0,0,0,1,0,0,0,0,0,0,0,0
12,Female,12364,Yes,Yes,Yes,No,Yes,No,Yes,No,Yes,No,No,No,No,Yes,Yes,No,0,0,0,0,0,0,0,0,0,0,0,0,0,0,1,0,0,0,0,0
11,Male,264486,Yes,Yes,Yes,No,Yes,No,Yes,Yes,No,No,No,No,No,No,No,No,0,0,0,0,0,0,0,0,0,0,0,0,0,0,1,1,0,0,0,0
17,Female,168349,No,No,No,No,No,Yes,Yes,Yes,No,Yes,Yes,Yes,Yes,Yes,Yes,Yes,0,0,0,0,0,0,0,1,0,0,0,1,0,0,0,0,0,0,0,1
75,Male,444430,No,No,No,No,Yes,No,Yes,Yes,No,No,Yes,No,Yes,No,No,No,0,0,0,0,0,0,0,0,0,0,0,0,0,0,0,0,0,0,0,0
37,Female,268209,No,No,No,No,No,Yes,No,No,No,No,Yes,Yes,No,No,No,No,0,0,0,0,0,0,0,1,0,1,0,0,0,0,0,0,0,0,0,0
75,Female,213528,No,No,No,Yes,Yes,Yes,No,No,Yes,No,Yes,No,Yes,No,No,Yes,0,1,0,0,0,0,0,1,0,0,1,1,0,0,0,0,0,0,0,0
29,Male,15186,No,No,No,No,Yes,No,Yes,Yes,Yes,No,Yes,No,No,No,No,No,0,0,0,0,0,0,1,1,0,0,0,0,0,0,0,0,0,0,0,0
16,Female,281210,No,No,No,No,No,Yes,Yes,Yes,No,No,Yes,No,Yes,Yes,Yes,Yes,0,0,0,0,0,0,0,1,0,0,0,0,0,0,0,0,0,0,0,0
42,Female,225564,No,No,Yes,No,No,No,No,Yes,No,Yes,Yes,No,No,No,No,No,0,1,0,0,0,0,0,1,0,0,0,0,1,0,0,0,0,1,0,0
51,Male,451386,No,No,Yes,No,Yes,No,No,Yes,Yes,No,No,No,No,No,No,Yes,0,0,0,0,0,0,0,0,1,0,0,0,0,0,0,0,0,0,0,0
53,Male,71616,No,No,Yes,No,Yes,No,No,No,No,No,Yes,No,Yes,Yes,No,No,0,0,0,0,0,0,1,1,0,0,0,1,0,1,0,0,0,0,0,0
30,Female,82227,No,No,No,Yes,Yes,No,Yes,Yes,Yes,Yes,No,No,Yes,Yes,No,Yes,0,0,0,0,0,0,0,0,0,0,1,1,1,0,0,0,0,0,0,0
61,Male,35478,No,No,Yes,No,Yes,No,Yes,No,No,No,No,No,No,Yes,No,Yes,0,0,0,0,0,0,0,0,0,0,0,0,0,1,0,0,0,0,0,0
35,Female,250758,No,No,Yes,No,Yes,No,No,Yes,No,Yes,Yes,Yes,Yes,Yes,No,No,0,0,0,0,0,0,0,1,0,1,1,0,1,0,0,0,0,1,0,0
17,Female,46709,No,No,No,No,No,No,No,Yes,No,No,Yes,No,No,No,Yes,Yes,0,0,0,0,0,0,0,1,0,0,0,0,0,0,0,0,0,0,1,1
24,Male,475493,No,No,No,No,Yes,No,No,No,Yes,No,No,Yes,No,No,No,No,0,0,0,0,0,0,0,0,0,0,0,0,0,0,0,0,0,0,0,0
45,Female,93660,No,No,Yes,Yes,Yes,Yes,Yes,Yes,No,Yes,No,No,Yes,Yes,No,Yes,0,0,0,0,0,0,0,0,0,0,1,1,1,0,0,0,0,0,0,0
52,Female,142671,No,No,Yes,No,No,No,Yes,Yes,Yes,No,No,Yes,No,No,No,No,0,0,0,0,0,0,0,0,1,1,0,0,0,0,0,0,0,0,0,0
8,Male,333624,Yes,No,No,No,Yes,No,Yes,Yes,No,No,Yes,Yes,No,No,No,Yes,0,0,0,0,0,0,0,1,0,0,0,0,0,0,1,1,0,0,0,0
51,Male,54307,No,No,No,No,No,No,Yes,No,Yes,No,No,No,No,Yes,No,Yes,0,0,0,0,0,0,0,0,0,0,0,0,0,1,0,0,0,0,0,0
24,Male,373130,No,No,No,No,Yes,No,Yes,Yes,No,No,Yes,Yes,No,Yes,No,Yes,0,0,0,0,0,0,0,1,0,0,0,0,0,0,0,0,0,0,0,1
8,Male,148693,Yes,Yes,Yes,No,No,No,No,No,No,No,No,Yes,No,No,No,No,0,0,0,0,0,0,0,0,0,0,0,0,0,0,0,0,0,0,0,0
11,Female,292277,No,No,No,No,No,No,No,Yes,No,No,Yes,Yes,Yes,No,Yes,No,0,0,0,0,0,0,0,1,0,0,0,0,0,0,0,0,0,0,0,0
79,Male,266161,No,No,No,No,Yes,No,No,Yes,No,No,No,No,Yes,Yes,No,No,0,0,0,0,0,0,0,0,0,0,0,0,0,0,0,0,0,0,0,0
59,Female,330312,No,No,Yes,Yes,Yes,No,No,No,Yes,No,Yes,Yes,No,No,No,No,0,0,0,0,0,0,0,1,1,0,0,0,0,0,0,0,1,0,0,0
33,Male,269129,No,No,Yes,No,Yes,No,No,No,Yes,No,No,Yes,No,No,No,No,0,0,0,0,0,0,0,0,1,1,0,0,0,0,0,0,0,0,0,0
18,Female,254600,No,No,No,No,No,No,No,No,Yes,Yes,No,Yes,No,Yes,No,No,0,0,0,0,0,0,0,0,0,1,0,0,1,0,0,0,0,0,0,0
40,Female,172702,No,No,Yes,Yes,No,No,No,Yes,No,No,No,Yes,Yes,Yes,No,Yes,0,0,0,0,0,0,0,0,0,1,1,1,0,0,0,0,0,0,0,0
47,Female,484348,No,No,No,Yes,Yes,Yes,No,No,Yes,No,Yes,No,Yes,No,No,Yes,0,0,0,0,0,0,0,0,0,0,1,0,0,0,0,0,0,0,0,0
73,Male,71334,No,No,No,No,No,No,No,Yes,Yes,No,No,Yes,Yes,No,No,Yes,0,0,0,0,0,0,0,0,0,1,0,1,0,0,0,0,0,0,0,0
72,Female,475014,No,No,No,Yes,No,Yes,Yes,Yes,No,No,No,Yes,Yes,Yes,No,Yes,0,0,0,0,0,0,0,0,0,0,1,0,0,0,0,0,0,0,0,0
21,Male,123988,Yes,No,Yes,No,Yes,No,Yes,No,No,No,Yes,No,No,No,No,No,0,0,0,0,0,0,0,1,0,0,0,0,0,0,1,0,0,0,0,0
6,Male,395167,Yes,No,No,No,Yes,No,Yes,Yes,Yes,No,Yes,No,No,Yes,No,No,0,0,0,0,0,0,0,1,0,0,0,0,0,0,1,1,0,0,0,0
10,Male,325705,No,No,No,No,No,No,Yes,No,No,No,Yes,Yes,Yes,No,No,No,0,0,0,0,0,0,0,1,0,0,0,0,0,0,0,0,0,0,0,0
14,Female,206644,Yes,Yes,No,No,Yes,No,No,Yes,Yes,No,No,Yes,No,Yes,Yes,No,0,0,0,0,0,0,0,0,0,0,0,0,0,0,0,1,0,0,0,0
1,Female,238574,Yes,Yes,Yes,No,Yes,No,No,No,No,No,Yes,No,Yes,No,Yes,No,0,0,0,0,0,0,0,1,0,0,0,1,0,0,0,0,0,0,0,0
66,Male,316201,No,No,No,No,No,No,Yes,Yes,No,No,No,No,Yes,No,No,Yes,0,0,0,0,0,0,0,0,0,0,0,0,0,0,0,0,0,0,0,0
31,Female,290997,No,No,Yes,No,Yes,No,Yes,Yes,Yes,Yes,Yes,No,Yes,No,No,No,0,0,0,0,0,0,0,1,1,0,1,0,1,0,0,0,1,1,0,0
31,Female,101861,No,No,No,No,No,Yes,No,No,No,Yes,Yes,No,Yes,No,No,No,0,1,0,0,0,0,0,1,0,0,1,1,1,0,0,0,0,1,0,0
52,Female,265667,No,No,No,No,No,No,No,Yes,No,No,No,Yes,No,No,No,No,0,0,0,0,0,0,0,0,0,1,0,0,0,0,0,0,0,0,0,0
67,Male,88475,No,No,No,No,Yes,No,No,No,Yes,No,Yes,Yes,Yes,Yes,No,No,0,0,0,0,0,0,0,1,0,1,0,1,0,0,0,0,0,0,0,0
37,Male,444531,No,No,Yes,No,No,No,No,Yes,No,No,No,No,No,No,No,No,0,0,0,0,0,0,0,0,0,0,0,0,0,0,0,0,0,0,0,0
71,Male,78765,No,No,Yes,No,Yes,No,No,Yes,No,No,No,No,No,Yes,No,No,0,0,0,0,0,0,0,0,0,0,0,0,0,0,0,0,0,0,0,0
38,Female,492006,No,No,Yes,No,Yes,No,No,No,Yes,No,No,No,Yes,Yes,No,No,0,0,0,0,0,0,0,0,1,0,1,0,0,0,0,0,0,0,0,0
19,Male,302081,No,No,Yes,No,Yes,No,No,No,No,No,Yes,No,Yes,Yes,No,Yes,0,0,0,0,0,0,0,1,0,0,0,0,0,0,0,0,0,0,0,1
30,Female,168507,No,No,Yes,Yes,Yes,Yes,Yes,No,No,Yes,Yes,Yes,No,No,No,Yes,0,1,0,0,0,0,0,1,0,1,0,0,1,0,0,0,0,1,0,1
19,Female,281576,No,No,Yes,Yes,Yes,Yes,No,Yes,Yes,Yes,No,No,Yes,No,No,Yes,0,0,0,0,0,0,0,0,1,0,1,0,1,0,0,0,0,0,0,0
18,Female,339710,Yes,Yes,No,Yes,Yes,Yes,No,No,No,No,No,Yes,No,Yes,No,No,0,0,0,0,0,0,0,0,0,0,0,0,0,0,0,0,0,0,0,0
66,Male,33324,No,No,Yes,No,No,No,No,No,Yes,No,No,No,Yes,Yes,No,No,0,0,0,0,0,0,0,0,1,0,0,1,0,1,0,0,0,0,0,0
4,Male,357725,Yes,No,No,No,No,No,Yes,Yes,Yes,No,No,No,Yes,No,No,No,0,0,0,0,0,0,0,0,0,0,0,0,0,0,0,0,0,0,0,0
20,Male,320805,No,No,Yes,No,Yes,No,Yes,No,No,No,No,Yes,Yes,No,No,No,0,0,0,0,0,0,0,0,0,0,0,0,0,0,0,0,0,0,0,0
70,Female,146353,No,No,No,Yes,Yes,Yes,No,No,Yes,No,No,Yes,No,No,No,Yes,0,0,0,0,0,0,0,0,0,1,0,0,0,0,0,0,0,0,0,0
16,Female,347087,Yes,No,Yes,No,Yes,Yes,Yes,No,Yes,No,No,No,No,Yes,Yes,Yes,0,0,0,0,0,0,0,0,0,0,0,0,0,0,1,0,0,0,0,0
50,Female,411789,No,No,Yes,No,Yes,Yes,No,No,Yes,No,No,No,Yes,No,No,Yes,0,0,0,0,0,0,0,0,1,0,1,0,0,0,0,0,0,0,0,0
78,Male,157961,No,No,No,No,No,No,Yes,No,Yes,No,Yes,Yes,No,Yes,No,No,0,0,0,0,0,0,0,1,0,1,0,0,0,0,0,0,0,0,0,0
70,Female,80126,No,No,No,No,No,Yes,No,Yes,No,No,Yes,Yes,No,No,No,Yes,0,1,0,0,0,0,0,1,0,1,0,0,0,0,0,0,0,0,0,0
34,Male,138967,No,No,No,No,No,No,No,No,No,No,No,No,No,No,No,No,0,0,0,0,0,0,0,0,0,0,0,0,0,0,0,0,0,0,0,0
34,Female,258774,No,No,Yes,Yes,No,No,No,Yes,Yes,No,Yes,Yes,No,No,No,Yes,0,0,0,0,0,0,0,1,1,1,0,0,0,0,0,0,1,0,0,0
61,Female,482645,No,No,Yes,No,No,Yes,Yes,Yes,No,No,No,No,Yes,No,No,Yes,0,0,0,0,0,0,0,0,0,0,1,0,0,0,0,0,0,0,0,0
11,Female,401788,No,No,Yes,No,Yes,No,No,No,Yes,No,Yes,Yes,No,No,Yes,No,0,0,0,0,0,0,0,0,0,0,0,0,0,0,0,0,0,0,0,0
23,Male,311338,No,No,No,No,Yes,No,Yes,Yes,Yes,No,No,Yes,Yes,No,No,No,0,0,0,0,0,0,0,0,0,0,0,0,0,0,0,0,0,0,0,0
19,Male,38916,Yes,Yes,No,No,Yes,No,Yes,Yes,Yes,No,Yes,No,Yes,No,No,Yes,0,0,1,0,0,0,1,1,0,0,0,1,0,0,1,1,0,0,0,1
35,Female,74053,No,No,No,Yes,Yes,Yes,Yes,No,Yes,No,No,No,Yes,No,No,Yes,0,0,0,0,0,0,0,0,0,0,1,1,0,0,0,0,0,0,0,0
85,Male,342814,No,No,Yes,No,Yes,No,No,No,No,No,Yes,No,Yes,No,No,No,0,0,0,0,0,0,0,1,0,0,0,0,0,0,0,0,0,0,0,0
63,Female,139357,No,No,Yes,Yes,No,Yes,Yes,No,Yes,No,No,Yes,No,No,No,Yes,0,0,0,0,0,0,0,0,1,1,0,0,0,0,0,0,0,0,0,0
84,Female,265659,No,No,Yes,No,Yes,Yes,Yes,No,No,No,Yes,Yes,No,No,No,Yes,0,0,0,0,0,0,0,1,0,1,0,0,0,0,0,0,0,0,0,0
46,Female,467093,No,No,Yes,No,Yes,Yes,Yes,Yes,Yes,No,No,Yes,Yes,No,No,No,0,0,0,0,0,0,0,0,1,0,1,0,0,0,0,0,0,0,0,0
43,Male,61325,No,No,No,No,No,No,Yes,No,No,No,Yes,No,Yes,No,No,No,0,0,0,0,0,0,0,1,0,0,0,1,0,0,0,0,0,0,0,0
8,Male,281326,No,No,No,No,No,No,No,No,No,No,Yes,No,Yes,Yes,No,No,0,0,0,0,0,0,0,1,0,0,0,0,0,0,0,0,0,0,0,0
61,Female,173490,No,No,No,Yes,Yes,Yes,No,No,No,No,Yes,Yes,Yes,Yes,No,No,0,1,0,0,0,0,0,1,0,1,1,1,0,0,0,0,0,0,0,0
6,Female,456649,No,No,No,No,Yes,No,No,No,No,No,Yes,Yes,No,Yes,Yes,Yes,0,0,0,0,0,0,0,0,0,0,0,0,0,0,0,0,0,0,0,0
47,Male,424206,No,No,No,No,Yes,No,No,No,Yes,No,Yes,No,No,Yes,No,No,0,0,0,0,0,0,0,0,0,0,0,0,0,0,0,0,0,0,0,0
32,Female,381630,No,No,Yes,Yes,Yes,No,No,Yes,Yes,No,No,No,Yes,Yes,No,Yes,0,0,0,0,0,0,0,0,1,0,1,0,0,0,0,0,0,0,0,0
1,Male,474539,No,No,Yes,No,Yes,No,Yes,Yes,No,No,Yes,Yes,No,Yes,No,No,0,0,0,0,0,0,0,0,0,0,0,0,0,0,0,0,0,0,0,0
18,Male,164578,Yes,Yes,No,No,Yes,No,Yes,No,No,No,Yes,Yes,No,Yes,No,No,0,0,1,0,0,0,0,1,0,1,0,0,0,0,1,0,0,0,0,0
64,Male,376039,No,No,No,No,Yes,No,Yes,Yes,Yes,No,No,No,Yes,No,No,Yes,0,0,0,0,0,0,0,0,0,0,0,0,0,0,0,0,0,0,0,0
32,Male,362722,No,No,Yes,No,Yes,No,Yes,No,Yes,No,No,No,Yes,Yes,No,No,0,0,0,0,0,0,0,0,1,0,0,0,0,0,0,0,0,0,0,0
1,Male,241069,No,No,Yes,No,No,No,Yes,No,No,No,Yes,Yes,No,No,No,No,0,0,0,0,0,0,0,1,0,0,0,0,0,0,0,0,0,0,0,0
33,Female,476736,No,No,Yes,Yes,No,Yes,No,No,No,Yes,No,Yes,Yes,Yes,No,Yes,0,0,0,0,0,0,0,0,0,0,1,0,1,0,0,0,0,0,0,0
11,Male,379770,No,No,No,No,Yes,No,No,Yes,Yes,No,No,Yes,No,Yes,No,No,0,0,0,0,0,0,0,0,0,0,0,0,0,0,0,0,0,0,0,0
38,Male,273791,No,No,No,No,No,No,No,Yes,No,No,No,No,No,No,No,Yes,0,0,0,0,0,0,0,0,0,0,0,0,0,0,0,0,0,0,0,0
16,Male,119484,Yes,Yes,Yes,No,No,No,No,No,No,No,Yes,Yes,Yes,No,No,Yes,0,0,0,0,0,0,0,1,0,0,0,1,0,0,0,0,0,0,0,0
4,Male,419232,Yes,No,No,No,No,No,No,No,No,No,Yes,Yes,No,No,No,Yes,0,0,0,0,0,0,0,0,0,0,0,0,0,0,0,0,0,0,0,0
69,Male,218562,No,No,Yes,No,No,No,No,Yes,Yes,No,No,Yes,Yes,No,No,No,0,0,0,0,0,0,0,0,1,1,0,1,0,0,0,0,0,0,0,0
81,Female,348538,No,No,Yes,Yes,Yes,Yes,Yes,No,No,No,Yes,No,No,Yes,No,Yes,0,0,0,0,0,0,0,1,0,0,0,0,0,0,0,0,0,0,0,0
69,Male,53112,No,No,No,No,No,No,No,Yes,No,No,No,Yes,Yes,Yes,No,No,0,0,0,0,0,0,0,0,0,1,0,1,0,1,0,0,0,0,0,0
84,Female,368056,No,No,Yes,No,No,Yes,Yes,Yes,Yes,No,Yes,No,Yes,Yes,No,No,0,0,0,0,0,0,0,1,1,0,1,0,0,0,0,0,1,0,0,0
39,Male,242557,No,No,No,No,Yes,No,No,Yes,Yes,No,Yes,Yes,No,No,No,Yes,0,0,0,0,0,0,0,1,0,1,0,0,0,0,0,0,0,0,0,0
58,Female,430258,No,No,Yes,No,No,Yes,Yes,No,Yes,No,Yes,Yes,No,Yes,No,No,0,0,0,0,0,0,0,0,1,0,0,0,0,0,0,0,1,0,0,0
68,Female,262030,No,No,Yes,No,Yes,No,Yes,Yes,No,No,Yes,No,No,No,No,No,0,0,0,0,0,0,0,1,0,0,0,0,0,0,0,0,0,0,0,0
50,Female,279242,No,No,Yes,Yes,Yes,No,No,No,No,No,No,Yes,No,No,No,Yes,0,0,0,0,0,0,0,0,0,1,0,0,0,0,0,0,0,0,0,0
52,Female,13189,No,No,Yes,Yes,Yes,No,Yes,Yes,No,No,Yes,Yes,Yes,Yes,No,Yes,0,1,0,0,0,1,1,1,0,1,1,1,0,1,0,0,0,0,0,0
43,Female,304473,No,No,Yes,No,Yes,Yes,Yes,Yes,No,Yes,Yes,No,No,Yes,No,Yes,0,0,0,0,0,0,0,1,0,0,0,0,1,0,0,0,0,1,0,0
65,Male,190426,No,No,No,No,Yes,No,No,Yes,Yes,No,No,Yes,Yes,No,No,Yes,0,0,0,0,0,0,0,0,0,1,0,1,0,0,0,0,0,0,0,0
80,Female,228136,No,No,Yes,No,Yes,Yes,No,Yes,No,No,No,No,No,Yes,No,Yes,0,0,0,0,0,0,0,0,0,0,0,0,0,0,0,0,0,0,0,0
16,Female,392931,Yes,No,Yes,No,Yes,Yes,Yes,No,Yes,Yes,No,No,Yes,No,Yes,No,0,0,0,0,0,0,0,0,0,0,0,0,0,0,1,0,0,0,0,0
36,Male,239888,No,No,No,No,No,No,Yes,No,No,No,No,No,Yes,Yes,No,No,0,0,0,0,0,0,0,0,0,0,0,1,0,0,0,0,0,0,0,0
76,Female,196544,No,No,Yes,No,Yes,Yes,No,No,No,No,No,Yes,Yes,No,No,No,0,0,0,0,0,0,0,0,0,1,1,1,0,0,0,0,0,0,0,0
41,Male,433315,No,No,No,No,No,No,Yes,Yes,No,No,Yes,Yes,Yes,Yes,No,Yes,0,0,0,0,0,0,0,0,0,0,0,0,0,0,0,0,0,0,0,0
5,Female,125378,Yes,Yes,No,No,Yes,No,No,Yes,Yes,No,Yes,Yes,No,No,Yes,Yes,0,0,0,1,0,0,0,1,0,0,0,0,0,0,0,1,0,0,0,0
26,Female,44012,No,No,Yes,No,No,No,Yes,Yes,No,Yes,Yes,Yes,Yes,No,No,No,0,1,0,0,0,0,0,1,0,1,1,1,1,0,0,0,0,1,0,0
25,Male,266394,Yes,No,No,No,Yes,No,No,Yes,Yes,No,No,No,Yes,Yes,No,No,0,0,0,0,0,0,0,0,0,0,0,0,0,0,0,1,0,0,0,0
36,Female,474996,No,No,Yes,Yes,No,Yes,Yes,Yes,No,Yes,Yes,Yes,No,No,No,Yes,0,0,0,0,0,0,0,0,0,0,0,0,1,0,0,0,0,1,0,0
79,Male,265614,No,No,Yes,No,Yes,No,Yes,No,Yes,No,No,Yes,No,Yes,No,Yes,0,0,0,0,0,0,0,0,1,1,0,0,0,0,0,0,0,0,0,0
51,Female,172368,No,No,Yes,Yes,No,No,No,Yes,Yes,No,No,Yes,No,No,No,Yes,0,0,0,0,0,0,0,0,1,1,0,0,0,0,0,0,0,0,0,0
39,Male,352962,No,No,No,No,No,No,No,No,Yes,No,Yes,Yes,Yes,Yes,No,Yes,0,0,0,0,0,0,0,1,0,0,0,0,0,0,0,0,0,0,0,0
56,Female,422795,No,No,Yes,Yes,Yes,No,Yes,No,Yes,No,Yes,No,No,No,No,Yes,0,0,0,0,0,0,0,0,1,0,0,0,0,0,0,0,1,0,0,0
68,Male,32903,No,No,Yes,No,No,No,Yes,No,No,No,Yes,No,No,No,No,Yes,0,0,0,0,1,0,0,1,0,0,0,0,0,0,0,0,0,0,0,0
57,Male,297330,No,No,Yes,No,Yes,No,No,Yes,Yes,No,Yes,No,No,No,No,Yes,0,0,0,0,0,0,0,1,1,0,0,0,0,0,0,0,1,0,0,0
10,Male,396274,Yes,No,Yes,No,Yes,No,Yes,No,Yes,No,Yes,No,Yes,Yes,No,No,0,0,0,0,0,0,0,1,0,0,0,0,0,0,1,0,0,0,0,0
24,Male,78864,Yes,No,Yes,No,Yes,No,Yes,No,No,No,No,No,Yes,Yes,No,Yes,0,0,0,0,0,0,0,0,0,0,0,1,0,0,1,0,0,0,0,0
4,Female,25231,Yes,Yes,No,No,Yes,No,No,No,Yes,No,No,Yes,Yes,Yes,Yes,No,0,0,0,0,0,0,0,0,0,0,0,1,0,0,0,0,0,0,0,0
22,Male,222240,No,No,Yes,No,Yes,No,Yes,No,No,No,Yes,Yes,No,Yes,No,Yes,0,0,0,0,0,0,0,1,0,1,0,0,0,0,0,0,0,0,0,1
58,Female,154691,No,No,Yes,No,No,No,Yes,No,No,No,Yes,No,Yes,No,No,No,0,1,0,0,0,0,0,1,0,0,1,1,0,0,0,0,0,0,0,0
7,Female,287394,No,No,Yes,No,Yes,No,Yes,No,No,No,No,No,No,No,Yes,No,0,0,0,0,0,0,0,0,0,0,0,0,0,0,0,0,0,0,0,0
71,Male,241429,No,No,Yes,No,Yes,No,Yes,No,Yes,No,No,Yes,Yes,No,No,No,0,0,0,0,0,0,0,0,1,1,0,1,0,0,0,0,0,0,0,0
50,Male,169306,No,No,No,No,Yes,No,Yes,Yes,Yes,No,No,Yes,Yes,Yes,No,No,0,0,0,0,0,0,0,0,0,1,0,1,0,0,0,0,0,0,0,0
30,Male,47106,No,No,No,No,No,No,No,Yes,No,No,Yes,No,Yes,Yes,No,Yes,0,0,0,0,0,0,0,1,0,0,0,1,0,1,0,0,0,0,0,1
54,Female,227391,No,No,No,No,No,No,Yes,No,Yes,No,Yes,Yes,Yes,No,No,Yes,0,1,0,0,0,0,0,1,0,1,1,1,0,0,0,0,0,0,0,0
17,Female,22250,No,No,Yes,No,No,Yes,No,Yes,Yes,Yes,No,No,Yes,Yes,Yes,No,0,0,0,0,0,0,0,0,0,0,0,1,0,0,0,0,0,0,0,0
81,Female,440475,No,No,Yes,No,No,Yes,No,Yes,Yes,No,No,No,Yes,No,No,No,0,0,0,0,0,0,0,0,1,0,1,0,0,0,0,0,0,0,0,0
